# Blender 5.1.1
# www.blender.org
mtllib PlayerWheel.mtl
o FL_Tire_Pirelli_P7000_	205/40_R17
v 0.060475 0.284661 0.056623
v 0.060475 0.268145 -0.111071
v 0.060475 -0.241331 -0.161250
v 0.060475 -0.111074 -0.268149
v 0.060475 -0.205235 0.205231
v 0.060475 0.161246 -0.241328
v 0.060475 0.056620 0.284664
v -0.087029 0.291800 0.058041
v -0.087029 0.113852 0.274871
v 0.071407 -0.105770 0.255343
v 0.071407 -0.153553 0.229802
v -0.087029 -0.274878 0.113854
v -0.087029 -0.291808 -0.058046
v 0.071407 0.255340 0.105766
v 0.071407 0.229800 0.153549
v -0.087029 -0.058048 -0.291807
v 0.071407 -0.053923 -0.271072
v 0.071407 0.053916 -0.271072
v -0.087029 -0.113860 0.274871
v -0.087029 -0.058047 0.291802
v 0.071407 0.195428 -0.195432
v 0.071407 0.229800 -0.153550
v -0.087029 0.210375 0.210377
v -0.087029 0.297517 -0.000002
v 0.071407 -0.195435 0.195431
v 0.071407 -0.229807 0.153549
v -0.087029 0.113852 -0.274876
v 0.071407 -0.229807 -0.153550
v 0.071407 -0.195435 -0.195432
v -0.087029 -0.247384 0.165292
v 0.071407 -0.255347 -0.105767
v 0.071407 -0.271075 -0.053920
v -0.087029 0.291800 -0.058046
v 0.071407 0.271068 0.053919
v -0.087029 0.247376 -0.165296
v 0.071407 0.195428 0.195431
v -0.087029 -0.274878 -0.113859
v 0.071407 0.153546 0.229802
v -0.087029 -0.165298 -0.247382
v 0.071407 -0.153553 -0.229804
v 0.071407 -0.276385 -0.000001
v 0.071407 -0.271075 0.053919
v -0.087029 0.058039 0.291802
v 0.071407 -0.053923 0.271070
v -0.087029 0.058039 -0.291807
v 0.071407 0.053916 0.271070
v 0.071407 0.105763 0.255343
v -0.087029 -0.210383 -0.210381
v 0.071407 -0.255347 0.105766
v -0.087029 -0.210383 0.210377
v 0.071407 0.271068 -0.053920
v 0.071407 0.255340 -0.105768
v -0.087029 0.165290 -0.247382
v 0.071407 0.153546 -0.229804
v -0.087029 -0.247384 -0.165296
v -0.087029 -0.113860 -0.274876
v 0.071407 0.276378 -0.000001
v -0.087029 0.274870 0.113854
v 0.071407 0.105763 -0.255344
v 0.071407 -0.105770 -0.255344
v 0.060475 -0.290245 -0.000001
v 0.060475 -0.161253 -0.241328
v 0.060475 -0.268152 -0.111071
v 0.060475 0.161246 0.241327
v 0.060475 0.241324 -0.161250
v 0.060475 0.284661 -0.056624
v 0.060475 -0.241331 0.161249
v 0.060475 0.111067 -0.268149
v 0.060475 -0.205236 -0.205233
v 0.060475 0.241324 0.161249
v 0.060475 0.290238 -0.000001
v 0.060475 0.205228 0.205231
v 0.060475 0.205228 -0.205233
v 0.060475 0.268145 0.111070
v 0.060475 -0.161253 0.241327
v 0.060475 0.056620 -0.284665
v 0.060475 -0.111074 0.268148
v 0.060475 0.111067 0.268148
v 0.060475 -0.268152 0.111070
v 0.060475 -0.284668 -0.056624
v 0.060475 -0.056627 -0.284665
v 0.060475 -0.284668 0.056623
v 0.060475 -0.056627 0.284664
v 0.074472 0.253653 0.050455
v 0.074472 0.238936 0.098971
v 0.074472 0.238936 -0.098973
v 0.074472 -0.098976 -0.238940
v 0.074472 -0.143689 -0.215040
v 0.074472 -0.182880 -0.182877
v 0.074472 -0.258630 -0.000001
v 0.074472 -0.215043 0.143684
v 0.074472 0.143681 0.215039
v 0.074472 0.182873 0.182876
v 0.074472 0.215036 -0.143686
v 0.074472 0.215036 0.143684
v 0.074472 0.253653 -0.050456
v 0.074472 0.258623 -0.000001
v 0.074472 -0.050459 -0.253657
v 0.074472 0.050452 -0.253657
v 0.074472 0.098968 -0.238940
v 0.074472 0.143681 -0.215040
v 0.074472 0.182873 -0.182877
v 0.074472 -0.253660 0.050455
v 0.074472 -0.215043 -0.143686
v 0.074472 -0.238943 -0.098973
v 0.074472 -0.253660 -0.050456
v 0.074472 -0.238943 0.098971
v 0.074472 -0.182880 0.182876
v 0.074472 -0.143689 0.215039
v 0.074472 -0.098975 0.238939
v 0.074472 -0.050459 0.253656
v 0.074472 0.050452 0.253656
v 0.074472 0.098968 0.238939
v 0.030975 0.210381 -0.210385
v 0.030975 0.274877 0.113859
v 0.030975 -0.113863 -0.274882
v 0.030975 -0.247390 -0.165299
v 0.030975 0.165295 -0.247387
v 0.030975 -0.210388 0.210384
v 0.030975 0.274877 -0.113860
v 0.030975 -0.210388 -0.210385
v 0.030975 -0.165302 0.247386
v 0.030975 0.058041 -0.291813
v 0.030975 0.058041 0.291811
v 0.030975 -0.297532 -0.000001
v 0.030975 -0.165302 -0.247387
v 0.030975 -0.274884 -0.113860
v 0.030975 0.165295 0.247385
v 0.030975 0.247383 -0.165299
v 0.030975 0.291808 -0.058046
v 0.030975 -0.247390 0.165298
v 0.030975 0.113856 -0.274882
v 0.030975 0.247383 0.165297
v 0.030975 0.297525 -0.000001
v 0.030975 0.210381 0.210384
v 0.030975 -0.058049 0.291811
v 0.030975 -0.113863 0.274880
v 0.030975 -0.291816 0.058044
v 0.030975 -0.058049 -0.291813
v 0.030975 -0.291816 -0.058046
v 0.030975 -0.274884 0.113859
v 0.030975 0.113856 0.274880
v 0.030975 0.291808 0.058044
v -0.087029 0.274870 -0.113859
v -0.087029 -0.291808 0.058041
v -0.087029 0.210375 -0.210381
v -0.087029 0.165290 0.247377
v -0.087029 -0.297525 -0.000002
v -0.087029 -0.165298 0.247377
v -0.087029 0.247376 0.165291
v 0.071258 0.229884 0.045727
v 0.071258 0.216546 0.089697
v 0.071258 0.216546 -0.089698
v 0.071258 -0.089701 -0.216550
v 0.071258 -0.130224 -0.194890
v 0.071258 -0.165743 -0.165740
v 0.071258 -0.234395 -0.000001
v 0.071258 -0.194893 0.130220
v 0.071258 0.130217 0.194889
v 0.071258 0.165736 0.165739
v 0.071258 0.194886 -0.130222
v 0.071258 0.194886 0.130220
v 0.071258 0.229884 -0.045728
v 0.071258 0.234388 -0.000001
v 0.071258 -0.045731 -0.229888
v 0.071258 0.045724 -0.229888
v 0.071258 0.089694 -0.216550
v 0.071258 0.130217 -0.194890
v 0.071258 0.165736 -0.165740
v 0.071258 -0.229891 0.045727
v 0.071258 -0.194893 -0.130221
v 0.071258 -0.216553 -0.089698
v 0.071258 -0.229891 -0.045728
v 0.071258 -0.216553 0.089697
v 0.071258 -0.165743 0.165739
v 0.071258 -0.130224 0.194889
v 0.071258 -0.089701 0.216549
v 0.071258 -0.045731 0.229887
v 0.071258 0.045724 0.229887
v 0.071258 0.089694 0.216549
v 0.071258 -0.000004 0.234391
v 0.071258 -0.000004 -0.234392
v -0.116530 -0.056627 0.284664
v -0.116530 -0.284668 0.056623
v -0.116530 -0.056627 -0.284665
v -0.116530 -0.284668 -0.056624
v -0.116530 -0.268152 0.111070
v -0.116530 0.111067 0.268148
v -0.116530 -0.111074 0.268148
v -0.116530 0.056620 -0.284665
v -0.116530 -0.161253 0.241327
v -0.116530 0.268145 0.111070
v -0.116530 0.205228 -0.205233
v -0.116530 0.205228 0.205231
v -0.116530 0.290238 -0.000001
v -0.116530 0.241324 0.161249
v -0.116530 -0.205236 -0.205233
v -0.116530 0.111067 -0.268149
v -0.116530 -0.241331 0.161249
v -0.116530 0.284661 -0.056624
v -0.116530 0.241324 -0.161250
v -0.116530 0.161246 0.241327
v -0.116530 -0.268152 -0.111071
v -0.116530 -0.161253 -0.241328
v -0.116530 -0.290245 -0.000001
v -0.116530 0.056620 0.284664
v -0.116530 0.161246 -0.241328
v -0.116530 -0.205235 0.205231
v -0.116530 -0.111074 -0.268149
v -0.116530 -0.241331 -0.161250
v -0.116530 0.268145 -0.111071
v -0.116530 0.284661 0.056623
v -0.028027 0.165292 -0.247385
v -0.028027 -0.210386 0.210380
v -0.028027 0.113854 0.274876
v -0.028027 -0.113862 -0.274879
v -0.028027 -0.291812 -0.058046
v -0.028027 -0.247387 -0.165297
v -0.028027 -0.058048 -0.291810
v -0.028027 -0.113862 0.274876
v -0.028027 -0.274881 0.113856
v -0.028027 -0.058048 0.291807
v -0.028027 0.274873 0.113856
v -0.028027 0.291804 0.058043
v -0.028027 0.210378 0.210380
v -0.028027 0.297521 -0.000001
v -0.028027 0.113854 -0.274879
v -0.028027 -0.247387 0.165295
v -0.028027 0.291804 -0.058046
v -0.028027 0.247379 -0.165298
v -0.028027 -0.274881 -0.113859
v -0.028027 -0.165300 -0.247384
v -0.028027 0.058040 0.291807
v -0.028027 0.058040 -0.291810
v -0.028027 -0.210386 -0.210383
v -0.028027 -0.165300 0.247381
v -0.028027 -0.297529 -0.000001
v -0.028027 0.165292 0.247381
v -0.028027 0.247379 0.165294
v -0.028027 0.274873 -0.113859
v -0.028027 -0.291812 0.058043
v -0.028027 0.210378 -0.210383
v -0.087029 -0.000004 0.297519
v 0.071407 -0.000003 0.276381
v 0.060475 -0.000004 0.290241
v 0.074472 -0.000004 0.258626
v 0.030975 -0.000004 0.297528
v -0.116530 -0.000004 0.290241
v -0.127461 -0.000004 0.276381
v -0.028027 -0.000004 0.297523
v 0.060475 -0.000004 -0.290242
v -0.087029 -0.000004 -0.297523
v 0.071407 -0.000004 -0.276383
v 0.074472 -0.000004 -0.258627
v 0.030975 -0.000004 -0.297530
v -0.116530 -0.000004 -0.290242
v -0.028027 -0.000004 -0.297526
v 0.073788 -0.000004 -0.239718
v 0.074256 -0.000004 -0.241796
v 0.074256 -0.000004 0.241794
v 0.073788 -0.000004 0.239717
v 0.074256 0.092527 0.223389
v 0.073788 0.091732 0.221470
v 0.073788 0.046763 0.235111
v 0.074256 0.047168 0.237148
v 0.074256 -0.047175 0.237148
v 0.073788 -0.046770 0.235111
v 0.073788 -0.091740 0.221470
v 0.074256 -0.092534 0.223389
v 0.074256 -0.134338 0.201045
v 0.073788 -0.133184 0.199317
v 0.073788 -0.169510 0.169505
v 0.074256 -0.170978 0.170974
v 0.074256 -0.223393 0.092530
v 0.073788 -0.221474 0.091735
v 0.074256 -0.237153 -0.047172
v 0.073788 -0.235115 -0.046767
v 0.073788 -0.221474 -0.091737
v 0.074256 -0.223393 -0.092532
v 0.074256 -0.201049 -0.134335
v 0.073788 -0.199322 -0.133181
v 0.073788 -0.235115 0.046766
v 0.074256 -0.237153 0.047171
v 0.073788 0.169502 -0.169507
v 0.074256 0.170971 -0.170976
v 0.073788 0.133176 -0.199319
v 0.074256 0.134331 -0.201046
v 0.074256 0.092527 -0.223390
v 0.073788 0.091732 -0.221471
v 0.073788 0.046763 -0.235112
v 0.074256 0.047168 -0.237150
v 0.074256 -0.047175 -0.237150
v 0.073788 -0.046770 -0.235112
v 0.073788 0.239714 -0.000001
v 0.074256 0.241791 -0.000001
v 0.074256 0.237145 -0.047172
v 0.073788 0.235108 -0.046767
v 0.073788 0.199314 0.133179
v 0.074256 0.201042 0.134333
v 0.073788 0.199314 -0.133181
v 0.074256 0.201042 -0.134335
v 0.073788 0.169502 0.169505
v 0.074256 0.170971 0.170974
v 0.074256 0.134331 0.201045
v 0.073788 0.133176 0.199317
v 0.073788 -0.199322 0.133179
v 0.074256 -0.201049 0.134334
v 0.074256 -0.241799 -0.000001
v 0.073788 -0.239721 -0.000001
v 0.073788 -0.169510 -0.169507
v 0.074256 -0.170979 -0.170976
v 0.074256 -0.134338 -0.201046
v 0.073788 -0.133184 -0.199319
v 0.073788 -0.091740 -0.221471
v 0.074256 -0.092535 -0.223390
v 0.074256 0.223386 -0.092532
v 0.073788 0.221467 -0.091737
v 0.074256 0.223386 0.092530
v 0.073788 0.221467 0.091735
v 0.074256 0.237145 0.047171
v 0.073788 0.235108 0.046766
v -0.127462 -0.053923 -0.271072
v -0.127462 -0.276385 -0.000001
v -0.129843 0.091732 -0.221471
v -0.130311 0.092527 -0.223390
v -0.130311 0.134331 -0.201046
v -0.129843 0.133176 -0.199319
v -0.130311 0.170971 -0.170976
v -0.129843 0.169502 -0.169507
v -0.130311 -0.237153 0.047171
v -0.129843 -0.235115 0.046766
v -0.129843 -0.199322 -0.133181
v -0.130311 -0.201049 -0.134335
v -0.130311 -0.223393 -0.092532
v -0.129843 -0.221474 -0.091737
v -0.129843 -0.235115 -0.046767
v -0.130311 -0.237153 -0.047172
v -0.129843 -0.221474 0.091735
v -0.130311 -0.223393 0.092530
v -0.130311 -0.170978 0.170974
v -0.129843 -0.169510 0.169505
v -0.129843 -0.133184 0.199317
v -0.130311 -0.134338 0.201045
v -0.130311 -0.092534 0.223389
v -0.129843 -0.091740 0.221470
v -0.129843 -0.046770 0.235111
v -0.130311 -0.047175 0.237148
v -0.130311 0.047168 0.237148
v -0.129843 0.046763 0.235111
v -0.129843 0.091732 0.221470
v -0.130311 0.092527 0.223389
v -0.129843 -0.000004 0.239717
v -0.130311 -0.000004 0.241794
v -0.130311 -0.000004 -0.241796
v -0.129843 -0.000004 -0.239718
v -0.130526 -0.000004 -0.258627
v -0.127462 -0.000004 -0.276383
v -0.130526 -0.000004 0.258626
v -0.127312 -0.000004 -0.234392
v -0.127312 -0.000004 0.234391
v -0.127312 0.089694 0.216549
v -0.127312 0.045724 0.229887
v -0.127312 -0.045731 0.229887
v -0.127312 -0.089701 0.216549
v -0.127312 -0.130224 0.194889
v -0.127312 -0.165743 0.165739
v -0.127312 -0.216553 0.089697
v -0.127312 -0.229891 -0.045728
v -0.127312 -0.216553 -0.089698
v -0.127312 -0.194893 -0.130221
v -0.127312 -0.229891 0.045727
v -0.127312 0.165736 -0.165740
v -0.127312 0.130217 -0.194890
v -0.127312 0.089694 -0.216550
v -0.127312 0.045724 -0.229888
v -0.127312 -0.045731 -0.229888
v -0.127312 0.234388 -0.000001
v -0.127312 0.229884 -0.045728
v -0.127312 0.194886 0.130220
v -0.127312 0.194886 -0.130222
v -0.127312 0.165736 0.165739
v -0.127312 0.130217 0.194889
v -0.127312 -0.194893 0.130220
v -0.127312 -0.234395 -0.000001
v -0.127312 -0.165743 -0.165740
v -0.127312 -0.130224 -0.194890
v -0.127312 -0.089701 -0.216550
v -0.127312 0.216546 -0.089698
v -0.127312 0.216546 0.089697
v -0.127312 0.229884 0.045727
v -0.130526 0.098968 0.238939
v -0.130526 0.050452 0.253656
v -0.130526 -0.050459 0.253656
v -0.130526 -0.098975 0.238939
v -0.130526 -0.143689 0.215039
v -0.130526 -0.182880 0.182876
v -0.130526 -0.238943 0.098971
v -0.130526 -0.253660 -0.050456
v -0.130526 -0.238943 -0.098973
v -0.130526 -0.215043 -0.143686
v -0.130526 -0.253660 0.050455
v -0.130526 0.182873 -0.182877
v -0.130526 0.143681 -0.215040
v -0.130526 0.098968 -0.238940
v -0.130526 0.050452 -0.253657
v -0.130526 -0.050459 -0.253657
v -0.130526 0.258623 -0.000001
v -0.130526 0.253653 -0.050456
v -0.130526 0.215036 0.143684
v -0.130526 0.215036 -0.143686
v -0.130526 0.182873 0.182876
v -0.130526 0.143681 0.215039
v -0.130526 -0.215043 0.143684
v -0.130526 -0.258630 -0.000001
v -0.130526 -0.182880 -0.182877
v -0.130526 -0.143689 -0.215040
v -0.130526 -0.098976 -0.238940
v -0.130526 0.238936 -0.098973
v -0.130526 0.238936 0.098971
v -0.130526 0.253653 0.050455
v -0.127462 -0.105770 -0.255344
v -0.127462 0.105763 -0.255344
v -0.127462 0.276378 -0.000001
v -0.127462 0.153546 -0.229804
v -0.127462 0.255340 -0.105768
v -0.127462 0.271068 -0.053920
v -0.127462 -0.255347 0.105766
v -0.127462 0.105763 0.255343
v -0.127462 0.053916 0.271070
v -0.127462 -0.053923 0.271070
v -0.127462 -0.271075 0.053919
v -0.127462 -0.153553 -0.229804
v -0.127462 0.153546 0.229802
v -0.127462 0.195428 0.195431
v -0.127462 0.271068 0.053919
v -0.127462 -0.271075 -0.053920
v -0.127462 -0.255347 -0.105767
v -0.127462 -0.195435 -0.195432
v -0.127462 -0.229807 -0.153550
v -0.127462 -0.229807 0.153549
v -0.127462 -0.195435 0.195431
v -0.127462 0.229800 -0.153550
v -0.127462 0.195428 -0.195432
v -0.127462 0.053916 -0.271072
v -0.127462 0.229800 0.153549
v -0.127462 0.255340 0.105766
v -0.127462 -0.153553 0.229802
v -0.127462 -0.105770 0.255343
v -0.129843 0.046763 -0.235112
v -0.130311 0.047168 -0.237150
v -0.130311 -0.047175 -0.237150
v -0.129843 -0.046770 -0.235112
v -0.129843 0.239714 -0.000001
v -0.130311 0.241791 -0.000001
v -0.130311 0.237145 -0.047172
v -0.129843 0.235108 -0.046767
v -0.129843 0.199314 0.133179
v -0.130311 0.201042 0.134333
v -0.129843 0.199314 -0.133181
v -0.130311 0.201042 -0.134335
v -0.129843 0.169502 0.169505
v -0.130311 0.170971 0.170974
v -0.130311 0.134331 0.201045
v -0.129843 0.133176 0.199317
v -0.129843 -0.199322 0.133179
v -0.130311 -0.201049 0.134334
v -0.130311 -0.241799 -0.000001
v -0.129843 -0.239721 -0.000001
v -0.129843 -0.169510 -0.169507
v -0.130311 -0.170979 -0.170976
v -0.130311 -0.134338 -0.201046
v -0.129843 -0.133184 -0.199319
v -0.129843 -0.091740 -0.221471
v -0.130311 -0.092535 -0.223390
v -0.130311 0.223386 -0.092532
v -0.129843 0.221467 -0.091737
v -0.130311 0.223386 0.092530
v -0.129843 0.221467 0.091735
v -0.130311 0.237145 0.047171
v -0.129843 0.235108 0.046766
vn -0.5326 0.8301 0.1651
vn -0.1198 0.9737 0.1937
vn -0.1198 0.9928 -0.0000
vn -0.5327 0.8463 -0.0000
vn 0.9076 -0.3491 0.2333
vn 0.9076 -0.2969 0.2969
vn 0.5328 -0.5984 0.5984
vn 0.5328 -0.7036 0.4702
vn 0.9076 0.4198 -0.0000
vn 0.9076 0.4118 -0.0819
vn 0.5328 0.8300 -0.1651
vn 0.5328 0.8463 -0.0000
vn -0.5327 0.7037 -0.4702
vn -0.1198 0.8255 -0.5516
vn -0.1198 0.7020 -0.7020
vn -0.5327 0.5984 -0.5984
vn -0.5327 -0.7819 -0.3239
vn -0.1198 -0.9172 -0.3799
vn -0.1198 -0.9737 -0.1937
vn -0.5327 -0.8301 -0.1651
vn -0.5327 -0.7037 -0.4702
vn -0.1198 -0.8255 -0.5516
vn -0.5327 -0.3239 -0.7819
vn -0.1198 -0.3799 -0.9172
vn -0.1198 -0.5516 -0.8255
vn -0.5327 -0.4702 -0.7037
vn -0.5326 -0.0000 0.8463
vn -0.1198 -0.0000 0.9928
vn -0.1198 0.1937 0.9737
vn -0.5326 0.1651 0.8301
vn -0.5327 0.4702 -0.7037
vn -0.1198 0.5516 -0.8255
vn -0.1198 0.3799 -0.9172
vn -0.5327 0.3239 -0.7819
vn -0.1198 -0.7020 -0.7020
vn -0.5327 -0.5984 -0.5984
vn -0.5326 0.5985 0.5985
vn -0.1198 0.7020 0.7020
vn -0.1198 0.8255 0.5516
vn -0.5326 0.7037 0.4702
vn -0.1198 0.1937 -0.9737
vn -0.5327 0.1651 -0.8301
vn -0.5327 0.8301 -0.1651
vn -0.1198 0.9737 -0.1937
vn -0.1198 0.9172 -0.3799
vn -0.5327 0.7819 -0.3239
vn -0.5326 -0.4702 0.7037
vn -0.1198 -0.5516 0.8255
vn -0.1198 -0.3799 0.9172
vn -0.5326 -0.3239 0.7819
vn -0.5327 -0.0000 -0.8463
vn -0.1198 -0.0000 -0.9928
vn -0.1198 -0.1937 -0.9737
vn -0.5327 -0.1651 -0.8301
vn -0.1198 0.9172 0.3799
vn -0.5326 0.7819 0.3239
vn -0.1198 -0.9928 -0.0000
vn -0.5327 -0.8463 -0.0000
vn -0.1198 0.3799 0.9172
vn -0.5326 0.3239 0.7819
vn -0.5327 -0.8301 0.1651
vn -0.1198 -0.9737 0.1937
vn -0.1198 -0.9172 0.3799
vn -0.5327 -0.7819 0.3239
vn -0.5326 0.4702 0.7037
vn -0.1198 0.5516 0.8255
vn -0.1198 -0.1937 0.9737
vn -0.5326 -0.1651 0.8301
vn -0.5327 -0.7037 0.4702
vn -0.1198 -0.8255 0.5516
vn -0.1198 -0.7020 0.7020
vn -0.5327 -0.5984 0.5984
vn 0.9076 -0.2969 -0.2969
vn 0.9076 -0.3491 -0.2333
vn 0.5328 -0.7036 -0.4702
vn 0.5328 -0.5984 -0.5984
vn 0.9076 -0.4198 -0.0000
vn 0.9076 -0.4118 0.0819
vn 0.5328 -0.8300 0.1651
vn 0.5328 -0.8463 -0.0000
vn 0.9964 0.0704 -0.0470
vn 0.9964 0.0599 -0.0599
vn 0.9076 0.2969 -0.2969
vn 0.9076 0.3491 -0.2333
vn 0.9964 -0.0599 -0.0599
vn 0.9964 -0.0704 -0.0470
vn 0.9964 -0.0847 -0.0000
vn 0.9964 -0.0830 0.0165
vn 0.9964 -0.0704 0.0470
vn 0.9964 -0.0599 0.0599
vn 0.9076 -0.2333 0.3491
vn 0.5328 -0.4702 0.7036
vn 0.9076 -0.1607 0.3879
vn 0.5328 -0.3238 0.7818
vn 0.9076 0.3879 -0.1607
vn 0.9964 0.0782 -0.0324
vn 0.9076 0.1607 0.3879
vn 0.9076 0.2333 0.3491
vn 0.5328 0.4702 0.7036
vn 0.5328 0.3238 0.7818
vn 0.5328 0.7818 -0.3238
vn 0.9076 0.2969 0.2969
vn 0.5328 0.5984 0.5984
vn 0.9076 -0.3879 0.1607
vn 0.5328 -0.7818 0.3238
vn 0.9076 0.2333 -0.3491
vn 0.5328 0.4702 -0.7036
vn 0.5328 0.5984 -0.5984
vn 0.9076 -0.0819 -0.4118
vn 0.9076 -0.1607 -0.3879
vn 0.5328 -0.3238 -0.7818
vn 0.5328 -0.1651 -0.8300
vn 0.9076 -0.0819 0.4118
vn 0.5328 -0.1651 0.8300
vn 0.9076 0.3879 0.1607
vn 0.9076 0.4118 0.0819
vn 0.5328 0.8300 0.1651
vn 0.5328 0.7818 0.3238
vn 0.9076 0.1607 -0.3879
vn 0.9076 0.0819 -0.4118
vn 0.5328 0.1651 -0.8300
vn 0.5328 0.3238 -0.7818
vn 0.9076 -0.2333 -0.3491
vn 0.5328 -0.4702 -0.7036
vn 0.9076 0.3491 0.2333
vn 0.5328 0.7036 0.4702
vn 0.9076 -0.4118 -0.0819
vn 0.5328 -0.8300 -0.1651
vn 0.9964 0.0830 -0.0165
vn 0.9964 0.0847 -0.0000
vn 0.9964 0.0830 0.0165
vn 0.9964 0.0782 0.0324
vn 0.9964 0.0704 0.0470
vn 0.9964 -0.0324 -0.0782
vn 0.9964 -0.0165 -0.0830
vn 0.9964 -0.0470 -0.0704
vn 0.9964 -0.0830 -0.0165
vn 0.9964 -0.0782 0.0324
vn 0.9964 0.0470 0.0704
vn 0.9964 0.0324 0.0782
vn 0.9964 0.0599 0.0599
vn 0.5328 0.7036 -0.4702
vn 0.9076 -0.0000 -0.4198
vn 0.5328 -0.0000 -0.8463
vn 0.9076 0.0819 0.4118
vn 0.5328 0.1651 0.8300
vn 0.9076 -0.0000 0.4198
vn 0.5328 -0.0000 0.8463
vn 0.9076 -0.3879 -0.1607
vn 0.5328 -0.7818 -0.3238
vn 0.9964 -0.0165 0.0830
vn 0.9964 -0.0324 0.0782
vn 0.9939 0.0423 -0.1021
vn 0.9939 0.0216 -0.1084
vn 0.9964 -0.0000 0.0847
vn 0.9939 -0.0000 -0.1105
vn 0.9964 -0.0000 -0.0847
vn 0.9964 0.0324 -0.0782
vn 0.9964 0.0165 -0.0830
vn 0.9964 0.0470 -0.0704
vn 0.9964 -0.0782 -0.0324
vn 0.9964 -0.0470 0.0704
vn 0.9964 0.0165 0.0830
vn 0.1199 -0.8255 0.5516
vn 0.1199 -0.9172 0.3799
vn 0.1199 0.8255 -0.5516
vn 0.1199 0.9172 -0.3799
vn 0.1199 -0.8255 -0.5516
vn 0.1199 -0.7020 -0.7020
vn 0.1199 -0.5516 0.8255
vn 0.1199 -0.7020 0.7020
vn 0.1199 0.5516 0.8255
vn 0.1199 0.3799 0.9172
vn 0.1199 0.9737 -0.1937
vn 0.1199 0.9928 -0.0000
vn 0.1199 -0.9737 0.1937
vn 0.1199 -0.9928 -0.0000
vn 0.1199 -0.1937 0.9737
vn 0.1199 -0.3799 0.9172
vn 0.1199 -0.3799 -0.9172
vn 0.1199 -0.1937 -0.9737
vn 0.1199 0.7020 0.7020
vn 0.1199 0.5516 -0.8255
vn 0.1199 0.7020 -0.7020
vn 0.1199 0.9737 0.1937
vn 0.1199 0.9172 0.3799
vn 0.1199 0.1937 0.9737
vn 0.1199 -0.9737 -0.1937
vn 0.1199 0.8255 0.5516
vn 0.1199 -0.0000 -0.9928
vn 0.1199 0.1937 -0.9737
vn 0.1199 0.3799 -0.9172
vn 0.1199 -0.5516 -0.8255
vn 0.1199 -0.0000 0.9928
vn 0.1199 -0.9172 -0.3799
vn -0.0001 -0.0000 1.0000
vn -0.0001 0.1951 0.9808
vn -0.0001 -0.3827 0.9239
vn -0.0001 -0.5556 0.8315
vn -0.0001 0.9239 0.3827
vn -0.0001 0.8315 0.5556
vn -0.0001 -0.0000 -1.0000
vn -0.0001 0.1951 -0.9808
vn -0.0001 0.7071 -0.7071
vn -0.0001 0.8315 -0.5556
vn -0.0001 -0.9808 0.1951
vn -0.0001 -1.0000 -0.0000
vn -0.0001 -0.3827 -0.9239
vn -0.0001 -0.1951 -0.9808
vn -0.0001 -0.8315 -0.5556
vn -0.0001 -0.7071 -0.7071
vn -0.0001 -0.5556 -0.8315
vn -0.0001 0.5556 -0.8315
vn -0.0001 -0.9239 0.3827
vn -0.0001 0.9808 0.1951
vn -0.0001 1.0000 -0.0000
vn -0.0001 0.3827 -0.9239
vn -0.0001 0.9239 -0.3827
vn -0.0001 -0.7071 0.7071
vn -0.0001 -0.8315 0.5556
vn -0.0001 0.3827 0.9239
vn -0.0001 0.9808 -0.1951
vn -0.0001 0.5556 0.8315
vn -0.0001 -0.9808 -0.1951
vn -0.0001 -0.9239 -0.3827
vn -0.0001 0.7071 0.7071
vn -0.0001 -0.1951 0.9808
vn 0.9473 -0.0000 -0.3203
vn 0.9473 0.0625 -0.3141
vn 0.9033 0.0837 -0.4209
vn 0.9033 -0.0000 -0.4291
vn 0.9939 0.0919 0.0614
vn 0.9939 0.1021 0.0423
vn 0.9473 -0.2663 -0.1779
vn 0.9473 -0.2265 -0.2265
vn 0.9033 -0.3034 -0.3034
vn 0.9033 -0.3568 -0.2384
vn 0.9939 -0.0000 0.1105
vn 0.9939 0.0216 0.1084
vn 0.9939 -0.0782 -0.0782
vn 0.9939 -0.0919 -0.0614
vn 0.9939 -0.1084 -0.0216
vn 0.9939 -0.1105 -0.0000
vn 0.9939 0.0782 0.0782
vn 0.9939 0.0614 0.0919
vn 0.9939 -0.0614 0.0919
vn 0.9939 -0.0423 0.1021
vn 0.9473 0.2959 0.1226
vn 0.9473 0.2663 0.1779
vn 0.9033 0.3568 0.2384
vn 0.9033 0.3964 0.1642
vn 0.9939 -0.0216 0.1084
vn 0.9473 0.3141 -0.0625
vn 0.9473 0.3203 -0.0000
vn 0.9033 0.4291 -0.0000
vn 0.9033 0.4208 -0.0837
vn 0.9939 -0.0919 0.0614
vn 0.9939 -0.0782 0.0782
vn 0.9939 -0.0216 -0.1084
vn 0.9939 -0.0423 -0.1021
vn 0.9473 -0.1779 -0.2663
vn 0.9473 -0.1226 -0.2959
vn 0.9033 -0.1642 -0.3964
vn 0.9033 -0.2384 -0.3568
vn 0.9939 0.0919 -0.0614
vn 0.9939 0.0782 -0.0782
vn 0.9939 0.0614 -0.0919
vn 0.9939 0.1021 -0.0423
vn 0.9473 -0.0625 -0.3141
vn 0.9033 -0.0837 -0.4209
vn 0.9473 0.3141 0.0625
vn 0.9033 0.4209 0.0837
vn 0.9939 0.1084 0.0216
vn 0.9939 0.1105 -0.0000
vn 0.9473 0.1226 -0.2959
vn 0.9473 0.1779 -0.2663
vn 0.9033 0.2384 -0.3568
vn 0.9033 0.1642 -0.3964
vn 0.9473 0.2265 0.2265
vn 0.9033 0.3034 0.3034
vn 0.9473 -0.2663 0.1779
vn 0.9473 -0.2959 0.1226
vn 0.9033 -0.3964 0.1642
vn 0.9033 -0.3568 0.2384
vn 0.9473 0.2265 -0.2265
vn 0.9033 0.3034 -0.3034
vn 0.9473 -0.2265 0.2265
vn 0.9033 -0.3034 0.3034
vn 0.9473 0.2663 -0.1779
vn 0.9473 0.2959 -0.1226
vn 0.9033 0.3964 -0.1642
vn 0.9033 0.3568 -0.2384
vn 0.9473 0.1779 0.2663
vn 0.9473 0.1226 0.2959
vn 0.9033 0.1642 0.3964
vn 0.9033 0.2384 0.3568
vn 0.9939 -0.1021 -0.0423
vn 0.9939 -0.1021 0.0423
vn 0.9939 -0.1084 0.0216
vn 0.9939 -0.0614 -0.0919
vn 0.9473 -0.3141 -0.0625
vn 0.9473 -0.2959 -0.1226
vn 0.9033 -0.3964 -0.1642
vn 0.9033 -0.4208 -0.0837
vn 0.9473 -0.3141 0.0625
vn 0.9473 -0.3203 -0.0000
vn 0.9033 -0.4291 -0.0000
vn 0.9033 -0.4209 0.0837
vn 0.9473 -0.0000 0.3203
vn 0.9473 -0.0625 0.3141
vn 0.9033 -0.0837 0.4209
vn 0.9033 -0.0000 0.4291
vn -0.9076 0.4118 0.0819
vn -0.9076 0.4198 -0.0000
vn -0.9076 0.3491 -0.2333
vn -0.9076 0.2969 -0.2969
vn -0.9076 -0.3879 -0.1607
vn -0.9076 -0.4118 -0.0819
vn -0.9076 -0.3491 -0.2333
vn -0.9076 -0.1607 -0.3879
vn -0.9076 -0.2333 -0.3491
vn -0.9076 -0.0000 0.4198
vn -0.9076 0.0819 0.4118
vn -0.9076 0.1607 0.3879
vn -0.9076 -0.0000 -0.4198
vn -0.9076 -0.0819 -0.4118
vn -0.9076 -0.3879 0.1607
vn -0.9076 -0.3491 0.2333
vn -0.9076 0.3879 -0.1607
vn -0.9076 -0.4198 -0.0000
vn -0.9076 0.3491 0.2333
vn -0.9076 0.3879 0.1607
vn -0.9076 0.2969 0.2969
vn -0.9076 -0.2969 -0.2969
vn -0.9076 0.2333 -0.3491
vn -0.9076 0.1607 -0.3879
vn -0.9076 0.0819 -0.4118
vn -0.9076 -0.1607 0.3879
vn -0.9076 -0.0819 0.4118
vn -0.9076 -0.4118 0.0819
vn -0.9076 0.2333 0.3491
vn -0.9076 0.4118 -0.0819
vn -0.9076 -0.2333 0.3491
vn -0.9076 -0.2969 0.2969
vn 0.9939 0.1084 -0.0216
vn 0.9939 0.0423 0.1021
vn 0.9473 0.0625 0.3141
vn 0.9033 0.0837 0.4209
vn 0.9473 -0.1226 0.2959
vn 0.9473 -0.1779 0.2663
vn 0.9033 -0.2384 0.3568
vn 0.9033 -0.1642 0.3964
vn -0.9473 0.0625 0.3141
vn -0.9033 0.0837 0.4209
vn -0.9033 -0.0000 0.4291
vn -0.9473 -0.0000 0.3203
vn -0.9473 0.2959 0.1226
vn -0.9939 0.1021 0.0423
vn -0.9939 0.1084 0.0216
vn -0.9473 0.3141 0.0625
vn -0.9473 -0.1779 0.2663
vn -0.9939 -0.0614 0.0919
vn -0.9939 -0.0423 0.1021
vn -0.9473 -0.1226 0.2959
vn -0.9473 0.3141 -0.0625
vn -0.9939 0.1084 -0.0216
vn -0.9939 0.1021 -0.0423
vn -0.9473 0.2959 -0.1226
vn -0.9473 0.2265 -0.2265
vn -0.9939 0.0782 -0.0782
vn -0.9939 0.0614 -0.0919
vn -0.9473 0.1779 -0.2663
vn -0.9473 0.1226 -0.2959
vn -0.9939 0.0423 -0.1021
vn -0.9939 0.0216 -0.1084
vn -0.9473 0.0625 -0.3141
vn -0.9473 -0.0625 -0.3141
vn -0.9939 -0.0216 -0.1084
vn -0.9939 -0.0423 -0.1021
vn -0.9473 -0.1226 -0.2959
vn -0.9939 -0.0614 -0.0919
vn -0.9473 -0.1779 -0.2663
vn -0.9939 0.1105 -0.0000
vn -0.9473 0.3203 -0.0000
vn -0.9939 0.0614 0.0919
vn -0.9473 0.1779 0.2663
vn -0.9473 0.1226 0.2959
vn -0.9939 0.0423 0.1021
vn -0.9939 -0.1021 -0.0423
vn -0.9473 -0.2959 -0.1226
vn -0.9473 -0.2663 -0.1779
vn -0.9939 -0.0919 -0.0614
vn -0.9939 -0.1084 0.0216
vn -0.9473 -0.3141 0.0625
vn -0.9473 -0.3203 -0.0000
vn -0.9939 -0.1105 -0.0000
vn -0.9473 0.2663 -0.1779
vn -0.9939 0.0919 -0.0614
vn -0.9939 0.0919 0.0614
vn -0.9473 0.2663 0.1779
vn -0.9473 0.2265 0.2265
vn -0.9939 0.0782 0.0782
vn -0.9939 -0.0000 -0.1105
vn -0.9473 -0.0000 -0.3203
vn -0.9939 -0.0000 0.1105
vn -0.9939 0.0216 0.1084
vn -0.9939 -0.1021 0.0423
vn -0.9473 -0.2959 0.1226
vn -0.9939 -0.1084 -0.0216
vn -0.9473 -0.3141 -0.0625
vn -0.9473 -0.2265 0.2265
vn -0.9939 -0.0782 0.0782
vn -0.9473 -0.0625 0.3141
vn -0.9939 -0.0216 0.1084
vn -0.9473 -0.2663 0.1779
vn -0.9939 -0.0919 0.0614
vn -0.9473 -0.2265 -0.2265
vn -0.9939 -0.0782 -0.0782
vn -0.9964 -0.0000 -0.0847
vn -0.9964 0.0165 -0.0830
vn -0.9964 0.0165 0.0830
vn -0.9964 -0.0000 0.0847
vn -0.9033 -0.0837 0.4209
vn -0.9033 -0.1642 0.3964
vn -0.9964 -0.0165 0.0830
vn -0.9964 0.0830 0.0165
vn -0.9964 0.0782 0.0324
vn -0.9964 -0.0470 -0.0704
vn -0.9964 -0.0324 -0.0782
vn -0.9964 -0.0782 0.0324
vn -0.9964 -0.0830 0.0165
vn -0.9033 -0.2384 0.3568
vn -0.9033 -0.3034 0.3034
vn -0.9033 0.1642 0.3964
vn -0.9964 -0.0165 -0.0830
vn -0.9033 0.4291 -0.0000
vn -0.9033 0.4209 0.0837
vn -0.9964 -0.0847 -0.0000
vn -0.9964 0.0470 -0.0704
vn -0.9964 0.0599 -0.0599
vn -0.9964 -0.0830 -0.0165
vn -0.9964 -0.0782 -0.0324
vn -0.9964 0.0470 0.0704
vn -0.9964 0.0324 0.0782
vn -0.9033 -0.3964 0.1642
vn -0.9033 -0.4209 0.0837
vn -0.9033 0.3964 -0.1642
vn -0.9033 0.4209 -0.0837
vn -0.9964 0.0830 -0.0165
vn -0.9964 0.0847 -0.0000
vn -0.9033 -0.3964 -0.1642
vn -0.9033 -0.3568 -0.2384
vn -0.9033 -0.4291 -0.0000
vn -0.9033 -0.4209 -0.0837
vn -0.9033 -0.1642 -0.3964
vn -0.9033 -0.0837 -0.4209
vn -0.9033 0.3034 -0.3034
vn -0.9033 0.3568 -0.2384
vn -0.9964 0.0599 0.0599
vn -0.9964 0.0782 -0.0324
vn -0.9964 0.0704 -0.0470
vn -0.9033 0.3034 0.3034
vn -0.9033 0.2384 0.3568
vn -0.9964 0.0704 0.0470
vn -0.9964 -0.0470 0.0704
vn -0.9964 -0.0599 0.0599
vn -0.9033 -0.3568 0.2384
vn -0.9033 0.2384 -0.3568
vn -0.9033 0.0837 -0.4209
vn -0.9033 0.1642 -0.3964
vn -0.9033 -0.3034 -0.3034
vn -0.9033 -0.2384 -0.3568
vn -0.9033 0.3568 0.2384
vn -0.9033 0.3964 0.1642
vn -0.9033 -0.0000 -0.4291
vn -0.9964 -0.0704 0.0470
vn -0.9964 -0.0324 0.0782
vn -0.9964 0.0324 -0.0782
vn -0.9964 -0.0599 -0.0599
vn -0.9964 -0.0704 -0.0470
vt 4.015584 0.917921
vt 4.015584 0.775618
vt 4.249985 0.775618
vt 4.249985 0.917921
vt 1.202758 0.001260
vt 1.437160 0.001260
vt 1.437160 0.081971
vt 1.202758 0.081971
vt -3.250880 0.001260
vt -3.016479 0.001260
vt -3.016479 0.081971
vt -3.250880 0.081971
vt -2.547674 0.917921
vt -2.547674 0.775619
vt -2.313272 0.775619
vt -2.313272 0.917921
vt 0.030748 0.917921
vt 0.030748 0.775619
vt 0.265150 0.775619
vt 0.265150 0.917921
vt -0.203655 0.917921
vt -0.203655 0.775619
vt -0.906860 0.917921
vt -0.906860 0.775619
vt -0.672458 0.775619
vt -0.672458 0.917921
vt 2.374769 0.917921
vt 2.374769 0.775618
vt 2.609171 0.775618
vt 2.609171 0.917921
vt -2.078871 0.917921
vt -2.078871 0.775619
vt -1.844469 0.775619
vt -1.844469 0.917921
vt -0.438056 0.775619
vt -0.438056 0.917921
vt 3.312377 0.917921
vt 3.312377 0.775618
vt 3.546780 0.775618
vt 3.546780 0.917921
vt -1.610066 0.775619
vt -1.610066 0.917921
vt -3.016479 0.917921
vt -3.016479 0.775619
vt -2.782077 0.775619
vt -2.782077 0.917921
vt 1.671563 0.917921
vt 1.671563 0.775619
vt 1.905965 0.775619
vt 1.905965 0.917921
vt -1.375664 0.917921
vt -1.375664 0.775619
vt -1.141263 0.775619
vt -1.141263 0.917921
vt 3.781182 0.775618
vt 3.781182 0.917921
vt 0.499552 0.775619
vt 0.499552 0.917921
vt 2.843573 0.775618
vt 2.843573 0.917921
vt 0.733954 0.917921
vt 0.733954 0.775619
vt 0.968356 0.775619
vt 0.968356 0.917921
vt 3.077975 0.917921
vt 3.077975 0.775618
vt 2.140367 0.775618
vt 2.140367 0.917921
vt -3.250880 0.917921
vt -3.250880 0.775619
vt 1.202758 0.917921
vt 1.202758 0.775619
vt 1.437160 0.775619
vt 1.437160 0.917921
vt -0.438056 0.001260
vt -0.203655 0.001260
vt -0.203655 0.081971
vt -0.438056 0.081971
vt 0.499552 0.001260
vt 0.733954 0.001260
vt 0.733954 0.081971
vt 0.499552 0.081971
vt 0.750909 0.875512
vt 0.819347 0.819347
vt 0.853284 0.853284
vt 0.777573 0.915418
vt 0.819347 0.180653
vt 0.750909 0.124488
vt 0.777573 0.084582
vt 0.853284 0.146716
vt 0.500000 0.048375
vt 0.411892 0.057053
vt 0.402529 0.009981
vt 0.500000 0.000381
vt 0.249090 0.124488
vt 0.180653 0.180653
vt 0.146716 0.146716
vt 0.222427 0.084582
vt 1.671563 0.001260
vt 1.671563 0.081971
vt 1.905965 0.001260
vt 1.905965 0.081971
vt 0.691196 0.961588
vt 0.672829 0.917247
vt 2.843573 0.001260
vt 3.077975 0.001260
vt 3.077975 0.081971
vt 2.843573 0.081971
vt -2.782077 0.001260
vt -2.782076 0.081971
vt 3.312377 0.001260
vt 3.312377 0.081971
vt 0.968356 0.001260
vt 0.968356 0.081971
vt -2.313272 0.001260
vt -2.078871 0.001260
vt -2.078871 0.081971
vt -2.313272 0.081971
vt -1.141263 0.001260
vt -0.906860 0.001260
vt -0.906860 0.081971
vt -1.141263 0.081971
vt 2.140367 0.001260
vt 2.140367 0.081971
vt 3.781182 0.001260
vt 4.015584 0.001260
vt 4.015584 0.081971
vt 3.781183 0.081971
vt -1.844469 0.001260
vt -1.610066 0.001260
vt -1.610066 0.081971
vt -1.844469 0.081971
vt -0.672459 0.001260
vt -0.672459 0.081971
vt 3.546780 0.001260
vt 3.546780 0.081971
vt 0.265150 0.001260
vt 0.265150 0.081971
vt 0.597471 0.990019
vt 0.588107 0.942947
vt 0.500000 0.999619
vt 0.500000 0.951625
vt 0.402529 0.990019
vt 0.411892 0.942947
vt 0.308804 0.961588
vt 0.327170 0.917247
vt 0.222427 0.915418
vt 0.249090 0.875512
vt 0.917247 0.327171
vt 0.961587 0.308804
vt 0.990019 0.402529
vt 0.942947 0.411892
vt 0.875512 0.249091
vt 0.915418 0.222427
vt 0.597471 0.009981
vt 0.588107 0.057053
vt 0.308804 0.038412
vt 0.327170 0.082753
vt 0.124487 0.750909
vt 0.084582 0.777573
vt 0.038412 0.691196
vt 0.082753 0.672829
vt 0.180653 0.819347
vt 0.146716 0.853284
vt -2.547675 0.001260
vt -2.547674 0.081971
vt -1.375664 0.001260
vt -1.375664 0.081971
vt 2.609171 0.001260
vt 2.609171 0.081971
vt 2.374769 0.001260
vt 2.374769 0.081971
vt 0.030748 0.001260
vt 0.030748 0.081971
vt 4.249985 0.001260
vt 4.249985 0.081971
vt 0.057053 0.411892
vt 0.082753 0.327171
vt 0.122395 0.343591
vt 0.099137 0.420264
vt 0.048375 0.500000
vt 0.091284 0.500000
vt 0.999619 0.500000
vt 0.951625 0.500000
vt 0.961588 0.691196
vt 0.917247 0.672829
vt 0.942947 0.588108
vt 0.990019 0.597471
vt 0.915418 0.777573
vt 0.875512 0.750909
vt 0.672829 0.082753
vt 0.691196 0.038412
vt 0.124487 0.249091
vt 0.084582 0.222427
vt 0.038412 0.308804
vt 0.009981 0.402529
vt 0.000381 0.500000
vt 0.057053 0.588108
vt 0.009981 0.597471
vt 1.202758 0.224279
vt 0.968356 0.224279
vt -2.547674 0.224279
vt -2.782077 0.224279
vt -0.203655 0.224279
vt -0.438056 0.224279
vt 1.671563 0.224279
vt 1.437160 0.224279
vt 3.077975 0.224279
vt 2.843573 0.224279
vt -3.016479 0.224279
vt -3.250880 0.224279
vt 0.733954 0.224279
vt 0.499552 0.224279
vt 2.140367 0.224279
vt 1.905965 0.224279
vt -0.906860 0.224279
vt -1.141263 0.224279
vt 3.312377 0.224279
vt -2.078871 0.224279
vt -2.313272 0.224279
vt 4.015584 0.224279
vt 3.781182 0.224279
vt 2.609171 0.224279
vt 0.265150 0.224279
vt 3.546780 0.224279
vt -1.375664 0.224279
vt -1.610066 0.224279
vt -1.844469 0.224279
vt -0.672458 0.224279
vt 2.374769 0.224279
vt 0.030748 0.224279
vt 4.249985 0.224279
vt 2.374769 0.499949
vt 2.609171 0.499949
vt 1.905965 0.499949
vt 1.671563 0.499949
vt 3.781182 0.499948
vt 3.546780 0.499949
vt -1.375664 0.499949
vt -1.610066 0.499949
vt -2.313272 0.499949
vt -2.547674 0.499949
vt 0.733954 0.499949
vt 0.499552 0.499949
vt -0.906860 0.499949
vt -1.141263 0.499949
vt -0.203655 0.499949
vt -0.438056 0.499949
vt -0.672459 0.499949
vt -2.078871 0.499949
vt 0.968356 0.499949
vt 4.015584 0.499949
vt 4.249985 0.499949
vt -1.844469 0.499949
vt -2.782077 0.499949
vt 1.437160 0.499949
vt 1.202758 0.499949
vt 2.843573 0.499949
vt -3.016479 0.499949
vt 3.077975 0.499949
vt 0.265150 0.499949
vt 0.030748 0.499949
vt -3.250880 0.499949
vt 3.312377 0.499949
vt 2.140367 0.499949
vt 0.094795 0.500000
vt 0.102581 0.420949
vt 0.125265 0.425461
vt 0.117924 0.500000
vt 0.727070 0.160165
vt 0.656409 0.122395
vt 0.274880 0.836916
vt 0.213477 0.786523
vt 0.229831 0.770169
vt 0.287730 0.817685
vt 0.908716 0.500000
vt 0.900863 0.420264
vt 0.210994 0.789006
vt 0.272929 0.839835
vt 0.420263 0.900863
vt 0.500000 0.908716
vt 0.789006 0.210994
vt 0.839835 0.272929
vt 0.839835 0.727071
vt 0.877604 0.656409
vt 0.655065 0.125640
vt 0.725119 0.163084
vt 0.712270 0.182315
vt 0.646214 0.147008
vt 0.900863 0.579737
vt 0.420948 0.102581
vt 0.500000 0.094795
vt 0.500000 0.117924
vt 0.425460 0.125265
vt 0.727070 0.839835
vt 0.789006 0.789006
vt 0.099137 0.579737
vt 0.122395 0.656409
vt 0.163084 0.725120
vt 0.125639 0.655065
vt 0.147007 0.646214
vt 0.182315 0.712270
vt 0.272929 0.160165
vt 0.210994 0.210994
vt 0.160165 0.272929
vt 0.343591 0.122395
vt 0.102581 0.579052
vt 0.125265 0.574539
vt 0.579051 0.102581
vt 0.574539 0.125265
vt 0.579736 0.099137
vt 0.500000 0.091284
vt 0.125639 0.344935
vt 0.163084 0.274880
vt 0.182315 0.287730
vt 0.147007 0.353786
vt 0.786523 0.213477
vt 0.770168 0.229831
vt 0.725119 0.836916
vt 0.655065 0.874361
vt 0.646214 0.852993
vt 0.712270 0.817685
vt 0.213477 0.213477
vt 0.229831 0.229831
vt 0.786523 0.786523
vt 0.770168 0.770169
vt 0.274880 0.163084
vt 0.344935 0.125640
vt 0.353785 0.147008
vt 0.287730 0.182315
vt 0.836915 0.274880
vt 0.874360 0.344935
vt 0.852992 0.353786
vt 0.817685 0.287730
vt 0.343591 0.877605
vt 0.656409 0.877605
vt 0.579736 0.900863
vt 0.160165 0.727071
vt 0.420948 0.897419
vt 0.344935 0.874361
vt 0.353785 0.852993
vt 0.425460 0.874735
vt 0.579051 0.897419
vt 0.500000 0.905205
vt 0.500000 0.882076
vt 0.574539 0.874735
vt 0.905205 0.500000
vt 0.897419 0.579052
vt 0.874735 0.574539
vt 0.882076 0.500000
vt 4.015584 0.998629
vt 4.249985 0.998629
vt -2.547674 0.998629
vt -2.313272 0.998629
vt 0.030748 0.998629
vt 0.265150 0.998629
vt -0.203655 0.998629
vt -0.906860 0.998629
vt -0.672459 0.998629
vt 2.374769 0.998629
vt 2.609171 0.998629
vt 2.843573 0.998629
vt -1.375664 0.998629
vt -1.141263 0.998629
vt 0.968356 0.998629
vt 1.202758 0.998629
vt -2.782077 0.998629
vt 0.499552 0.998629
vt 3.546780 0.998629
vt 3.781182 0.998629
vt 3.312377 0.998629
vt -0.438056 0.998629
vt -2.078871 0.998629
vt -1.844469 0.998629
vt -1.610066 0.998629
vt 1.905965 0.998629
vt 2.140367 0.998629
vt 0.733954 0.998629
vt 3.077975 0.998629
vt -3.016479 0.998629
vt 1.671563 0.998629
vt 1.437160 0.998629
vt 0.420263 0.099137
vt 0.877604 0.343591
vt 0.897419 0.420949
vt 0.874735 0.425461
vt 0.874360 0.655065
vt 0.836915 0.725120
vt 0.817685 0.712270
vt 0.852992 0.646214
vt -3.250880 0.998629
s 1
usemtl Tire_side
f 94/83/81 102/84/82 21/85/83 22/86/84
f 89/87/85 104/88/86 28/89/74 29/90/73
f 90/91/87 103/92/88 42/93/78 41/94/77
f 91/95/89 108/96/90 25/97/6 26/98/5
f 94/83/81 22/86/84 52/103/95 86/104/96
f 86/104/96 52/103/95 51/139/10 96/140/129
f 96/140/129 51/139/10 57/141/9 97/142/130
f 97/142/130 57/141/9 34/143/116 84/144/131
f 84/144/131 34/143/116 14/145/115 85/146/132
f 85/146/132 14/145/115 15/147/125 95/148/133
f 87/149/134 60/150/110 17/151/109 98/152/135
f 88/153/136 40/154/123 60/150/110 87/149/134
f 89/87/85 29/90/73 40/154/123 88/153/136
f 90/91/87 41/94/77 32/155/127 106/156/137
f 91/95/89 26/98/5 49/157/104 107/158/138
f 92/159/139 38/160/98 47/161/97 113/162/140
f 93/163/141 36/164/102 38/160/98 92/159/139
f 93/163/141 95/148/133 15/147/125 36/164/102
f 111/177/151 110/178/152 269/179/153 266/180/154
f 246/181/155 111/177/151 266/180/154 260/182/156
f 253/183/143 254/184/157 98/152/135 17/151/109
f 59/185/119 100/186/158 99/187/159 18/188/120
f 54/189/106 101/190/160 100/186/158 59/185/119
f 21/85/83 102/84/82 101/190/160 54/189/106
f 28/89/74 104/88/86 105/191/161 31/192/149
f 31/192/149 105/191/161 106/156/137 32/155/127
f 42/93/78 103/92/88 107/158/138 49/157/104
f 25/97/6 108/96/90 109/193/162 11/194/91
f 11/194/91 109/193/162 110/178/152 10/195/93
f 10/195/93 110/178/152 111/177/151 44/196/113
f 244/197/147 246/181/155 112/198/163 46/199/145
f 46/199/145 112/198/163 113/162/140 47/161/97
f 261/266/228 267/267/229 178/268/230 181/269/231
f 105/191/161 104/88/86 280/270/232 279/271/233
f 298/272/234 302/273/235 160/274/236 162/275/237
f 98/152/135 254/184/157 259/276/238 292/277/239
f 95/148/133 93/163/141 303/278/240 299/279/241
f 97/142/130 84/144/131 320/280/242 295/281/243
f 104/88/86 89/87/85 311/282/244 280/270/232
f 89/87/85 88/153/136 312/283/245 311/282/244
f 100/186/158 101/190/160 287/284/246 288/285/247
f 278/286/248 281/287/249 171/288/250 172/289/251
f 99/187/159 100/186/158 288/285/247 291/290/252
f 282/291/253 309/292/254 157/293/255 170/294/256
f 102/84/82 94/83/81 301/295/257 285/296/258
f 113/162/140 112/198/163 265/297/259 262/298/260
f 305/299/261 263/300/262 180/301/263 159/302/264
f 108/96/90 91/95/89 307/303/265 273/304/266
f 110/178/152 109/193/162 270/305/267 269/179/153
f 91/95/89 107/158/138 274/306/268 307/303/265
f 264/307/269 261/266/228 181/269/231 179/308/270
f 277/309/271 278/286/248 172/289/251 173/310/272
f 90/91/87 106/156/137 276/311/273 308/312/274
f 268/313/275 271/314/276 176/315/277 177/316/278
f 281/287/249 310/317/279 156/318/280 171/288/250
f 302/273/235 305/299/261 159/302/264 160/274/236
f 300/319/281 317/320/282 153/321/283 161/322/284
f 267/267/229 268/313/275 177/316/278 178/268/230
f 271/314/276 272/323/285 175/324/286 176/315/277
f 284/325/287 300/319/281 161/322/284 169/326/288
f 109/193/162 108/96/90 273/304/266 270/305/267
f 306/327/289 275/328/290 174/329/291 158/330/292
f 313/331/293 314/332/294 154/333/295 155/334/296
f 85/146/132 95/148/133 299/279/241 318/335/297
f 310/317/279 313/331/293 155/334/296 156/318/280
f 94/83/81 86/104/96 316/336/298 301/295/257
f 86/104/96 96/140/129 296/337/299 316/336/298
f 93/163/141 92/159/139 304/338/300 303/278/240
f 272/323/285 306/327/289 158/330/292 175/324/286
f 254/184/157 99/187/159 291/290/252 259/276/238
f 321/339/301 319/340/302 152/341/303 151/342/304
f 297/343/305 294/344/306 164/345/307 163/346/308
f 263/300/262 264/307/269 179/308/270 180/301/263
f 294/344/306 321/339/301 151/342/304 164/345/307
f 319/340/302 298/272/234 162/275/237 152/341/303
f 96/140/129 97/142/130 295/281/243 296/337/299
f 275/328/290 282/291/253 170/294/256 174/329/291
f 258/347/309 290/348/310 166/349/311 182/350/312
f 317/320/282 297/343/305 163/346/308 153/321/283
f 92/159/139 113/162/140 262/298/260 304/338/300
f 106/156/137 105/191/161 279/271/233 276/311/273
f 101/190/160 102/84/82 285/296/258 287/284/246
f 103/92/88 90/91/87 308/312/274 283/383/345
f 309/292/254 277/309/271 173/310/272 157/293/255
f 87/149/134 98/152/135 292/277/239 315/384/346
f 314/332/294 293/385/347 165/386/348 154/333/295
f 289/387/349 286/388/350 168/389/351 167/390/352
f 286/388/350 284/325/287 169/326/288 168/389/351
f 107/158/138 103/92/88 283/383/345 274/306/268
f 88/153/136 87/149/134 315/384/346 312/283/245
f 84/144/131 85/146/132 318/335/297 320/280/242
f 44/196/113 111/177/151 246/181/155 244/197/147
f 290/348/310 289/387/349 167/390/352 166/349/311
f 112/198/163 246/181/155 260/182/156 265/297/259
f 18/188/120 99/187/159 254/184/157 253/183/143
f 289/387/349 290/348/310 291/290/252 288/285/247
f 281/287/249 278/286/248 279/271/233 280/270/232
f 271/314/276 268/313/275 269/179/153 270/305/267
f 261/266/228 264/307/269 265/297/259 260/182/156
f 303/278/240 304/338/300 305/299/261 302/273/235
f 299/279/241 303/278/240 302/273/235 298/272/234
f 311/282/244 312/283/245 313/331/293 310/317/279
f 315/384/346 292/277/239 293/385/347 314/332/294
f 295/281/243 320/280/242 321/339/301 294/344/306
f 307/303/265 274/306/268 275/328/290 306/327/289
f 301/295/257 316/336/298 317/320/282 300/319/281
f 283/383/345 308/312/274 309/292/254 282/291/253
f 285/296/258 301/295/257 300/319/281 284/325/287
f 290/348/310 258/347/309 259/276/238 291/290/252
f 284/325/287 286/388/350 287/284/246 285/296/258
f 320/280/242 318/335/297 319/340/302 321/339/301
f 316/336/298 296/337/299 297/343/305 317/320/282
f 258/347/309 293/385/347 292/277/239 259/276/238
f 267/267/229 261/266/228 260/182/156 266/180/154
f 280/270/232 311/282/244 310/317/279 281/287/249
f 273/304/266 307/303/265 306/327/289 272/323/285
f 296/337/299 295/281/243 294/344/306 297/343/305
f 318/335/297 299/279/241 298/272/234 319/340/302
f 312/283/245 315/384/346 314/332/294 313/331/293
f 308/312/274 276/311/273 277/309/271 309/292/254
f 304/338/300 262/298/260 263/300/262 305/299/261
f 264/307/269 263/300/262 262/298/260 265/297/259
f 268/313/275 267/267/229 266/180/154 269/179/153
f 272/323/285 271/314/276 270/305/267 273/304/266
f 282/291/253 275/328/290 274/306/268 283/383/345
f 286/388/350 289/387/349 288/285/247 287/284/246
f 278/286/248 277/309/271 276/311/273 279/271/233
f 293/385/347 258/347/309 182/350/312 165/386/348
f 452/385/353 376/386/354 359/350/355 355/347/356
f 335/286/357 334/271/358 337/311/359 336/309/360
f 327/388/361 326/284/362 325/285/363 324/387/364
f 331/291/365 330/383/366 339/306/367 338/328/368
f 341/323/369 340/304/370 343/305/371 342/314/372
f 345/313/373 344/179/374 347/180/375 346/267/376
f 349/307/377 348/297/378 351/298/379 350/300/380
f 463/338/381 464/299/382 350/300/380 351/298/379
f 467/312/383 468/292/384 336/309/360 337/311/359
f 471/283/385 472/331/386 473/332/387 474/384/388
f 477/335/389 478/340/390 457/272/391 458/279/392
f 455/337/393 456/343/394 453/344/395 454/281/396
f 340/304/370 341/323/369 465/327/397 466/303/398
f 333/270/399 332/287/400 469/317/401 470/282/402
f 346/267/376 347/180/375 353/182/403 352/266/404
f 355/347/356 354/276/405 451/277/406 452/385/353
f 475/336/407 476/320/408 456/343/394 455/337/393
f 479/280/409 480/339/410 478/340/390 477/335/389
f 329/325/411 328/296/412 326/284/362 327/388/361
f 449/348/413 450/290/414 354/276/405 355/347/356
f 328/296/412 329/325/411 459/319/415 460/295/416
f 330/383/366 331/291/365 468/292/384 467/312/383
f 460/295/416 459/319/415 476/320/408 475/336/407
f 466/303/398 465/327/397 338/328/368 339/306/367
f 454/281/396 453/344/395 480/339/410 479/280/409
f 474/384/388 473/332/387 452/385/353 451/277/406
f 470/282/402 469/317/401 472/331/386 471/283/385
f 458/279/392 457/272/391 461/273/417 462/278/418
f 462/278/418 461/273/417 464/299/382 463/338/381
f 352/266/404 353/182/403 348/297/378 349/307/377
f 342/314/372 343/305/371 344/179/374 345/313/373
f 332/287/400 333/270/399 334/271/358 335/286/357
f 324/387/364 325/285/363 450/290/414 449/348/413
f 444/188/337 357/183/325 356/184/419 405/187/420
f 392/198/421 348/297/378 353/182/403 358/181/422
f 449/348/413 375/349/423 374/390/424 324/387/364
f 430/196/339 249/197/322 358/181/422 393/177/425
f 420/144/426 479/280/409 477/335/389 419/146/427
f 416/153/428 471/283/385 474/384/388 417/149/429
f 397/158/430 339/306/367 330/383/366 401/92/431
f 327/388/361 373/389/432 372/326/433 329/325/411
f 324/387/364 374/390/424 373/389/432 327/388/361
f 473/332/387 387/333/434 376/386/354 452/385/353
f 417/149/429 474/384/388 451/277/406 406/152/435
f 468/292/384 384/293/436 368/310/437 336/309/360
f 401/92/431 330/383/366 467/312/383 414/91/438
f 403/190/439 326/284/362 328/296/412 402/84/440
f 398/156/441 337/311/359 334/271/358 399/191/442
f 412/159/443 463/338/381 351/298/379 391/162/444
f 476/320/408 388/321/445 378/346/446 456/343/394
f 355/347/356 359/350/355 375/349/423 449/348/413
f 338/328/368 367/329/447 371/294/448 331/291/365
f 408/140/449 455/337/393 454/281/396 407/142/450
f 478/340/390 389/341/451 379/275/452 457/272/391
f 453/344/395 377/345/453 390/342/454 480/339/410
f 350/300/380 361/301/455 362/308/456 349/307/377
f 456/343/394 378/346/446 377/345/453 453/344/395
f 480/339/410 390/342/454 389/341/451 478/340/390
f 356/184/419 354/276/405 450/290/414 405/187/420
f 341/323/369 366/324/457 383/330/458 465/327/397
f 411/163/459 462/278/418 463/338/381 412/159/443
f 418/104/460 475/336/407 455/337/393 408/140/449
f 410/83/461 460/295/416 475/336/407 418/104/460
f 469/317/401 385/318/462 386/334/463 472/331/386
f 419/146/427 477/335/389 458/279/392 409/148/464
f 472/331/386 386/334/463 387/333/434 473/332/387
f 465/327/397 383/330/458 367/329/447 338/328/368
f 395/193/465 343/305/371 340/304/370 396/96/466
f 329/325/411 372/326/433 380/322/467 459/319/415
f 342/314/372 365/315/468 366/324/457 341/323/369
f 346/267/376 363/268/469 364/316/470 345/313/373
f 459/319/415 380/322/467 388/321/445 476/320/408
f 461/273/417 381/274/471 382/302/472 464/299/382
f 332/287/400 370/288/473 385/318/462 469/317/401
f 345/313/373 364/316/470 365/315/468 342/314/372
f 414/91/438 467/312/383 337/311/359 398/156/441
f 336/309/360 368/310/437 369/289/474 335/286/357
f 349/307/377 362/308/456 360/269/475 352/266/404
f 413/95/476 466/303/398 339/306/367 397/158/430
f 394/178/477 344/179/374 343/305/371 395/193/465
f 396/96/466 340/304/370 466/303/398 413/95/476
f 464/299/382 382/302/472 361/301/455 350/300/380
f 391/162/444 351/298/379 348/297/378 392/198/421
f 402/84/440 328/296/412 460/295/416 410/83/461
f 331/291/365 371/294/448 384/293/436 468/292/384
f 405/187/420 450/290/414 325/285/363 404/186/478
f 335/286/357 369/289/474 370/288/473 332/287/400
f 404/186/478 325/285/363 326/284/362 403/190/439
f 415/87/479 470/282/402 471/283/385 416/153/428
f 400/88/480 333/270/399 470/282/402 415/87/479
f 407/142/450 454/281/396 479/280/409 420/144/426
f 409/148/464 458/279/392 462/278/418 411/163/459
f 406/152/435 451/277/406 354/276/405 356/184/419
f 457/272/391 379/275/452 381/274/471 461/273/417
f 399/191/442 334/271/358 333/270/399 400/88/480
f 352/266/404 360/269/475 363/268/469 346/267/376
f 429/199/323 428/161/324 391/162/444 392/198/421
f 249/197/322 429/199/323 392/198/421 358/181/422
f 448/195/338 430/196/339 393/177/425 394/178/477
f 447/194/343 448/195/338 394/178/477 395/193/465
f 441/97/344 447/194/343 395/193/465 396/96/466
f 431/93/340 427/157/327 397/158/430 401/92/431
f 437/192/317 436/155/318 398/156/441 399/191/442
f 439/89/319 437/192/317 399/191/442 400/88/480
f 443/85/316 424/189/335 403/190/439 402/84/440
f 424/189/335 422/185/336 404/186/478 403/190/439
f 422/185/336 444/188/337 405/187/420 404/186/478
f 357/183/325 322/151/326 406/152/435 356/184/419
f 358/181/422 353/182/403 347/180/375 393/177/425
f 393/177/425 347/180/375 344/179/374 394/178/477
f 411/163/459 434/164/333 445/147/331 409/148/464
f 411/163/459 412/159/443 433/160/341 434/164/333
f 412/159/443 391/162/444 428/161/324 433/160/341
f 413/95/476 397/158/430 427/157/327 440/98/328
f 414/91/438 398/156/441 436/155/318 323/94/330
f 415/87/479 416/153/428 432/154/321 438/90/334
f 416/153/428 417/149/429 421/150/320 432/154/321
f 417/149/429 406/152/435 322/151/326 421/150/320
f 419/146/427 409/148/464 445/147/331 446/145/332
f 420/144/426 419/146/427 446/145/332 435/143/313
f 407/142/450 420/144/426 435/143/313 423/141/314
f 408/140/449 407/142/450 423/141/314 426/139/342
f 418/104/460 408/140/449 426/139/342 425/103/329
f 410/83/461 418/104/460 425/103/329 442/86/315
f 413/95/476 440/98/328 441/97/344 396/96/466
f 414/91/438 323/94/330 431/93/340 401/92/431
f 415/87/479 438/90/334 439/89/319 400/88/480
f 410/83/461 442/86/315 443/85/316 402/84/440
usemtl Tire_tread
f 212/1/1 8/2/2 24/3/3 195/4/4
f 26/5/5 25/6/6 5/7/7 67/8/8
f 57/9/9 51/10/10 66/11/11 71/12/12
f 201/13/13 35/14/14 146/15/15 193/16/16
f 203/17/17 37/18/18 13/19/19 186/20/20
f 210/21/21 55/22/22 37/18/18 203/17/17
f 209/23/23 56/24/24 39/25/25 204/26/26
f 248/27/27 243/28/28 43/29/29 206/30/30
f 207/31/31 53/32/32 27/33/33 198/34/34
f 204/26/26 39/25/25 48/35/35 197/36/36
f 194/37/37 23/38/38 150/39/39 196/40/40
f 198/34/34 27/33/33 45/41/41 190/42/42
f 200/43/43 33/44/44 144/45/45 211/46/46
f 191/47/47 149/48/48 19/49/49 189/50/50
f 256/51/51 252/52/52 16/53/53 185/54/54
f 196/40/40 150/39/39 58/55/55 192/56/56
f 186/20/20 13/19/19 148/57/57 205/58/58
f 206/30/30 43/29/29 9/59/59 188/60/60
f 192/56/56 58/55/55 8/2/2 212/1/1
f 193/16/16 146/15/15 53/32/32 207/31/31
f 184/61/61 145/62/62 12/63/63 187/64/64
f 202/65/65 147/66/66 23/38/38 194/37/37
f 185/54/54 16/53/53 56/24/24 209/23/23
f 189/50/50 19/49/49 20/67/67 183/68/68
f 205/58/58 148/57/57 145/62/62 184/61/61
f 195/69/4 24/70/3 33/44/44 200/43/43
f 188/60/60 9/59/59 147/66/66 202/65/65
f 199/71/69 30/72/70 50/73/71 208/74/72
f 208/74/72 50/73/71 149/48/48 191/47/47
f 197/36/36 48/35/35 55/22/22 210/21/21
f 211/46/46 144/45/45 35/14/14 201/13/13
f 187/64/64 12/63/63 30/72/70 199/71/69
f 29/75/73 28/76/74 3/77/75 69/78/76
f 41/79/77 42/80/78 82/81/79 61/82/80
f 25/6/6 11/99/91 75/100/92 5/7/7
f 11/99/91 10/101/93 77/102/94 75/100/92
f 47/105/97 38/106/98 64/107/99 78/108/100
f 51/10/10 52/109/95 2/110/101 66/11/11
f 38/106/98 36/111/102 72/112/103 64/107/99
f 42/80/78 49/113/104 79/114/105 82/81/79
f 21/115/83 54/116/106 6/117/107 73/118/108
f 17/119/109 60/120/110 4/121/111 81/122/112
f 10/101/93 44/123/113 83/124/114 77/102/94
f 14/125/115 34/126/116 1/127/117 74/128/118
f 59/129/119 18/130/120 76/131/121 68/132/122
f 54/116/106 59/129/119 68/132/122 6/117/107
f 40/133/123 29/75/73 69/78/76 62/134/124
f 36/111/102 15/135/125 70/136/126 72/112/103
f 15/135/125 14/125/115 74/128/118 70/136/126
f 32/137/127 41/79/77 61/82/80 80/138/128
f 52/109/95 22/165/84 65/166/142 2/110/101
f 49/113/104 26/5/5 67/8/8 79/114/105
f 253/167/143 17/119/109 81/122/112 251/168/144
f 46/169/145 47/105/97 78/108/100 7/170/146
f 244/171/147 46/169/145 7/170/146 245/172/148
f 60/120/110 40/133/123 62/134/124 4/121/111
f 28/76/74 31/173/149 63/174/150 3/77/75
f 31/173/149 32/137/127 80/138/128 63/174/150
f 22/165/84 21/115/83 73/118/108 65/166/142
f 34/126/116 57/175/9 71/176/12 1/127/117
f 79/114/105 67/8/8 131/200/164 141/201/165
f 2/110/101 65/166/142 129/202/166 120/203/167
f 69/78/76 3/77/75 117/204/168 121/205/169
f 5/7/7 75/100/92 122/206/170 119/207/171
f 67/8/8 5/7/7 119/207/171 131/200/164
f 78/108/100 64/107/99 128/208/172 142/209/173
f 71/12/12 66/11/11 130/210/174 134/211/175
f 61/82/80 82/81/79 138/212/176 125/213/177
f 77/102/94 83/124/114 136/214/178 137/215/179
f 81/122/112 4/121/111 116/216/180 139/217/181
f 64/107/99 72/112/103 135/218/182 128/208/172
f 82/81/79 79/114/105 141/201/165 138/212/176
f 73/118/108 6/117/107 118/219/183 114/220/184
f 74/128/118 1/127/117 143/221/185 115/222/186
f 7/170/146 78/108/100 142/209/173 124/223/187
f 80/138/128 61/82/80 125/213/177 140/224/188
f 70/136/126 74/128/118 115/222/186 133/225/189
f 251/168/144 81/122/112 139/217/181 255/226/190
f 75/100/92 77/102/94 137/215/179 122/206/170
f 66/11/11 2/110/101 120/203/167 130/210/174
f 68/132/122 76/131/121 123/227/191 132/228/192
f 72/112/103 70/136/126 133/225/189 135/218/182
f 62/134/124 69/78/76 121/205/169 126/229/193
f 6/117/107 68/132/122 132/228/192 118/219/183
f 245/172/148 7/170/146 124/223/187 247/230/194
f 4/121/111 62/134/124 126/229/193 116/216/180
f 3/77/75 63/174/150 127/231/195 117/204/168
f 63/174/150 80/138/128 140/224/188 127/231/195
f 65/166/142 73/118/108 114/220/184 129/202/166
f 1/127/117 71/176/12 134/232/175 143/221/185
f 250/233/196 233/234/197 43/29/29 243/28/28
f 220/235/198 19/49/49 149/48/48 236/236/199
f 223/237/200 58/55/55 150/39/39 239/238/201
f 257/239/202 252/52/52 45/41/41 234/240/203
f 242/241/204 146/15/15 35/14/14 230/242/205
f 241/243/206 145/62/62 148/57/57 237/244/207
f 216/245/208 56/24/24 16/53/53 219/246/209
f 218/247/210 55/22/22 48/35/35 235/248/211
f 235/248/211 232/249/212 126/229/193 121/205/169
f 213/250/213 53/32/32 146/15/15 242/241/204
f 221/251/214 12/63/63 145/62/62 241/243/206
f 224/252/215 226/253/216 24/3/3 8/2/2
f 227/254/217 132/228/192 123/227/191 234/240/203
f 240/255/218 230/242/205 35/14/14 144/45/45
f 214/256/219 50/73/71 30/72/70 228/257/220
f 215/258/221 9/59/59 43/29/29 233/234/197
f 240/255/218 144/45/45 33/44/44 229/259/222
f 228/257/220 221/251/214 141/201/165 131/200/164
f 215/258/221 238/260/223 147/66/66 9/59/59
f 217/261/224 13/19/19 37/18/18 231/262/225
f 224/252/215 8/2/2 58/55/55 223/237/200
f 226/263/216 134/211/175 130/210/174 229/259/222
f 216/245/208 232/249/212 39/25/25 56/24/24
f 218/247/210 231/262/225 37/18/18 55/22/22
f 217/261/224 237/244/207 148/57/57 13/19/19
f 225/264/226 238/260/223 128/208/172 135/218/182
f 239/238/201 225/264/226 135/218/182 133/225/189
f 214/256/219 236/236/199 149/48/48 50/73/71
f 222/265/227 20/67/67 19/49/49 220/235/198
f 435/351/313 212/1/1 195/4/4 423/352/314
f 442/353/315 201/13/13 193/16/16 443/354/316
f 437/355/317 203/17/17 186/20/20 436/356/318
f 439/357/319 210/21/21 203/17/17 437/355/317
f 421/358/320 209/23/23 204/26/26 432/359/321
f 249/360/322 248/27/27 206/30/30 429/361/323
f 429/361/323 206/30/30 188/60/60 428/362/324
f 357/363/325 256/51/51 185/54/54 322/364/326
f 427/365/327 187/64/64 199/71/69 440/366/328
f 425/367/329 211/46/46 201/13/13 442/353/315
f 436/356/318 186/20/20 205/58/58 323/368/330
f 445/369/331 196/40/40 192/56/56 446/370/332
f 434/371/333 194/37/37 196/40/40 445/369/331
f 432/359/321 204/26/26 197/36/36 438/372/334
f 424/373/335 207/31/31 198/34/34 422/374/336
f 422/374/336 198/34/34 190/42/42 444/375/337
f 446/370/332 192/56/56 212/1/1 435/351/313
f 448/376/338 189/50/50 183/68/68 430/377/339
f 322/364/326 185/54/54 209/23/23 421/358/320
f 443/354/316 193/16/16 207/31/31 424/373/335
f 431/378/340 184/61/61 187/64/64 427/365/327
f 433/379/341 202/65/65 194/37/37 434/371/333
f 426/380/342 200/43/43 211/46/46 425/367/329
f 428/362/324 188/60/60 202/65/65 433/379/341
f 447/381/343 191/47/47 189/50/50 448/376/338
f 441/382/344 208/74/72 191/47/47 447/381/343
f 323/368/330 205/58/58 184/61/61 431/378/340
f 438/372/334 197/36/36 210/21/21 439/357/319
f 423/391/314 195/69/4 200/43/43 426/380/342
f 440/366/328 199/71/69 208/74/72 441/382/344
f 227/254/217 213/250/213 118/219/183 132/228/192
f 27/33/33 53/32/32 213/250/213 227/254/217
f 136/214/178 222/265/227 220/235/198 137/215/179
f 119/207/171 122/206/170 236/236/199 214/256/219
f 150/39/39 23/38/38 225/264/226 239/238/201
f 23/38/38 147/66/66 238/260/223 225/264/226
f 140/224/188 125/213/177 237/244/207 217/261/224
f 117/204/168 127/231/195 231/262/225 218/247/210
f 116/216/180 126/229/193 232/249/212 216/245/208
f 24/70/3 226/263/216 229/259/222 33/44/44
f 143/221/185 224/252/215 223/237/200 115/222/186
f 140/224/188 217/261/224 231/262/225 127/231/195
f 142/209/173 128/208/172 238/260/223 215/258/221
f 30/72/70 12/63/63 221/251/214 228/257/220
f 120/203/167 240/255/218 229/259/222 130/210/174
f 142/209/173 215/258/221 233/234/197 124/223/187
f 119/207/171 214/256/219 228/257/220 131/200/164
f 120/203/167 129/202/166 230/242/205 240/255/218
f 27/33/33 227/254/217 234/240/203 45/41/41
f 143/221/185 134/232/175 226/253/216 224/252/215
f 141/201/165 221/251/214 241/243/206 138/212/176
f 118/219/183 213/250/213 242/241/204 114/220/184
f 48/35/35 39/25/25 232/249/212 235/248/211
f 117/204/168 218/247/210 235/248/211 121/205/169
f 116/216/180 216/245/208 219/246/209 139/217/181
f 138/212/176 241/243/206 237/244/207 125/213/177
f 114/220/184 242/241/204 230/242/205 129/202/166
f 255/226/190 257/239/202 234/240/203 123/227/191
f 115/222/186 223/237/200 239/238/201 133/225/189
f 137/215/179 220/235/198 236/236/199 122/206/170
f 247/230/194 124/223/187 233/234/197 250/233/196
f 136/214/178 247/230/194 250/233/196 222/265/227
f 430/377/339 183/68/68 248/27/27 249/360/322
f 222/265/227 250/233/196 243/28/28 20/67/67
f 83/124/114 245/172/148 247/230/194 136/214/178
f 44/123/113 244/171/147 245/172/148 83/124/114
f 183/68/68 20/67/67 243/28/28 248/27/27
f 139/217/181 219/246/209 257/239/202 255/226/190
f 444/375/337 190/42/42 256/51/51 357/363/325
f 219/246/209 16/53/53 252/52/52 257/239/202
f 76/131/121 251/168/144 255/226/190 123/227/191
f 18/130/120 253/167/143 251/168/144 76/131/121
f 190/42/42 45/41/41 252/52/52 256/51/51
o FL_Wheel_Peugeot_Challenger_17x7_ET28
v 0.027993 0.120045 -0.154476
v 0.035660 0.080248 -0.176947
v 0.042579 0.076545 -0.171694
v 0.047160 0.073666 -0.165536
v 0.042500 0.058096 -0.178771
v 0.047093 0.055986 -0.172280
v 0.046507 0.090225 -0.156225
v 0.035660 0.098070 -0.164604
v 0.066602 0.109667 -0.192884
v 0.072076 0.097015 -0.207844
v 0.071355 0.101452 -0.201100
v 0.071712 0.070809 -0.217878
v 0.030636 0.105130 -0.163187
v 0.049141 0.064297 -0.134892
v 0.049217 0.088230 -0.149033
v 0.071366 0.106830 -0.200913
v 0.064003 0.110745 -0.189410
v 0.028437 0.112783 -0.159352
v 0.071682 0.111911 -0.199567
v 0.071078 0.093138 -0.172315
v 0.069811 0.094514 -0.171945
v 0.070011 0.088070 -0.153568
v 0.068743 0.089372 -0.153228
v 0.073041 0.094908 -0.207343
v 0.068151 0.080795 -0.126759
v 0.066879 0.082053 -0.126336
v 0.071592 0.100872 -0.201073
v 0.072792 0.099112 -0.201254
v 0.072447 0.098969 -0.193853
v 0.071149 0.100190 -0.193257
v 0.073041 0.070376 -0.216554
v 0.072196 0.086897 -0.201909
v 0.072654 0.089496 -0.201976
v 0.069620 0.075252 -0.157751
v 0.070011 0.077732 -0.156930
v 0.071078 0.083222 -0.175526
v 0.070673 0.080710 -0.176336
v 0.072024 0.086985 -0.197689
v 0.072447 0.089541 -0.196890
v 0.073041 0.086064 -0.205867
v 0.072572 0.084022 -0.205081
v 0.072459 0.068749 -0.211548
v 0.073041 0.069205 -0.212951
v 0.068183 0.070070 -0.130881
v 0.067814 0.067638 -0.131786
v 0.065141 0.059522 -0.183160
v 0.066778 0.070744 -0.179540
v 0.041770 0.093471 -0.161524
v 0.049195 0.046201 -0.142175
v 0.064077 0.053617 -0.164992
v 0.049217 0.053489 -0.164598
v 0.065716 0.065005 -0.161207
v 0.063907 0.057012 -0.135670
v 0.072195 0.096331 -0.207666
v 0.067965 0.077341 -0.200607
v 0.062272 0.045361 -0.139590
v 0.066329 0.066308 -0.204039
v 0.072010 0.070571 -0.217155
v 0.065425 0.027844 -0.207415
v 0.067558 0.028749 -0.218752
v 0.069049 0.031120 -0.216990
v 0.064351 0.027440 -0.211522
v 0.063790 0.025260 -0.215437
v 0.071198 0.033944 -0.223850
v 0.064121 0.015693 -0.219638
v 0.066050 0.017724 -0.221444
v 0.072796 0.040646 -0.227897
v 0.072273 0.042286 -0.226666
v 0.072681 0.071744 -0.220762
v 0.027993 -0.006295 -0.195539
v 0.049217 0.035093 -0.169589
v 0.035660 0.039109 -0.190318
v 0.042579 0.039015 -0.183892
v 0.047160 0.037724 -0.177218
v 0.035660 0.060123 -0.184996
v 0.046507 0.018855 -0.179422
v 0.035660 0.017435 -0.190812
v 0.066602 0.024682 -0.220506
v 0.072076 0.043711 -0.225169
v 0.071355 0.036157 -0.222322
v 0.030636 0.010892 -0.193817
v 0.049141 0.027286 -0.146922
v 0.049217 0.016240 -0.172431
v 0.071366 0.031697 -0.225332
v 0.064003 0.021767 -0.218330
v 0.028437 0.002446 -0.195214
v 0.071682 0.026796 -0.227232
v 0.072042 0.071287 -0.219358
v 0.071078 0.025958 -0.194150
v 0.069811 0.024628 -0.194659
v 0.070011 0.019036 -0.176005
v 0.068743 0.017782 -0.176496
v 0.073041 0.045121 -0.223524
v 0.068151 0.009159 -0.150042
v 0.066879 0.007893 -0.150440
v 0.071592 0.036610 -0.221959
v 0.072792 0.038141 -0.221071
v 0.072447 0.033905 -0.215001
v 0.071149 0.032567 -0.215236
v 0.072196 0.048406 -0.214419
v 0.072654 0.046343 -0.216002
v 0.069620 0.031864 -0.171853
v 0.070011 0.029375 -0.172647
v 0.071078 0.035867 -0.190917
v 0.070673 0.038376 -0.190096
v 0.072024 0.045854 -0.211058
v 0.072447 0.043317 -0.211914
v 0.073041 0.051408 -0.217131
v 0.072572 0.052596 -0.215295
v 0.067814 0.022757 -0.146373
v 0.066778 0.048321 -0.186828
v 0.041770 0.019345 -0.185617
v 0.049041 0.007844 -0.150311
v 0.065716 0.042185 -0.168624
v 0.063907 0.033636 -0.143267
v 0.072195 0.044160 -0.224623
v 0.067965 0.055370 -0.207748
v 0.008989 0.038299 -0.192549
v 0.008989 0.138817 -0.138821
v 0.027993 -0.038300 -0.192549
v 0.064153 -0.000000 -0.220990
v 0.008989 -0.038300 -0.192549
v 0.071820 -0.000000 -0.229853
v 0.073542 -0.000000 -0.234402
v 0.067965 0.214686 0.011554
v 0.072195 0.227270 0.027432
v 0.063907 0.146646 0.012293
v 0.065716 0.173403 0.012000
v 0.049041 0.145372 0.038999
v 0.041770 0.182504 0.038974
v 0.066778 0.192612 0.011791
v 0.067814 0.146237 0.023598
v 0.068183 0.146128 0.026191
v 0.072572 0.221007 0.016525
v 0.073041 0.222385 0.018223
v 0.072447 0.214923 0.024305
v 0.072024 0.214893 0.021627
v 0.070673 0.192646 0.022260
v 0.071078 0.192652 0.024899
v 0.070011 0.173269 0.025426
v 0.069620 0.173284 0.022814
v 0.072654 0.219746 0.022691
v 0.072196 0.218879 0.020239
v 0.071149 0.214760 0.035555
v 0.072447 0.214949 0.034210
v 0.072792 0.222032 0.032058
v 0.071592 0.222403 0.033788
v 0.068151 0.145523 0.037665
v 0.073041 0.226522 0.026178
v 0.068743 0.173347 0.037641
v 0.070011 0.173268 0.036297
v 0.069811 0.192736 0.036745
v 0.071078 0.192663 0.035323
v 0.072042 0.230648 0.000006
v 0.071682 0.224384 0.044752
v 0.028437 0.186407 0.058012
v 0.064003 0.214363 0.046782
v 0.071366 0.224092 0.039504
v 0.049217 0.169004 0.037851
v 0.049141 0.148158 0.019462
v -0.097769 0.211428 0.042065
v 0.030636 0.187689 0.049548
v 0.071355 0.222608 0.034331
v 0.072076 0.227651 0.028027
v 0.066602 0.217334 0.044683
v 0.035660 0.186854 0.042396
v 0.046507 0.176461 0.037525
v 0.035660 0.194518 0.000001
v 0.047160 0.180197 0.018899
v 0.042579 0.186944 0.019734
v 0.035660 0.193084 0.021632
v -0.097769 0.215570 0.000009
v 0.049217 0.172128 0.019043
v 0.027993 0.184015 0.066425
v 0.072681 0.232124 0.000005
v 0.072273 0.228634 0.029845
v 0.072796 0.229298 0.031785
v 0.066050 0.216076 0.051590
v 0.064121 0.213730 0.052963
v 0.071198 0.223377 0.036908
v 0.063790 0.212692 0.042567
v 0.064351 0.209642 0.039283
v 0.069049 0.215980 0.037474
v 0.067558 0.216923 0.040273
v 0.065425 0.205861 0.037630
v 0.072010 0.228332 0.000005
v 0.066329 0.214540 0.000005
v 0.062272 0.146772 0.000005
v 0.067965 0.214686 -0.011548
v 0.072195 0.227270 -0.027427
v 0.063907 0.146646 -0.012287
v 0.065716 0.173403 -0.011995
v 0.049217 0.173069 0.000005
v 0.064077 0.173483 0.000005
v 0.049041 0.145372 -0.038993
v 0.049195 0.149491 0.000005
v 0.041770 0.182504 -0.038969
v 0.066778 0.192612 -0.011786
v 0.065141 0.192586 0.000005
v 0.067814 0.146237 -0.023593
v 0.068183 0.146128 -0.026186
v 0.073041 0.223911 0.000005
v 0.072459 0.222436 0.000005
v 0.072572 0.221007 -0.016520
v 0.073041 0.222385 -0.018218
v 0.072447 0.214923 -0.024300
v 0.072024 0.214893 -0.021622
v 0.070673 0.192646 -0.022254
v 0.071078 0.192652 -0.024894
v 0.070011 0.173269 -0.025421
v 0.069620 0.173284 -0.022808
v 0.072654 0.219746 -0.022685
v 0.072196 0.218879 -0.020234
v 0.073041 0.227700 0.000005
v 0.071149 0.214760 -0.035550
v 0.072447 0.214949 -0.034204
v 0.072792 0.222032 -0.032053
v 0.071592 0.222403 -0.033783
v 0.066879 0.145510 -0.038986
v 0.068151 0.145523 -0.037660
v 0.073041 0.226522 -0.026173
v 0.068743 0.173347 -0.037636
v 0.070011 0.173268 -0.036292
v 0.069811 0.192736 -0.036740
v 0.071078 0.192663 -0.035317
v 0.071682 0.224384 -0.044746
v 0.028437 0.186407 -0.058007
v 0.064003 0.214363 -0.046777
v 0.071366 0.224092 -0.039498
v 0.049217 0.169004 -0.037846
v 0.049141 0.148158 -0.019456
v 0.008989 0.181374 -0.075127
v 0.030636 0.187689 -0.049543
v 0.071712 0.229093 0.000003
v 0.071355 0.222608 -0.034326
v 0.072076 0.227651 -0.028022
v 0.066602 0.217334 -0.044678
v 0.035660 0.186854 -0.042391
v 0.046507 0.176461 -0.037520
v 0.047093 0.181146 0.000005
v 0.042500 0.187971 0.000005
v 0.047160 0.180197 -0.018894
v 0.042579 0.186944 -0.019729
v 0.035660 0.193084 -0.021626
v -0.097769 0.211428 -0.042048
v 0.049217 0.172128 -0.019037
v 0.027993 0.184015 -0.066420
v 0.072273 0.228634 -0.029840
v 0.072796 0.229298 -0.031780
v 0.066050 0.216076 -0.051585
v 0.064121 0.213730 -0.052958
v 0.071198 0.223377 -0.036902
v 0.063790 0.212692 -0.042561
v 0.064351 0.209642 -0.039278
v 0.069049 0.215980 -0.037469
v 0.067558 0.216923 -0.040267
v 0.065425 0.205861 -0.037624
v -0.097769 0.199161 -0.082488
v -0.098464 0.215739 0.000009
v 0.040824 0.097203 0.000000
v -0.098464 0.211594 0.042098
v 0.040824 0.094996 0.021478
v 0.058806 0.120082 0.000000
v 0.060390 0.119912 0.012589
v 0.045219 0.121795 0.000000
v 0.045110 0.117610 0.040296
v 0.045179 0.120062 0.020145
v -0.098464 0.211594 -0.042081
v -0.098464 0.199308 0.082569
v 0.060795 0.092189 0.025256
v 0.061136 0.091891 0.027853
v 0.064645 0.119012 0.027023
v 0.064292 0.119215 0.024435
v 0.066879 0.145510 0.038992
v -0.099019 0.216519 0.000009
v 0.064633 0.117794 0.038966
v 0.063360 0.117690 0.040292
v 0.056900 0.093174 -0.012885
v -0.099019 0.212358 0.042250
v -0.099019 0.200038 -0.082851
v -0.099019 0.212358 -0.042233
v 0.060390 0.119912 -0.012589
v 0.045110 0.117610 -0.040296
v 0.045179 0.120062 -0.020145
v -0.129500 0.224901 -0.044727
v 0.064645 0.119012 -0.027023
v 0.064292 0.119215 -0.024435
v 0.061340 0.092564 -0.040154
v -0.129500 0.229307 0.000009
v 0.064633 0.117794 -0.038966
v 0.063360 0.117690 -0.040292
v 0.056900 0.041046 -0.084633
v 0.040824 0.030036 -0.092445
v 0.049041 0.082011 -0.126206
v 0.040824 0.049781 -0.083710
v 0.058806 0.037106 -0.114205
v 0.060390 0.049027 -0.110153
v 0.045219 0.037636 -0.115834
v 0.045110 0.074666 -0.099402
v 0.045179 0.056260 -0.107961
v 0.061136 0.054885 -0.078787
v 0.064645 0.062477 -0.104837
v 0.064292 0.060077 -0.105830
v 0.064633 0.073459 -0.099988
v 0.063360 0.074688 -0.099479
v 0.060390 0.025081 -0.117934
v 0.045110 -0.001981 -0.124305
v 0.045179 0.017941 -0.120411
v 0.068183 0.020246 -0.147070
v 0.060795 0.004467 -0.095481
v 0.061136 0.001905 -0.096001
v 0.064645 0.011075 -0.121538
v 0.064292 0.013600 -0.120931
v 0.064633 -0.000659 -0.124070
v 0.063360 -0.001953 -0.124380
v 0.067965 -0.166896 -0.135547
v 0.062272 -0.118743 -0.086269
v 0.040824 -0.078640 -0.057133
v 0.066329 -0.173569 -0.126114
v 0.072010 -0.184727 -0.134221
v 0.065425 -0.188666 -0.090575
v 0.067558 -0.199168 -0.094939
v 0.069049 -0.196760 -0.096649
v 0.064351 -0.192696 -0.091460
v 0.040824 -0.064231 -0.073212
v 0.063790 -0.197093 -0.090596
v 0.058806 -0.097149 -0.070581
v 0.060390 -0.089613 -0.080666
v 0.045219 -0.098536 -0.071588
v 0.045110 -0.071465 -0.101728
v 0.045179 -0.085293 -0.086867
v 0.071198 -0.202411 -0.101455
v 0.072796 -0.204189 -0.109080
v 0.060795 -0.059738 -0.074619
v 0.061136 -0.057971 -0.076545
v 0.072273 -0.202512 -0.110259
v 0.072681 -0.187794 -0.136451
v 0.027993 -0.187920 -0.054438
v 0.049217 -0.150450 -0.085782
v 0.027993 -0.192546 -0.038295
v 0.035660 -0.168925 -0.096006
v 0.042579 -0.162842 -0.093932
v 0.047160 -0.156894 -0.090641
v 0.035660 -0.157369 -0.114348
v 0.046507 -0.164820 -0.073377
v 0.064645 -0.080400 -0.091815
v 0.064292 -0.082086 -0.089839
v 0.035660 -0.176091 -0.075546
v 0.066602 -0.202093 -0.091613
v 0.072076 -0.200648 -0.111152
v 0.071355 -0.200274 -0.103088
v 0.030636 -0.180971 -0.070251
v 0.049217 -0.158979 -0.068729
v 0.068151 -0.095593 -0.116006
v 0.071366 -0.204516 -0.099776
v 0.064003 -0.200924 -0.088169
v 0.028437 -0.184909 -0.062650
v 0.071682 -0.207836 -0.095702
v 0.072042 -0.186601 -0.135583
v 0.071078 -0.176632 -0.084683
v 0.064633 -0.072395 -0.100761
v 0.063360 -0.071531 -0.101772
v 0.069811 -0.177528 -0.083575
v 0.070011 -0.161515 -0.072493
v 0.049041 -0.140532 -0.053895
v 0.068743 -0.162368 -0.071452
v 0.073041 -0.198648 -0.111985
v 0.049141 -0.131303 -0.071338
v 0.040824 -0.089478 -0.038460
v 0.071592 -0.199790 -0.103407
v 0.008989 -0.163233 0.109073
v 0.060390 -0.104411 -0.060296
v 0.045110 -0.118834 -0.036528
v 0.045179 -0.108974 -0.054271
v 0.068183 -0.133616 -0.064701
v 0.072792 -0.198472 -0.104588
v 0.072447 -0.194007 -0.098684
v 0.071149 -0.194645 -0.097484
v 0.072196 -0.188974 -0.112295
v 0.072654 -0.191116 -0.110822
v 0.069620 -0.153602 -0.083410
v 0.070011 -0.155126 -0.081288
v 0.071078 -0.170496 -0.093108
v 0.070673 -0.168940 -0.095240
v 0.072024 -0.186565 -0.108830
v 0.064645 -0.112167 -0.048089
v 0.064292 -0.110810 -0.050303
v 0.072447 -0.188163 -0.106681
v 0.073041 -0.190625 -0.115988
v 0.072572 -0.188512 -0.116551
v 0.066778 -0.162758 -0.103689
v 0.041770 -0.170560 -0.075757
v 0.065716 -0.147342 -0.092228
v 0.072195 -0.199990 -0.111410
v 0.064633 -0.118202 -0.037712
v 0.063360 -0.118897 -0.036577
v 0.055359 -0.075551 0.054894
v 0.063907 -0.125863 0.076254
v 0.040824 -0.078637 0.057136
v 0.049195 -0.120939 0.087871
v 0.049141 -0.131300 0.071343
v 0.058806 -0.097147 0.070584
v 0.060390 -0.104409 0.060300
v 0.045219 -0.098533 0.071592
v 0.045110 -0.118833 0.036532
v 0.045179 -0.108972 0.054275
v 0.067814 -0.132177 0.066867
v 0.060795 -0.089426 0.033757
v 0.064645 -0.112165 0.048093
v 0.064292 -0.110808 0.050307
v 0.066879 -0.140638 0.053987
v 0.068151 -0.139868 0.055068
v 0.064633 -0.118200 0.037716
v 0.063360 -0.118895 0.036582
v 0.056900 -0.067805 0.065192
v 0.063907 -0.111411 0.096144
v 0.049141 -0.108421 0.102832
v 0.060390 -0.089610 0.080669
v 0.045110 -0.071461 0.101731
v 0.045179 -0.085289 0.086871
v 0.067814 -0.104435 0.105049
v 0.068183 -0.102823 0.107083
v 0.064645 -0.080397 0.091818
v 0.064292 -0.082083 0.089843
v 0.061348 -0.051367 0.086949
v 0.066879 -0.094799 0.117076
v 0.064633 -0.072392 0.100764
v 0.063360 -0.071527 0.101775
v 0.055359 0.028861 0.088816
v 0.056900 0.016541 0.092595
v 0.062272 0.045359 0.139587
v 0.040824 0.008932 0.096984
v 0.058806 0.037111 0.114203
v 0.060390 0.025086 0.117933
v 0.045219 0.037640 0.115833
v 0.045110 -0.001976 0.124306
v 0.045179 0.017946 0.120411
v 0.061136 0.001909 0.096001
v 0.064645 0.011079 0.121537
v 0.064292 0.013604 0.120930
v 0.064633 -0.000655 0.124070
v 0.063360 -0.001949 0.124381
v 0.049041 0.082016 0.126203
v 0.040824 0.049784 0.083709
v 0.060390 0.049031 0.110152
v 0.045110 0.074670 0.099399
v 0.045179 0.056264 0.107959
v 0.061136 0.054888 0.078785
v 0.064645 0.062481 0.104834
v 0.064292 0.060081 0.105828
v 0.064633 0.073462 0.099986
v 0.063360 0.074691 0.099476
v 0.041139 0.095650 0.042822
v 0.060087 0.092637 0.041472
v 0.060087 0.092636 -0.041472
v 0.041139 0.070282 -0.077737
v 0.060087 0.068068 -0.075287
v 0.041139 -0.011169 -0.104201
v 0.060087 -0.010817 -0.100918
v 0.041139 -0.052214 -0.090864
v 0.060087 -0.050569 -0.088001
v 0.041139 -0.102553 -0.021577
v 0.060087 -0.099322 -0.020897
v 0.060087 -0.099321 0.020901
v 0.060087 0.068071 0.075285
v 0.061360 -0.009613 0.100639
v 0.061346 -0.098550 0.021848
v 0.061340 -0.098488 -0.021921
v 0.073542 0.194896 -0.130221
v 0.073542 0.234399 0.000005
v -0.099019 -0.082860 0.200046
v -0.099019 -0.120294 0.180037
v 0.073542 0.216557 0.089705
v 0.073542 0.194896 0.130230
v 0.073542 0.229895 0.045734
v -0.099019 -0.153105 0.153110
v -0.099019 0.200041 0.082864
v 0.073542 0.165745 0.165750
v 0.073542 0.130225 0.194901
v 0.073542 0.089701 0.216561
v -0.099019 0.042241 0.212367
v -0.099019 -0.000000 0.216528
v -0.099019 -0.120294 -0.180027
v 0.073542 -0.045729 0.229900
v 0.073542 -0.089701 0.216562
v 0.073542 0.045729 0.229900
v -0.099019 -0.180033 0.120298
v -0.099019 -0.200041 0.082865
v 0.073542 -0.130226 0.194901
v 0.073542 -0.165746 0.165750
v 0.073542 -0.194896 0.130230
v -0.099019 -0.212363 0.042246
v -0.099019 -0.216523 0.000005
v 0.073542 -0.229896 0.045734
v 0.073542 -0.234400 0.000005
v 0.073542 -0.216557 0.089706
v -0.099019 -0.082860 -0.200036
v -0.099019 -0.042242 -0.212358
v 0.073542 -0.216557 -0.089696
v 0.073542 -0.130226 -0.194891
v 0.073542 -0.089701 -0.216552
v 0.073542 -0.165746 -0.165741
v 0.073542 -0.045729 -0.229891
v 0.073542 0.045729 -0.229891
v 0.073542 0.165745 -0.165741
v -0.129595 -0.045727 -0.229891
v -0.129500 0.211849 -0.087744
v -0.129500 -0.000000 -0.229307
v -0.129500 -0.000000 0.229316
v -0.129500 0.190665 -0.127394
v -0.129500 0.190665 0.127403
v -0.129500 0.224905 0.044741
v -0.129500 0.162147 0.162152
v -0.129500 0.127398 0.190670
v -0.129500 0.087753 0.211861
v -0.129500 -0.044737 0.224910
v -0.129500 -0.087754 0.211861
v -0.129500 0.044736 0.224910
v -0.129500 -0.127399 0.190670
v -0.129500 -0.162148 0.162152
v -0.129500 -0.190666 0.127403
v -0.129500 -0.224905 0.044741
v -0.129500 -0.229312 0.000005
v -0.129500 -0.211856 0.087758
v -0.129500 -0.224905 -0.044732
v -0.129500 -0.211856 -0.087749
v -0.129500 -0.190666 -0.127394
v -0.129500 -0.127399 -0.190661
v -0.129500 -0.087754 -0.211851
v -0.129500 -0.162148 -0.162143
v -0.129500 0.044736 -0.224900
v -0.129595 0.130226 -0.194889
v -0.129595 0.165746 -0.165738
v -0.129595 0.089702 -0.216550
v -0.129595 0.045731 -0.229890
v -0.129595 -0.165744 -0.165742
v -0.129595 -0.089699 -0.216552
v -0.129595 -0.130224 -0.194892
v -0.129595 -0.194895 -0.130222
v -0.129595 -0.216556 -0.089698
v -0.129595 -0.229895 -0.045726
v -0.129595 -0.216558 0.089703
v -0.129595 -0.234400 0.000003
v -0.129595 -0.229896 0.045732
v -0.129595 -0.194898 0.130228
v -0.129595 -0.165747 0.165748
v -0.129595 -0.130228 0.194899
v -0.129595 0.045726 0.229901
v -0.129595 -0.089704 0.216560
v -0.129595 -0.045732 0.229900
v -0.129595 0.089698 0.216562
v -0.129595 0.130222 0.194902
v -0.129595 0.165743 0.165752
v -0.129595 0.229894 0.045736
v -0.129595 0.194894 0.130232
v -0.129595 0.216555 0.089708
v -0.129595 0.234398 0.000007
v -0.129595 0.194896 -0.130218
v 0.073542 -0.000000 0.234404
v -0.129500 0.087753 -0.211851
v -0.129595 -0.000003 0.234404
v -0.129500 0.162147 -0.162143
v -0.129595 0.000002 -0.234394
v 0.071820 0.212353 0.087964
v 0.071820 -0.127698 0.191118
v 0.071820 0.127697 0.191118
v 0.071820 -0.225433 0.044846
v 0.071820 0.127697 -0.191108
v 0.071820 0.162528 -0.162524
v 0.071820 0.191113 -0.127693
v 0.071820 -0.087960 0.212358
v 0.071820 -0.000000 0.229854
v 0.071820 -0.044842 0.225438
v 0.071820 -0.044842 -0.225428
v 0.071820 0.212346 -0.087950
v 0.067965 -0.180476 -0.116858
v 0.071820 -0.087960 -0.212349
v 0.071820 -0.212354 0.087964
v 0.071820 0.191113 0.127702
v 0.071820 0.162528 0.162533
v 0.008989 -0.181374 -0.075131
v 0.073542 0.229890 -0.045719
v 0.073542 0.216550 -0.089691
v -0.129500 0.127398 -0.190661
v -0.129500 -0.044737 -0.224900
v -0.129595 0.216557 -0.089693
v -0.129595 0.229895 -0.045722
v 0.071820 -0.229850 0.000005
v 0.071820 -0.225433 -0.044837
v -0.099019 -0.042242 0.212367
v -0.099019 -0.180033 -0.120289
v -0.099019 -0.200041 -0.082855
v -0.099019 -0.212363 -0.042237
v -0.099019 0.180032 0.120298
v -0.099019 0.120293 -0.180027
v -0.099019 0.082859 -0.200036
v -0.099019 -0.153105 -0.153100
v -0.099019 0.120293 0.180037
v -0.099019 0.153105 0.153109
v -0.099019 -0.000000 -0.216518
v -0.099019 0.082859 0.200046
v -0.099019 0.042241 -0.212358
v -0.099019 0.180032 -0.120289
v -0.099019 0.153104 -0.153100
v -0.098464 -0.082562 0.199326
v -0.098464 -0.119861 0.179389
v -0.098464 -0.152554 0.152559
v -0.098464 0.042089 0.211603
v -0.098464 -0.000000 0.215748
v -0.098464 -0.119861 -0.179380
v -0.098465 -0.179385 0.119866
v -0.098465 -0.199322 0.082566
v -0.098465 -0.211599 0.042094
v -0.098465 -0.215744 0.000005
v -0.098464 -0.082562 -0.199317
v -0.098464 -0.042090 -0.211594
v -0.098464 -0.042090 0.211603
v -0.098464 0.199315 -0.082552
v -0.098465 -0.179385 -0.119856
v -0.098465 -0.199322 -0.082557
v -0.098465 -0.211599 -0.042085
v -0.098464 0.179384 0.119866
v -0.098464 0.119860 -0.179380
v -0.098464 0.082561 -0.199317
v -0.098464 -0.152554 -0.152549
v -0.098464 0.119861 0.179389
v -0.098464 0.152554 0.152559
v -0.098464 -0.000000 -0.215739
v -0.098464 0.082561 0.199326
v -0.098464 0.042089 -0.211594
v -0.098464 0.179384 -0.119856
v -0.098464 0.152554 -0.152549
v -0.097769 -0.211433 0.042061
v -0.097769 -0.215575 0.000005
v -0.097769 -0.211433 -0.042052
v -0.097769 -0.199165 -0.082492
v -0.097769 -0.179244 -0.119762
v -0.097769 -0.152435 -0.152430
v -0.097769 -0.119767 -0.179239
v -0.097769 -0.082497 -0.199160
v -0.097769 -0.042057 -0.211428
v -0.097769 -0.000000 -0.215570
v -0.097769 0.042056 -0.211428
v -0.097769 0.082496 -0.199160
v -0.097769 0.119767 -0.179239
v -0.097769 0.152434 -0.152430
v -0.097769 0.179243 -0.119762
v -0.097769 0.199165 0.082502
v -0.097769 0.179243 0.119772
v -0.097769 0.152434 0.152439
v -0.097769 0.119767 0.179248
v -0.097769 0.082497 0.199170
v -0.097769 0.042056 0.211437
v -0.097769 -0.000000 0.215579
v -0.097769 -0.042057 0.211437
v -0.097769 -0.082497 0.199170
v -0.097769 -0.119767 0.179248
v -0.097769 -0.152435 0.152439
v -0.097769 -0.179244 0.119772
v -0.097769 -0.199165 0.082502
v -0.099829 -0.082893 -0.200117
v -0.099829 -0.180105 0.120347
v -0.099829 -0.212448 0.042263
v -0.099829 -0.042259 -0.212443
v -0.099829 -0.216610 0.000005
v -0.099829 -0.200122 0.082898
v -0.099829 -0.000000 0.216615
v -0.099829 0.200121 0.082898
v -0.099829 -0.153167 0.153171
v -0.099829 -0.042259 0.212452
v -0.099829 -0.180105 -0.120337
v -0.099829 0.180104 0.120347
v -0.099829 0.120342 -0.180100
v -0.099829 0.120342 0.180109
v -0.099829 -0.000000 -0.216605
v -0.099829 0.042258 -0.212443
v -0.099829 -0.120342 -0.180100
v -0.099829 0.042258 0.212452
v -0.099829 -0.120342 0.180109
v -0.099829 -0.082893 0.200126
v -0.099829 -0.200122 -0.082888
v -0.099829 -0.212448 -0.042254
v -0.099829 0.082893 -0.200117
v -0.099829 -0.153167 -0.153162
v -0.099829 0.153166 0.153171
v -0.099829 0.082893 0.200126
v -0.099829 0.180104 -0.120337
v -0.099829 0.153166 -0.153162
v -0.123904 0.200115 -0.082883
v -0.123904 -0.000000 -0.216605
v -0.124412 -0.000000 -0.217116
v -0.123904 -0.000000 0.216615
v -0.124412 -0.000000 0.217125
v -0.124412 0.180529 -0.120621
v -0.123904 0.180104 -0.120337
v -0.123904 0.200121 0.082898
v -0.124412 0.200593 0.083093
v -0.123904 0.180104 0.120347
v -0.124412 0.180529 0.120630
v -0.124412 0.153527 0.153532
v -0.123904 0.153166 0.153171
v -0.123904 0.120342 0.180109
v -0.124412 0.120625 0.180534
v -0.124412 0.083088 0.200598
v -0.123904 0.082893 0.200126
v -0.124412 -0.042358 0.212953
v -0.123904 -0.042259 0.212452
v -0.124412 -0.083089 0.200598
v -0.123904 -0.082893 0.200126
v -0.124412 0.042358 0.212953
v -0.123904 0.042258 0.212452
v -0.124412 -0.120626 0.180534
v -0.123904 -0.120342 0.180109
v -0.123904 -0.153167 0.153171
v -0.124412 -0.153527 0.153532
v -0.124412 -0.180529 0.120630
v -0.123904 -0.180105 0.120347
v -0.123904 -0.212448 0.042263
v -0.124412 -0.212949 0.042363
v -0.124412 -0.217121 0.000005
v -0.123904 -0.216610 0.000005
v -0.124412 -0.200593 0.083093
v -0.123904 -0.200122 0.082898
v -0.123904 -0.212448 -0.042254
v -0.124412 -0.212949 -0.042353
v -0.123904 -0.200122 -0.082888
v -0.124412 -0.200593 -0.083084
v -0.124412 -0.180529 -0.120621
v -0.123904 -0.180105 -0.120337
v -0.124412 -0.120626 -0.180524
v -0.123904 -0.120342 -0.180100
v -0.124412 -0.083089 -0.200588
v -0.123904 -0.082893 -0.200117
v -0.123904 -0.153167 -0.153162
v -0.124412 -0.153528 -0.153523
v -0.124412 0.042358 -0.212944
v -0.123904 0.042258 -0.212443
v -0.123904 0.082893 -0.200117
v -0.124412 0.083088 -0.200588
v -0.124412 0.153527 -0.153523
v -0.123904 0.153166 -0.153162
v -0.123904 0.120342 -0.180100
v -0.124412 0.120625 -0.180524
v -0.123904 -0.042259 -0.212443
v -0.124412 -0.042358 -0.212944
v -0.125682 0.211849 -0.087744
v -0.124412 -0.000000 -0.228030
v -0.125682 -0.000000 -0.229307
v -0.124412 -0.000000 0.228040
v -0.125682 -0.000000 0.229316
v -0.125682 0.190665 -0.127394
v -0.124412 0.189604 -0.126685
v -0.124412 0.189604 0.126694
v -0.125682 0.190665 0.127403
v -0.125682 0.162147 0.162152
v -0.124412 0.161245 0.161250
v -0.124412 0.126689 0.189609
v -0.125682 0.127398 0.190670
v -0.125682 0.087753 0.211861
v -0.124412 0.087265 0.210682
v -0.125682 -0.044737 0.224910
v -0.124412 -0.044488 0.223658
v -0.125682 -0.087754 0.211861
v -0.124412 -0.087265 0.210682
v -0.125682 0.044736 0.224910
v -0.124412 0.044487 0.223658
v -0.125682 -0.127399 0.190670
v -0.124412 -0.126690 0.189609
v -0.124412 -0.161245 0.161250
v -0.125682 -0.162148 0.162152
v -0.125682 -0.190666 0.127403
v -0.124412 -0.189605 0.126694
v -0.124412 -0.223654 0.044492
v -0.125682 -0.224905 0.044741
v -0.125682 -0.229312 0.000005
v -0.124412 -0.228035 0.000005
v -0.125682 -0.211856 0.087758
v -0.124412 -0.210677 0.087270
v -0.124412 -0.223654 -0.044483
v -0.125682 -0.224905 -0.044732
v -0.124412 -0.210677 -0.087260
v -0.125682 -0.211856 -0.087749
v -0.125682 -0.190666 -0.127394
v -0.124412 -0.189605 -0.126685
v -0.125682 -0.127399 -0.190661
v -0.124412 -0.126690 -0.189600
v -0.125682 -0.087754 -0.211851
v -0.124412 -0.087266 -0.210672
v -0.124412 -0.161245 -0.161240
v -0.125682 -0.162148 -0.162143
v -0.125682 0.044736 -0.224900
v -0.124412 0.044487 -0.223649
v -0.124412 0.087265 -0.210672
v -0.125682 0.087753 -0.211851
v -0.125682 0.162147 -0.162143
v -0.124412 0.161245 -0.161241
v -0.124412 0.126689 -0.189600
v -0.125682 0.127398 -0.190661
v -0.124412 -0.044488 -0.223649
v -0.125682 -0.044737 -0.224900
v 0.027993 0.163232 0.109073
v 0.027993 -0.075128 0.181379
v 0.027993 -0.192546 0.038305
v 0.008989 -0.192546 -0.038303
v 0.008989 -0.038300 0.192550
v 0.008989 -0.000000 0.196323
v 0.027993 0.138817 -0.138813
v 0.027993 0.181368 -0.075118
v -0.010014 -0.000000 -0.196313
v -0.011021 -0.000000 -0.196409
v -0.010014 -0.000000 0.196323
v -0.011021 -0.000000 0.196418
v -0.010014 0.109068 -0.163228
v -0.011021 0.109121 -0.163307
v -0.010014 0.138817 -0.138813
v -0.011021 0.138885 -0.138881
v -0.011021 0.075164 -0.181458
v -0.010014 0.075127 -0.181369
v -0.011021 0.038318 -0.192635
v -0.010014 0.038299 -0.192541
v -0.010014 -0.038300 -0.192541
v -0.011021 -0.038319 -0.192635
v -0.011021 -0.138886 -0.138881
v -0.010014 -0.138818 -0.138813
v -0.011021 -0.075165 -0.181458
v -0.010014 -0.075128 -0.181369
v -0.011021 -0.109122 -0.163307
v -0.010014 -0.109069 -0.163228
v -0.011021 -0.163312 -0.109117
v -0.010014 -0.163233 -0.109064
v -0.010014 -0.181374 -0.075123
v -0.011021 -0.181463 -0.075159
v -0.010014 -0.192546 -0.038295
v -0.011021 -0.192640 -0.038314
v -0.010014 -0.181374 0.075132
v -0.011021 -0.181463 0.075169
v -0.010014 -0.196318 0.000005
v -0.011021 -0.196414 0.000005
v -0.011021 -0.192640 0.038323
v -0.010014 -0.192546 0.038305
v -0.011021 -0.163312 0.109126
v -0.010014 -0.163233 0.109073
v -0.011021 -0.138886 0.138890
v -0.010014 -0.138818 0.138822
v -0.010014 -0.109069 0.163237
v -0.011021 -0.109122 0.163317
v -0.011021 0.038318 0.192644
v -0.010014 0.038299 0.192550
v -0.011021 -0.075165 0.181467
v -0.010014 -0.075128 0.181379
v -0.011021 -0.038319 0.192644
v -0.010014 -0.038300 0.192550
v -0.011021 0.075164 0.181467
v -0.010014 0.075127 0.181379
v -0.010014 0.109068 0.163237
v -0.011021 0.109121 0.163317
v -0.011021 0.138885 0.138890
v -0.010014 0.138817 0.138822
v -0.010014 0.163232 0.109073
v -0.011021 0.163312 0.109126
v -0.011021 0.181462 0.075169
v -0.010014 0.181374 0.075132
v -0.011021 0.163312 -0.109117
v -0.010014 0.163232 -0.109064
v 0.064153 0.183744 -0.122769
v 0.065970 0.185186 -0.123733
v 0.065970 0.205767 0.085237
v 0.064153 0.204165 0.084573
v 0.064153 0.183744 0.122778
v 0.065970 0.185186 0.123742
v 0.064153 0.156261 0.156266
v 0.065970 0.157488 0.157492
v 0.065970 0.123737 0.185191
v 0.064153 0.122773 0.183749
v 0.065970 -0.043451 0.218447
v 0.064153 -0.043113 0.216745
v 0.064153 -0.084568 0.204170
v 0.065970 -0.085232 0.205772
v 0.064153 -0.122774 0.183749
v 0.065970 -0.123738 0.185191
v 0.065970 -0.218442 0.043456
v 0.064153 -0.216741 0.043117
v 0.064153 -0.220987 0.000005
v 0.065970 -0.222722 0.000005
v 0.064121 -0.204044 0.082798
v 0.066050 -0.205135 0.085288
v 0.064153 -0.216741 -0.043108
v 0.065970 -0.218442 -0.043446
v 0.066050 -0.205135 -0.085286
v 0.064121 -0.204044 -0.082796
v 0.065970 -0.123738 -0.185189
v 0.064153 -0.043113 -0.216736
v 0.065970 -0.043451 -0.218437
v 0.065970 0.157488 -0.157483
v 0.064153 0.156261 -0.156257
v 0.064153 0.122773 -0.183739
v 0.065970 0.123737 -0.185181
v 0.065970 -0.000000 0.222726
v 0.064153 -0.000000 0.220992
v 0.065970 -0.000000 -0.222717
v 0.065970 0.205761 -0.085222
v 0.064153 0.204158 -0.084558
v -0.028026 -0.045731 0.229900
v -0.028026 -0.000002 0.234404
v -0.028026 0.045727 0.229900
v -0.028026 0.089699 0.216562
v -0.028026 0.130224 0.194901
v -0.028026 0.165744 0.165751
v -0.028026 0.194895 0.130231
v -0.028026 0.216556 0.089707
v -0.028026 0.229895 0.045735
v -0.028026 0.234399 0.000006
v -0.028026 0.229892 -0.045721
v -0.028026 0.216553 -0.089692
v -0.028026 0.194896 -0.130219
v -0.028026 0.165746 -0.165740
v -0.028026 0.130226 -0.194890
v -0.028026 0.089701 -0.216551
v -0.028026 0.045730 -0.229890
v -0.028026 0.000001 -0.234394
v -0.028026 -0.045728 -0.229891
v -0.028026 -0.089700 -0.216552
v -0.028026 -0.130225 -0.194892
v -0.028026 -0.165745 -0.165741
v -0.028026 -0.194896 -0.130221
v -0.028026 -0.216557 -0.089697
v -0.028026 -0.229896 -0.045725
v -0.028026 -0.234400 0.000004
v -0.028026 -0.229896 0.045733
v -0.028026 -0.216558 0.089704
v -0.028026 -0.194897 0.130229
v -0.028026 -0.165747 0.165749
v -0.028026 -0.130227 0.194900
v -0.028026 -0.089702 0.216561
v 0.055359 0.093388 0.000000
v 0.056900 0.093174 0.012885
v 0.052907 0.065343 0.029089
v 0.054596 0.080980 0.000000
v 0.055045 0.077545 0.017881
v 0.040823 0.080766 0.058679
v 0.060418 0.082267 0.029093
v 0.059830 0.080778 0.026734
v 0.061073 0.087693 0.042505
v 0.061110 0.067752 0.070281
v 0.059862 0.077801 0.056519
v 0.040824 0.094996 -0.021477
v 0.060795 0.092189 -0.025256
v 0.061136 0.091891 -0.027853
v 0.052907 0.065343 -0.029089
v 0.055045 0.077545 -0.017881
v 0.040823 0.080765 -0.058680
v 0.060418 0.082267 -0.029092
v 0.059830 0.080778 -0.026734
v 0.059862 0.077795 -0.056527
v 0.055359 0.028858 -0.088817
v 0.060795 0.052507 -0.079872
v 0.052907 0.022102 -0.068025
v 0.052907 0.047857 -0.053156
v 0.054596 0.025024 -0.077016
v 0.055045 0.040968 -0.068224
v 0.060418 0.053090 -0.069251
v 0.059830 0.050387 -0.068564
v 0.061346 0.066888 -0.075601
v 0.056900 0.016538 -0.092596
v 0.040824 0.008928 -0.096983
v 0.061340 -0.009585 -0.100442
v 0.052907 -0.007474 -0.071134
v 0.055045 0.006956 -0.079275
v 0.040823 -0.030851 -0.094945
v 0.060418 -0.002247 -0.087230
v 0.059830 -0.000464 -0.085086
v 0.059862 -0.029721 -0.091455
v 0.055359 -0.075553 -0.054891
v 0.056900 -0.067807 -0.065189
v 0.052907 -0.057866 -0.042041
v 0.052907 -0.035766 -0.061941
v 0.054596 -0.065515 -0.047598
v 0.055045 -0.052226 -0.060045
v 0.060418 -0.049456 -0.071891
v 0.059830 -0.049638 -0.069108
v 0.061346 -0.051232 -0.086976
v 0.056900 -0.082954 -0.044341
v 0.060795 -0.089428 -0.033753
v 0.061136 -0.090714 -0.031477
v 0.061101 -0.095951 -0.017143
v 0.052907 -0.069962 -0.014873
v 0.055045 -0.073246 -0.031112
v 0.052907 -0.069962 0.014876
v 0.040823 -0.099832 0.000002
v 0.060418 -0.083656 -0.024818
v 0.059830 -0.081065 -0.025851
v 0.059830 -0.081064 0.025854
v 0.060418 -0.083655 0.024821
v 0.061073 -0.095929 0.017160
v 0.059862 -0.096163 0.000002
v 0.056900 -0.082952 0.044344
v 0.040824 -0.089477 0.038464
v 0.061136 -0.090713 0.031481
v 0.052907 -0.057865 0.042043
v 0.054596 -0.065513 0.047600
v 0.055045 -0.073244 0.031115
v 0.040824 -0.064228 0.073215
v 0.060795 -0.059735 0.074621
v 0.061136 -0.057968 0.076547
v 0.052907 -0.035764 0.061942
v 0.055045 -0.052223 0.060047
v 0.052907 -0.007471 0.071134
v 0.040823 -0.030718 0.094563
v 0.060418 -0.049453 0.071893
v 0.059830 -0.049636 0.069110
v 0.059830 -0.000461 0.085086
v 0.060418 -0.002244 0.087231
v 0.061072 -0.013210 0.096571
v 0.059862 -0.029750 0.091583
v 0.040824 0.030040 0.092445
v 0.060795 0.004471 0.095481
v 0.052907 0.022105 0.068025
v 0.054596 0.025026 0.077016
v 0.055045 0.006959 0.079275
v 0.056900 0.041049 0.084631
v 0.060795 0.052510 0.079870
v 0.052907 0.047859 0.053154
v 0.055045 0.040970 0.068223
v 0.060418 0.053092 0.069249
v 0.059830 0.050389 0.068562
v 0.040823 0.091107 0.045274
v 0.059862 0.088236 0.043847
v 0.041139 0.095650 -0.042821
v 0.040823 0.091107 -0.045273
v 0.059862 0.088236 -0.043847
v 0.040823 0.071210 -0.072658
v 0.059862 0.068967 -0.070369
v 0.040823 -0.014905 -0.100638
v 0.059862 -0.014435 -0.097467
v 0.040823 -0.047098 -0.090177
v 0.059862 -0.045614 -0.087336
v 0.040823 -0.100319 -0.016923
v 0.059862 -0.097158 -0.016390
v 0.040823 -0.100318 0.016927
v 0.041139 -0.102552 0.021581
v 0.059862 -0.097157 0.016393
v 0.041139 -0.052211 0.090866
v 0.040823 -0.047094 0.090180
v 0.059862 -0.045610 0.087338
v 0.060087 -0.050566 0.088003
v 0.040823 -0.014901 0.100639
v 0.041139 -0.011165 0.104202
v 0.060087 -0.010813 0.100918
v 0.059862 -0.014431 0.097468
v 0.041139 0.070285 0.077735
v 0.040823 0.071213 0.072656
v 0.059862 0.068969 0.070366
v 0.061095 -0.045904 0.085871
v 0.061021 -0.045963 -0.085931
v 0.061101 -0.013346 -0.096553
v 0.061073 0.067523 -0.070267
v 0.061100 0.087700 -0.042522
v 0.061346 0.092570 0.040253
v 0.061340 0.066795 0.075624
v 0.060418 -0.084075 0.000006
v 0.059830 -0.081666 0.000006
v 0.061073 -0.095275 0.000008
v 0.061072 -0.029407 0.090759
v 0.060418 -0.026015 0.080088
v 0.059830 -0.025270 0.077796
v 0.060418 0.068022 0.049414
v 0.061073 0.077115 0.055954
v 0.059830 0.066073 0.047998
v 0.061073 0.077076 -0.056006
v 0.059830 0.066067 -0.048006
v 0.060418 0.068016 -0.049422
v 0.060418 -0.025985 -0.079959
v 0.061021 -0.029449 -0.090610
v 0.059830 -0.025241 -0.077668
v 0.029301 0.027003 -0.065626
v 0.029283 -0.000200 -0.070979
v 0.029309 0.050087 -0.050261
v 0.029308 0.065528 -0.027227
v 0.029296 0.070969 -0.000037
v 0.029276 0.065586 0.027159
v 0.029251 0.050206 0.050216
v 0.029225 0.027180 0.065626
v 0.029201 0.000018 0.071052
v 0.029184 -0.027148 0.065678
v 0.029176 -0.050189 0.050325
v 0.029178 -0.065608 0.027328
v 0.029189 -0.071061 0.000181
v 0.029209 -0.065716 -0.026993
v 0.029234 -0.050379 -0.050061
v 0.029260 -0.027374 -0.065510
v -0.000000 -0.000000 0.000000
v 0.037215 0.032226 -0.077801
v 0.037215 -0.000000 -0.084211
v 0.037215 0.059547 -0.059547
v 0.037215 0.077801 -0.032226
v 0.037215 0.084212 0.000000
v 0.037215 0.077801 0.032226
v 0.037215 0.059547 0.059547
v 0.037215 0.032226 0.077801
v 0.037215 0.000000 0.084212
v 0.037215 -0.032226 0.077801
v 0.037215 -0.059547 0.059547
v 0.037215 -0.077801 0.032226
v 0.037215 -0.084212 0.000000
v 0.037215 -0.077801 -0.032226
v 0.037215 -0.059547 -0.059547
v 0.037215 -0.032226 -0.077801
v -0.000000 0.024364 -0.058819
v -0.000000 -0.024364 -0.058819
v -0.000000 -0.045018 -0.045018
v -0.000000 -0.058819 -0.024364
v -0.000000 -0.063665 0.000000
v -0.000000 -0.058819 0.024364
v -0.000000 -0.045018 0.045018
v -0.000000 -0.024364 0.058819
v -0.000000 0.000000 0.063665
v 0.015334 0.024728 -0.059779
v 0.015334 -0.000018 -0.064673
v 0.015334 0.045717 -0.045787
v 0.015332 0.059754 -0.024829
v 0.015330 0.064702 -0.000095
v 0.015328 0.059808 0.024651
v 0.015326 0.045818 0.045640
v 0.015324 0.024859 0.059678
v 0.015323 0.000124 0.064627
v 0.015322 -0.024622 0.059733
v 0.015323 -0.045612 0.045742
v 0.015325 -0.059650 0.024783
v 0.015327 -0.064598 0.000047
v 0.015329 -0.059704 -0.024699
v 0.015331 -0.045712 -0.045689
v 0.015333 -0.024753 -0.059726
v -0.000000 0.024364 0.058819
v -0.000000 0.045018 0.045018
v -0.000000 0.058819 0.024364
v -0.000000 0.063665 0.000000
v -0.000000 0.058819 -0.024364
v -0.000000 0.045018 -0.045018
v -0.000000 -0.000000 -0.063665
v 0.052900 0.071000 0.000000
v 0.055819 -0.000000 -0.018255
v 0.055819 0.006986 -0.016866
v 0.055819 0.012908 -0.012908
v 0.055819 0.016866 -0.006986
v 0.055819 0.018255 0.000000
v 0.055819 0.016866 0.006986
v 0.055819 0.012908 0.012908
v 0.055819 0.006986 0.016866
v 0.055819 0.000000 0.018255
v 0.055819 -0.006986 0.016866
v 0.055819 -0.012908 0.012908
v 0.055819 -0.016866 0.006986
v 0.055819 -0.018255 0.000000
v 0.055819 -0.016866 -0.006986
v 0.055819 -0.012908 -0.012908
v 0.055819 -0.006986 -0.016866
v 0.056359 -0.000000 0.000000
v 0.051310 -0.000000 -0.053418
v 0.053999 -0.000000 -0.035837
v 0.053999 0.013714 -0.033109
v 0.051310 0.020442 -0.049352
v 0.051310 -0.020442 -0.049352
v 0.053999 -0.013714 -0.033109
v 0.051310 0.000000 0.053418
v 0.053999 0.000000 0.035837
v 0.053999 -0.013714 0.033109
v 0.051310 -0.020442 0.049352
v 0.053999 0.025340 -0.025340
v 0.051310 0.037772 -0.037772
v 0.053999 -0.025340 0.025340
v 0.051310 -0.037772 0.037773
v 0.053999 0.033109 -0.013714
v 0.051310 0.049352 -0.020442
v 0.053999 -0.033109 0.013714
v 0.051310 -0.049352 0.020442
v 0.053999 0.035837 0.000000
v 0.051310 0.053418 0.000000
v 0.053999 -0.035837 0.000000
v 0.051310 -0.053418 0.000000
v 0.053999 0.033109 0.013714
v 0.051310 0.049352 0.020442
v 0.053999 -0.033109 -0.013714
v 0.051310 -0.049352 -0.020442
v 0.053999 0.025340 0.025340
v 0.051310 0.037772 0.037773
v 0.053999 -0.025340 -0.025340
v 0.051310 -0.037773 -0.037772
v 0.053999 0.013714 0.033109
v 0.051310 0.020442 0.049352
v 0.064153 -0.122774 -0.183747
v 0.008989 -0.075128 0.181379
v 0.008989 -0.138818 -0.138813
v 0.008989 -0.000000 -0.196313
v 0.008989 0.109068 -0.163228
v 0.008989 -0.192546 0.038305
v 0.008989 0.109068 0.163237
v 0.008989 -0.109069 0.163237
v 0.008989 -0.163233 -0.109064
v 0.065970 -0.085232 -0.205771
v 0.064153 -0.084568 -0.204168
v 0.027993 -0.075128 -0.181377
v 0.071820 -0.212354 -0.087963
v -0.129500 0.211842 0.087762
v 0.071820 -0.127698 -0.191116
v 0.008989 0.163232 -0.109064
v 0.073542 -0.229896 -0.045732
v 0.073542 -0.194896 -0.130228
v 0.066879 -0.094799 -0.117074
v 0.068183 -0.102823 -0.107081
v 0.067814 -0.104435 -0.105048
v 0.049141 -0.108421 -0.102831
v 0.063907 -0.111411 -0.096142
v 0.068151 -0.139868 -0.055066
v 0.066879 -0.140638 -0.053985
v 0.067814 -0.132177 -0.066866
v 0.027993 0.163232 -0.109064
v 0.027993 0.181374 0.075132
v 0.027993 0.138817 0.138822
v 0.027993 -0.038300 0.192550
v 0.027993 -0.196318 0.000005
v 0.008989 -0.181374 0.075132
v 0.008989 -0.109069 -0.163228
v 0.008989 -0.138818 0.138822
v 0.008989 -0.075128 -0.181369
v 0.008989 0.138817 0.138822
v 0.008989 0.163232 0.109073
v 0.008989 -0.196318 0.000005
v 0.008989 0.181372 0.075133
v 0.008989 0.075127 0.181379
v 0.008989 0.038299 0.192550
v 0.008989 0.075127 -0.181369
v 0.073542 0.089700 -0.216560
v 0.073542 0.130225 -0.194899
v 0.049195 -0.120939 -0.087870
v 0.063907 -0.125863 -0.076252
v -0.099829 0.212444 -0.042250
v -0.099829 0.200118 -0.082884
v -0.099829 0.212443 0.042267
v -0.099829 0.216605 0.000009
v -0.124412 0.212944 0.042367
v -0.123904 0.212443 0.042267
v -0.124412 0.200589 -0.083080
v -0.124412 0.217116 0.000009
v -0.123904 0.216605 0.000009
v -0.123904 0.212444 -0.042250
v -0.124412 0.212944 -0.042349
v -0.124412 0.210663 0.087273
v -0.125682 0.211842 0.087762
v -0.125682 0.224900 0.044745
v -0.124412 0.223649 0.044496
v -0.124412 0.210673 -0.087256
v -0.125682 0.229307 0.000009
v -0.124412 0.228031 0.000009
v -0.124412 0.223650 -0.044478
v -0.125682 0.224901 -0.044727
v -0.010014 0.192542 -0.038291
v -0.011021 0.192635 -0.038310
v -0.010014 0.196313 0.000009
v -0.011021 0.196409 0.000009
v -0.011021 0.181459 -0.075156
v -0.010014 0.181370 -0.075119
v -0.011021 0.192635 0.038327
v -0.010014 0.192541 0.038308
v 0.008989 0.196313 0.000009
v 0.008989 0.192542 -0.038291
v 0.008989 0.192541 0.038308
v 0.067965 -0.180476 0.116859
v 0.072195 -0.199990 0.111411
v 0.065716 -0.147341 0.092230
v 0.049041 -0.140535 0.053911
v 0.041770 -0.170560 0.075759
v 0.066778 -0.162758 0.103691
v 0.068183 -0.133618 0.064716
v 0.072572 -0.188512 0.116553
v 0.073041 -0.190625 0.115990
v 0.072447 -0.188163 0.106683
v 0.072024 -0.186565 0.108832
v 0.070673 -0.168940 0.095242
v 0.071078 -0.170496 0.093110
v 0.070011 -0.155126 0.081290
v 0.069620 -0.153601 0.083412
v 0.072654 -0.191116 0.110824
v 0.072196 -0.188974 0.112297
v 0.071149 -0.194645 0.097486
v 0.072447 -0.194007 0.098686
v 0.072792 -0.198472 0.104590
v 0.071592 -0.199789 0.103408
v 0.073041 -0.198648 0.111986
v 0.068743 -0.162368 0.071454
v 0.070011 -0.161515 0.072495
v 0.069811 -0.177528 0.083577
v 0.071078 -0.176632 0.084685
v 0.072042 -0.186601 0.135584
v 0.071682 -0.207836 0.095703
v 0.028437 -0.184909 0.062652
v 0.064003 -0.200924 0.088170
v 0.071366 -0.204516 0.099778
v 0.049217 -0.158979 0.068731
v 0.030636 -0.180971 0.070253
v 0.071355 -0.200274 0.103090
v 0.072076 -0.200648 0.111154
v 0.066602 -0.202093 0.091614
v 0.035660 -0.176091 0.075548
v 0.046507 -0.164820 0.073379
v 0.035660 -0.157369 0.114349
v 0.047160 -0.156894 0.090643
v 0.042579 -0.162842 0.093933
v 0.035660 -0.168925 0.096008
v 0.049217 -0.150450 0.085783
v 0.027993 -0.187920 0.054439
v 0.072681 -0.187794 0.136453
v 0.072273 -0.202512 0.110261
v 0.072796 -0.204189 0.109082
v 0.071198 -0.202411 0.101457
v 0.063790 -0.197093 0.090598
v 0.064351 -0.192696 0.091461
v 0.069049 -0.196760 0.096651
v 0.067558 -0.199168 0.094941
v 0.065425 -0.188666 0.090577
v 0.072010 -0.184727 0.134223
v 0.066329 -0.173569 0.126116
v 0.062272 -0.118747 0.086279
v 0.067965 -0.166896 0.135548
v 0.072195 -0.167742 0.155791
v 0.065716 -0.133236 0.111641
v 0.049217 -0.140020 0.101737
v 0.064077 -0.140355 0.101980
v 0.049041 -0.094689 0.117004
v 0.041770 -0.124742 0.138812
v 0.066778 -0.148899 0.122764
v 0.065141 -0.155809 0.113210
v 0.073041 -0.181150 0.131624
v 0.072459 -0.179957 0.130757
v 0.072572 -0.169087 0.143285
v 0.073041 -0.169204 0.145469
v 0.072447 -0.159591 0.146003
v 0.072024 -0.161141 0.143819
v 0.070673 -0.142772 0.131253
v 0.071078 -0.141225 0.133392
v 0.070011 -0.125236 0.122424
v 0.069620 -0.126783 0.120319
v 0.072654 -0.164442 0.147532
v 0.072196 -0.165182 0.145039
v 0.073041 -0.184215 0.133852
v 0.071149 -0.152846 0.155008
v 0.072447 -0.153790 0.154031
v 0.072792 -0.160785 0.156454
v 0.071592 -0.160068 0.158072
v 0.068151 -0.095595 0.116014
v 0.073041 -0.167874 0.154337
v 0.068743 -0.118118 0.132351
v 0.070011 -0.118844 0.131217
v 0.069811 -0.134330 0.143024
v 0.071078 -0.135107 0.141831
v 0.071682 -0.155226 0.168105
v 0.028437 -0.116709 0.156508
v 0.064003 -0.145926 0.163857
v 0.071366 -0.158075 0.163688
v 0.049217 -0.114481 0.129969
v 0.030636 -0.122721 0.150415
v 0.071712 -0.185341 0.134672
v 0.071355 -0.159915 0.158631
v 0.072076 -0.167700 0.156496
v 0.066602 -0.149563 0.163906
v 0.035660 -0.126250 0.144138
v 0.046507 -0.120706 0.134088
v 0.047093 -0.146554 0.106485
v 0.042500 -0.152076 0.110497
v 0.047160 -0.134677 0.121217
v 0.042579 -0.139644 0.125857
v 0.035660 -0.143496 0.131002
v 0.027993 -0.109828 0.161908
v 0.049217 -0.128065 0.116589
v 0.072273 -0.167427 0.158544
v 0.072796 -0.166823 0.160504
v 0.066050 -0.144485 0.168753
v 0.064121 -0.141780 0.168485
v 0.071198 -0.159022 0.161168
v 0.063790 -0.147052 0.159465
v 0.064351 -0.146515 0.155016
v 0.069049 -0.152706 0.157278
v 0.067558 -0.151823 0.160096
v 0.065425 -0.144428 0.151455
v 0.067965 0.055371 0.207749
v 0.072195 0.044160 0.224625
v 0.063907 0.033636 0.143269
v 0.065716 0.042185 0.168626
v 0.049041 0.007844 0.150312
v 0.041770 0.019345 0.185619
v 0.066778 0.048321 0.186829
v 0.067814 0.022757 0.146375
v 0.068183 0.020258 0.147073
v 0.072572 0.052596 0.215297
v 0.073041 0.051408 0.217133
v 0.072447 0.043317 0.211916
v 0.072024 0.045854 0.211059
v 0.070673 0.038376 0.190098
v 0.071078 0.035867 0.190919
v 0.070011 0.029375 0.172649
v 0.069620 0.031864 0.171855
v 0.072654 0.046343 0.216003
v 0.072196 0.048406 0.214421
v 0.071149 0.032567 0.215238
v 0.072447 0.033905 0.215002
v 0.072792 0.038141 0.221073
v 0.071592 0.036610 0.221961
v 0.066879 0.007893 0.150442
v 0.068151 0.009159 0.150044
v 0.073041 0.045121 0.223526
v 0.068743 0.017783 0.176498
v 0.070011 0.019036 0.176007
v 0.069811 0.024628 0.194661
v 0.071078 0.025958 0.194152
v 0.072042 0.071287 0.219360
v 0.071682 0.026796 0.227233
v 0.028437 0.002446 0.195216
v 0.064003 0.021767 0.218331
v 0.071366 0.031697 0.225334
v 0.049217 0.016240 0.172433
v 0.049141 0.027286 0.146923
v 0.030636 0.010892 0.193819
v 0.071355 0.036157 0.222324
v 0.072076 0.043711 0.225171
v 0.066602 0.024682 0.220508
v 0.035660 0.017435 0.190814
v 0.046507 0.018855 0.179424
v 0.035660 0.060123 0.184997
v 0.047160 0.037724 0.177220
v 0.042579 0.039015 0.183894
v 0.035660 0.039109 0.190320
v 0.027993 -0.006295 0.195541
v 0.049217 0.035093 0.169590
v 0.072681 0.071744 0.220763
v 0.072273 0.042286 0.226667
v 0.072796 0.040646 0.227899
v 0.066050 0.017724 0.221446
v 0.064121 0.015693 0.219639
v 0.071198 0.033944 0.223851
v 0.063790 0.025260 0.215439
v 0.064351 0.027440 0.211523
v 0.069049 0.031120 0.216992
v 0.067558 0.028749 0.218754
v 0.065425 0.027844 0.207417
v 0.072010 0.070571 0.217157
v 0.066329 0.066308 0.204040
v 0.067965 0.077341 0.200608
v 0.072195 0.096331 0.207668
v 0.063907 0.057012 0.135671
v 0.065716 0.065005 0.161208
v 0.049217 0.053489 0.164600
v 0.064077 0.053617 0.164993
v 0.049195 0.046201 0.142177
v 0.041770 0.093471 0.161526
v 0.066778 0.070744 0.179542
v 0.065141 0.059522 0.183161
v 0.067814 0.067638 0.131787
v 0.068183 0.070070 0.130883
v 0.073041 0.069205 0.212953
v 0.072459 0.068749 0.211550
v 0.072572 0.084023 0.205082
v 0.073041 0.086064 0.205869
v 0.072447 0.089541 0.196892
v 0.072024 0.086985 0.197691
v 0.070673 0.080710 0.176338
v 0.071078 0.083222 0.175527
v 0.070011 0.077732 0.156931
v 0.069620 0.075252 0.157752
v 0.072654 0.089497 0.201977
v 0.072196 0.086897 0.201910
v 0.073041 0.070376 0.216556
v 0.071149 0.100190 0.193259
v 0.072447 0.098969 0.193855
v 0.072792 0.099112 0.201256
v 0.071592 0.100872 0.201074
v 0.066879 0.082053 0.126338
v 0.068151 0.080795 0.126761
v 0.073041 0.094908 0.207344
v 0.068743 0.089372 0.153229
v 0.070011 0.088070 0.153569
v 0.069811 0.094514 0.171946
v 0.071078 0.093139 0.172316
v 0.071682 0.111911 0.199569
v 0.028437 0.112783 0.159354
v 0.064003 0.110745 0.189412
v 0.071366 0.106830 0.200914
v 0.049217 0.088230 0.149034
v 0.049141 0.064298 0.134894
v 0.030636 0.105130 0.163189
v 0.071712 0.070809 0.217880
v 0.071355 0.101452 0.201101
v 0.072076 0.097015 0.207846
v 0.066602 0.109667 0.192886
v 0.035660 0.098070 0.164606
v 0.046507 0.090225 0.156227
v 0.047093 0.055986 0.172281
v 0.042500 0.058096 0.178773
v 0.047160 0.073667 0.165538
v 0.042579 0.076545 0.171695
v 0.035660 0.080248 0.176949
v 0.027993 0.120045 0.154478
v 0.049217 0.071308 0.157819
v 0.072273 0.099048 0.208218
v 0.072796 0.101098 0.208250
v 0.066050 0.115846 0.189554
v 0.064121 0.116427 0.186899
v 0.071198 0.104140 0.201036
v 0.063790 0.106219 0.189125
v 0.064351 0.102153 0.187239
v 0.069049 0.102392 0.193827
v 0.067558 0.105345 0.193858
v 0.065425 0.099412 0.184155
v 0.049217 0.071308 -0.157818
v 0.072273 0.099048 -0.208217
v 0.072796 0.101098 -0.208249
v 0.066050 0.115846 -0.189552
v 0.064121 0.116427 -0.186897
v 0.071198 0.104140 -0.201034
v 0.063790 0.106219 -0.189123
v 0.064351 0.102153 -0.187238
v 0.069049 0.102392 -0.193825
v 0.067558 0.105345 -0.193856
v 0.065425 0.099412 -0.184154
v 0.072195 -0.167742 -0.155789
v 0.065716 -0.133236 -0.111640
v 0.049217 -0.140020 -0.101735
v 0.064077 -0.140355 -0.101979
v 0.049041 -0.094689 -0.117003
v 0.041770 -0.124742 -0.138811
v 0.066778 -0.148899 -0.122763
v 0.065141 -0.155809 -0.113208
v 0.073041 -0.181150 -0.131623
v 0.072459 -0.179957 -0.130756
v 0.072572 -0.169087 -0.143283
v 0.073041 -0.169204 -0.145468
v 0.072447 -0.159591 -0.146001
v 0.072024 -0.161142 -0.143817
v 0.070673 -0.142772 -0.131251
v 0.071078 -0.141225 -0.133390
v 0.070011 -0.125236 -0.122423
v 0.069620 -0.126783 -0.120317
v 0.072654 -0.164442 -0.147530
v 0.072196 -0.165182 -0.145038
v 0.073041 -0.184215 -0.133850
v 0.071149 -0.152846 -0.155006
v 0.072447 -0.153791 -0.154029
v 0.072792 -0.160785 -0.156452
v 0.071592 -0.160068 -0.158070
v 0.073041 -0.167874 -0.154335
v 0.068743 -0.118118 -0.132349
v 0.070011 -0.118844 -0.131216
v 0.069811 -0.134330 -0.143023
v 0.071078 -0.135107 -0.141829
v 0.071682 -0.155226 -0.168103
v 0.028437 -0.116709 -0.156507
v 0.064003 -0.145926 -0.163856
v 0.071366 -0.158075 -0.163687
v 0.049217 -0.114481 -0.129967
v 0.030636 -0.122721 -0.150413
v 0.071712 -0.185341 -0.134670
v 0.071355 -0.159915 -0.158629
v 0.072076 -0.167700 -0.156494
v 0.066602 -0.149563 -0.163904
v 0.035660 -0.126250 -0.144137
v 0.046507 -0.120706 -0.134086
v 0.047093 -0.146554 -0.106483
v 0.042500 -0.152076 -0.110496
v 0.047160 -0.134677 -0.121215
v 0.042579 -0.139644 -0.125856
v 0.035660 -0.143496 -0.131001
v 0.027993 -0.109828 -0.161906
v 0.049217 -0.128065 -0.116588
v 0.072273 -0.167427 -0.158543
v 0.072796 -0.166823 -0.160502
v 0.066050 -0.144485 -0.168752
v 0.064121 -0.141780 -0.168483
v 0.071198 -0.159022 -0.161166
v 0.063790 -0.147052 -0.159463
v 0.064351 -0.146515 -0.155014
v 0.069049 -0.152706 -0.157276
v 0.067558 -0.151823 -0.160094
v 0.065425 -0.144428 -0.151454
v 0.034962 -0.036508 0.000001
v 0.034962 0.070176 0.006697
v 0.034962 0.071499 0.000049
v 0.034962 0.036527 0.000095
v 0.034962 0.037840 0.006697
v 0.034962 0.041634 0.012374
v 0.034962 0.060705 0.016168
v 0.034962 0.054008 0.017500
v 0.034962 0.047311 0.016168
v 0.034962 0.066383 0.012374
v 0.034962 0.070176 -0.006697
v 0.034962 0.041634 -0.012374
v 0.034962 0.037840 -0.006697
v 0.034962 0.047311 -0.016168
v 0.034962 0.054008 -0.017500
v 0.034962 0.060705 -0.016168
v 0.034962 0.066383 -0.012374
v 0.034962 0.006697 -0.070176
v 0.034962 -0.006631 -0.070189
v 0.034962 -0.000000 -0.071508
v 0.034962 0.000043 -0.036517
v 0.034962 0.012374 -0.041634
v 0.034962 0.006697 -0.037840
v 0.034962 0.017500 -0.054008
v 0.034962 0.016168 -0.060705
v 0.034962 0.012374 -0.066383
v 0.034962 0.016168 -0.047311
v 0.034962 -0.016168 -0.060705
v 0.034962 -0.016168 -0.047311
v 0.034962 -0.017500 -0.054008
v 0.034962 -0.012374 -0.041634
v 0.034962 -0.006697 -0.037840
v 0.034962 -0.060705 0.016168
v 0.034962 -0.066383 0.012374
v 0.034962 -0.054008 -0.017500
v 0.034962 -0.060705 -0.016168
v 0.034962 -0.037840 -0.006697
v 0.034962 -0.041634 -0.012374
v 0.034962 -0.047311 -0.016168
v 0.034962 -0.017500 0.054008
v 0.034962 -0.016168 0.060705
v 0.034962 -0.006697 0.037840
v 0.034962 -0.012374 0.041634
v 0.034962 -0.016168 0.047311
v 0.034962 0.000000 0.071508
v 0.034962 0.006697 0.070176
v 0.034962 0.000045 0.036517
v 0.034962 0.006697 0.037840
v 0.034962 0.012374 0.041634
v 0.034962 0.017500 0.054008
v 0.034962 0.016168 0.060705
v 0.034962 0.016168 0.047311
v 0.034962 0.012374 0.066383
v 0.034962 -0.070176 0.006697
v 0.034962 -0.070176 -0.006697
v 0.034962 -0.071508 0.000000
v 0.034962 -0.041634 0.012374
v 0.034962 -0.054008 0.017500
v 0.034962 -0.047311 0.016168
v 0.034962 -0.066383 -0.012374
v 0.034962 -0.037840 0.006697
v 0.034962 -0.012374 0.066383
v 0.034962 -0.006697 0.070176
v 0.034962 -0.012374 -0.066383
v 0.051127 0.016168 0.047311
v 0.052299 0.012374 0.041634
v 0.052808 0.070176 -0.006697
v 0.052443 0.066383 -0.012374
v 0.052270 -0.066383 -0.012374
v 0.052838 -0.070176 -0.006697
v 0.051798 -0.016168 0.060705
v 0.052332 -0.012374 0.066383
v 0.052299 -0.041634 -0.012374
v 0.051127 -0.047311 -0.016168
v 0.051855 0.060705 -0.016168
v 0.051087 0.054008 -0.017500
v 0.052968 -0.000000 -0.071508
v 0.052604 -0.006631 -0.070189
v 0.053195 0.006697 -0.037840
v 0.052299 0.012374 -0.041634
v 0.051127 -0.047311 0.016168
v 0.052299 -0.041634 0.012374
v 0.052829 0.006697 -0.070176
v 0.051052 0.017500 -0.054008
v 0.051767 0.016168 -0.060705
v 0.051052 0.017500 0.054008
v 0.052270 -0.066383 0.012374
v 0.051737 -0.060705 0.016168
v 0.052829 0.006697 0.070176
v 0.052379 0.012374 0.066383
v 0.052602 -0.006697 0.070176
v 0.052968 0.000000 0.071508
v 0.051041 -0.054008 -0.017500
v 0.053626 -0.071508 0.000000
v 0.052838 -0.070176 0.006697
v 0.051041 -0.054008 0.017500
v 0.051767 0.016168 0.060705
v 0.051127 0.047311 -0.016168
v 0.052299 0.041634 -0.012374
v 0.052332 -0.012374 -0.066383
v 0.051048 -0.017500 -0.054008
v 0.051127 -0.016168 -0.047311
v 0.051087 0.054008 0.017500
v 0.051855 0.060705 0.016168
v 0.053195 0.037840 0.006697
v 0.052299 0.041634 0.012374
v 0.053678 0.000043 -0.036517
v 0.051127 0.016168 -0.047311
v 0.053195 -0.006697 -0.037840
v 0.052299 -0.012374 -0.041634
v 0.053195 0.006697 0.037840
v 0.053681 -0.036508 0.000001
v 0.053195 -0.037840 -0.006697
v 0.053195 -0.006697 0.037840
v 0.052299 -0.012374 0.041634
v 0.051737 -0.060705 -0.016168
v 0.053678 0.000045 0.036517
v 0.051798 -0.016168 -0.060705
v 0.053195 -0.037840 0.006697
v 0.051127 0.047311 0.016168
v 0.051048 -0.017500 0.054008
v 0.052780 0.071499 0.000049
v 0.051127 -0.016168 0.047311
v 0.052379 0.012374 -0.066383
v 0.052443 0.066383 0.012374
v 0.052777 0.070176 0.006697
v 0.053674 0.036527 0.000095
v 0.053195 0.037840 -0.006697
v 0.040758 -0.204565 -0.009011
v 0.035371 -0.201150 -0.006370
v 0.045904 -0.208335 -0.006370
v 0.040758 -0.204565 0.009021
v 0.035371 -0.201150 0.006380
v 0.045904 -0.208335 0.006380
v 0.033005 -0.199932 0.000005
v 0.047901 -0.210094 0.000005
v 0.033314 -0.208545 -0.009011
v 0.029586 -0.203982 -0.006370
v 0.036911 -0.213423 -0.006370
v 0.028126 -0.202176 0.000005
v 0.029586 -0.203982 0.006380
v 0.036911 -0.213423 0.006380
v 0.038381 -0.215561 0.000005
v 0.033314 -0.208545 0.009021
v 0.033266 -0.208705 0.000005
v 0.033644 -0.200231 0.003451
v 0.043573 -0.206554 -0.008315
v 0.037880 -0.202670 -0.008315
v 0.047389 -0.209609 0.003451
v 0.043573 -0.206554 0.008325
v 0.037880 -0.202670 0.008325
v 0.031298 -0.206045 -0.008315
v 0.035276 -0.211143 -0.008315
v 0.028497 -0.202645 0.003451
v 0.037993 -0.214987 0.003451
v 0.035276 -0.211143 0.008325
v 0.031298 -0.206045 0.008325
v 0.033644 -0.200231 -0.003441
v 0.047389 -0.209609 -0.003441
v 0.028497 -0.202645 -0.003441
v 0.037993 -0.214987 -0.003441
v 0.034962 0.000007 -0.054010
v 0.034962 -0.054008 0.000000
v 0.034962 0.000003 0.054009
v 0.034962 0.054009 0.000009
v 0.044939 0.054012 -0.014410
v 0.044939 0.066491 -0.007205
v 0.044939 0.066491 0.007205
v 0.044939 0.054012 0.014410
v 0.044939 0.041532 0.007205
v 0.044939 0.041532 -0.007205
v 0.034938 0.041532 0.007205
v 0.034938 0.054012 0.014410
v 0.034938 0.066491 0.007205
v 0.034938 0.054012 -0.014410
v 0.034938 0.066491 -0.007205
v 0.034938 0.041532 -0.007205
v 0.045341 0.065824 -0.006820
v 0.045341 0.054012 -0.013640
v 0.045341 0.065824 0.006820
v 0.045341 0.054012 0.013640
v 0.045341 0.042199 0.006820
v 0.045341 0.042199 -0.006820
v 0.046900 0.054012 0.000000
v 0.044939 0.014410 0.054012
v 0.044939 0.007205 0.066491
v 0.044939 -0.007205 0.066491
v 0.044939 -0.014410 0.054012
v 0.044939 -0.007205 0.041532
v 0.044939 0.007205 0.041532
v 0.034938 -0.007205 0.041532
v 0.034938 -0.014410 0.054012
v 0.034938 -0.007205 0.066491
v 0.034938 0.014410 0.054012
v 0.034938 0.007205 0.066491
v 0.034938 0.007205 0.041532
v 0.045341 0.006820 0.065824
v 0.045341 0.013640 0.054012
v 0.045341 -0.006820 0.065824
v 0.045341 -0.013640 0.054012
v 0.045341 -0.006820 0.042199
v 0.045341 0.006820 0.042199
v 0.046900 0.000000 0.054012
v 0.044939 -0.054012 0.014410
v 0.044939 -0.066491 0.007205
v 0.044939 -0.066491 -0.007205
v 0.044939 -0.054012 -0.014410
v 0.044939 -0.041532 -0.007205
v 0.044939 -0.041532 0.007205
v 0.034938 -0.041532 -0.007205
v 0.034938 -0.054012 -0.014410
v 0.034938 -0.066491 -0.007205
v 0.034938 -0.054012 0.014410
v 0.034938 -0.066491 0.007205
v 0.034938 -0.041532 0.007205
v 0.045341 -0.065824 0.006820
v 0.045341 -0.054012 0.013640
v 0.045341 -0.065824 -0.006820
v 0.045341 -0.054012 -0.013640
v 0.045341 -0.042199 -0.006820
v 0.045341 -0.042199 0.006820
v 0.046900 -0.054012 0.000000
v 0.044939 -0.014410 -0.054012
v 0.044939 -0.007205 -0.066491
v 0.044939 0.007205 -0.066491
v 0.044939 0.014410 -0.054012
v 0.044939 0.007205 -0.041532
v 0.044939 -0.007205 -0.041532
v 0.034938 0.007205 -0.041532
v 0.034938 0.014410 -0.054012
v 0.034938 0.007205 -0.066491
v 0.034938 -0.014410 -0.054012
v 0.034938 -0.007205 -0.066491
v 0.034938 -0.007205 -0.041532
v 0.045341 -0.006820 -0.065824
v 0.045341 -0.013640 -0.054012
v 0.045341 0.006820 -0.065824
v 0.045341 0.013640 -0.054012
v 0.045341 0.006820 -0.042199
v 0.045341 -0.006820 -0.042199
v 0.046900 -0.000000 -0.054012
v 0.056734 -0.022316 0.022316
v 0.056734 -0.022316 -0.022316
v 0.056734 0.022316 0.022316
v 0.056734 0.022316 -0.022316
v 0.051019 0.017749 0.046656
v 0.052305 0.013584 0.040424
v 0.052862 0.071757 -0.007353
v 0.052462 0.067593 -0.013585
v 0.052270 -0.067593 -0.013584
v 0.052893 -0.071757 -0.007352
v 0.051755 -0.017749 0.061360
v 0.052341 -0.013585 0.067593
v 0.052301 -0.040424 -0.013584
v 0.051015 -0.046656 -0.017749
v 0.051816 0.061360 -0.017750
v 0.050973 0.054008 -0.019212
v 0.053040 -0.000001 -0.073219
v 0.052641 -0.007280 -0.071771
v 0.053290 0.007351 -0.036259
v 0.052305 0.013584 -0.040424
v 0.051015 -0.046656 0.017749
v 0.052301 -0.040424 0.013584
v 0.052887 0.007351 -0.071757
v 0.050937 0.019211 -0.054008
v 0.051722 0.017748 -0.061360
v 0.050937 0.019211 0.054008
v 0.052270 -0.067593 0.013584
v 0.051685 -0.061360 0.017749
v 0.052887 0.007352 0.071757
v 0.052393 0.013584 0.067593
v 0.052638 -0.007352 0.071757
v 0.053040 -0.000000 0.073219
v 0.050921 -0.054008 -0.019211
v 0.053758 -0.073219 0.000000
v 0.052894 -0.071757 0.007352
v 0.050921 -0.054008 0.019211
v 0.051722 0.017749 0.061360
v 0.051017 0.046656 -0.017750
v 0.052303 0.040424 -0.013585
v 0.052341 -0.013585 -0.067592
v 0.050932 -0.019212 -0.054008
v 0.051019 -0.017750 -0.046656
v 0.050973 0.054008 0.019210
v 0.051816 0.061360 0.017748
v 0.053288 0.036259 0.007351
v 0.052303 0.040424 0.013584
v 0.053819 0.000047 -0.034806
v 0.051019 0.017748 -0.046656
v 0.053290 -0.007352 -0.036259
v 0.052305 -0.013585 -0.040424
v 0.053290 0.007352 0.036259
v 0.053819 -0.034797 0.000001
v 0.053286 -0.036259 -0.007352
v 0.053290 -0.007352 0.036259
v 0.052305 -0.013585 0.040424
v 0.051685 -0.061360 -0.017749
v 0.053819 0.000049 0.034807
v 0.051755 -0.017750 -0.061360
v 0.053286 -0.036259 0.007352
v 0.051017 0.046656 0.017748
v 0.050932 -0.019211 0.054008
v 0.052831 0.073209 0.000052
v 0.051019 -0.017749 0.046656
v 0.052393 0.013584 -0.067592
v 0.052462 0.067593 0.013584
v 0.052828 0.071757 0.007351
v 0.053813 0.034818 0.000104
v 0.053288 0.036259 -0.007353
v 0.040779 -0.204536 -0.010343
v 0.034595 -0.200616 -0.007312
v 0.046684 -0.208863 -0.007312
v 0.040779 -0.204536 0.010353
v 0.034595 -0.200616 0.007322
v 0.046684 -0.208863 0.007322
v 0.031880 -0.199218 0.000005
v 0.048976 -0.210881 0.000005
v 0.032613 -0.199561 0.003960
v 0.044009 -0.206818 -0.009544
v 0.037475 -0.202360 -0.009544
v 0.048389 -0.210324 0.003960
v 0.044009 -0.206818 0.009554
v 0.037475 -0.202360 0.009554
v 0.032613 -0.199561 -0.003950
v 0.048389 -0.210324 -0.003950
v 0.039322 -0.204707 -0.004957
v 0.041769 -0.208307 -0.002444
v 0.043598 -0.201795 0.004186
v 0.039322 -0.204707 0.005096
v 0.041769 -0.208307 0.002583
v 0.045603 -0.204741 0.002128
v 0.045603 -0.204741 -0.001988
v 0.041594 -0.198847 -0.001988
v 0.036873 -0.201109 -0.002444
v 0.036873 -0.201109 0.002583
v 0.041594 -0.198847 0.002128
v 0.043598 -0.201795 -0.004046
v 0.041150 -0.198196 0.002583
v 0.043598 -0.201795 0.005096
v 0.051862 -0.196165 -0.004957
v 0.043598 -0.201795 -0.004957
v 0.041150 -0.198196 -0.002444
v 0.049413 -0.192567 -0.002444
v 0.049413 -0.192567 0.002583
v 0.051862 -0.196165 0.005097
v 0.054311 -0.199764 -0.002444
v 0.046047 -0.205393 -0.002444
v 0.054311 -0.199764 0.002583
v 0.046047 -0.205393 0.002583
v 0.023241 -0.210393 -0.002444
v 0.023241 -0.210393 0.002583
v 0.025690 -0.213991 0.005096
v 0.028137 -0.217591 0.002583
v 0.055959 -0.193374 -0.003108
v 0.054411 -0.191100 -0.001519
v 0.054411 -0.191100 0.001659
v 0.055959 -0.193374 0.003248
v 0.054763 -0.194189 0.004198
v 0.056775 -0.197144 0.002134
v 0.056775 -0.197144 -0.001994
v 0.052753 -0.191234 -0.001994
v 0.052753 -0.191234 0.002134
v 0.054763 -0.194189 -0.004058
v 0.025690 -0.213991 -0.004957
v 0.028137 -0.217591 -0.002444
v 0.057507 -0.195651 -0.001519
v 0.057507 -0.195651 0.001659
v 0.472261 -0.000000 0.000000
vn 0.6502 -0.4111 0.6389
vn 0.6603 -0.3444 0.6673
vn 0.7741 -0.2809 0.5674
vn 0.7581 -0.3928 0.5206
vn 0.9311 -0.0565 0.3604
vn 0.9271 -0.1144 0.3571
vn 0.9484 -0.0673 0.3099
vn 0.9278 -0.1431 0.3445
vn 0.9366 -0.1568 0.3133
vn 0.8923 -0.1537 0.4244
vn 0.8574 -0.0597 0.5111
vn 0.8451 0.0162 0.5343
vn 0.9324 0.0039 0.3613
vn 0.0001 -0.1951 0.9808
vn -0.4556 -0.2754 0.8465
vn -0.0000 -0.3828 0.9239
vn -0.4629 -0.3656 0.8075
vn -0.4958 -0.4445 0.7461
vn 0.9447 0.2939 0.1454
vn 0.7745 0.5125 0.3707
vn 0.6877 0.6902 0.2253
vn 0.8603 0.5095 -0.0195
vn 0.9569 -0.1122 0.2680
vn 0.9410 0.0474 0.3350
vn 0.9975 0.0588 0.0390
vn 0.3224 0.8546 0.4070
vn 0.0996 0.9385 0.3307
vn 0.2188 0.8567 0.4670
vn 0.0501 0.9469 0.3176
vn 0.9975 0.0217 -0.0668
vn 0.9465 -0.0997 0.3069
vn 0.7118 0.1439 0.6875
vn 0.7028 -0.2002 0.6826
vn 0.6056 -0.3018 0.7363
vn 0.6207 0.0248 0.7837
vn 0.5835 0.5569 0.5911
vn 0.4930 0.5127 0.7029
vn 0.8985 0.2886 -0.3308
vn 0.5730 -0.4743 0.6684
vn 0.8478 0.1707 0.5021
vn 0.8186 -0.1277 0.5600
vn 0.8791 -0.1323 0.4579
vn 0.8525 -0.2364 0.4662
vn -0.3478 -0.5076 0.7882
vn -0.0000 -0.5555 0.8315
vn -0.2757 -0.5553 0.7846
vn -0.2559 -0.5931 0.7634
vn -0.7525 -0.2036 0.6264
vn -0.7465 -0.3047 0.5915
vn -0.7364 -0.3747 0.5633
vn -0.9116 -0.1271 0.3910
vn -0.9033 -0.1932 0.3829
vn -0.9980 -0.0196 0.0602
vn -0.9977 -0.0315 0.0601
vn -0.9973 -0.0401 0.0611
vn -0.8926 -0.2430 0.3797
vn -0.9968 0.0298 -0.0736
vn -0.9968 0.0315 -0.0739
vn 0.7294 0.6467 0.2229
vn 0.7231 0.6445 0.2484
vn 0.9918 -0.0472 0.1191
vn 0.9930 0.0806 0.0859
vn 0.7355 0.6416 0.2177
vn 0.9928 0.0858 0.0831
vn 0.9925 0.0936 0.0790
vn 0.8093 0.1815 -0.5586
vn 0.9863 0.0869 -0.1403
vn 0.9759 0.0675 -0.2077
vn 0.9933 0.1131 0.0242
vn 0.9499 -0.3125 0.0045
vn 0.9507 -0.3084 -0.0316
vn 0.9976 -0.0467 0.0509
vn 0.9918 -0.0472 0.1192
vn 0.9474 -0.3175 -0.0401
vn 0.9457 -0.3234 -0.0320
vn 0.9977 -0.0483 0.0481
vn 0.9978 -0.0477 0.0466
vn 0.8759 -0.2159 0.4316
vn 0.8401 -0.1677 0.5158
vn 0.9971 -0.0234 0.0721
vn 0.9965 -0.0300 0.0786
vn 0.9353 -0.3004 0.1871
vn 0.9970 -0.0370 0.0674
vn 0.0005 0.9645 0.2641
vn -0.0002 0.9646 0.2636
vn -0.0002 0.9647 0.2635
vn 0.0006 0.9644 0.2643
vn 0.9682 -0.2491 0.0244
vn 0.9698 -0.2437 -0.0117
vn -0.9969 0.0243 -0.0747
vn 0.9683 -0.2491 -0.0206
vn 0.9980 -0.0196 0.0603
vn 0.9985 -0.0171 0.0527
vn 0.9869 -0.0499 0.1534
vn 0.9585 -0.2673 0.0994
vn 0.9950 -0.0310 0.0953
vn 0.8436 -0.3203 0.4310
vn 0.9332 -0.2050 0.2950
vn -0.3419 -0.0527 0.9383
vn -0.4936 -0.0791 0.8661
vn -0.4676 -0.1772 0.8660
vn 0.9447 -0.3232 -0.0552
vn 0.8603 -0.4006 -0.3153
vn 0.6877 -0.6907 -0.2236
vn 0.7745 -0.6326 -0.0015
vn 0.9569 -0.0668 0.2827
vn 0.9975 -0.0705 -0.0030
vn 0.9410 -0.2353 0.2431
vn 0.0996 -0.9536 -0.2843
vn 0.3224 -0.9306 -0.1733
vn 0.0501 -0.9527 -0.2999
vn 0.2188 -0.9676 -0.1259
vn 0.7118 -0.5206 0.4716
vn 0.6207 -0.4808 0.6193
vn 0.6056 -0.1888 0.7730
vn 0.7028 -0.2394 0.6699
vn 0.4930 -0.8280 0.2671
vn 0.5835 -0.7980 0.1508
vn 0.8985 -0.0390 -0.4372
vn 0.5755 0.0025 0.8178
vn 0.6536 -0.0869 0.7518
vn 0.8186 -0.2259 0.5280
vn 0.8478 -0.4333 0.3058
vn 0.7636 -0.0772 0.6411
vn 0.0001 -0.0000 1.0000
vn -0.2577 0.0311 0.9657
vn -0.2785 -0.0122 0.9604
vn -0.7465 -0.1013 0.6576
vn -0.7365 -0.0281 0.6759
vn -0.9033 -0.0688 0.4234
vn -0.9977 -0.0098 0.0671
vn -0.8926 -0.0267 0.4501
vn -0.9973 -0.0035 0.0730
vn -0.9968 0.0191 -0.0771
vn -0.9968 0.0179 -0.0781
vn 0.7294 -0.6543 -0.1999
vn 0.9930 -0.1157 0.0221
vn 0.9918 -0.0319 0.1241
vn 0.7231 -0.6673 -0.1782
vn 0.7355 -0.6470 -0.2011
vn 0.9928 -0.1183 0.0168
vn 0.9925 -0.1221 0.0088
vn 0.9863 0.0122 -0.1646
vn 0.9933 -0.1057 -0.0470
vn 0.9499 0.2501 0.1874
vn 0.9976 0.0078 0.0686
vn 0.9507 0.2680 0.1558
vn 0.9474 0.2804 0.1542
vn 0.9978 0.0112 0.0657
vn 0.9977 0.0107 0.0673
vn 0.9457 0.2804 0.1643
vn 0.8759 -0.0791 0.4760
vn 0.9965 -0.0219 0.0812
vn 0.9970 -0.0097 0.0762
vn 0.9353 0.1330 0.3280
vn 0.0006 -0.9354 -0.3535
vn 0.0007 -0.9355 -0.3532
vn -0.0000 -0.9352 -0.3542
vn -0.0000 -0.9352 -0.3541
vn 0.9698 0.2041 0.1338
vn 0.9681 0.1873 0.1662
vn 0.9682 0.2137 0.1298
vn 0.9585 0.1579 0.2376
vn 0.5636 -0.7632 -0.3161
vn 0.5711 -0.7936 -0.2096
vn 0.6475 -0.7416 -0.1753
vn 0.8093 0.5874 -0.0000
vn 0.9975 0.0702 -0.0000
vn 0.9975 -0.0189 0.0680
vn 0.8985 0.4038 0.1722
vn 0.9457 -0.0696 -0.3174
vn 0.9585 -0.1772 -0.2236
vn 0.9353 -0.2708 -0.2279
vn 0.9869 -0.1613 -0.0000
vn 0.8401 -0.5424 -0.0000
vn 0.9474 -0.0600 -0.3143
vn 0.9683 -0.0574 -0.2433
vn 0.8759 -0.4772 -0.0719
vn 0.7745 -0.1941 0.6020
vn 0.5835 -0.3900 0.7123
vn 0.3224 -0.1229 0.9386
vn 0.6877 -0.0009 0.7260
vn 0.9977 -0.0607 -0.0310
vn 0.9970 -0.0755 -0.0143
vn 0.9933 0.0120 0.1150
vn 0.9925 -0.0462 0.1134
vn 0.9698 -0.0642 -0.2354
vn 0.9681 -0.1002 -0.2295
vn 0.9951 -0.0994 -0.0000
vn 0.9981 -0.0622 -0.0000
vn 0.9928 -0.0526 0.1073
vn 0.9930 -0.0568 0.1032
vn 0.9976 -0.0629 -0.0287
vn 0.9978 -0.0591 -0.0310
vn 0.9863 0.1603 0.0393
vn 0.9965 -0.0840 -0.0043
vn 0.9971 -0.0758 -0.0000
vn 0.9759 0.2184 -0.0000
vn 0.9985 -0.0554 -0.0000
vn 0.9918 -0.1279 -0.0081
vn 0.9507 -0.0653 -0.3031
vn 0.0501 -0.0093 0.9987
vn 0.0006 0.0471 0.9989
vn 0.0007 0.0468 0.9989
vn 0.0996 -0.0244 0.9947
vn -0.9969 0.0785 -0.0000
vn -0.9968 0.0792 0.0056
vn -0.9977 -0.0669 -0.0114
vn -0.9980 -0.0633 -0.0000
vn 0.9499 -0.1009 -0.2958
vn -0.0000 0.0475 0.9989
vn -0.0000 0.0476 0.9989
vn 0.8603 0.1760 0.4785
vn 0.7355 -0.0087 0.6775
vn 0.7305 -0.0115 0.6828
vn 0.7231 -0.0369 0.6897
vn 0.7118 -0.6094 0.3493
vn 0.8478 -0.4247 0.3175
vn -0.9968 0.0797 0.0071
vn -0.9973 -0.0705 -0.0192
vn 0.9002 -0.4354 0.0019
vn 0.8186 -0.5720 0.0516
vn 0.9410 -0.3039 0.1486
vn 0.9569 -0.2896 -0.0239
vn 0.9331 -0.3576 -0.0384
vn 0.6207 -0.7376 0.2658
vn 0.4930 -0.5100 0.7049
vn -0.9033 -0.4239 -0.0654
vn -0.8926 -0.4363 -0.1138
vn -0.7364 -0.6516 -0.1823
vn -0.7465 -0.6568 -0.1069
vn -0.9116 -0.4110 -0.0000
vn -0.7525 -0.6586 -0.0000
vn -0.4989 -0.8452 -0.1917
vn -0.4584 -0.8832 -0.0990
vn -0.4656 -0.8850 -0.0000
vn -0.0000 -1.0000 -0.0000
vn -0.2693 -0.9196 -0.2861
vn -0.0000 -0.9808 -0.1951
vn -0.3414 -0.9088 -0.2398
vn -0.0000 -0.9239 -0.3826
vn -0.2557 -0.9093 -0.3282
vn 0.9465 -0.3228 -0.0000
vn 0.9232 -0.3842 -0.0000
vn 0.7493 -0.6404 -0.1686
vn 0.7028 -0.7111 0.0206
vn 0.9447 -0.0474 0.3245
vn 0.8536 -0.5039 -0.1323
vn 0.6056 -0.7935 -0.0594
vn 0.2188 -0.1794 0.9591
vn -0.2549 -0.8934 -0.3700
vn 0.5635 -0.7632 0.3163
vn 0.6475 -0.7416 0.1754
vn 0.5710 -0.7936 0.2101
vn 0.8985 0.4038 -0.1722
vn 0.9975 -0.0189 -0.0680
vn 0.9457 -0.0695 0.3174
vn 0.9353 -0.2708 0.2279
vn 0.9585 -0.1772 0.2235
vn 0.9683 -0.0574 0.2432
vn 0.9474 -0.0600 0.3143
vn 0.8759 -0.4772 0.0719
vn 0.7745 -0.1941 -0.6020
vn 0.6877 -0.0009 -0.7260
vn 0.3224 -0.1229 -0.9386
vn 0.5835 -0.3900 -0.7123
vn 0.9977 -0.0607 0.0310
vn 0.9925 -0.0462 -0.1134
vn 0.9933 0.0120 -0.1150
vn 0.9970 -0.0755 0.0143
vn 0.9698 -0.0642 0.2354
vn 0.9681 -0.1002 0.2295
vn 0.9928 -0.0525 -0.1073
vn 0.9978 -0.0591 0.0310
vn 0.9976 -0.0629 0.0287
vn 0.9930 -0.0568 -0.1032
vn 0.9863 0.1603 -0.0392
vn 0.9965 -0.0840 0.0043
vn 0.9918 -0.1279 0.0081
vn 0.9507 -0.0653 0.3031
vn 0.0501 -0.0093 -0.9987
vn 0.0996 -0.0244 -0.9947
vn 0.0007 0.0468 -0.9989
vn 0.0006 0.0471 -0.9989
vn -0.9977 -0.0669 0.0114
vn -0.9968 0.0792 -0.0056
vn 0.9499 -0.1009 0.2958
vn -0.0000 0.0477 -0.9989
vn -0.0000 0.0476 -0.9989
vn 0.8603 0.1760 -0.4785
vn 0.7355 -0.0087 -0.6775
vn 0.7305 -0.0115 -0.6828
vn 0.7231 -0.0370 -0.6897
vn 0.7118 -0.6094 -0.3493
vn 0.8479 -0.4246 -0.3175
vn -0.9973 -0.0705 0.0192
vn -0.9968 0.0799 -0.0071
vn 0.9002 -0.4355 -0.0019
vn 0.9410 -0.3039 -0.1486
vn 0.8186 -0.5720 -0.0516
vn 0.9330 -0.3579 0.0385
vn 0.9569 -0.2896 0.0239
vn 0.6207 -0.7376 -0.2658
vn 0.4930 -0.5100 -0.7049
vn -0.9033 -0.4239 0.0654
vn -0.7465 -0.6567 0.1069
vn -0.7365 -0.6515 0.1822
vn -0.8926 -0.4363 0.1138
vn -0.4989 -0.8452 0.1917
vn -0.4584 -0.8832 0.0991
vn -0.2693 -0.9196 0.2861
vn -0.3414 -0.9088 0.2398
vn -0.0000 -0.9808 0.1950
vn 0.0002 -0.9238 0.3828
vn -0.2557 -0.9094 0.3282
vn 0.7493 -0.6404 0.1687
vn 0.7028 -0.7111 -0.0206
vn 0.9447 -0.0474 -0.3245
vn 0.8535 -0.5040 0.1324
vn 0.6056 -0.7935 0.0594
vn 0.2188 -0.1794 -0.9591
vn -0.2550 -0.8934 0.3700
vn 0.0231 0.0607 0.9979
vn 0.0192 0.0583 0.9981
vn 0.9663 -0.1296 -0.2226
vn 0.9683 -0.1329 -0.2115
vn 0.9927 -0.1209 -0.0000
vn 0.9915 -0.1299 -0.0000
vn -0.9874 0.1574 0.0131
vn -0.9877 0.1566 -0.0000
vn 0.9916 -0.1286 -0.0096
vn 0.9917 -0.1285 -0.0094
vn 0.9489 -0.1299 -0.2877
vn -0.9875 0.1569 0.0139
vn 0.0907 0.2733 0.9577
vn 0.0922 0.2796 0.9557
vn -0.9806 0.1948 0.0230
vn -0.9809 0.1944 -0.0000
vn 0.9440 -0.1420 -0.2978
vn 0.9948 -0.1011 -0.0136
vn 0.7152 -0.0585 0.6965
vn 0.7168 -0.0014 0.6972
vn 0.9951 -0.0977 -0.0140
vn 0.0192 0.0584 -0.9981
vn 0.0231 0.0608 -0.9979
vn 0.9663 -0.1297 0.2226
vn 0.9683 -0.1329 0.2115
vn -0.9874 0.1575 -0.0131
vn 0.9916 -0.1286 0.0096
vn 0.9917 -0.1285 0.0093
vn 0.9489 -0.1300 0.2877
vn -0.9874 0.1575 -0.0139
vn 0.0922 0.2796 -0.9557
vn 0.0907 0.2733 -0.9577
vn -0.9806 0.1948 -0.0230
vn 0.9440 -0.1420 0.2978
vn 0.9949 -0.1003 0.0142
vn 0.7220 -0.0606 -0.6892
vn 0.9952 -0.0966 0.0146
vn 0.7299 -0.0037 -0.6836
vn 0.0230 0.9678 0.2507
vn 0.0191 0.9673 0.2530
vn 0.9663 -0.2514 0.0546
vn 0.9683 -0.2422 0.0611
vn 0.9927 -0.0374 0.1150
vn 0.9915 -0.0401 0.1235
vn -0.9874 0.0611 -0.1457
vn -0.9877 0.0484 -0.1489
vn 0.9916 -0.0489 0.1193
vn 0.9917 -0.0486 0.1193
vn 0.9489 -0.3138 0.0347
vn -0.9875 0.0617 -0.1449
vn 0.0907 0.9952 0.0360
vn 0.0922 0.9953 0.0294
vn -0.9810 0.0837 -0.1752
vn -0.9811 0.0598 -0.1841
vn 0.9440 -0.3271 0.0430
vn 0.9948 -0.0442 0.0920
vn 0.7154 0.6440 0.2709
vn 0.7169 0.6627 0.2168
vn 0.9951 -0.0435 0.0886
vn 0.0192 -0.9312 -0.3641
vn 0.0231 -0.9302 -0.3663
vn 0.9662 0.1716 0.1921
vn 0.9683 0.1601 0.1918
vn -0.9874 0.0362 -0.1538
vn 0.9916 -0.0307 0.1253
vn 0.9917 -0.0309 0.1251
vn 0.9489 0.2334 0.2125
vn -0.9875 0.0352 -0.1534
vn 0.0922 -0.8225 -0.5612
vn 0.0907 -0.8263 -0.5558
vn -0.9802 0.0414 -0.1935
vn 0.9440 0.2393 0.2270
vn 0.9949 -0.0175 0.0997
vn 0.7219 -0.6742 -0.1560
vn -0.9860 -0.1425 -0.0870
vn -0.9814 -0.1656 -0.0967
vn -0.9875 -0.1346 -0.0818
vn -0.9874 -0.1359 -0.0816
vn 0.9952 -0.0160 0.0964
vn 0.7297 -0.6514 -0.2079
vn -0.0000 0.7071 0.7071
vn -0.4612 0.6549 0.5986
vn -0.4946 0.5727 0.6538
vn -0.0000 0.5487 -0.8360
vn -0.0000 0.5488 -0.8360
vn 0.0231 0.5375 -0.8430
vn 0.0192 0.5395 -0.8417
vn 0.9447 0.2291 -0.2346
vn 0.7745 0.5110 -0.3729
vn 0.6877 0.4275 -0.5868
vn 0.8603 0.1389 -0.4906
vn 0.9569 0.2202 0.1895
vn 0.9410 0.3332 0.0585
vn 0.9975 0.0553 -0.0438
vn 0.3224 0.6511 -0.6871
vn 0.0996 0.6045 -0.7904
vn 0.9663 -0.0259 0.2563
vn 0.9683 -0.0168 0.2493
vn 0.9927 0.0977 0.0710
vn 0.9915 0.1051 0.0763
vn 0.2188 0.7089 -0.6705
vn 0.0501 0.5946 -0.8025
vn 0.9975 -0.0568 -0.0413
vn 0.9465 0.2611 0.1897
vn 0.7118 0.6983 0.0756
vn 0.7028 0.5873 0.4013
vn 0.6056 0.6070 0.5145
vn 0.6207 0.7530 0.2186
vn -0.9874 -0.1197 -0.1031
vn -0.9968 -0.0608 -0.0511
vn -0.9969 -0.0635 -0.0462
vn -0.9877 -0.1267 -0.0920
vn 0.5835 0.7343 -0.3470
vn 0.4930 0.8269 -0.2704
vn 0.8985 -0.2254 -0.3767
vn 0.9916 0.0984 0.0834
vn 0.9917 0.0984 0.0831
vn 0.9918 0.0987 0.0817
vn 0.5776 0.4706 0.6670
vn 0.6504 0.5036 0.5687
vn 0.8478 0.5303 -0.0072
vn 0.8186 0.4931 0.2945
vn 0.8983 0.3603 0.2514
vn 0.8540 0.3403 0.3936
vn 0.7559 0.4285 0.4949
vn 0.9304 0.2758 0.2415
vn 0.9244 0.3117 0.2199
vn -0.3396 0.5946 0.7288
vn 0.9681 -0.0539 0.2445
vn 0.9499 -0.0923 0.2986
vn 0.9489 -0.0640 0.3091
vn -0.0000 0.5556 0.8315
vn -0.2719 0.5753 0.7715
vn -0.2628 0.5418 0.7984
vn -0.0000 0.8314 0.5556
vn -0.4590 0.7191 0.5218
vn -0.7525 0.5328 0.3872
vn -0.7465 0.4684 0.4725
vn -0.7363 0.4200 0.5305
vn -0.9117 0.3324 0.2415
vn -0.9033 0.3045 0.3021
vn -0.9875 -0.1188 -0.1035
vn -0.9967 -0.0614 -0.0535
vn -0.9980 0.0512 0.0372
vn -0.9977 0.0474 0.0485
vn 0.9951 0.0804 0.0584
vn -0.9973 0.0458 0.0570
vn -0.8926 0.2860 0.3484
vn 0.0907 0.3418 -0.9354
vn 0.0922 0.3355 -0.9375
vn -0.9814 -0.1371 -0.1341
vn -0.9795 -0.1640 -0.1173
vn 0.9440 -0.0602 0.3243
vn 0.9947 0.0757 0.0702
vn 0.7301 0.4113 -0.5457
vn 0.7237 0.4351 -0.5357
vn 0.9930 0.1066 -0.0501
vn 0.7355 0.4053 -0.5429
vn 0.9928 0.1056 -0.0559
vn 0.9925 0.1040 -0.0646
vn 0.8093 -0.4752 -0.3453
vn 0.9863 -0.1066 -0.1260
vn 0.9759 -0.1767 -0.1284
vn 0.9933 0.0579 -0.1001
vn 0.7158 0.4564 -0.5285
vn -0.9860 0.0387 -0.1624
vn 0.7179 0.4117 -0.5614
vn 0.9950 0.0730 0.0685
vn -0.9860 0.1664 -0.0133
vn 0.9507 -0.1254 0.2836
vn 0.9976 0.0340 0.0601
vn 0.0001 -0.6258 0.7800
vn 0.0193 -0.6339 0.7732
vn 0.0232 -0.6357 0.7716
vn 0.0001 -0.6257 0.7800
vn 0.9474 -0.1363 0.2895
vn 0.9457 -0.1303 0.2977
vn 0.9977 0.0309 0.0608
vn 0.9978 0.0296 0.0598
vn 0.8759 0.3437 0.3387
vn 0.8401 0.4388 0.3189
vn 0.9971 0.0613 0.0446
vn 0.9965 0.0654 0.0528
vn 0.9663 0.2357 -0.1039
vn 0.9683 0.2319 -0.0930
vn 0.9353 0.0851 0.3435
vn 0.9970 0.0527 0.0560
vn 0.0006 0.5491 -0.8357
vn 0.0007 0.5494 -0.8356
vn -0.9968 -0.0674 -0.0420
vn 0.9698 -0.0865 0.2282
vn 0.9916 0.1097 0.0679
vn 0.9918 0.1082 0.0687
vn 0.9917 0.1095 0.0680
vn 0.9683 -0.0966 0.2305
vn 0.9981 0.0503 0.0365
vn 0.9985 0.0448 0.0325
vn 0.9869 0.1305 0.0948
vn 0.9585 0.0119 0.2850
vn 0.9681 0.2160 -0.1269
vn 0.9489 0.2742 -0.1563
vn 0.9499 0.2555 -0.1800
vn -0.9968 -0.0691 -0.0413
vn 0.0922 -0.7879 0.6088
vn 0.0907 -0.7840 0.6141
vn 0.9440 0.2899 -0.1575
vn 0.0003 0.9808 0.1951
vn -0.2705 0.9118 0.3090
vn -0.0000 0.9239 0.3827
vn -0.4589 0.7723 0.4393
vn 0.9949 0.0895 0.0475
vn -0.2549 0.9484 0.1886
vn -0.2560 0.9285 0.2690
vn -0.5004 0.7956 0.3414
vn 0.9447 -0.1523 0.2904
vn 0.8603 -0.4237 0.2836
vn 0.6877 -0.4261 0.5879
vn 0.7745 -0.1968 0.6012
vn 0.9569 0.2483 0.1509
vn 0.9975 -0.0246 0.0661
vn 0.9410 0.1585 0.2989
vn 0.0996 -0.5650 0.8191
vn 0.3224 -0.4523 0.8315
vn 0.0501 -0.5796 0.8134
vn 0.2188 -0.4187 0.8814
vn 0.7230 -0.3744 0.5805
vn 0.7220 -0.3561 0.5932
vn 0.9952 0.0867 0.0450
vn 0.7297 -0.3990 0.5552
vn -0.0001 -0.6258 -0.7800
vn -0.0001 -0.6257 -0.7801
vn 0.0231 -0.6357 -0.7716
vn 0.0191 -0.6339 -0.7732
vn 0.9663 0.2357 0.1039
vn 0.9683 0.2319 0.0930
vn 0.9927 0.0976 -0.0709
vn 0.9915 0.1051 -0.0763
vn -0.9875 -0.1344 0.0818
vn -0.9968 -0.0674 0.0420
vn -0.9969 -0.0635 0.0462
vn -0.9877 -0.1267 0.0920
vn 0.9916 0.1097 -0.0678
vn 0.9917 0.1095 -0.0679
vn 0.9918 0.1082 -0.0686
vn 0.9918 0.1083 -0.0686
vn 0.9681 0.2160 0.1268
vn 0.9499 0.2555 0.1800
vn 0.9489 0.2742 0.1564
vn -0.9875 -0.1351 0.0810
vn -0.9968 -0.0688 0.0412
vn 0.9951 0.0804 -0.0584
vn 0.0907 -0.7840 -0.6141
vn 0.0922 -0.7880 -0.6088
vn -0.9814 -0.1656 0.0967
vn -0.9795 -0.1640 0.1173
vn 0.9440 0.2899 0.1574
vn 0.9948 0.0898 -0.0484
vn 0.7231 -0.3756 -0.5797
vn 0.7151 -0.3621 -0.5979
vn 0.7169 -0.4087 -0.5649
vn 0.9951 0.0872 -0.0461
vn -0.0000 0.5486 0.8361
vn 0.0192 0.5395 0.8418
vn 0.0231 0.5375 0.8430
vn -0.0000 0.5487 0.8360
vn 0.9663 -0.0260 -0.2563
vn 0.9683 -0.0168 -0.2493
vn -0.9875 -0.1194 0.1028
vn -0.9968 -0.0607 0.0511
vn 0.9916 0.0986 -0.0833
vn 0.9918 0.0987 -0.0817
vn 0.9917 0.0986 -0.0830
vn 0.9681 -0.0539 -0.2445
vn 0.9489 -0.0640 -0.3091
vn 0.9499 -0.0923 -0.2986
vn -0.9875 -0.1187 0.1034
vn -0.9967 -0.0609 0.0531
vn 0.0922 0.3355 0.9375
vn 0.0907 0.3418 0.9354
vn -0.9814 -0.1371 0.1341
vn 0.9440 -0.0602 -0.3243
vn 0.9949 0.0727 -0.0703
vn 0.7231 0.4355 0.5361
vn 0.7222 0.4538 0.5221
vn 0.9952 0.0699 -0.0687
vn 0.7310 0.4045 0.5495
vn -0.0000 -0.9352 0.3541
vn -0.0000 -0.9352 0.3540
vn 0.0231 -0.9302 0.3662
vn 0.0192 -0.9312 0.3640
vn 0.9663 0.1716 -0.1921
vn 0.9683 0.1601 -0.1918
vn 0.9927 -0.0373 -0.1149
vn 0.9915 -0.0401 -0.1235
vn -0.9874 0.0362 0.1538
vn -0.9968 0.0191 0.0771
vn -0.9969 0.0243 0.0747
vn -0.9877 0.0484 0.1489
vn 0.9916 -0.0308 -0.1253
vn 0.9917 -0.0309 -0.1251
vn 0.9918 -0.0319 -0.1241
vn 0.9918 -0.0318 -0.1241
vn 0.9681 0.1875 -0.1662
vn 0.9499 0.2502 -0.1874
vn 0.9489 0.2334 -0.2125
vn -0.9875 0.0353 0.1536
vn -0.9968 0.0179 0.0782
vn 0.9951 -0.0307 -0.0945
vn 0.0907 -0.8263 0.5559
vn 0.0922 -0.8225 0.5613
vn -0.9802 0.0415 0.1935
vn -0.9795 0.0580 0.1928
vn 0.9440 0.2393 -0.2270
vn 0.9948 -0.0185 -0.1003
vn 0.7231 -0.6674 0.1780
vn 0.7160 -0.6797 0.1592
vn 0.7175 -0.6632 0.2128
vn 0.9951 -0.0174 -0.0977
vn -0.0000 0.9647 -0.2634
vn 0.0192 0.9673 -0.2530
vn 0.0231 0.9678 -0.2507
vn -0.0000 0.9647 -0.2635
vn 0.9663 -0.2517 -0.0545
vn 0.9683 -0.2423 -0.0611
vn -0.9874 0.0611 0.1457
vn -0.9968 0.0298 0.0736
vn 0.9916 -0.0488 -0.1194
vn 0.9918 -0.0472 -0.1191
vn 0.9917 -0.0485 -0.1194
vn 0.9682 -0.2492 -0.0244
vn 0.9489 -0.3138 -0.0347
vn 0.9499 -0.3125 -0.0045
vn -0.9875 0.0617 0.1449
vn -0.9968 0.0314 0.0737
vn 0.0922 0.9953 -0.0294
vn 0.0907 0.9952 -0.0361
vn -0.9810 0.0837 0.1752
vn 0.9440 -0.3271 -0.0430
vn 0.9949 -0.0445 -0.0910
vn 0.7230 0.6441 -0.2498
vn 0.7220 0.6367 -0.2707
vn 0.9952 -0.0437 -0.0870
vn 0.7254 0.6544 -0.2134
vn -0.9860 0.0641 0.1541
vn -0.9860 -0.1268 0.1086
vn -0.9860 0.1664 0.0133
vn -0.9860 0.0388 0.1624
vn -0.9860 -0.1425 0.0870
vn -0.9860 -0.1268 -0.1086
vn -0.9860 0.0641 -0.1541
vn -0.2158 0.9577 -0.1905
vn -0.6047 0.7811 -0.1554
vn -0.6047 0.7358 -0.3048
vn -0.2158 0.9021 -0.3737
vn -0.0000 -0.0000 1.0000
vn -0.0000 0.1951 0.9808
vn -0.2158 -0.5425 -0.8119
vn -0.6047 -0.4425 -0.6622
vn -0.6047 -0.5632 -0.5631
vn -0.2159 -0.6904 -0.6904
vn -0.6047 -0.6622 -0.4424
vn -0.2159 -0.8119 -0.5425
vn -0.1561 -0.6984 -0.6984
vn -0.1561 -0.5488 -0.8213
vn -0.0000 0.9808 0.1951
vn -0.0000 -0.5556 0.8315
vn -0.0000 -0.7071 0.7071
vn -0.1561 0.8213 0.5488
vn -0.1561 0.6984 0.6984
vn -0.2158 0.6904 0.6904
vn -0.2158 0.8119 0.5425
vn -0.0000 -0.8315 -0.5556
vn -0.0000 -0.9239 -0.3827
vn -0.1561 0.1927 0.9688
vn -0.1561 -0.0000 0.9877
vn -0.2158 -0.0000 0.9764
vn -0.2158 0.1905 0.9577
vn -0.6047 -0.7358 -0.3047
vn -0.2158 -0.9021 -0.3736
vn -0.0475 -0.3823 0.9228
vn -0.0474 -0.1949 0.9797
vn -0.0000 -0.5556 -0.8315
vn -0.0000 -0.7071 -0.7071
vn -0.9944 -0.0750 0.0750
vn -0.9944 -0.0590 0.0882
vn -0.9991 -0.0240 0.0360
vn -0.9991 -0.0306 0.0306
vn -0.0000 0.9808 -0.1951
vn -0.0000 0.9239 -0.3827
vn -0.2428 0.8962 -0.3712
vn -0.2428 0.9514 -0.1893
vn -0.0001 0.3826 -0.9239
vn -0.0000 0.3827 -0.9239
vn -0.0000 0.5556 -0.8315
vn -0.0001 0.5556 -0.8315
vn -0.9944 0.1041 -0.0207
vn -0.9944 0.0981 -0.0405
vn -0.9991 0.0400 -0.0166
vn -0.9991 0.0425 -0.0084
vn -0.9944 -0.0000 0.1061
vn -0.9944 0.0207 0.1041
vn -0.9991 0.0085 0.0425
vn -0.9991 -0.0000 0.0434
vn -0.9944 0.0207 -0.1041
vn -0.9944 -0.0000 -0.1061
vn -0.9991 -0.0000 -0.0434
vn -0.9991 0.0085 -0.0425
vn -0.9944 0.1061 -0.0000
vn -0.9991 0.0433 -0.0000
vn -0.0000 0.9239 -0.3826
vn -0.1561 0.9126 0.3780
vn -0.2158 0.9021 0.3737
vn -0.9944 -0.0207 0.1041
vn -0.9991 -0.0084 0.0425
vn -0.9998 -0.0132 -0.0132
vn -0.9998 -0.0155 -0.0104
vn -0.9998 0.0183 0.0036
vn -0.9998 0.0187 -0.0000
vn -0.9998 -0.0172 0.0071
vn -0.9998 -0.0155 0.0104
vn -0.9944 -0.0407 0.0980
vn -0.9991 -0.0165 0.0400
vn -0.9998 -0.0104 -0.0155
vn -0.9998 -0.0187 -0.0000
vn -0.9998 -0.0183 0.0036
vn -0.9998 0.0172 0.0071
vn -0.9998 0.0155 -0.0104
vn -0.9998 0.0132 -0.0132
vn -0.1561 -0.0000 -0.9877
vn -0.2158 -0.0000 -0.9764
vn -0.2158 -0.1905 -0.9577
vn -0.1561 -0.1927 -0.9688
vn -0.9944 0.0882 0.0589
vn -0.9944 0.0980 0.0406
vn -0.9991 0.0400 0.0165
vn -0.9991 0.0360 0.0241
vn -0.9944 0.0589 -0.0882
vn -0.9944 0.0403 -0.0981
vn -0.9991 0.0165 -0.0400
vn -0.9991 0.0241 -0.0360
vn -0.9944 -0.0882 -0.0590
vn -0.9943 -0.0981 -0.0406
vn -0.9991 -0.0401 -0.0166
vn -0.9991 -0.0361 -0.0241
vn -0.9944 0.0882 -0.0590
vn -0.9944 0.0750 -0.0750
vn -0.9991 0.0306 -0.0306
vn -0.9991 0.0360 -0.0241
vn -0.0474 -0.0000 0.9989
vn -0.0474 0.1949 0.9797
vn -0.0001 0.1950 0.9808
vn -0.9998 -0.0000 0.0187
vn -0.9998 0.0036 0.0183
vn -0.9944 -0.0590 -0.0882
vn -0.9944 -0.0748 -0.0752
vn -0.9991 -0.0306 -0.0306
vn -0.9991 -0.0241 -0.0360
vn -0.6047 0.6622 -0.4424
vn -0.2158 0.8119 -0.5425
vn -0.9998 -0.0183 -0.0036
vn -0.0000 -0.8315 0.5556
vn -0.0000 -0.9239 0.3827
vn -0.9998 0.0104 0.0155
vn -0.9998 0.0132 0.0132
vn -0.9998 0.0183 -0.0036
vn -0.9998 -0.0036 -0.0183
vn -0.9998 -0.0071 -0.0172
vn -0.9998 0.0172 -0.0071
vn -0.9998 -0.0132 0.0132
vn -0.9998 -0.0104 0.0155
vn -0.9998 0.0036 -0.0183
vn -0.9998 -0.0000 -0.0187
vn -0.9944 0.1041 0.0207
vn -0.9991 0.0425 0.0084
vn -0.9998 -0.0172 -0.0071
vn -0.2428 0.1893 0.9514
vn -0.2428 -0.0000 0.9701
vn -0.9998 0.0104 -0.0155
vn -0.9998 0.0071 -0.0172
vn -0.9944 0.0750 0.0750
vn -0.9991 0.0306 0.0306
vn -0.9944 0.0406 0.0980
vn -0.9944 0.0588 0.0883
vn -0.9991 0.0241 0.0360
vn -0.9991 0.0166 0.0400
vn -0.9998 0.0071 0.0173
vn -0.2158 -0.3737 -0.9021
vn -0.6047 -0.3048 -0.7358
vn -0.1561 -0.1927 0.9688
vn -0.1561 -0.3780 0.9126
vn -0.2158 -0.3737 0.9021
vn -0.2158 -0.1905 0.9577
vn 0.9353 -0.2943 0.1966
vn 0.8401 -0.4511 0.3013
vn 0.8401 -0.3836 0.3835
vn 0.9353 -0.2502 0.2502
vn -0.9998 0.0155 0.0104
vn -0.9998 -0.0071 0.0173
vn 0.9353 0.0690 -0.3471
vn 0.8401 0.1058 -0.5321
vn 0.8451 0.0161 -0.5344
vn 0.9325 0.0039 -0.3613
vn 0.9353 -0.2503 -0.2503
vn 0.8401 -0.3836 -0.3836
vn 0.8401 -0.4511 -0.3014
vn 0.9353 -0.2943 -0.1966
vn 0.9353 0.0691 0.3471
vn 0.8401 0.1058 0.5321
vn 0.8400 0.2076 0.5013
vn 0.9352 0.1355 0.3271
vn 0.9350 0.1963 -0.2954
vn 0.8432 0.2918 -0.4515
vn 0.8401 0.2076 -0.5012
vn 0.9353 0.1354 -0.3270
vn -0.0000 -0.0000 -1.0000
vn -0.0000 -0.1951 -0.9808
vn -0.2428 -0.1893 -0.9514
vn -0.2428 -0.0001 -0.9701
vn 0.8433 -0.4967 -0.2054
vn 0.9393 -0.3176 -0.1297
vn 0.9393 -0.3177 0.1296
vn 0.8432 -0.4968 0.2054
vn -0.9944 -0.0207 -0.1041
vn -0.9944 -0.0405 -0.0981
vn -0.9991 -0.0166 -0.0401
vn -0.9991 -0.0085 -0.0425
vn -0.1561 0.9688 -0.1927
vn -0.1561 0.9877 -0.0000
vn -0.2158 0.9764 -0.0000
vn -0.9998 -0.0036 0.0183
vn -0.1561 0.9688 0.1927
vn -0.2159 0.9577 0.1905
vn -0.0000 0.7071 -0.7071
vn -0.0475 0.7063 -0.7063
vn -0.0475 0.5549 -0.8305
vn -0.2159 -0.9021 0.3736
vn -0.6047 -0.7358 0.3047
vn -0.6047 -0.6622 0.4424
vn -0.2159 -0.8119 0.5424
vn -0.0475 -0.5549 0.8305
vn -0.0000 0.3827 0.9239
vn -0.6047 -0.5632 0.5631
vn -0.2158 -0.6904 0.6904
vn -0.6047 -0.4425 0.6622
vn -0.2158 -0.5425 0.8119
vn 0.7118 0.2876 0.6408
vn 0.6207 0.4405 0.6486
vn 0.6056 0.6769 0.4184
vn 0.7028 0.5631 0.4347
vn -0.6047 -0.3048 0.7358
vn -0.6047 -0.1554 0.7811
vn -0.6047 -0.0000 0.7964
vn -0.0475 -0.0000 -0.9989
vn -0.0475 -0.1949 -0.9797
vn -0.1561 0.5488 -0.8213
vn -0.2158 0.5425 -0.8119
vn -0.2158 0.3737 -0.9021
vn -0.1561 0.3780 -0.9126
vn 0.9353 0.3471 -0.0690
vn 0.8438 0.5260 -0.1062
vn 0.8542 0.4925 -0.1666
vn 0.9377 0.3228 -0.1283
vn -0.1561 -0.3780 -0.9126
vn -0.1560 -0.9126 -0.3780
vn -0.1560 -0.8213 -0.5488
vn -0.2158 0.1905 -0.9577
vn -0.1561 0.1927 -0.9688
vn -0.0475 -0.5549 -0.8305
vn -0.0475 -0.7063 -0.7063
vn -0.0000 0.1951 -0.9808
vn -0.0000 0.8315 0.5556
vn 0.4930 -0.0018 0.8700
vn 0.5835 -0.1032 0.8055
vn -0.0000 -0.1951 0.9808
vn -0.0000 1.0000 -0.0000
vn -0.0000 0.8315 -0.5555
vn -0.1561 -0.5488 0.8213
vn -0.1561 0.5488 0.8213
vn -0.2158 0.5425 0.8119
vn -0.0000 -0.3827 -0.9239
vn -0.1561 0.8213 -0.5488
vn -0.1561 0.9126 -0.3780
vn -0.0000 -0.9808 0.1951
vn -0.1561 0.6984 -0.6984
vn -0.2158 0.6904 -0.6904
vn 0.8985 -0.4279 -0.0980
vn 0.5590 0.7836 0.2711
vn 0.6454 0.7088 0.2846
vn 0.9353 0.3471 0.0691
vn 0.8438 0.5260 0.1062
vn 0.8401 0.5425 -0.0000
vn 0.9353 0.3539 -0.0000
vn -0.0000 -0.3827 0.9239
vn 0.7565 -0.4624 -0.4624
vn 0.6312 -0.5488 -0.5481
vn 0.6316 -0.6446 -0.4307
vn 0.7565 -0.5437 -0.3633
vn -0.0208 -0.7070 0.7069
vn -0.0208 -0.5554 0.8313
vn -0.0035 -0.5556 0.8315
vn -0.0035 -0.7071 0.7071
vn -0.0208 0.5555 -0.8313
vn -0.0208 0.3826 -0.9237
vn -0.0035 0.3827 -0.9239
vn -0.0035 0.5555 -0.8315
vn -0.0208 -0.1950 -0.9806
vn -0.0208 -0.3826 -0.9237
vn -0.0035 -0.3827 -0.9239
vn -0.0035 -0.1951 -0.9808
vn -0.2428 0.1892 -0.9514
vn -0.0208 0.8313 -0.5554
vn -0.0208 0.7070 -0.7070
vn -0.0035 0.7071 -0.7071
vn -0.0035 0.8314 -0.5556
vn -0.0208 0.9998 -0.0000
vn -0.0208 0.9806 -0.1950
vn -0.0035 0.9808 -0.1951
vn -0.0035 1.0000 -0.0001
vn -0.0208 0.7069 0.7070
vn -0.0208 0.8313 0.5555
vn -0.0035 0.8315 0.5556
vn -0.0035 0.7071 0.7071
vn -0.0208 -0.0000 0.9998
vn -0.0208 0.1950 0.9806
vn -0.0035 0.1951 0.9808
vn -0.0035 -0.0000 1.0000
vn -0.0000 -0.8315 -0.5555
vn -0.0002 -0.9239 -0.3827
vn -0.2430 -0.8962 -0.3712
vn -0.2428 -0.8066 -0.5390
vn -0.0208 -0.3826 0.9237
vn -0.0208 -0.1950 0.9806
vn -0.0035 -0.1951 0.9808
vn -0.0035 -0.3826 0.9239
vn -0.0208 0.3826 0.9237
vn -0.0035 0.3827 0.9239
vn -0.0208 -0.8313 -0.5555
vn -0.0208 -0.9237 -0.3826
vn -0.0035 -0.9239 -0.3827
vn -0.0035 -0.8315 -0.5555
vn -0.0208 -0.5554 -0.8313
vn -0.0208 -0.7070 -0.7070
vn -0.0035 -0.7071 -0.7071
vn -0.0035 -0.5556 -0.8314
vn -0.2428 0.9701 -0.0000
vn -0.0208 0.9237 -0.3826
vn -0.0035 0.9239 -0.3827
vn -0.0208 0.9237 0.3826
vn -0.0208 0.9806 0.1950
vn -0.0035 0.9808 0.1951
vn -0.0035 0.9239 0.3827
vn -0.0208 0.1951 -0.9806
vn -0.0208 -0.0000 -0.9998
vn -0.0035 -0.0000 -1.0000
vn -0.0035 0.1951 -0.9808
vn -0.0035 0.5556 0.8315
vn -0.5355 0.4692 0.7022
vn -0.5355 0.3232 0.7803
vn -0.6047 0.1554 0.7811
vn -0.6047 0.3048 0.7358
vn -0.2158 0.3737 0.9021
vn -0.6047 0.4425 0.6622
vn -0.0208 0.5554 0.8313
vn -0.6047 0.5632 0.5632
vn -0.6047 0.6622 0.4425
vn -0.6047 0.7358 0.3048
vn -0.6047 0.7811 0.1554
vn -0.6047 0.7964 -0.0000
vn -0.5355 -0.1648 0.8283
vn -0.5355 -0.3232 0.7803
vn -0.5355 -0.4692 0.7022
vn -0.5355 -0.5972 0.5972
vn -0.5355 0.8445 -0.0000
vn -0.5355 0.8283 0.1648
vn -0.0035 -0.8315 0.5555
vn -0.5359 -0.7020 0.4690
vn -0.5366 -0.7016 -0.4688
vn -0.5355 -0.5972 -0.5972
vn -0.0034 -0.9239 0.3826
vn -0.5362 -0.7799 0.3230
vn -0.5355 0.1648 -0.8283
vn -0.5355 0.3232 -0.7803
vn -0.2428 -0.1892 0.9514
vn -0.5355 -0.3232 -0.7803
vn -0.5355 -0.1648 -0.8283
vn -0.5355 0.1648 0.8283
vn -0.5355 -0.0000 0.8445
vn -0.5355 -0.4692 -0.7022
vn -0.5355 0.7022 0.4692
vn -0.5355 0.5972 0.5972
vn -0.5355 0.7803 -0.3232
vn -0.5355 0.8283 -0.1648
vn -0.5378 -0.7789 -0.3226
vn -0.5355 0.7803 0.3232
vn -0.5355 -0.0000 -0.8445
vn -0.5355 0.4692 -0.7022
vn -0.5355 0.5972 -0.5972
vn -0.5355 0.7022 -0.4692
vn -0.6047 0.1554 -0.7811
vn -0.6047 0.3048 -0.7358
vn -0.6047 -0.0000 -0.7964
vn -0.6047 0.4425 -0.6622
vn -0.6047 0.5632 -0.5632
vn -0.6047 -0.1554 -0.7811
vn -0.2428 0.3712 0.8962
vn -0.0208 -0.9237 0.3825
vn -0.0208 -0.8313 0.5554
vn -0.2428 0.5389 0.8066
vn -0.9944 -0.0882 0.0589
vn -0.9991 -0.0361 0.0241
vn -0.0000 0.8315 -0.5556
vn -0.2428 0.6859 -0.6859
vn -0.2428 0.8065 -0.5390
vn -0.2428 0.3712 -0.8962
vn -0.2428 0.5389 -0.8066
vn -0.9944 -0.0980 0.0406
vn -0.9991 -0.0401 0.0166
vn -0.2428 0.9514 0.1893
vn -0.2428 0.8962 0.3712
vn -0.2428 0.8066 0.5389
vn -0.2428 0.6860 0.6858
vn -0.2428 -0.6859 -0.6859
vn -0.2428 -0.5390 -0.8066
vn -0.2428 -0.3712 -0.8962
vn -0.0000 -0.9239 0.3826
vn -0.0000 -0.8315 0.5555
vn -0.2427 -0.8067 0.5389
vn -0.2425 -0.8963 0.3713
vn -0.2428 -0.6859 0.6859
vn -0.2428 -0.5389 0.8066
vn -0.2428 -0.3711 0.8963
vn 0.8186 0.4324 0.3780
vn 0.8478 0.1569 0.5066
vn 0.7725 0.5976 0.2146
vn 0.8772 0.4155 0.2405
vn 0.8791 0.3762 0.2927
vn 0.7564 0.1276 0.6415
vn 0.7564 0.2503 0.6044
vn 0.7533 0.3535 -0.5546
vn 0.7565 0.2503 -0.6042
vn 0.7565 -0.5438 0.3633
vn 0.7565 -0.4624 0.4624
vn 0.6317 0.1508 0.7604
vn 0.5642 0.1602 0.8099
vn 0.5668 0.3190 0.7595
vn 0.6331 0.2979 0.7144
vn 0.6320 -0.7159 0.2967
vn 0.5636 -0.6869 0.4589
vn 0.6316 -0.6446 0.4306
vn 0.5626 -0.5855 -0.5837
vn 0.5636 -0.6869 -0.4589
vn 0.6320 -0.7159 -0.2967
vn 0.7503 -0.6100 -0.2549
vn 0.7625 0.6340 0.1292
vn 0.7565 0.6540 -0.0000
vn 0.7565 0.1276 -0.6414
vn 0.7559 0.0259 -0.6542
vn 0.6331 0.2979 -0.7144
vn 0.5669 0.3191 -0.7595
vn 0.5643 0.1602 -0.8099
vn 0.6320 0.1508 -0.7602
vn 0.9349 0.3110 0.1711
vn 0.6539 -0.0869 -0.7516
vn 0.6403 0.0029 -0.7682
vn 0.5755 0.0024 -0.8178
vn 0.7559 0.0260 0.6542
vn -0.3467 0.8744 0.3394
vn 0.7625 0.6339 -0.1296
vn 0.7725 0.5976 -0.2146
vn 0.7503 -0.6100 0.2549
vn 0.8435 -0.3203 -0.4311
vn 0.7581 -0.3927 -0.5206
vn -0.0475 0.9797 0.1949
vn -0.0475 0.9989 -0.0000
vn 0.0002 0.9808 -0.1951
vn -0.0475 0.9797 -0.1949
vn -0.0475 0.9228 -0.3823
vn -0.0475 0.8305 -0.5549
vn -0.0475 0.3823 -0.9228
vn -0.0475 -0.3823 -0.9228
vn -0.1561 -0.6984 0.6984
vn -0.0001 0.1950 -0.9808
vn -0.0475 0.1949 -0.9797
vn -0.0475 0.8305 0.5550
vn -0.0475 0.9228 0.3823
vn -0.0475 -0.8305 -0.5549
vn -0.0475 -0.9229 -0.3822
vn -0.0474 -0.9229 0.3822
vn -0.0474 -0.8306 0.5549
vn -0.0475 -0.7063 0.7063
vn 0.0001 -0.7071 0.7071
vn -0.1561 -0.8213 0.5487
vn -0.1561 0.3780 0.9126
vn -0.0475 0.3823 0.9228
vn -0.0000 0.3828 0.9239
vn -0.0475 0.5549 0.8305
vn -0.0475 0.7063 0.7063
vn -0.1560 -0.9126 0.3779
vn 0.6366 0.4254 -0.6433
vn 0.6398 0.0030 0.7685
vn 0.6309 0.7598 -0.1571
vn 0.6316 0.7753 -0.0000
vn 0.6454 0.7088 -0.2846
vn 0.6312 -0.5488 0.5481
vn 0.6309 0.7598 0.1571
vn 0.6504 -0.4107 -0.6390
vn 0.5626 -0.5855 0.5837
vn -0.7465 0.5941 0.2996
vn -0.7364 0.6342 0.2355
vn 0.1759 0.7964 0.5786
vn 0.1597 0.6345 0.7562
vn 0.1587 0.6267 0.7629
vn 0.6877 0.5109 0.5158
vn 0.9981 -0.0564 -0.0260
vn 0.9979 -0.0417 -0.0494
vn 0.9064 -0.3717 -0.2008
vn 0.8854 -0.3760 -0.2732
vn 0.9984 -0.0454 -0.0333
vn 0.9064 -0.3058 -0.2914
vn 0.9675 -0.1952 -0.1606
vn 0.9883 -0.1527 -0.0000
vn 0.9681 -0.2153 -0.1283
vn 0.9979 -0.0603 -0.0235
vn 0.9665 -0.1926 -0.1699
vn 0.9979 -0.0410 0.0501
vn 0.9984 -0.0457 0.0328
vn 0.8854 -0.3760 0.2732
vn 0.9064 -0.3717 0.2008
vn 0.9981 -0.0421 0.0456
vn 0.6875 0.6485 -0.3267
vn 0.6613 0.6065 -0.4414
vn 0.1759 0.7964 -0.5786
vn 0.1586 0.6267 -0.7629
vn 0.1597 0.6345 -0.7562
vn 0.9986 0.0156 0.0509
vn 0.9982 0.0312 0.0516
vn 0.7015 -0.1059 -0.7047
vn 0.6728 -0.2300 -0.7032
vn 0.9064 -0.3058 0.2914
vn 0.9681 -0.2153 0.1283
vn 0.9675 -0.1952 0.1606
vn 0.9979 -0.0599 0.0244
vn 0.9981 -0.0563 0.0267
vn -0.9825 0.1156 -0.1462
vn 0.1597 0.9153 -0.3698
vn 0.1587 0.9192 -0.3603
vn 0.9661 0.0593 0.2513
vn 0.9660 0.1017 0.2375
vn 0.8854 0.1436 0.4420
vn 0.9668 -0.2158 0.1372
vn 0.9920 -0.0391 0.1204
vn 0.9665 -0.1926 0.1698
vn 0.9910 -0.0397 0.1276
vn 0.1759 -0.3042 -0.9362
vn 0.1586 -0.5319 -0.8318
vn 0.1597 -0.5232 -0.8371
vn 0.9981 0.0613 0.0115
vn 0.9984 0.0563 0.0003
vn 0.6608 -0.7506 0.0008
vn 0.6827 -0.7214 0.1161
vn 0.9668 0.0940 0.2378
vn 0.9064 0.1827 0.3809
vn 0.9979 0.0039 0.0640
vn -0.9840 -0.0987 -0.1483
vn 0.1597 -0.0688 -0.9848
vn 0.1586 -0.0586 -0.9856
vn 0.9064 0.0761 0.4155
vn 0.9668 0.0638 0.2476
vn 0.9920 0.1024 0.0744
vn 0.9909 0.1090 0.0785
vn 0.9980 0.0366 0.0525
vn 0.1759 -0.9844 -0.0000
vn 0.1587 -0.9555 0.2489
vn 0.1597 -0.9578 0.2389
vn 0.9979 0.0627 -0.0164
vn 0.9981 0.0608 -0.0121
vn 0.6875 -0.7167 -0.1168
vn 0.9668 0.2552 -0.0159
vn 0.9659 0.2579 0.0224
vn 0.9064 0.4187 -0.0560
vn 0.9979 0.0628 0.0155
vn 0.8854 0.4648 -0.0000
vn 0.1597 -0.9578 -0.2388
vn 0.1587 -0.9555 -0.2488
vn 0.9064 0.4187 0.0560
vn 0.9668 0.2552 0.0159
vn 0.9920 0.1024 -0.0744
vn 0.9909 0.1090 -0.0785
vn 0.9659 0.2579 -0.0224
vn 0.1624 -0.3049 0.9384
vn 0.1517 -0.0547 0.9869
vn 0.1524 -0.0649 0.9862
vn 0.9668 0.0637 -0.2476
vn 0.9067 0.0770 -0.4148
vn 0.9662 0.1018 -0.2369
vn 0.9980 0.0300 -0.0548
vn 0.6967 -0.1132 0.7083
vn 0.9979 0.0344 -0.0550
vn 0.8865 0.1431 -0.4401
vn 0.9984 0.0177 -0.0535
vn 0.9979 0.0035 -0.0649
vn 0.9981 0.0069 -0.0619
vn 0.1524 -0.5271 0.8360
vn 0.1517 -0.5358 0.8306
vn 0.6889 -0.3303 0.6452
vn 0.1587 0.9193 0.3603
vn 0.1597 0.9153 0.3697
vn 0.9067 0.1815 -0.3808
vn 0.9662 0.0588 -0.2509
vn 0.9668 0.0940 -0.2378
vn 0.9920 -0.0391 -0.1204
vn 0.9910 -0.0397 -0.1277
vn -0.9798 -0.0228 0.1986
vn 0.9984 0.0139 -0.0548
vn 0.9981 -0.0429 -0.0451
vn 0.6486 0.6787 0.3447
vn 0.9668 -0.2158 -0.1371
vn -0.9795 -0.1958 0.0478
vn -0.9817 0.1786 -0.0662
vn -0.9825 0.1156 0.1462
vn 0.9981 0.0070 0.0611
vn -0.9839 -0.0976 0.1496
vn -0.9795 -0.1958 -0.0478
vn -0.9817 0.1786 0.0662
vn 0.6694 -0.2299 0.7065
vn 0.6886 -0.3327 -0.6443
vn 0.6838 0.5147 -0.5173
vn 0.9984 -0.0453 -0.0334
vn 0.6443 0.6205 0.4470
vn -0.6819 0.0008 0.7314
vn -0.6816 0.2808 0.6757
vn -0.2496 0.3716 0.8942
vn -0.2506 0.0012 0.9681
vn -0.6815 0.5180 0.5169
vn -0.2483 0.6855 0.6844
vn -0.6813 0.6766 0.2794
vn -0.2475 0.8955 0.3699
vn -0.6811 0.7322 -0.0008
vn -0.2475 0.9689 -0.0015
vn -0.6811 0.6762 -0.2809
vn -0.2471 0.8948 -0.3719
vn -0.6812 0.5171 -0.5182
vn -0.2461 0.6847 -0.6860
vn -0.6819 -0.0009 -0.7314
vn -0.6818 -0.2807 -0.6756
vn -0.2482 -0.3714 -0.8947
vn -0.2471 -0.0009 -0.9690
vn -0.6815 0.2793 -0.6764
vn -0.2466 0.3701 -0.8957
vn -0.6821 -0.5177 -0.5165
vn -0.2492 -0.6853 -0.6843
vn -0.6824 -0.6757 -0.2790
vn -0.2500 -0.8949 -0.3697
vn -0.6824 -0.7310 0.0008
vn -0.2517 -0.9678 0.0006
vn -0.6823 -0.6751 0.2805
vn -0.2522 -0.8937 0.3712
vn -0.6822 -0.5164 0.5176
vn -0.2522 -0.6833 0.6851
vn -0.6822 -0.2791 0.6758
vn -0.2515 -0.3692 0.8947
vn -0.9297 0.2574 -0.2636
vn -0.9189 0.1474 -0.3658
vn -0.9096 -0.2947 0.2930
vn -0.9341 -0.1420 0.3276
vn -0.9290 0.3422 -0.1407
vn -0.9242 -0.3508 0.1507
vn -0.9192 0.3937 -0.0002
vn -0.9314 -0.3641 0.0002
vn -0.9286 0.3434 0.1408
vn -0.9247 -0.3499 -0.1499
vn -0.9107 -0.2932 -0.2909
vn -0.9176 0.1489 0.3685
vn -0.9288 0.2592 0.2649
vn -0.9355 -0.1408 -0.3240
vn -0.9256 0.0085 0.3785
vn -0.9220 0.0039 -0.3872
vn -0.0626 0.0002 0.9980
vn -0.0615 -0.3812 0.9225
vn -0.0642 -0.3823 -0.9218
vn -0.0656 -0.0004 -0.9978
vn -0.0668 0.3815 -0.9219
vn -0.0640 0.3815 0.9222
vn -0.0628 -0.7060 -0.7054
vn -0.0654 0.7060 0.7051
vn -1.0000 -0.0000 -0.0000
vn -0.0616 -0.9222 -0.3817
vn -0.0666 0.9219 0.3817
vn -0.0608 -0.9982 0.0002
vn -0.0604 -0.9222 0.3820
vn -0.0678 0.9215 -0.3824
vn -0.0675 0.9977 0.0002
vn -0.0607 -0.7059 0.7057
vn -0.0675 0.7054 -0.7056
vn -0.9793 0.1663 0.1157
vn -0.9800 -0.0217 -0.1976
vn -0.9793 0.1663 -0.1157
vn -0.9739 -0.0702 0.2159
vn -0.9743 -0.2251 -0.0000
vn -0.9751 -0.0689 -0.2107
vn 0.5585 0.8136 0.1616
vn 0.5636 0.8261 -0.0000
vn 0.5585 0.8136 -0.1616
vn 0.9911 0.0509 -0.1229
vn 0.9965 0.0322 -0.0776
vn 0.9965 -0.0000 -0.0840
vn 0.9911 -0.0000 -0.1330
vn 0.9965 -0.0322 -0.0776
vn 0.9911 -0.0509 -0.1229
vn 0.9911 -0.0509 0.1229
vn 0.9965 -0.0322 0.0776
vn 0.9965 -0.0000 0.0840
vn 0.9911 -0.0000 0.1330
vn 0.9911 0.0941 -0.0941
vn 0.9965 0.0594 -0.0594
vn 0.9911 -0.0941 0.0941
vn 0.9965 -0.0594 0.0594
vn 0.9911 0.1229 -0.0509
vn 0.9965 0.0776 -0.0322
vn 0.9912 -0.1226 0.0508
vn 0.9965 -0.0776 0.0322
vn 0.9911 0.1330 -0.0000
vn 0.9965 0.0840 -0.0000
vn 0.9911 -0.1330 -0.0000
vn 0.9965 -0.0840 -0.0000
vn 0.9911 0.1229 0.0509
vn 0.9965 0.0776 0.0322
vn 0.9911 -0.1230 -0.0509
vn 0.9965 -0.0776 -0.0322
vn 0.9911 0.0940 0.0940
vn 0.9965 0.0594 0.0594
vn 0.9911 -0.0940 -0.0940
vn 0.9965 -0.0594 -0.0594
vn 0.9911 0.0509 0.1230
vn 0.9965 0.0322 0.0776
vn 1.0000 -0.0000 -0.0000
vn 0.9996 -0.0020 0.0287
vn 0.9996 0.0087 0.0275
vn 0.9996 -0.0123 -0.0258
vn 0.9996 -0.0209 -0.0195
vn 0.9996 0.0183 0.0225
vn 0.9996 -0.0265 -0.0104
vn 0.9996 0.0258 0.0148
vn 0.9996 -0.0285 -0.0000
vn 0.9920 -0.1266 -0.0000
vn 0.9981 0.0617 -0.0000
vn 0.9996 -0.0265 0.0104
vn 0.9996 0.0258 -0.0148
vn 0.9996 -0.0209 0.0195
vn 0.9996 0.0183 -0.0225
vn 0.9996 -0.0123 0.0258
vn 0.9996 0.0087 -0.0275
vn 0.9996 -0.0020 -0.0287
vn -0.9033 0.3814 0.1963
vn -0.9977 0.0608 0.0301
vn -0.8926 0.4197 0.1644
vn -0.9973 0.0683 0.0259
vn -0.2549 -0.6837 0.6837
vn 0.7636 -0.0772 -0.6410
vn 0.8575 -0.0597 -0.5110
vn 0.7295 -0.3924 0.5602
vn 0.9930 -0.0147 0.1168
vn 0.7355 -0.3912 0.5532
vn 0.9928 -0.0206 0.1177
vn 0.9925 -0.0293 0.1189
vn 0.9863 -0.1527 -0.0625
vn 0.9933 -0.0773 0.0860
vn 0.9976 0.0677 0.0138
vn 0.9507 0.2310 -0.2068
vn 0.9474 0.2333 -0.2190
vn 0.9978 0.0660 0.0097
vn 0.9977 0.0673 0.0106
vn 0.9457 0.2429 -0.2159
vn 0.8759 0.4283 0.2223
vn 0.9965 0.0705 0.0459
vn 0.9970 0.0695 0.0328
vn 0.9353 0.3530 -0.0252
vn 0.0006 -0.6254 0.7803
vn 0.0007 -0.6251 0.7805
vn 0.9698 0.1904 -0.1528
vn 0.9682 0.1895 -0.1632
vn 0.9585 0.2747 -0.0767
vn -0.2549 0.1886 0.9484
vn -0.2549 0.3701 0.8933
vn -0.2549 -0.8040 0.5372
vn -0.2549 -0.8040 -0.5372
vn -0.2549 -0.6838 -0.6838
vn -0.2548 0.3700 -0.8934
vn -0.2549 0.1887 -0.9484
vn -0.2578 0.0311 -0.9657
vn -0.2549 0.9670 -0.0001
vn -0.2549 0.9484 -0.1887
vn 0.8525 -0.2363 -0.4663
vn 0.7741 -0.2807 -0.5674
vn -0.2559 -0.5932 -0.7633
vn 0.8542 0.4925 0.1666
vn 0.6366 0.4254 0.6433
vn 0.7532 0.3535 0.5547
vn 0.7559 0.4285 -0.4949
vn 0.6504 0.5036 -0.5687
vn 0.5776 0.4706 -0.6670
vn 0.8773 0.4154 -0.2405
vn 0.8431 0.2919 0.4517
vn -0.2628 0.5418 -0.7984
vn 0.9377 0.3228 0.1283
vn 0.9349 0.1965 0.2956
vn 0.9332 -0.2051 -0.2951
vn 0.9420 -0.3276 -0.0731
vn 0.9419 -0.3278 0.0732
vn 0.9352 -0.3541 -0.0000
vn -0.9944 -0.1061 -0.0000
vn -0.9944 -0.1041 0.0207
vn -0.9991 -0.0425 0.0085
vn -0.9991 -0.0433 -0.0000
vn -0.6047 -0.7811 -0.1554
vn -0.2158 -0.9577 -0.1905
vn -0.6047 -0.7964 -0.0000
vn -0.2159 -0.9764 -0.0000
vn -0.6047 -0.7811 0.1553
vn -0.2158 -0.9577 0.1905
vn -0.1561 -0.9688 0.1927
vn -0.0208 -0.9998 -0.0000
vn -0.0207 -0.9806 0.1950
vn -0.0035 -0.9808 0.1951
vn -0.0035 -1.0000 -0.0001
vn -0.5359 -0.8281 0.1647
vn -0.5355 -0.8445 -0.0000
vn -0.0035 -0.9808 -0.1951
vn -0.5367 -0.8275 -0.1645
vn -0.0208 -0.9806 -0.1950
vn -0.9944 -0.1041 -0.0207
vn -0.9991 -0.0425 -0.0084
vn -0.0005 -0.9808 -0.1951
vn -0.2432 -0.9513 -0.1893
vn -0.0003 -1.0000 -0.0000
vn -0.2430 -0.9700 -0.0000
vn -0.2426 -0.9515 0.1893
vn -0.1561 -0.9877 -0.0000
vn -0.0475 -0.9797 0.1948
vn -0.0475 -0.9797 -0.1948
vn -0.0475 -0.9989 -0.0000
vn -0.1561 -0.9688 -0.1927
vn 0.5591 0.7835 -0.2711
vn 0.8093 -0.4752 0.3453
vn 0.9975 -0.0568 0.0413
vn 0.9975 -0.0246 -0.0661
vn 0.8985 -0.4279 0.0980
vn 0.9457 0.2429 0.2159
vn 0.9585 0.2747 0.0767
vn 0.9353 0.3530 0.0252
vn 0.9869 0.1305 -0.0948
vn 0.8401 0.4388 -0.3189
vn 0.9474 0.2333 0.2190
vn 0.9683 0.1894 0.1631
vn 0.8759 0.4283 -0.2223
vn 0.7745 -0.1968 -0.6012
vn 0.5835 -0.1032 -0.8055
vn 0.3224 -0.4523 -0.8315
vn 0.6877 -0.4261 -0.5879
vn 0.9977 0.0673 -0.0106
vn 0.9970 0.0695 -0.0328
vn 0.9933 -0.0773 -0.0860
vn 0.9925 -0.0293 -0.1189
vn 0.9698 0.1904 0.1528
vn 0.9980 0.0511 -0.0371
vn 0.9928 -0.0206 -0.1177
vn 0.9930 -0.0147 -0.1168
vn 0.9976 0.0677 -0.0138
vn 0.9978 0.0660 -0.0097
vn 0.9863 -0.1527 0.0625
vn 0.9965 0.0704 -0.0459
vn 0.9971 0.0613 -0.0446
vn 0.9759 -0.1767 0.1284
vn 0.9985 0.0448 -0.0325
vn 0.9507 0.2310 0.2068
vn 0.0501 -0.5796 -0.8134
vn 0.0005 -0.6253 -0.7804
vn 0.0006 -0.6251 -0.7806
vn 0.0996 -0.5650 -0.8191
vn -0.9977 0.0608 -0.0301
vn -0.9980 0.0512 -0.0372
vn 0.8603 -0.4237 -0.2836
vn 0.7355 -0.3912 -0.5532
vn 0.7296 -0.3923 -0.5601
vn 0.7118 0.2876 -0.6408
vn 0.8478 0.1569 -0.5066
vn -0.9973 0.0683 -0.0259
vn 0.8791 0.3762 -0.2927
vn 0.8186 0.4324 -0.3780
vn 0.9410 0.1585 -0.2989
vn 0.9569 0.2483 -0.1509
vn 0.9349 0.3110 -0.1711
vn 0.6207 0.4405 -0.6486
vn 0.4930 -0.0018 -0.8700
vn -0.9033 0.3814 -0.1963
vn -0.8926 0.4197 -0.1644
vn -0.7364 0.6342 -0.2355
vn -0.7465 0.5941 -0.2996
vn -0.9116 0.3325 -0.2416
vn -0.7525 0.5328 -0.3872
vn -0.5004 0.7956 -0.3414
vn -0.4589 0.7723 -0.4392
vn -0.4590 0.7191 -0.5218
vn -0.2705 0.9118 -0.3089
vn -0.3467 0.8744 -0.3394
vn -0.2560 0.9285 -0.2689
vn 0.9465 0.2611 -0.1897
vn 0.9245 0.3115 -0.2198
vn 0.7028 0.5631 -0.4347
vn 0.9447 -0.1523 -0.2904
vn 0.6056 0.6769 -0.4184
vn 0.2188 -0.4187 -0.8814
vn 0.8985 -0.2254 0.3767
vn 0.9975 0.0553 0.0438
vn 0.9457 -0.1303 -0.2977
vn 0.9353 0.0851 -0.3435
vn 0.9585 0.0119 -0.2850
vn 0.9683 -0.0966 -0.2305
vn 0.9474 -0.1363 -0.2895
vn 0.8759 0.3437 -0.3387
vn 0.7745 0.5110 0.3729
vn 0.6877 0.4275 0.5868
vn 0.3224 0.6511 0.6871
vn 0.5835 0.7343 0.3470
vn 0.9977 0.0309 -0.0608
vn 0.9925 0.1040 0.0646
vn 0.9933 0.0579 0.1001
vn 0.9970 0.0527 -0.0560
vn 0.9698 -0.0865 -0.2282
vn 0.9928 0.1056 0.0559
vn 0.9978 0.0296 -0.0598
vn 0.9976 0.0341 -0.0601
vn 0.9930 0.1066 0.0500
vn 0.9863 -0.1066 0.1260
vn 0.9965 0.0654 -0.0529
vn 0.9507 -0.1253 -0.2836
vn 0.0501 0.5946 0.8025
vn 0.0996 0.6045 0.7904
vn 0.0007 0.5494 0.8356
vn 0.0006 0.5491 0.8357
vn -0.9977 0.0474 -0.0485
vn 0.8603 0.1389 0.4906
vn 0.7355 0.4053 0.5429
vn 0.7296 0.4116 0.5461
vn 0.7118 0.6983 -0.0756
vn 0.8479 0.5302 0.0073
vn -0.9973 0.0458 -0.0570
vn 0.8984 0.3602 -0.2513
vn 0.9410 0.3332 -0.0585
vn 0.8186 0.4931 -0.2945
vn 0.9305 0.2756 -0.2413
vn 0.9569 0.2202 -0.1895
vn 0.6207 0.7530 -0.2186
vn 0.4930 0.8269 0.2704
vn -0.9033 0.3046 -0.3022
vn -0.7465 0.4685 -0.4726
vn -0.7362 0.4201 -0.5306
vn -0.8926 0.2860 -0.3484
vn -0.4946 0.5727 -0.6537
vn -0.4613 0.6549 -0.5986
vn -0.2719 0.5753 -0.7714
vn -0.3398 0.5946 -0.7287
vn 0.7028 0.5873 -0.4013
vn 0.9447 0.2291 0.2346
vn 0.8541 0.3401 -0.3934
vn 0.6056 0.6070 -0.5145
vn 0.2188 0.7089 0.6705
vn 0.8093 0.1815 0.5586
vn 0.9975 0.0217 0.0668
vn 0.9975 -0.0705 0.0030
vn 0.8985 -0.0390 0.4372
vn 0.9457 0.2804 -0.1643
vn 0.9585 0.1579 -0.2376
vn 0.9353 0.1330 -0.3280
vn 0.9869 -0.0498 -0.1534
vn 0.8401 -0.1677 -0.5158
vn 0.9474 0.2804 -0.1542
vn 0.9683 0.2137 -0.1298
vn 0.8759 -0.0791 -0.4760
vn 0.7745 -0.6326 0.0015
vn 0.5835 -0.7980 -0.1508
vn 0.3224 -0.9306 0.1733
vn 0.6877 -0.6907 0.2236
vn 0.9977 0.0107 -0.0673
vn 0.9970 -0.0097 -0.0762
vn 0.9933 -0.1057 0.0470
vn 0.9925 -0.1221 -0.0089
vn 0.9698 0.2041 -0.1338
vn 0.9980 -0.0195 -0.0600
vn 0.9928 -0.1183 -0.0168
vn 0.9930 -0.1157 -0.0221
vn 0.9976 0.0078 -0.0687
vn 0.9978 0.0112 -0.0657
vn 0.9863 0.0122 0.1646
vn 0.9965 -0.0219 -0.0812
vn 0.9971 -0.0234 -0.0721
vn 0.9759 0.0675 0.2077
vn 0.9985 -0.0171 -0.0527
vn 0.9507 0.2681 -0.1558
vn 0.0501 -0.9527 0.2999
vn 0.0006 -0.9354 0.3535
vn 0.0007 -0.9355 0.3532
vn 0.0996 -0.9536 0.2843
vn -0.9977 -0.0098 -0.0671
vn -0.9980 -0.0196 -0.0602
vn 0.8603 -0.4006 0.3153
vn 0.7355 -0.6470 0.2011
vn 0.7296 -0.6540 0.2000
vn 0.7118 -0.5206 -0.4716
vn 0.8478 -0.4333 -0.3058
vn -0.9973 -0.0035 -0.0730
vn 0.8924 -0.1537 -0.4242
vn 0.8186 -0.2259 -0.5280
vn 0.9410 -0.2353 -0.2431
vn 0.9569 -0.0668 -0.2828
vn 0.9485 -0.0672 -0.3095
vn 0.6207 -0.4808 -0.6193
vn 0.4930 -0.8280 -0.2671
vn -0.9033 -0.0688 -0.4234
vn -0.8926 -0.0267 -0.4500
vn -0.7365 -0.0281 -0.6759
vn -0.7465 -0.1013 -0.6576
vn -0.9116 -0.1270 -0.3909
vn -0.7525 -0.2036 -0.6264
vn -0.4936 -0.0791 -0.8661
vn -0.4676 -0.1772 -0.8660
vn -0.4557 -0.2753 -0.8465
vn -0.2785 -0.0122 -0.9603
vn -0.3419 -0.0527 -0.9382
vn 0.9465 -0.0997 -0.3070
vn 0.9272 -0.1143 -0.3568
vn 0.7028 -0.2394 -0.6699
vn 0.9447 -0.3232 0.0552
vn 0.6056 -0.1888 -0.7730
vn 0.2188 -0.9676 0.1259
vn 0.9366 -0.1569 -0.3134
vn 0.8985 0.2886 0.3308
vn 0.9975 0.0588 -0.0390
vn 0.9457 -0.3234 0.0320
vn 0.9353 -0.3004 -0.1871
vn 0.9585 -0.2673 -0.0994
vn 0.9683 -0.2491 0.0206
vn 0.9474 -0.3175 0.0401
vn 0.8759 -0.2159 -0.4316
vn 0.7745 0.5125 -0.3707
vn 0.6877 0.6902 -0.2253
vn 0.3224 0.8546 -0.4070
vn 0.5835 0.5569 -0.5911
vn 0.9977 -0.0483 -0.0481
vn 0.9925 0.0936 -0.0790
vn 0.9933 0.1131 -0.0241
vn 0.9970 -0.0370 -0.0674
vn 0.9698 -0.2438 0.0118
vn 0.9928 0.0858 -0.0831
vn 0.9978 -0.0477 -0.0466
vn 0.9976 -0.0467 -0.0510
vn 0.9930 0.0806 -0.0859
vn 0.9863 0.0869 0.1403
vn 0.9965 -0.0300 -0.0786
vn 0.9507 -0.3084 0.0316
vn 0.0501 0.9469 -0.3176
vn 0.0996 0.9385 -0.3307
vn 0.0007 0.9644 -0.2643
vn 0.0006 0.9645 -0.2640
vn -0.9977 -0.0315 -0.0601
vn 0.8603 0.5095 0.0195
vn 0.7355 0.6416 -0.2177
vn 0.7295 0.6466 -0.2228
vn 0.7118 0.1439 -0.6875
vn 0.8479 0.1707 -0.5020
vn -0.9973 -0.0401 -0.0611
vn 0.8791 -0.1323 -0.4579
vn 0.9410 0.0474 -0.3350
vn 0.8186 -0.1277 -0.5600
vn 0.9569 -0.1122 -0.2680
vn 0.6207 0.0248 -0.7837
vn 0.4930 0.5127 -0.7029
vn -0.9033 -0.1932 -0.3830
vn -0.7465 -0.3047 -0.5915
vn -0.7364 -0.3747 -0.5633
vn -0.8926 -0.2430 -0.3797
vn -0.4959 -0.4445 -0.7460
vn -0.4629 -0.3656 -0.8075
vn -0.2758 -0.5554 -0.7846
vn -0.3479 -0.5077 -0.7882
vn 0.7028 -0.2002 -0.6826
vn 0.6604 -0.3441 -0.6674
vn 0.9447 0.2939 -0.1454
vn 0.5730 -0.4742 -0.6684
vn 0.6056 -0.3018 -0.7363
vn 0.2188 0.8567 -0.4670
vn 0.9312 -0.0564 -0.3600
vn 0.9279 -0.1430 -0.3443
vn 0.9359 0.2407 -0.2573
vn 0.9367 0.2877 -0.1996
vn 0.9357 0.2409 0.2576
vn 0.9366 0.2879 0.1997
vn 0.7516 -0.5739 0.3251
vn -0.0000 -0.9218 0.3876
vn -0.0000 -0.7029 0.7113
vn 0.7443 -0.3583 0.5636
vn 0.7478 -0.6213 0.2339
vn -0.0000 -0.9248 0.3804
vn -0.0000 -0.7088 0.7055
vn 0.7500 -0.5025 0.4301
vn -0.0000 0.7087 0.7055
vn -0.0000 0.9254 0.3789
vn 0.7333 0.6579 0.1716
vn 0.7439 0.5199 0.4199
vn -0.0000 0.9224 -0.3861
vn -0.0000 0.7056 -0.7086
vn 0.7531 0.4230 -0.5038
vn 0.7549 0.5690 -0.3262
vn 0.7353 -0.5650 0.3743
vn -0.0000 -0.7113 0.7029
vn -0.0000 -0.3875 0.9218
vn 0.7558 -0.3152 0.5739
vn 0.7527 -0.3313 0.5688
vn -0.0000 -0.3863 0.9224
vn -0.0000 -0.0037 1.0000
vn 0.7641 -0.0427 0.6437
vn 0.7454 -0.0141 0.6664
vn -0.0000 -0.0017 1.0000
vn -0.0000 0.3810 0.9246
vn 0.7419 0.2261 0.6313
vn -0.0000 -0.3799 -0.9250
vn -0.0000 -0.7029 -0.7113
vn 0.7437 -0.3875 -0.5447
vn 0.7259 -0.1806 -0.6636
vn -0.0000 -0.3875 -0.9219
vn -0.0000 -0.7112 -0.7030
vn 0.7450 -0.5631 -0.3576
vn 0.7525 -0.3255 -0.5725
vn -0.0000 -0.3812 0.9245
vn 0.7415 -0.2225 0.6330
vn 0.7636 -0.6444 0.0413
vn -0.0000 -1.0000 0.0035
vn -0.0000 -0.9224 0.3861
vn 0.7596 -0.5582 0.3337
vn 0.7636 -0.6444 -0.0413
vn -0.0000 -1.0000 -0.0035
vn -0.0000 0.7089 -0.7053
vn -0.0000 0.3860 -0.9225
vn 0.7624 0.3087 -0.5687
vn 0.7439 0.5199 -0.4199
vn 1.0000 -0.0036 0.0053
vn 1.0000 -0.0047 0.0031
vn 1.0000 0.0041 0.0009
vn 1.0000 0.0008 -0.0038
vn 1.0000 0.0023 -0.0034
vn 1.0000 -0.0003 -0.0042
vn 1.0000 0.0020 0.0014
vn 1.0000 0.0023 0.0034
vn 1.0000 -0.0003 0.0041
vn 1.0000 -0.0009 0.0043
vn 1.0000 -0.0016 0.0024
vn 1.0000 -0.0044 -0.0002
vn -0.0000 -0.3812 -0.9245
vn -0.0000 -0.7050 -0.7092
vn 0.7493 -0.4262 -0.5069
vn 0.7416 -0.2224 -0.6329
vn -0.0000 0.3810 -0.9246
vn -0.0000 -0.0008 -1.0000
vn 0.7452 -0.0154 -0.6666
vn 0.7396 0.2202 -0.6360
vn -0.0000 0.0033 1.0000
vn 0.7668 0.0401 0.6407
vn -0.0000 0.9254 -0.3790
vn 0.7322 0.6532 -0.1928
vn 0.7474 0.6644 -0.0000
vn -0.0000 0.0033 -1.0000
vn 0.7651 0.0393 -0.6427
vn -0.0000 -0.9225 -0.3861
vn 0.7593 -0.5696 -0.3146
vn 0.7519 0.3230 0.5747
vn -0.0000 0.3875 0.9219
vn -0.0000 0.7113 0.7029
vn 0.7447 0.5633 0.3579
vn -0.0000 0.7035 0.7107
vn 0.7538 0.4311 0.4959
vn -0.0000 1.0000 0.0036
vn -0.0000 0.9219 -0.3875
vn 0.7566 0.5662 -0.3269
vn 0.7628 0.6452 0.0433
vn -0.0000 -0.0037 -1.0000
vn -0.0000 -0.3863 -0.9224
vn 0.7590 -0.3357 -0.5578
vn 0.7623 -0.0470 -0.6455
vn -0.0000 0.9248 -0.3806
vn -0.0000 0.7114 -0.7028
vn 0.7442 0.5444 -0.3871
vn 0.7257 0.6640 -0.1804
vn -0.0000 0.0001 -1.0000
vn 0.7356 -0.0005 -0.6774
vn -0.0000 -0.9219 -0.3874
vn 0.7549 -0.5752 -0.3150
vn -0.0000 0.3775 -0.9260
vn 0.7273 0.1799 -0.6623
vn -0.0000 0.7029 -0.7113
vn 0.7442 0.3583 -0.5637
vn -0.0000 -0.3798 0.9251
vn 0.7331 -0.1680 0.6591
vn 0.7378 -0.6750 -0.0000
vn -0.0000 -0.9253 0.3792
vn 0.7342 -0.6513 0.1914
vn -0.0000 0.3774 0.9260
vn -0.0000 0.7029 0.7113
vn 0.7437 0.3876 0.5447
vn 0.7274 0.1798 0.6622
vn 0.7569 0.3223 0.5685
vn -0.0000 0.3860 0.9225
vn 0.7355 -0.0005 0.6775
vn -0.0000 0.0001 1.0000
vn -0.0000 0.9224 0.3861
vn 0.7549 0.5690 0.3262
vn -0.0000 -0.9253 -0.3793
vn 0.7273 -0.6623 -0.1801
vn 0.7520 0.3229 -0.5747
vn -0.0000 0.3875 -0.9219
vn -0.0000 1.0000 -0.0036
vn 0.7628 0.6452 -0.0433
vn 0.7402 -0.6724 0.0010
vn -0.0000 -1.0000 0.0001
vn -0.0000 0.9219 0.3875
vn 0.7517 0.5737 0.3254
vn 0.7443 -0.4219 0.5178
vn -0.0000 -0.7050 0.7092
vn 0.7462 -0.5104 -0.4274
vn -0.0000 -0.7089 -0.7053
vn 0.7467 -0.6235 -0.2316
vn 0.7344 0.6787 -0.0011
vn -0.0000 0.9268 0.3755
vn 0.7346 0.6572 0.1686
vn 1.0000 0.0035 -0.0053
vn 1.0000 0.0047 -0.0032
vn 1.0000 -0.0033 -0.0007
vn 1.0000 -0.0053 -0.0036
vn 1.0000 0.0016 -0.0024
vn 1.0000 0.0036 -0.0024
vn 1.0000 0.0053 0.0036
vn 1.0000 0.0032 0.0048
vn 1.0000 -0.0007 -0.0037
vn 1.0000 -0.0032 0.0047
vn 1.0000 0.0005 -0.0028
vn 1.0000 -0.0011 0.0055
vn 1.0000 0.0053 -0.0036
vn 1.0000 0.0047 -0.0009
vn 1.0000 0.0021 0.0004
vn 1.0000 -0.0035 -0.0007
vn 1.0000 -0.0032 -0.0022
vn 1.0000 0.0048 0.0032
vn 1.0000 0.0036 0.0053
vn 1.0000 -0.0022 0.0033
vn 1.0000 -0.0027 0.0018
vn 1.0000 -0.0032 -0.0048
vn 1.0000 0.0040 -0.0008
vn 1.0000 0.0040 0.0008
vn 1.0000 0.0015 0.0022
vn 1.0000 0.0002 0.0013
vn 1.0000 -0.0047 -0.0031
vn 1.0000 -0.0016 0.0003
vn 1.0000 -0.0018 0.0004
vn 1.0000 0.0008 -0.0002
vn 1.0000 -0.0032 0.0022
vn 1.0000 -0.0009 -0.0043
vn 1.0000 0.0018 0.0004
vn 1.0000 -0.0023 -0.0034
vn 1.0000 -0.0053 0.0036
vn 1.0000 -0.0027 -0.0018
vn 0.4974 -0.8675 -0.0000
vn 0.4597 -0.8046 -0.3758
vn -0.1334 -0.9665 -0.2191
vn -0.1124 -0.9937 -0.0000
vn -0.5623 -0.4473 0.6955
vn -0.2021 0.3987 0.8946
vn -0.0108 0.0238 0.9997
vn -0.3957 -0.6457 0.6531
vn -0.1910 -0.8982 0.3958
vn 0.3535 -0.6256 0.6955
vn 0.4597 -0.8046 0.3758
vn -0.1334 -0.9665 0.2191
vn 0.3535 -0.6256 -0.6955
vn -0.1910 -0.8982 -0.3958
vn 0.1899 -0.3422 -0.9202
vn -0.2727 -0.7940 -0.5433
vn -0.0108 0.0238 -0.9997
vn -0.2021 0.3987 -0.8946
vn -0.5623 -0.4473 -0.6955
vn -0.3957 -0.6457 -0.6531
vn -0.9999 0.0166 -0.0000
vn -0.4214 0.9069 -0.0000
vn -0.4041 0.8572 0.3192
vn -0.9265 -0.0544 0.3722
vn -0.3376 0.6920 -0.6380
vn -0.7543 -0.2358 -0.6128
vn -0.4041 0.8572 -0.3192
vn -0.9265 -0.0544 -0.3722
vn -0.3376 0.6920 0.6380
vn -0.7543 -0.2358 0.6128
vn 0.1899 -0.3422 0.9202
vn -0.2727 -0.7940 0.5433
vn -0.7858 -0.6185 -0.0000
vn -0.7847 -0.6199 -0.0042
vn -0.7794 -0.6265 -0.0000
vn -0.7803 -0.6253 -0.0128
vn -0.8042 -0.5941 0.0201
vn -0.8000 -0.5998 0.0175
vn -0.7883 -0.6151 0.0156
vn -0.7801 -0.6256 0.0122
vn -0.7844 -0.6203 0.0041
vn -0.7789 -0.6270 -0.0162
vn -0.7883 -0.6150 -0.0162
vn -0.8042 -0.5941 -0.0201
vn -0.8032 -0.5955 -0.0143
vn -0.8019 -0.5974 -0.0000
vn -0.7791 -0.6267 0.0163
vn -0.8032 -0.5956 0.0145
vn -0.7997 -0.6002 -0.0179
vn 1.0000 -0.0018 -0.0004
vn 1.0000 -0.0013 -0.0003
vn 1.0000 0.0047 0.0009
vn 1.0000 0.0029 -0.0019
vn 1.0000 -0.0032 0.0006
vn 1.0000 0.0008 -0.0039
vn 1.0000 -0.0017 -0.0025
vn 1.0000 -0.0035 0.0007
vn 1.0000 0.0008 0.0040
vn 1.0000 -0.0007 0.0037
vn 1.0000 0.0008 0.0038
vn 1.0000 0.0032 -0.0047
vn 1.0000 -0.0003 -0.0016
vn 1.0000 -0.0005 -0.0025
vn 1.0000 0.0035 0.0024
vn 1.0000 -0.0036 -0.0055
vn 0.8867 -0.0000 -0.4623
vn 0.8867 0.4004 -0.2312
vn 0.9879 0.1341 -0.0774
vn 0.9879 -0.0000 -0.1548
vn 0.8867 0.4004 0.2312
vn 0.8867 -0.0000 0.4623
vn 0.9879 -0.0000 0.1548
vn 0.9879 0.1341 0.0774
vn 0.8867 -0.4004 0.2312
vn 0.8867 -0.4004 -0.2312
vn 0.9879 -0.1341 -0.0774
vn 0.9879 -0.1340 0.0775
vn -0.0000 0.5000 0.8660
vn -0.0000 0.5000 -0.8660
vn -0.0000 -0.5000 -0.8660
vn -0.0000 -0.5000 0.8660
vn 0.8867 0.4623 -0.0000
vn 0.8867 0.2312 0.4004
vn 0.9879 0.0774 0.1341
vn 0.9879 0.1548 -0.0000
vn 0.8867 -0.2312 0.4004
vn 0.8867 -0.4623 -0.0000
vn 0.9879 -0.1548 -0.0000
vn 0.9879 -0.0774 0.1341
vn 0.8867 -0.2312 -0.4004
vn 0.8867 0.2312 -0.4004
vn 0.9879 0.0774 -0.1341
vn 0.9879 -0.0774 -0.1340
vn -0.0000 -0.8660 0.5000
vn -0.0000 0.8660 0.5000
vn -0.0000 0.8660 -0.5000
vn -0.0000 -0.8660 -0.5000
vn 0.9879 -0.1341 0.0774
vn 0.9879 0.1340 -0.0774
vn 0.9879 -0.0774 -0.1341
vn 0.9879 0.0775 0.1340
vn 0.9966 0.0015 -0.0826
vn 0.9940 -0.0639 -0.0884
vn 0.9993 -0.0366 0.0085
vn 0.9980 -0.0528 0.0352
vn 0.9942 -0.0864 -0.0645
vn 0.9968 -0.0804 -0.0000
vn 0.9951 0.0675 -0.0717
vn 0.9972 0.0540 -0.0509
vn 0.9942 0.0870 0.0625
vn 0.9967 0.0814 0.0038
vn 0.9978 -0.0544 -0.0366
vn 0.9992 -0.0389 -0.0111
vn 0.9941 0.0872 -0.0648
vn 0.9951 0.0675 0.0717
vn 0.9970 0.0772 -0.0000
vn 0.9942 -0.0563 -0.0914
vn 0.9903 -0.1024 -0.0938
vn 0.9903 0.1032 -0.0931
vn 0.9961 0.0660 -0.0577
vn 0.9903 -0.0922 -0.1040
vn 0.9944 -0.0892 -0.0567
vn 0.9995 -0.0304 0.0040
vn 0.9989 -0.0294 0.0368
vn 0.9990 -0.0170 0.0421
vn 0.9944 -0.0892 0.0567
vn 0.9903 -0.0922 0.1040
vn 0.9942 -0.0864 0.0644
vn 0.9968 0.0664 -0.0451
vn 0.9957 0.0563 -0.0737
vn 0.9941 0.0628 0.0883
vn 0.9903 0.0922 0.1040
vn 0.9957 0.0564 0.0737
vn 0.9968 0.0665 0.0451
vn 0.9945 0.0538 -0.0894
vn 0.9965 -0.0512 -0.0656
vn 0.9986 0.0234 0.0476
vn 0.9974 0.0434 0.0580
vn 0.9961 0.0660 0.0577
vn 0.9972 0.0540 0.0509
vn 0.9965 -0.0511 0.0656
vn 0.9945 0.0537 0.0895
vn 0.9967 0.0432 0.0694
vn 0.9967 -0.0666 -0.0472
vn 0.9903 0.0922 -0.1040
vn 0.9941 0.0629 -0.0883
vn 0.9903 -0.1024 0.0938
vn 0.9942 -0.0563 0.0914
vn 0.9967 -0.0666 0.0471
vn 0.9960 -0.0537 0.0716
vn 0.9984 -0.0343 0.0440
vn 0.9966 0.0441 -0.0696
vn 0.9985 -0.0334 -0.0434
vn 0.9960 -0.0537 -0.0716
vn 0.9903 0.1031 0.0931
vn 0.9974 0.0434 -0.0580
vn 0.9956 -0.0769 -0.0536
vn 0.9940 -0.0639 0.0884
vn 0.9986 0.0236 -0.0476
vn 0.9990 -0.0158 -0.0423
vn 0.9944 0.0891 -0.0564
vn 0.9944 0.0891 0.0564
vn 0.9956 -0.0770 0.0536
vn 0.9966 0.0017 0.0826
vn 0.9988 -0.0312 -0.0370
vn -0.3972 -0.0399 0.9169
vn -0.7275 -0.0138 0.6860
vn 0.8790 -0.2619 -0.3984
vn 0.9564 -0.2921 0.0001
vn -0.4249 -0.0217 -0.9050
vn -0.0083 -0.0922 -0.9957
vn 0.6644 -0.2040 -0.7190
vn -0.7300 -0.0123 -0.6834
vn 0.8776 -0.2606 0.4025
vn 0.6848 -0.2211 0.6944
vn -0.9229 -0.0039 0.3850
vn 0.3452 -0.1316 0.9292
vn -0.0415 -0.0687 0.9968
vn -1.0000 0.0055 -0.0001
vn -0.9245 -0.0031 -0.3813
vn 0.3473 -0.1331 -0.9283
vn 0.0001 -0.0001 -1.0000
vn -0.4875 0.7158 -0.5000
vn -0.3438 0.7992 -0.4930
vn 0.1372 0.0934 -0.9861
vn 0.1431 0.0976 0.9849
vn 0.1371 0.0933 0.9862
vn 0.6179 -0.6124 0.4930
vn 0.6233 -0.6074 0.4925
vn 0.6180 -0.6124 -0.4930
vn 0.6234 -0.6074 -0.4924
vn -0.3371 0.8025 -0.4923
vn -0.3439 0.7991 0.4931
vn -0.3371 0.8025 0.4923
vn 0.1432 0.0977 -0.9849
vn -0.8263 -0.5632 -0.0003
vn -0.8267 -0.5627 -0.0003
vn -0.4875 0.7158 0.5000
vn 0.0001 -0.0001 1.0000
vn 0.4875 -0.7158 0.4999
vn 0.0512 0.0349 -0.9981
vn -0.4875 0.7157 -0.5001
vn -0.4355 0.7493 -0.4990
vn -0.4355 0.7492 0.4990
vn -0.4877 0.7159 0.4996
vn 0.0001 -0.0002 1.0000
vn 0.0512 0.0348 0.9981
vn 0.5377 -0.6796 -0.4990
vn 0.4876 -0.7158 -0.4999
vn 0.5378 -0.6796 0.4990
vn 0.4875 -0.7158 -0.4999
vn -0.8263 -0.5632 0.0003
vn -0.8267 -0.5627 0.0003
vn -0.8267 -0.5627 -0.0000
vn 0.7954 0.5412 -0.2729
vn 0.5355 0.8165 -0.2158
vn 0.5355 0.8165 0.2158
vn 0.7953 0.5414 0.2729
vn 0.2767 0.1883 0.9423
vn 0.7360 -0.4862 0.4711
vn 0.7360 -0.4861 -0.4711
vn -0.1827 0.8629 -0.4711
vn -0.1828 0.8629 0.4711
vn 0.2768 0.1884 -0.9423
vn 0.9560 0.1987 -0.2156
vn 0.9561 0.1987 0.2156
vt 0.436167 0.377716
vt 0.439408 0.371203
vt 0.442133 0.370608
vt 0.437647 0.378705
vt 0.483527 0.298654
vt 0.474159 0.325351
vt 0.481481 0.293439
vt 0.469847 0.343777
vt 0.461318 0.355473
vt 0.478849 0.284255
vt 0.480798 0.279226
vt 0.483488 0.251728
vt 0.488157 0.251728
vt 0.913567 0.283453
vt 0.934617 0.301461
vt 0.913728 0.313673
vt 0.934792 0.318479
vt 0.935178 0.335498
vt 0.351998 0.402241
vt 0.355604 0.395232
vt 0.352638 0.394102
vt 0.351382 0.402058
vt 0.461286 0.353369
vt 0.453915 0.358595
vt 0.453982 0.355836
vt 0.460903 0.351283
vt 0.358173 0.384401
vt 0.352310 0.371163
vt 0.379922 0.357379
vt 0.374223 0.351685
vt 0.471200 0.324391
vt 0.472719 0.324881
vt 0.441692 0.360728
vt 0.441986 0.365372
vt 0.411141 0.367464
vt 0.415077 0.359611
vt 0.360216 0.388335
vt 0.387341 0.361433
vt 0.345293 0.407596
vt 0.345946 0.407933
vt 0.406138 0.374916
vt 0.446549 0.359831
vt 0.445551 0.364266
vt 0.453790 0.361355
vt 0.452410 0.366569
vt 0.446517 0.356801
vt 0.931158 0.341099
vt 0.914109 0.343889
vt 0.929453 0.347826
vt 0.929187 0.354698
vt 0.550747 0.835496
vt 0.541640 0.812724
vt 0.548683 0.810430
vt 0.556692 0.831306
vt 0.564714 0.855663
vt 0.568199 0.850458
vt 0.556029 0.808042
vt 0.563659 0.828049
vt 0.564721 0.805217
vt 0.572393 0.825381
vt 0.582334 0.844528
vt 0.574195 0.846786
vt 0.416531 0.352366
vt 0.439757 0.356556
vt 0.598335 0.817447
vt 0.608163 0.837491
vt 0.411847 0.831217
vt 0.384041 0.823648
vt 0.384478 0.822348
vt 0.412199 0.829870
vt 0.431201 0.836533
vt 0.431584 0.835111
vt 0.453238 0.842402
vt 0.453855 0.841140
vt 0.477949 0.811776
vt 0.468137 0.838413
vt 0.467803 0.836941
vt 0.477328 0.811574
vt 0.461320 0.843108
vt 0.461507 0.841288
vt 0.389676 0.808743
vt 0.416524 0.816616
vt 0.415675 0.819181
vt 0.388741 0.811258
vt 0.435742 0.822260
vt 0.457821 0.828748
vt 0.456995 0.831392
vt 0.434904 0.824858
vt 0.465464 0.825685
vt 0.472152 0.809892
vt 0.473602 0.810363
vt 0.466277 0.827796
vt 0.462184 0.828658
vt 0.462254 0.831345
vt 0.370553 0.344366
vt 0.367900 0.320117
vt 0.349649 0.322394
vt 0.351079 0.351157
vt 0.393692 0.797756
vt 0.420098 0.806021
vt 0.590093 0.796970
vt 0.439055 0.811955
vt 0.424012 0.794245
vt 0.442798 0.800351
vt 0.464387 0.807368
vt 0.460838 0.818776
vt 0.397745 0.785708
vt 0.317476 0.411865
vt 0.317573 0.412697
vt 0.443729 0.382769
vt 0.447619 0.385363
vt 0.930619 0.261953
vt 0.934821 0.267419
vt 0.934569 0.284439
vt 0.219060 0.402255
vt 0.218444 0.402072
vt 0.219700 0.394116
vt 0.222666 0.395245
vt 0.480218 0.295121
vt 0.478682 0.296584
vt 0.475760 0.288832
vt 0.477328 0.286561
vt 0.219372 0.371176
vt 0.225235 0.384415
vt 0.241285 0.351699
vt 0.246984 0.357392
vt 0.468695 0.277649
vt 0.446509 0.262905
vt 0.447942 0.254238
vt 0.471663 0.274065
vt 0.254404 0.361446
vt 0.227278 0.388348
vt 0.212355 0.407610
vt 0.213008 0.407947
vt 0.448276 0.245269
vt 0.473005 0.267832
vt 0.473897 0.277056
vt 0.472097 0.281230
vt 0.474859 0.269917
vt 0.470289 0.283662
vt 0.913593 0.253235
vt 0.928552 0.248365
vt 0.928878 0.255235
vt 0.535617 0.788945
vt 0.542889 0.788840
vt 0.535058 0.764421
vt 0.540937 0.766582
vt 0.550440 0.787378
vt 0.559074 0.784401
vt 0.547947 0.766028
vt 0.555857 0.763068
vt 0.464677 0.279886
vt 0.443425 0.269620
vt 0.584722 0.775567
vt 0.580888 0.753568
vt 0.435907 0.757192
vt 0.435400 0.758488
vt 0.408554 0.748275
vt 0.408965 0.746966
vt 0.454688 0.764270
vt 0.454162 0.765646
vt 0.475965 0.772480
vt 0.475721 0.773863
vt 0.484535 0.785460
vt 0.485671 0.784466
vt 0.481998 0.778243
vt 0.482917 0.776660
vt 0.404759 0.762336
vt 0.405480 0.759739
vt 0.431927 0.769179
vt 0.431106 0.771753
vt 0.449970 0.778486
vt 0.450819 0.775892
vt 0.472530 0.783595
vt 0.471644 0.786219
vt 0.476026 0.793190
vt 0.477924 0.791961
vt 0.476756 0.786724
vt 0.475120 0.788857
vt 0.237615 0.344379
vt 0.218141 0.351171
vt 0.216712 0.322407
vt 0.234962 0.320129
vt 0.427767 0.782424
vt 0.401548 0.773585
vt 0.446590 0.788769
vt 0.468222 0.796059
vt 0.170518 0.437851
vt 0.179453 0.440561
vt 0.193267 0.471054
vt 0.227850 0.411865
vt 0.227943 0.412697
vt 0.256314 0.407933
vt 0.255662 0.407596
vt 0.231045 0.961007
vt 0.241461 0.960794
vt 0.232480 0.965128
vt 0.253402 0.960642
vt 0.253402 0.968807
vt 0.230391 0.938004
vt 0.241215 0.937968
vt 0.236321 0.967329
vt 0.265972 0.395231
vt 0.270584 0.388334
vt 0.268541 0.384401
vt 0.263006 0.394102
vt 0.228276 0.961038
vt 0.229945 0.966025
vt 0.220259 0.968389
vt 0.218035 0.961065
vt 0.240999 0.918106
vt 0.240697 0.890439
vt 0.253402 0.890569
vt 0.253402 0.918188
vt 0.216884 0.938021
vt 0.215876 0.917966
vt 0.227117 0.917968
vt 0.227662 0.938009
vt 0.226339 0.973032
vt 0.234565 0.968754
vt 0.253402 0.970332
vt 0.253402 0.974250
vt 0.253402 0.937941
vt 0.214462 0.889278
vt 0.226326 0.889903
vt 0.229818 0.917982
vt 0.284591 0.351684
vt 0.280920 0.344365
vt 0.261446 0.351157
vt 0.262678 0.371162
vt 0.750977 0.913848
vt 0.772993 0.912340
vt 0.772519 0.939463
vt 0.750977 0.940527
vt 0.229007 0.890015
vt 0.278266 0.320115
vt 0.260016 0.322393
vt 0.218470 0.968773
vt 0.216643 0.960869
vt 0.225043 0.973805
vt 0.253402 0.974903
vt 0.215413 0.938097
vt 0.214487 0.918048
vt 0.213090 0.889264
vt 0.203936 0.469989
vt 0.207305 0.466859
vt 0.209162 0.473363
vt 0.206290 0.474331
vt 0.795100 0.909186
vt 0.793802 0.935928
vt 0.207079 0.481688
vt 0.201764 0.474753
vt 0.209743 0.480954
vt 0.216991 0.486348
vt 0.215000 0.487030
vt 0.196772 0.444332
vt 0.204111 0.443475
vt 0.772357 0.948593
vt 0.793432 0.944366
vt 0.795072 0.951203
vt 0.773301 0.956227
vt 0.750977 0.949667
vt 0.750977 0.957390
vt 0.798944 0.956126
vt 0.775448 0.963175
vt 0.750972 0.964798
vt 0.958360 0.494957
vt 0.937377 0.494442
vt 0.937725 0.477423
vt 0.943887 0.448324
vt 0.958925 0.464744
vt 0.942001 0.455003
vt 0.959357 0.434531
vt 0.944334 0.441461
vt 0.937713 0.460401
vt 0.247611 0.488415
vt 0.247612 0.489930
vt 0.194676 0.473461
vt 0.199610 0.471704
vt 0.212387 0.480165
vt 0.201694 0.481987
vt 0.188086 0.443016
vt 0.262366 0.402241
vt 0.261750 0.402058
vt 0.290290 0.357378
vt 0.297709 0.361432
vt 0.218856 0.485339
vt 0.247614 0.486819
vt 0.944437 0.434318
vt 0.324702 0.437845
vt 0.301961 0.471054
vt 0.315776 0.440561
vt 0.317476 0.078709
vt 0.345293 0.082978
vt 0.345945 0.082641
vt 0.317573 0.077877
vt 0.275765 0.961007
vt 0.274330 0.965128
vt 0.265349 0.960794
vt 0.265595 0.937968
vt 0.276419 0.938004
vt 0.270489 0.967329
vt 0.355603 0.095342
vt 0.352638 0.096472
vt 0.358173 0.106173
vt 0.360216 0.102239
vt 0.278534 0.961038
vt 0.288775 0.961065
vt 0.286551 0.968389
vt 0.276865 0.966025
vt 0.265811 0.918106
vt 0.266113 0.890439
vt 0.289926 0.938021
vt 0.279148 0.938009
vt 0.279693 0.917968
vt 0.290934 0.917966
vt 0.280471 0.973032
vt 0.272245 0.968754
vt 0.280484 0.889903
vt 0.292348 0.889278
vt 0.276992 0.917982
vt 0.374223 0.138889
vt 0.352310 0.119411
vt 0.351079 0.139417
vt 0.370553 0.146208
vt 0.729429 0.939463
vt 0.728955 0.912340
vt 0.277803 0.890015
vt 0.349649 0.168180
vt 0.367899 0.170459
vt 0.288340 0.968773
vt 0.290167 0.960869
vt 0.281767 0.973805
vt 0.291397 0.938097
vt 0.292323 0.918048
vt 0.293720 0.889264
vt 0.291293 0.469989
vt 0.288939 0.474331
vt 0.286067 0.473363
vt 0.287923 0.466859
vt 0.708146 0.935928
vt 0.706848 0.909186
vt 0.288150 0.481688
vt 0.285486 0.480954
vt 0.293465 0.474753
vt 0.280229 0.487030
vt 0.278238 0.486348
vt 0.298457 0.444332
vt 0.291118 0.443475
vt 0.729591 0.948593
vt 0.728647 0.956227
vt 0.706876 0.951203
vt 0.708516 0.944366
vt 0.703004 0.956126
vt 0.726500 0.963175
vt 0.916394 0.494969
vt 0.937030 0.477426
vt 0.937377 0.494442
vt 0.930869 0.448327
vt 0.932755 0.455005
vt 0.915831 0.464755
vt 0.915400 0.434534
vt 0.930422 0.441464
vt 0.937043 0.460404
vt 0.300552 0.473461
vt 0.295619 0.471704
vt 0.282841 0.480165
vt 0.293535 0.481987
vt 0.307143 0.443016
vt 0.351381 0.088515
vt 0.351997 0.088333
vt 0.379922 0.133195
vt 0.387341 0.129141
vt 0.276372 0.485339
vt 0.930320 0.434326
vt 0.278962 0.291183
vt 0.260283 0.293451
vt 0.240391 0.862796
vt 0.240085 0.835148
vt 0.253408 0.835369
vt 0.253408 0.862971
vt 0.773766 0.880548
vt 0.750971 0.882509
vt 0.213116 0.860606
vt 0.225465 0.861865
vt 0.228142 0.862074
vt 0.796567 0.877773
vt 0.280449 0.268075
vt 0.260630 0.267375
vt 0.775274 0.852184
vt 0.750971 0.854681
vt 0.227293 0.834129
vt 0.224607 0.833822
vt 0.211745 0.860497
vt 0.210525 0.834592
vt 0.211786 0.834523
vt 0.349916 0.197123
vt 0.368596 0.199391
vt 0.266425 0.862796
vt 0.266731 0.835148
vt 0.728176 0.880548
vt 0.293699 0.860606
vt 0.281350 0.861865
vt 0.278673 0.862074
vt 0.705374 0.877773
vt 0.350264 0.223199
vt 0.370083 0.222498
vt 0.726668 0.852184
vt 0.279523 0.834129
vt 0.282208 0.833822
vt 0.295071 0.860497
vt 0.294927 0.834518
vt 0.296290 0.834592
vt 0.368596 0.291185
vt 0.349916 0.293453
vt 0.367308 0.789499
vt 0.340919 0.781247
vt 0.345246 0.768644
vt 0.371497 0.777173
vt 0.628808 0.808352
vt 0.619899 0.787279
vt 0.356797 0.814762
vt 0.361810 0.803406
vt 0.362837 0.800925
vt 0.638493 0.829180
vt 0.370083 0.268077
vt 0.350264 0.267377
vt 0.656249 0.801021
vt 0.646365 0.778679
vt 0.335997 0.793098
vt 0.334875 0.795557
vt 0.356270 0.816033
vt 0.331256 0.809188
vt 0.331580 0.807968
vt 0.216977 0.293458
vt 0.235657 0.291190
vt 0.375353 0.764739
vt 0.349153 0.755905
vt 0.614720 0.764993
vt 0.381698 0.738123
vt 0.379079 0.750256
vt 0.378452 0.752867
vt 0.610314 0.742450
vt 0.217325 0.267382
vt 0.237144 0.268082
vt 0.641230 0.754795
vt 0.352136 0.743424
vt 0.352674 0.740775
vt 0.382019 0.736785
vt 0.726556 0.628649
vt 0.707452 0.643443
vt 0.689561 0.621383
vt 0.709638 0.610226
vt 0.357266 0.728894
vt 0.357758 0.727620
vt 0.914664 0.132363
vt 0.935765 0.125698
vt 0.935787 0.142720
vt 0.216711 0.168188
vt 0.234961 0.170459
vt 0.235658 0.199395
vt 0.216978 0.197127
vt 0.219060 0.088333
vt 0.222666 0.095342
vt 0.219700 0.096472
vt 0.218444 0.088516
vt 0.410311 0.079918
vt 0.413003 0.088542
vt 0.410400 0.087626
vt 0.408209 0.079637
vt 0.225235 0.106173
vt 0.219372 0.119412
vt 0.336817 0.646144
vt 0.320814 0.668691
vt 0.310166 0.660682
vt 0.326389 0.638351
vt 0.246984 0.133195
vt 0.241285 0.138889
vt 0.385814 0.061535
vt 0.386750 0.060242
vt 0.411255 0.100826
vt 0.415763 0.101982
vt 0.408222 0.131963
vt 0.401969 0.125794
vt 0.652676 0.648180
vt 0.634613 0.622009
vt 0.651542 0.607844
vt 0.669966 0.633194
vt 0.227278 0.102239
vt 0.254404 0.129142
vt 0.212355 0.082978
vt 0.213008 0.082641
vt 0.357596 0.663947
vt 0.348345 0.655670
vt 0.364132 0.632484
vt 0.373360 0.639960
vt 0.413763 0.139025
vt 0.420512 0.106236
vt 0.411903 0.095930
vt 0.415813 0.098249
vt 0.415590 0.089514
vt 0.420122 0.092438
vt 0.420787 0.103460
vt 0.409011 0.095024
vt 0.412322 0.080537
vt 0.387641 0.059017
vt 0.931498 0.148119
vt 0.352820 0.623604
vt 0.362029 0.630818
vt 0.346303 0.653927
vt 0.914252 0.162579
vt 0.929632 0.154803
vt 0.929194 0.161666
vt 0.915248 0.102150
vt 0.936088 0.108682
vt 0.602738 0.582320
vt 0.621581 0.566621
vt 0.625940 0.572611
vt 0.608559 0.586679
vt 0.587874 0.601834
vt 0.593900 0.603540
vt 0.630480 0.578859
vt 0.613810 0.592299
vt 0.635861 0.663826
vt 0.618577 0.637547
vt 0.635853 0.586253
vt 0.619047 0.599780
vt 0.342611 0.616023
vt 0.603907 0.615152
vt 0.599246 0.608108
vt 0.237144 0.222503
vt 0.217325 0.223204
vt 0.668128 0.672012
vt 0.686323 0.655708
vt 0.330564 0.677035
vt 0.395528 0.122173
vt 0.406690 0.101377
vt 0.332557 0.678862
vt 0.390259 0.616669
vt 0.374464 0.640782
vt 0.389087 0.615918
vt 0.401295 0.599905
vt 0.400061 0.599102
vt 0.413686 0.580760
vt 0.412676 0.579783
vt 0.392195 0.547795
vt 0.414496 0.565357
vt 0.412992 0.565220
vt 0.391810 0.548324
vt 0.416855 0.573292
vt 0.415181 0.572551
vt 0.358642 0.664841
vt 0.633063 0.732054
vt 0.344402 0.686516
vt 0.343342 0.685830
vt 0.702517 0.852924
vt 0.377818 0.607709
vt 0.379995 0.609309
vt 0.171352 0.322408
vt 0.171618 0.293465
vt 0.190298 0.291197
vt 0.189602 0.320129
vt 0.389123 0.591176
vt 0.402117 0.572182
vt 0.404375 0.573785
vt 0.391335 0.592776
vt 0.401565 0.563967
vt 0.388611 0.552727
vt 0.389508 0.551493
vt 0.403823 0.563846
vt 0.315755 0.630842
vt 0.299257 0.653029
vt 0.403379 0.568005
vt 0.405956 0.568769
vt 0.237615 0.146208
vt 0.218141 0.139417
vt 0.670248 0.596117
vt 0.368845 0.601037
vt 0.292402 0.616582
vt 0.310347 0.594179
vt 0.320309 0.600644
vt 0.303133 0.622822
vt 0.380346 0.584841
vt 0.358855 0.593676
vt 0.370467 0.577696
vt 0.383811 0.559332
vt 0.393565 0.566232
vt 0.332254 0.608661
vt 0.305422 0.624226
vt 0.322548 0.602132
vt 0.689987 0.585674
vt 0.171965 0.267389
vt 0.191784 0.268089
vt 0.288309 0.646335
vt 0.184538 0.078709
vt 0.184636 0.077877
vt 0.917214 0.041750
vt 0.931804 0.062288
vt 0.916199 0.071952
vt 0.936549 0.091666
vt 0.285956 0.645005
vt 0.932128 0.042233
vt 0.931697 0.055411
vt 0.937377 0.074664
vt 0.173703 0.402267
vt 0.173087 0.402084
vt 0.174343 0.394128
vt 0.177308 0.395257
vt 0.360763 0.043914
vt 0.361679 0.045827
vt 0.353404 0.046210
vt 0.351729 0.044017
vt 0.174014 0.371188
vt 0.179878 0.384427
vt 0.195928 0.351711
vt 0.201627 0.357404
vt 0.309229 0.593383
vt 0.291229 0.615864
vt 0.276075 0.636967
vt 0.275016 0.636105
vt 0.171352 0.168192
vt 0.189603 0.170459
vt 0.190298 0.199403
vt 0.171618 0.197135
vt 0.191056 0.630844
vt 0.207555 0.653031
vt 0.196647 0.660684
vt 0.180422 0.638354
vt 0.812386 0.621385
vt 0.831699 0.596120
vt 0.850401 0.607844
vt 0.831980 0.633197
vt 0.214409 0.616584
vt 0.203678 0.622824
vt 0.186490 0.600641
vt 0.196467 0.594179
vt 0.174560 0.608661
vt 0.184266 0.602132
vt 0.201389 0.624228
vt 0.792309 0.610227
vt 0.811973 0.585670
vt 0.164194 0.616019
vt 0.191785 0.222510
vt 0.171966 0.223211
vt 0.794495 0.643445
vt 0.815623 0.655710
vt 0.218503 0.646336
vt 0.220856 0.645007
vt 0.197585 0.593383
vt 0.215582 0.615865
vt 0.231796 0.636106
vt 0.230817 0.636902
vt 0.304869 0.168150
vt 0.305170 0.197092
vt 0.323853 0.199338
vt 0.323123 0.170400
vt 0.169994 0.646147
vt 0.185998 0.668694
vt 0.849269 0.648183
vt 0.867330 0.622009
vt 0.149217 0.663951
vt 0.133447 0.639958
vt 0.142682 0.632484
vt 0.158467 0.655674
vt 0.153994 0.623604
vt 0.160509 0.653930
vt 0.144785 0.630818
vt 0.866084 0.663831
vt 0.883367 0.637547
vt 0.305548 0.223168
vt 0.325366 0.222443
vt 0.833817 0.672015
vt 0.176249 0.677038
vt 0.174257 0.678865
vt 0.132350 0.640782
vt 0.148171 0.664845
vt 0.163501 0.685691
vt 0.162411 0.686519
vt 0.304870 0.322357
vt 0.323123 0.320100
vt 0.323853 0.291162
vt 0.305170 0.293408
vt 0.131464 0.764744
vt 0.157663 0.755909
vt 0.161571 0.768647
vt 0.135320 0.777178
vt 0.887221 0.764998
vt 0.917221 0.775567
vt 0.911850 0.796970
vt 0.882041 0.787284
vt 0.125117 0.738128
vt 0.127736 0.750261
vt 0.101332 0.759752
vt 0.098260 0.748275
vt 0.105265 0.773585
vt 0.102054 0.762336
vt 0.128364 0.752872
vt 0.891628 0.742456
vt 0.921056 0.753568
vt 0.109072 0.785707
vt 0.325366 0.268056
vt 0.305548 0.267332
vt 0.860712 0.754799
vt 0.855576 0.778683
vt 0.154679 0.743428
vt 0.154141 0.740779
vt 0.097849 0.746966
vt 0.124797 0.736790
vt 0.149057 0.727624
vt 0.149346 0.728865
vt 0.260016 0.168181
vt 0.260283 0.197124
vt 0.278963 0.199393
vt 0.278266 0.170461
vt 0.139509 0.789504
vt 0.165898 0.781250
vt 0.873131 0.808357
vt 0.903609 0.817447
vt 0.150021 0.814766
vt 0.122335 0.822348
vt 0.118073 0.811258
vt 0.145007 0.803411
vt 0.113122 0.797756
vt 0.143981 0.800929
vt 0.117138 0.808743
vt 0.863446 0.829184
vt 0.893775 0.837497
vt 0.260630 0.223201
vt 0.280449 0.222500
vt 0.845691 0.801025
vt 0.170821 0.793101
vt 0.171943 0.795560
vt 0.122772 0.823648
vt 0.150548 0.816037
vt 0.175212 0.807871
vt 0.175562 0.809191
vt 0.838931 0.824223
vt 0.853790 0.685613
vt 0.799425 0.852924
vt 0.868880 0.732058
vt 0.775391 0.628650
vt 0.648154 0.685609
vt 0.663008 0.824220
vt 0.642076 0.050208
vt 0.641605 0.049972
vt 0.628550 0.078360
vt 0.629032 0.078561
vt 0.544499 0.501211
vt 0.544499 0.511364
vt 0.522057 0.511364
vt 0.522057 0.501211
vt 0.599918 0.361836
vt 0.599380 0.361938
vt 0.606397 0.393454
vt 0.606921 0.393320
vt 0.615529 0.424387
vt 0.616038 0.424219
vt 0.671571 0.376600
vt 0.665331 0.349177
vt 0.544500 0.562128
vt 0.544500 0.572281
vt 0.522058 0.572281
vt 0.522058 0.562128
vt 0.544499 0.470752
vt 0.522057 0.470752
vt 0.522057 0.460599
vt 0.544499 0.460599
vt 0.832107 0.128026
vt 0.824161 0.154456
vt 0.760914 0.137235
vt 0.770226 0.107060
vt 0.499613 0.450447
vt 0.477171 0.450447
vt 0.477171 0.440294
vt 0.499613 0.440294
vt 0.810365 0.236401
vt 0.809330 0.264382
vt 0.742960 0.263754
vt 0.744449 0.231676
vt 0.626751 0.454703
vt 0.627252 0.454504
vt 0.827059 0.318702
vt 0.813560 0.320412
vt 0.810937 0.292418
vt 0.824560 0.291599
vt 0.454729 0.470752
vt 0.454729 0.460599
vt 0.477171 0.460600
vt 0.477171 0.470753
vt 0.729529 0.400014
vt 0.722061 0.366360
vt 0.730464 0.364794
vt 0.737857 0.397943
vt 0.612876 0.035165
vt 0.598552 0.065647
vt 0.601173 0.066761
vt 0.615352 0.036475
vt 0.454729 0.521517
vt 0.477171 0.521517
vt 0.477171 0.531670
vt 0.454729 0.531669
vt 0.616545 0.037103
vt 0.602420 0.067289
vt 0.610051 0.070494
vt 0.623832 0.040883
vt 0.713532 0.263279
vt 0.715131 0.229316
vt 0.723516 0.229992
vt 0.722019 0.263455
vt 0.563011 0.230667
vt 0.561494 0.264970
vt 0.570098 0.265045
vt 0.571454 0.231333
vt 0.633319 0.008631
vt 0.639838 0.013408
vt 0.454731 0.572282
vt 0.454730 0.562129
vt 0.477172 0.562129
vt 0.477172 0.572282
vt 0.841694 0.102177
vt 0.781534 0.077989
vt 0.713981 0.297616
vt 0.722497 0.297243
vt 0.570323 0.402714
vt 0.580013 0.436196
vt 0.583592 0.435023
vt 0.574014 0.401761
vt 0.762691 0.032958
vt 0.780044 0.004249
vt 0.782943 0.006406
vt 0.765924 0.034719
vt 0.743358 0.469064
vt 0.731194 0.435774
vt 0.734874 0.434595
vt 0.746987 0.467538
vt 0.716749 0.332174
vt 0.725232 0.331186
vt 0.562863 0.368792
vt 0.566596 0.368079
vt 0.776304 0.530722
vt 0.758573 0.500838
vt 0.761950 0.499021
vt 0.779328 0.528510
vt 0.748069 0.063350
vt 0.751449 0.064840
vt 0.582954 0.096036
vt 0.572860 0.128578
vt 0.576468 0.129557
vt 0.586487 0.097243
vt 0.657348 0.265531
vt 0.591257 0.265151
vt 0.592005 0.297616
vt 0.658232 0.293521
vt 0.743114 0.097397
vt 0.755275 0.066506
vt 0.762785 0.069805
vt 0.750918 0.100218
vt 0.572678 0.163421
vt 0.566770 0.196815
vt 0.575089 0.198041
vt 0.580876 0.165148
vt 0.587718 0.433668
vt 0.599704 0.465986
vt 0.607528 0.462702
vt 0.595907 0.430969
vt 0.590486 0.098628
vt 0.580536 0.130678
vt 0.588440 0.132840
vt 0.598355 0.101322
vt 0.823766 0.264410
vt 0.810064 0.264384
vt 0.811095 0.236452
vt 0.824623 0.237348
vt 0.705506 0.263118
vt 0.707104 0.228679
vt 0.710869 0.228987
vt 0.709306 0.263204
vt 0.570823 0.367288
vt 0.578194 0.400698
vt 0.586429 0.398619
vt 0.579149 0.365763
vt 0.617309 0.107873
vt 0.617811 0.108044
vt 0.607062 0.500897
vt 0.624771 0.530689
vt 0.627784 0.528478
vt 0.610490 0.499081
vt 0.544499 0.450446
vt 0.522057 0.450446
vt 0.522057 0.440293
vt 0.544499 0.440293
vt 0.716955 0.160554
vt 0.725085 0.127146
vt 0.728690 0.128185
vt 0.720637 0.161346
vt 0.626815 0.004249
vt 0.609543 0.033410
vt 0.629840 0.006471
vt 0.554256 0.299934
vt 0.557563 0.334562
vt 0.561338 0.334078
vt 0.558073 0.299692
vt 0.595114 0.064204
vt 0.721663 0.401992
vt 0.714025 0.367870
vt 0.717801 0.367168
vt 0.725389 0.401063
vt 0.554924 0.230048
vt 0.553325 0.264907
vt 0.557154 0.264930
vt 0.558719 0.230332
vt 0.769598 0.036702
vt 0.776714 0.040526
vt 0.592083 0.469160
vt 0.595641 0.467685
vt 0.713750 0.229208
vt 0.712139 0.263256
vt 0.564835 0.161796
vt 0.558795 0.195673
vt 0.562537 0.196202
vt 0.568516 0.162551
vt 0.732851 0.129365
vt 0.740836 0.131644
vt 0.718824 0.195556
vt 0.724799 0.162224
vt 0.733017 0.163978
vt 0.727108 0.196767
vt 0.710870 0.194398
vt 0.714601 0.194950
vt 0.594930 0.329839
vt 0.594391 0.329906
vt 0.810202 0.292463
vt 0.812827 0.320504
vt 0.746574 0.328603
vt 0.743692 0.296112
vt 0.381247 0.451727
vt 0.378653 0.447845
vt 0.414396 0.418512
vt 0.417697 0.421813
vt 0.735729 0.094735
vt 0.739224 0.096005
vt 0.708580 0.333130
vt 0.712410 0.332689
vt 0.011697 0.204801
vt 0.016277 0.205712
vt 0.011744 0.251728
vt 0.007075 0.251728
vt 0.077527 0.421813
vt 0.080829 0.418512
vt 0.116571 0.447845
vt 0.113977 0.451727
vt 0.483527 0.204801
vt 0.478948 0.205712
vt 0.465526 0.161465
vt 0.469839 0.159678
vt 0.047613 0.118093
vt 0.051495 0.120687
vt 0.029699 0.161465
vt 0.025385 0.159678
vt 0.561069 0.299513
vt 0.560082 0.264959
vt 0.157350 0.469641
vt 0.155563 0.473955
vt 0.339656 0.473948
vt 0.337869 0.469634
vt 0.562458 0.299431
vt 0.565534 0.333558
vt 0.573939 0.332540
vt 0.570836 0.298935
vt 0.700652 0.077265
vt 0.712398 0.052288
vt 0.656899 0.023107
vt 0.705729 0.297978
vt 0.709566 0.297818
vt 0.852529 0.076976
vt 0.794735 0.049960
vt 0.685880 0.159129
vt 0.672867 0.155630
vt 0.666510 0.182607
vt 0.679725 0.185280
vt 0.778696 0.454290
vt 0.778191 0.454496
vt 0.766971 0.424109
vt 0.767488 0.423940
vt 0.831515 0.345685
vt 0.817937 0.348315
vt 0.499615 0.521516
vt 0.522057 0.521517
vt 0.522058 0.531669
vt 0.499616 0.531669
vt 0.757864 0.392907
vt 0.758389 0.392774
vt 0.750903 0.361003
vt 0.751446 0.360902
vt 0.340586 0.049474
vt 0.319707 0.066019
vt 0.311908 0.061977
vt 0.338094 0.045544
vt 0.746030 0.328669
vt 0.743148 0.296141
vt 0.864175 0.052506
vt 0.809746 0.023096
vt 0.742419 0.263748
vt 0.671651 0.265562
vt 0.658080 0.265532
vt 0.658965 0.293475
vt 0.672528 0.292619
vt 0.665797 0.182463
vt 0.601192 0.169328
vt 0.595812 0.200911
vt 0.661174 0.209879
vt 0.200686 0.015813
vt 0.201597 0.020392
vt 0.157350 0.033814
vt 0.155563 0.029501
vt 0.660881 0.321446
vt 0.689230 0.430215
vt 0.679563 0.403645
vt 0.592491 0.232783
vt 0.658348 0.237599
vt 0.679441 0.346443
vt 0.666053 0.349038
vt 0.672284 0.376414
vt 0.685509 0.372956
vt 0.499613 0.501211
vt 0.499613 0.511364
vt 0.477171 0.511364
vt 0.477171 0.501211
vt 0.544499 0.521517
vt 0.544500 0.531670
vt 0.544500 0.541822
vt 0.522058 0.541822
vt 0.544500 0.551975
vt 0.522058 0.551975
vt 0.209046 0.361458
vt 0.181921 0.388360
vt 0.499615 0.501211
vt 0.499615 0.491058
vt 0.522057 0.491058
vt 0.522058 0.582434
vt 0.499616 0.582434
vt 0.499616 0.572281
vt 0.499614 0.572281
vt 0.499615 0.582434
vt 0.477173 0.582434
vt 0.477172 0.551976
vt 0.499614 0.551976
vt 0.499614 0.562129
vt 0.817208 0.348455
vt 0.477172 0.541823
vt 0.499614 0.541823
vt 0.454730 0.541823
vt 0.454729 0.501211
vt 0.454729 0.491058
vt 0.477171 0.491058
vt 0.499613 0.521517
vt 0.817795 0.181340
vt 0.753372 0.168201
vt 0.454729 0.480905
vt 0.477171 0.480905
vt 0.454729 0.450448
vt 0.454729 0.440293
vt 0.454729 0.430142
vt 0.477171 0.430141
vt 0.454729 0.419988
vt 0.477171 0.419988
vt 0.499613 0.470753
vt 0.499613 0.480906
vt 0.680162 0.128868
vt 0.689758 0.102805
vt 0.522056 0.419988
vt 0.544498 0.419988
vt 0.544499 0.430141
vt 0.522057 0.430141
vt 0.672165 0.155442
vt 0.608590 0.138319
vt 0.499615 0.440293
vt 0.499615 0.430141
vt 0.454729 0.511364
vt 0.166998 0.407622
vt 0.167651 0.407959
vt 0.303480 0.058888
vt 0.332581 0.042341
vt 0.294547 0.015813
vt 0.293628 0.020392
vt 0.247612 0.015860
vt 0.247612 0.011191
vt 0.499615 0.480905
vt 0.522057 0.480905
vt 0.499615 0.470752
vt 0.499615 0.460599
vt 0.086001 0.413339
vt 0.087260 0.412081
vt 0.121624 0.440283
vt 0.120635 0.441763
vt 0.738404 0.397803
vt 0.731020 0.364687
vt 0.749552 0.361253
vt 0.756521 0.393250
vt 0.581422 0.165260
vt 0.575640 0.198120
vt 0.593958 0.200653
vt 0.599330 0.168947
vt 0.571402 0.298902
vt 0.574495 0.332470
vt 0.593033 0.330076
vt 0.590104 0.297726
vt 0.561621 0.230560
vt 0.598874 0.101502
vt 0.588971 0.132985
vt 0.606805 0.137836
vt 0.616044 0.107442
vt 0.640272 0.013705
vt 0.624310 0.041132
vt 0.640443 0.049390
vt 0.655334 0.022156
vt 0.499615 0.450446
vt 0.741370 0.131794
vt 0.751429 0.100399
vt 0.768494 0.106459
vt 0.759111 0.136734
vt 0.499616 0.562128
vt 0.722575 0.263463
vt 0.724074 0.230035
vt 0.742567 0.231531
vt 0.741067 0.263732
vt 0.598419 0.466523
vt 0.586377 0.434110
vt 0.499613 0.531670
vt 0.725794 0.331118
vt 0.723065 0.297217
vt 0.741775 0.296214
vt 0.744666 0.328832
vt 0.727657 0.196847
vt 0.746103 0.199482
vt 0.596440 0.430793
vt 0.608050 0.462486
vt 0.625492 0.455225
vt 0.614238 0.424813
vt 0.579696 0.365660
vt 0.586972 0.398480
vt 0.605103 0.393787
vt 0.598044 0.362192
vt 0.632199 0.007862
vt 0.610554 0.070707
vt 0.627323 0.077846
vt 0.763282 0.070019
vt 0.777191 0.040778
vt 0.793112 0.049128
vt 0.779848 0.077270
vt 0.572009 0.231374
vt 0.570661 0.265051
vt 0.589327 0.265137
vt 0.590603 0.232645
vt 0.751536 0.167818
vt 0.752141 0.167944
vt 0.746728 0.199571
vt 0.743916 0.231635
vt 0.747446 0.199674
vt 0.747978 0.199749
vt 0.752847 0.168092
vt 0.733556 0.164092
vt 0.760397 0.137091
vt 0.769729 0.106888
vt 0.781058 0.077786
vt 0.794270 0.049722
vt 0.809307 0.022834
vt 0.742414 0.296180
vt 0.745297 0.328756
vt 0.750177 0.361137
vt 0.757136 0.393092
vt 0.808226 0.022154
vt 0.808740 0.022452
vt 0.793642 0.049401
vt 0.765688 0.424532
vt 0.766289 0.424334
vt 0.614836 0.424616
vt 0.605706 0.393632
vt 0.776937 0.455009
vt 0.777514 0.454773
vt 0.591230 0.232691
vt 0.594577 0.200739
vt 0.712576 0.297681
vt 0.593665 0.329997
vt 0.590735 0.297690
vt 0.743192 0.231579
vt 0.741690 0.263739
vt 0.598662 0.362074
vt 0.769072 0.106660
vt 0.759707 0.136899
vt 0.627882 0.078081
vt 0.640984 0.049661
vt 0.626073 0.454987
vt 0.780411 0.077510
vt 0.589959 0.265142
vt 0.599940 0.169072
vt 0.607397 0.137997
vt 0.616633 0.107643
vt 0.499613 0.460600
vt 0.655853 0.022449
vt 0.656448 0.022843
vt 0.591957 0.232745
vt 0.595279 0.200837
vt 0.590708 0.265147
vt 0.600662 0.169220
vt 0.608076 0.138180
vt 0.591466 0.297647
vt 0.717457 0.195359
vt 0.793267 0.013651
vt 0.759450 0.462292
vt 0.747820 0.430399
vt 0.723458 0.161940
vt 0.739033 0.433244
vt 0.747286 0.430572
vt 0.579225 0.130318
vt 0.589185 0.098178
vt 0.565399 0.196618
vt 0.571330 0.163140
vt 0.751071 0.465827
vt 0.758927 0.462509
vt 0.768430 0.036072
vt 0.754037 0.065965
vt 0.786491 0.008648
vt 0.792838 0.013352
vt 0.741831 0.096940
vt 0.731520 0.128989
vt 0.576840 0.401043
vt 0.569454 0.367546
vt 0.564150 0.333728
vt 0.737682 0.433687
vt 0.749780 0.466367
vt 0.728164 0.400360
vt 0.785388 0.007875
vt 0.720687 0.366619
vt 0.715338 0.332340
vt 0.341629 0.044344
vt 0.345042 0.047345
vt 0.335136 0.041222
vt 0.345825 0.038450
vt 0.350005 0.041858
vt 0.346797 0.049816
vt 0.471774 0.207139
vt 0.458776 0.164264
vt 0.057577 0.124751
vt 0.036457 0.164264
vt 0.374590 0.441763
vt 0.409224 0.413339
vt 0.470028 0.207487
vt 0.445207 0.212425
vt 0.433743 0.174633
vt 0.457131 0.164946
vt 0.334389 0.461232
vt 0.359536 0.419234
vt 0.373601 0.440283
vt 0.105160 0.394180
vt 0.135688 0.419234
vt 0.160830 0.461239
vt 0.160149 0.462883
vt 0.292201 0.027566
vt 0.247612 0.023175
vt 0.023451 0.207139
vt 0.019059 0.251728
vt 0.038101 0.164946
vt 0.061489 0.174633
vt 0.050025 0.212425
vt 0.025197 0.207487
vt 0.359553 0.042192
vt 0.022227 0.267832
vt 0.020839 0.251728
vt 0.046956 0.245269
vt 0.476165 0.251728
vt 0.933381 0.069046
vt 0.203024 0.027566
vt 0.160096 0.041222
vt 0.335070 0.462876
vt 0.051495 0.382769
vt 0.057577 0.378705
vt 0.865352 0.082735
vt 0.853181 0.077271
vt 0.864812 0.052816
vt 0.876751 0.058471
vt 0.713710 0.083111
vt 0.701315 0.077562
vt 0.690434 0.103074
vt 0.703012 0.108084
vt 0.725290 0.058319
vt 0.713048 0.052601
vt 0.693653 0.133394
vt 0.680852 0.129098
vt 0.661896 0.209977
vt 0.675276 0.211786
vt 0.661610 0.321353
vt 0.675118 0.319630
vt 0.823453 0.376159
vt 0.672577 0.238577
vt 0.659077 0.237649
vt 0.845571 0.132558
vt 0.832792 0.128256
vt 0.842362 0.102444
vt 0.854822 0.107393
vt 0.680265 0.403414
vt 0.693300 0.399120
vt 0.689919 0.429944
vt 0.702734 0.424907
vt 0.854552 0.424912
vt 0.841678 0.429873
vt 0.832136 0.403181
vt 0.845265 0.398933
vt 0.824172 0.375973
vt 0.837539 0.372527
vt 0.831429 0.403410
vt 0.813188 0.208690
vt 0.813909 0.208787
vt 0.827274 0.210562
vt 0.818505 0.181484
vt 0.831665 0.184112
vt 0.837719 0.158108
vt 0.824860 0.154644
vt 0.840986 0.430141
vt 0.059057 0.125739
vt 0.474393 0.251728
vt 0.203371 0.029312
vt 0.247612 0.024955
vt 0.162651 0.042341
vt 0.407965 0.412081
vt 0.291853 0.029312
vt 0.059057 0.377716
vt 0.390065 0.394180
vt 0.544499 0.480905
vt 0.499615 0.511364
vt 0.544499 0.491058
vt 0.499615 0.419988
vt 0.499613 0.430141
vt 0.499613 0.419988
vt 0.642336 0.553546
vt 0.644683 0.560429
vt 0.665487 0.545437
vt 0.665248 0.551695
vt 0.499613 0.491058
vt 0.454730 0.551976
vt 0.454731 0.582434
vt 0.544500 0.582434
vt 0.499616 0.551975
vt 0.499616 0.541822
vt 0.260307 0.245292
vt 0.260501 0.262216
vt 0.280400 0.262743
vt 0.280298 0.245288
vt 0.208069 0.830042
vt 0.209457 0.829481
vt 0.181804 0.793703
vt 0.182514 0.790908
vt 0.203777 0.807125
vt 0.202313 0.809140
vt 0.225764 0.822331
vt 0.234919 0.818987
vt 0.253408 0.822539
vt 0.223329 0.806370
vt 0.223326 0.823870
vt 0.198445 0.788292
vt 0.325014 0.793700
vt 0.304510 0.809134
vt 0.303046 0.807119
vt 0.324304 0.790905
vt 0.311318 0.818503
vt 0.326065 0.808624
vt 0.326170 0.810117
vt 0.311857 0.819246
vt 0.349941 0.245292
vt 0.369932 0.245288
vt 0.370035 0.227831
vt 0.350135 0.228358
vt 0.347100 0.708354
vt 0.342262 0.691278
vt 0.343715 0.691640
vt 0.347974 0.708073
vt 0.281051 0.822331
vt 0.283486 0.806370
vt 0.271897 0.818987
vt 0.283490 0.823870
vt 0.297376 0.829488
vt 0.668755 0.825270
vt 0.350135 0.262218
vt 0.370035 0.262745
vt 0.326961 0.731076
vt 0.317455 0.701822
vt 0.333717 0.712705
vt 0.323952 0.781166
vt 0.333044 0.764679
vt 0.308372 0.788290
vt 0.323747 0.761659
vt 0.217003 0.245289
vt 0.236994 0.245293
vt 0.237096 0.262750
vt 0.217196 0.262223
vt 0.271134 0.639590
vt 0.253399 0.640289
vt 0.253406 0.639371
vt 0.270355 0.638342
vt 0.335379 0.745997
vt 0.341388 0.738325
vt 0.343605 0.736481
vt 0.648931 0.691399
vt 0.217197 0.228362
vt 0.237096 0.227835
vt 0.324866 0.687478
vt 0.315495 0.684803
vt 0.302624 0.671062
vt 0.296879 0.678970
vt 0.327744 0.687666
vt 0.336086 0.711935
vt 0.171643 0.245300
vt 0.191634 0.245300
vt 0.191736 0.262757
vt 0.171837 0.262230
vt 0.227743 0.652304
vt 0.235664 0.639613
vt 0.236457 0.638343
vt 0.285578 0.663068
vt 0.268787 0.666463
vt 0.280138 0.654982
vt 0.279069 0.652304
vt 0.253402 0.654361
vt 0.253402 0.651870
vt 0.171837 0.228369
vt 0.191736 0.227842
vt 0.226675 0.654983
vt 0.221234 0.663069
vt 0.204188 0.671063
vt 0.209934 0.678972
vt 0.238026 0.666463
vt 0.305281 0.245255
vt 0.325175 0.245255
vt 0.325324 0.227776
vt 0.305426 0.228327
vt 0.191318 0.684805
vt 0.181947 0.687481
vt 0.189359 0.701824
vt 0.164616 0.691340
vt 0.163099 0.691643
vt 0.179070 0.687669
vt 0.172965 0.712675
vt 0.170596 0.711905
vt 0.163210 0.736484
vt 0.153552 0.725145
vt 0.305426 0.262173
vt 0.325324 0.262724
vt 0.152625 0.723882
vt 0.280400 0.227832
vt 0.260501 0.228359
vt 0.165428 0.738328
vt 0.179854 0.731079
vt 0.171437 0.746001
vt 0.173773 0.764682
vt 0.183069 0.761661
vt 0.864848 0.727831
vt 0.159562 0.708397
vt 0.180737 0.808861
vt 0.180648 0.810120
vt 0.182865 0.781169
vt 0.770125 0.631178
vt 0.699742 0.847784
vt 0.833184 0.825273
vt 0.353245 0.725004
vt 0.853013 0.691403
vt 0.731822 0.631177
vt 0.802200 0.847784
vt 0.158709 0.708043
vt 0.354190 0.723879
vt 0.298746 0.830042
vt 0.195551 0.818543
vt 0.194966 0.819252
vt 0.705063 0.795551
vt 0.690039 0.775815
vt 0.701486 0.769672
vt 0.713807 0.785861
vt 0.682547 0.752382
vt 0.695317 0.750241
vt 0.682547 0.728095
vt 0.695467 0.729580
vt 0.688217 0.704824
vt 0.700648 0.708961
vt 0.701377 0.686000
vt 0.725799 0.677344
vt 0.728842 0.690996
vt 0.707267 0.699035
vt 0.751661 0.675386
vt 0.750524 0.688929
vt 0.797278 0.695646
vt 0.811839 0.715687
vt 0.800214 0.721308
vt 0.788115 0.705003
vt 0.776409 0.681611
vt 0.770940 0.693744
vt 0.818801 0.739006
vt 0.806137 0.740666
vt 0.818530 0.762840
vt 0.805819 0.761104
vt 0.812910 0.785626
vt 0.800654 0.781408
vt 0.800007 0.804097
vt 0.775738 0.812766
vt 0.772804 0.799362
vt 0.794192 0.791287
vt 0.750377 0.814721
vt 0.751334 0.801500
vt 0.726039 0.809010
vt 0.731050 0.796877
vt 0.676713 0.775247
vt 0.694098 0.801368
vt 0.683591 0.812072
vt 0.662935 0.781157
vt 0.825288 0.713973
vt 0.807915 0.687901
vt 0.818351 0.677312
vt 0.839007 0.708226
vt 0.720163 0.818839
vt 0.714505 0.832728
vt 0.781894 0.670453
vt 0.787436 0.656656
vt 0.750929 0.824997
vt 0.750971 0.839981
vt 0.751176 0.664283
vt 0.750971 0.649403
vt 0.781702 0.818906
vt 0.787436 0.832728
vt 0.720427 0.670331
vt 0.714505 0.656656
vt 0.694324 0.687686
vt 0.683591 0.677312
vt 0.807792 0.801503
vt 0.825230 0.775447
vt 0.839007 0.781157
vt 0.818351 0.812072
vt 0.676843 0.713717
vt 0.662935 0.708226
vt 0.831370 0.744712
vt 0.846260 0.744692
vt 0.670655 0.744465
vt 0.655682 0.744692
vt 0.721775 0.777613
vt 0.735730 0.786255
vt 0.789937 0.726258
vt 0.780091 0.713232
vt 0.766173 0.704427
vt 0.711782 0.764670
vt 0.794764 0.742027
vt 0.706783 0.748852
vt 0.752200 0.789549
vt 0.750835 0.745352
vt 0.707174 0.731479
vt 0.794262 0.759235
vt 0.788225 0.777977
vt 0.731813 0.703576
vt 0.749603 0.700992
vt 0.769816 0.786902
vt 0.713234 0.712503
vt 0.817368 0.836083
vt 0.637095 0.727826
vt 0.684572 0.836081
vt 0.857973 0.709934
vt 0.750973 0.631728
vt 0.643536 0.709783
vt 0.286915 0.054141
vt 0.247612 0.050270
vt 0.208310 0.054141
vt 0.287643 0.752985
vt 0.270847 0.746028
vt 0.272284 0.738805
vt 0.290463 0.738805
vt 0.270847 0.731581
vt 0.287643 0.724624
vt 0.219173 0.724624
vt 0.235968 0.731581
vt 0.234532 0.738805
vt 0.216352 0.738805
vt 0.279610 0.765007
vt 0.266755 0.752152
vt 0.227205 0.712602
vt 0.240060 0.725457
vt 0.267588 0.773040
vt 0.260631 0.756244
vt 0.239227 0.704570
vt 0.246184 0.721365
vt 0.253408 0.775860
vt 0.253408 0.757681
vt 0.253408 0.701749
vt 0.253408 0.719929
vt 0.239227 0.773040
vt 0.246184 0.756244
vt 0.267588 0.704570
vt 0.260631 0.721365
vt 0.227205 0.765007
vt 0.240060 0.752152
vt 0.279610 0.712602
vt 0.266755 0.725457
vt 0.219173 0.752985
vt 0.235968 0.746028
vt 0.253408 0.738805
vt 0.198172 0.738805
vt 0.202377 0.759942
vt 0.304439 0.717667
vt 0.292465 0.699747
vt 0.214350 0.777862
vt 0.274545 0.687774
vt 0.232270 0.789836
vt 0.253408 0.683569
vt 0.253408 0.812220
vt 0.253408 0.794040
vt 0.232270 0.687774
vt 0.274545 0.789836
vt 0.214350 0.699747
vt 0.292465 0.777862
vt 0.202377 0.717667
vt 0.304439 0.759942
vt 0.308643 0.738805
vt 0.184544 0.411878
vt 0.184636 0.412710
vt 0.648407 0.567160
vt 0.653905 0.574451
vt 0.667942 0.558191
vt 0.673201 0.564800
vt 0.341472 0.053987
vt 0.325141 0.071026
vt 0.914539 0.374101
vt 0.929459 0.373893
vt 0.020373 0.269917
vt 0.014434 0.279226
vt 0.327291 0.570913
vt 0.328366 0.571796
vt 0.339826 0.555238
vt 0.340971 0.556165
vt 0.354208 0.537539
vt 0.355448 0.538199
vt 0.369201 0.533400
vt 0.368607 0.532012
vt 0.361553 0.533582
vt 0.360332 0.532220
vt 0.337461 0.578402
vt 0.339655 0.579979
vt 0.351888 0.564119
vt 0.349683 0.562510
vt 0.363717 0.544241
vt 0.365939 0.545894
vt 0.373923 0.543881
vt 0.373341 0.541696
vt 0.367999 0.541188
vt 0.369523 0.543403
vt 0.192257 0.344391
vt 0.172783 0.351183
vt 0.348773 0.586452
vt 0.360624 0.570510
vt 0.374240 0.552190
vt 0.928735 0.223126
vt 0.913814 0.223017
vt 0.139187 0.411891
vt 0.139279 0.412723
vt 0.928956 0.192908
vt 0.914034 0.192797
vt 0.929890 0.404109
vt 0.914969 0.404321
vt 0.944871 0.404102
vt 0.959792 0.404316
vt 0.945306 0.373886
vt 0.960226 0.374101
vt 0.945821 0.192905
vt 0.960742 0.192796
vt 0.960963 0.223014
vt 0.946041 0.223123
vt 0.961184 0.253232
vt 0.946226 0.248363
vt 0.941621 0.012034
vt 0.956535 0.011541
vt 0.957531 0.041744
vt 0.942618 0.042236
vt 0.918204 0.011541
vt 0.933118 0.012030
vt 0.042823 0.366569
vt 0.053100 0.370608
vt 0.945582 0.354695
vt 0.337883 0.033814
vt 0.436175 0.125739
vt 0.437655 0.124751
vt 0.074445 0.103460
vt 0.074721 0.106236
vt 0.081470 0.139025
vt 0.149408 0.038450
vt 0.443737 0.120687
vt 0.960521 0.162578
vt 0.945579 0.161663
vt 0.339662 0.029501
vt 0.447611 0.118093
vt 0.047613 0.385363
vt 0.200686 0.487643
vt 0.294534 0.487637
vt 0.247612 0.492265
vt 0.782892 0.526312
vt 0.765732 0.497018
vt 0.773164 0.493127
vt 0.789599 0.521439
vt 0.639883 0.484036
vt 0.640368 0.483798
vt 0.655015 0.512007
vt 0.655472 0.511744
vt 0.807164 0.511567
vt 0.806699 0.511838
vt 0.791405 0.483859
vt 0.791887 0.483621
vt 0.851873 0.456264
vt 0.790053 0.521131
vt 0.773661 0.492869
vt 0.790190 0.484459
vt 0.805538 0.512551
vt 0.790750 0.484183
vt 0.806084 0.512243
vt 0.638670 0.484633
vt 0.653878 0.512697
vt 0.654424 0.512393
vt 0.639228 0.484358
vt 0.622187 0.492948
vt 0.614260 0.497090
vt 0.631334 0.526284
vt 0.637945 0.521505
vt 0.621694 0.493202
vt 0.638392 0.521204
vt 0.613033 0.497733
vt 0.630200 0.527059
vt 0.764501 0.497666
vt 0.781754 0.527089
vt 0.863648 0.481695
vt 0.865139 0.450452
vt 0.852550 0.455966
vt 0.700944 0.455946
vt 0.713545 0.450349
vt 0.712904 0.481355
vt 0.725291 0.475529
vt 0.712242 0.481674
vt 0.700269 0.456248
vt 0.864311 0.481380
vt 0.191752 0.058888
vt 0.139187 0.078709
vt 0.139279 0.077877
vt 0.167651 0.082641
vt 0.166998 0.082978
vt 0.140874 0.545894
vt 0.132574 0.552190
vt 0.137291 0.543403
vt 0.123002 0.559332
vt 0.118203 0.552727
vt 0.154926 0.564119
vt 0.146190 0.570510
vt 0.132890 0.543881
vt 0.177309 0.095343
vt 0.181921 0.102240
vt 0.179878 0.106173
vt 0.174343 0.096473
vt 0.143096 0.544241
vt 0.138814 0.541188
vt 0.145261 0.533582
vt 0.151365 0.538199
vt 0.158041 0.586452
vt 0.147959 0.593676
vt 0.165843 0.556165
vt 0.178447 0.571796
vt 0.169353 0.578402
vt 0.157131 0.562510
vt 0.137612 0.533400
vt 0.133473 0.541696
vt 0.117306 0.551493
vt 0.115003 0.548324
vt 0.136347 0.577696
vt 0.167159 0.579979
vt 0.195928 0.138890
vt 0.192257 0.146209
vt 0.172783 0.139417
vt 0.174015 0.119412
vt 0.848039 0.574451
vt 0.866091 0.586253
vt 0.146482 0.532220
vt 0.152606 0.537539
vt 0.138207 0.532012
vt 0.114619 0.547795
vt 0.166988 0.555238
vt 0.179523 0.570913
vt 0.154647 0.049474
vt 0.153761 0.053987
vt 0.148435 0.049816
vt 0.150190 0.047345
vt 0.828743 0.564800
vt 0.145227 0.041858
vt 0.153604 0.044344
vt 0.143503 0.044017
vt 0.134469 0.043914
vt 0.135679 0.042192
vt 0.175525 0.066019
vt 0.170091 0.071026
vt 0.853537 0.567160
vt 0.834002 0.558191
vt 0.836695 0.551695
vt 0.857261 0.560429
vt 0.871464 0.578859
vt 0.876004 0.572611
vt 0.836456 0.545437
vt 0.859608 0.553546
vt 0.880362 0.566621
vt 0.959513 0.102149
vt 0.938674 0.108680
vt 0.938209 0.091665
vt 0.942947 0.062285
vt 0.958555 0.071945
vt 0.941372 0.069044
vt 0.943053 0.055409
vt 0.937377 0.074663
vt 0.108483 0.060242
vt 0.107592 0.059017
vt 0.157138 0.045544
vt 0.141828 0.046210
vt 0.183325 0.061977
vt 0.173703 0.088334
vt 0.173087 0.088516
vt 0.201627 0.133196
vt 0.209046 0.129142
vt 0.133553 0.045827
vt 0.109419 0.061535
vt 0.272592 0.078709
vt 0.300414 0.082945
vt 0.301066 0.082607
vt 0.272689 0.077877
vt 0.104697 0.572182
vt 0.103435 0.568005
vt 0.113249 0.566232
vt 0.126468 0.584841
vt 0.117690 0.591176
vt 0.105249 0.563967
vt 0.310739 0.095298
vt 0.307775 0.096431
vt 0.313321 0.106125
vt 0.315359 0.102189
vt 0.102439 0.573785
vt 0.094138 0.579783
vt 0.091633 0.572551
vt 0.100858 0.568769
vt 0.137969 0.601037
vt 0.106753 0.599102
vt 0.115479 0.592776
vt 0.126819 0.609309
vt 0.117727 0.615918
vt 0.093821 0.565220
vt 0.102990 0.563846
vt 0.128996 0.607709
vt 0.329410 0.138822
vt 0.307473 0.119371
vt 0.306266 0.139378
vt 0.325748 0.146146
vt 0.882897 0.599780
vt 0.089959 0.573292
vt 0.093127 0.580760
vt 0.092318 0.565357
vt 0.105518 0.599905
vt 0.116555 0.616669
vt 0.083977 0.100826
vt 0.083329 0.095930
vt 0.086221 0.095024
vt 0.088543 0.101377
vt 0.898036 0.615152
vt 0.079643 0.089514
vt 0.082229 0.088542
vt 0.079420 0.098249
vt 0.082910 0.080537
vt 0.084922 0.079918
vt 0.093264 0.125794
vt 0.099705 0.122173
vt 0.888133 0.592299
vt 0.893384 0.586679
vt 0.908043 0.603540
vt 0.902698 0.608108
vt 0.914070 0.601834
vt 0.899206 0.582320
vt 0.939001 0.125696
vt 0.945139 0.154800
vt 0.943272 0.148116
vt 0.960104 0.132362
vt 0.938983 0.142719
vt 0.079469 0.101982
vt 0.084832 0.087626
vt 0.075110 0.092438
vt 0.087011 0.131963
vt 0.306509 0.088476
vt 0.307125 0.088293
vt 0.335102 0.133122
vt 0.342516 0.129060
vt 0.087024 0.079637
vt 0.272597 0.411789
vt 0.272689 0.412622
vt 0.301066 0.407892
vt 0.300414 0.407554
vt 0.035169 0.786219
vt 0.038592 0.796059
vt 0.031693 0.788857
vt 0.042427 0.807368
vt 0.034662 0.809892
vt 0.056844 0.778486
vt 0.060223 0.788769
vt 0.030788 0.793190
vt 0.310739 0.395201
vt 0.315359 0.388310
vt 0.313321 0.384374
vt 0.307775 0.394068
vt 0.034284 0.783595
vt 0.030057 0.786724
vt 0.024815 0.778243
vt 0.031092 0.773863
vt 0.079046 0.782424
vt 0.082802 0.794245
vt 0.052652 0.765646
vt 0.071414 0.758488
vt 0.074887 0.769179
vt 0.055995 0.775892
vt 0.022279 0.785460
vt 0.028890 0.791961
vt 0.033212 0.810363
vt 0.029486 0.811574
vt 0.064016 0.800351
vt 0.075708 0.771753
vt 0.329410 0.351677
vt 0.325748 0.344353
vt 0.306266 0.351121
vt 0.307473 0.371128
vt 0.942870 0.784401
vt 0.937223 0.805217
vt 0.023897 0.776660
vt 0.030849 0.772480
vt 0.021143 0.784466
vt 0.028864 0.811776
vt 0.052125 0.764270
vt 0.070907 0.757192
vt 0.026538 0.277649
vt 0.030556 0.279886
vt 0.024944 0.283662
vt 0.023136 0.281230
vt 0.946086 0.763068
vt 0.016383 0.284255
vt 0.021336 0.277056
vt 0.017905 0.286561
vt 0.015015 0.295121
vt 0.013751 0.293439
vt 0.048724 0.262905
vt 0.051807 0.269620
vt 0.951503 0.787378
vt 0.953997 0.766028
vt 0.961007 0.766582
vt 0.959055 0.788840
vt 0.945915 0.808042
vt 0.953260 0.810430
vt 0.966885 0.764421
vt 0.966327 0.788945
vt 0.960304 0.812724
vt 0.940207 0.284436
vt 0.961209 0.283451
vt 0.940158 0.301458
vt 0.945899 0.255232
vt 0.944158 0.261950
vt 0.022514 0.324881
vt 0.021074 0.325351
vt 0.023569 0.274065
vt 0.019472 0.288832
vt 0.047290 0.254238
vt 0.307125 0.402206
vt 0.306509 0.402023
vt 0.335102 0.357377
vt 0.342516 0.361440
vt 0.016551 0.296584
vt 0.024033 0.324391
vt 0.939956 0.267415
vt 0.033914 0.355473
vt 0.227844 0.078709
vt 0.255662 0.082978
vt 0.256314 0.082641
vt 0.227942 0.077877
vt 0.048993 0.828748
vt 0.044629 0.828658
vt 0.045976 0.818776
vt 0.067759 0.811955
vt 0.071072 0.822260
vt 0.041350 0.825685
vt 0.265972 0.095343
vt 0.263006 0.096473
vt 0.268541 0.106173
vt 0.270584 0.102240
vt 0.049819 0.831392
vt 0.052959 0.841140
vt 0.045306 0.841288
vt 0.044560 0.831345
vt 0.086716 0.806021
vt 0.075230 0.835111
vt 0.071910 0.824858
vt 0.091138 0.819181
vt 0.094615 0.829870
vt 0.039011 0.836941
vt 0.040537 0.827796
vt 0.090289 0.816616
vt 0.284591 0.138890
vt 0.262678 0.119412
vt 0.261447 0.139417
vt 0.280921 0.146209
vt 0.929551 0.825381
vt 0.045494 0.843108
vt 0.053575 0.842402
vt 0.038676 0.838413
vt 0.075613 0.836533
vt 0.094967 0.831217
vt 0.053540 0.360728
vt 0.048683 0.359831
vt 0.048715 0.356801
vt 0.055475 0.356556
vt 0.919610 0.844528
vt 0.041442 0.361355
vt 0.041317 0.358595
vt 0.049681 0.364266
vt 0.033947 0.353369
vt 0.080155 0.359611
vt 0.078702 0.352366
vt 0.938284 0.828049
vt 0.945252 0.831306
vt 0.933745 0.850458
vt 0.927749 0.846786
vt 0.937229 0.855663
vt 0.951196 0.835496
vt 0.961046 0.313669
vt 0.939982 0.318476
vt 0.945316 0.347823
vt 0.943613 0.341095
vt 0.960662 0.343885
vt 0.939593 0.335494
vt 0.053246 0.365372
vt 0.055825 0.371203
vt 0.041250 0.355836
vt 0.089095 0.374916
vt 0.084091 0.367464
vt 0.261750 0.088516
vt 0.262366 0.088333
vt 0.290290 0.133196
vt 0.297709 0.129142
vt 0.034329 0.351283
vt 0.011697 0.298654
vt 0.025385 0.343777
vt 0.077527 0.081643
vt 0.113977 0.051729
vt 0.417697 0.081643
vt 0.381255 0.051729
vt 0.876751 0.475646
vt 0.982447 0.234197
vt 0.963248 0.234197
vt 0.963248 0.225943
vt 0.983864 0.225943
vt 0.917208 0.299997
vt 0.896355 0.299997
vt 0.896355 0.291890
vt 0.916775 0.291890
vt 0.896442 0.192929
vt 0.896450 0.184675
vt 0.917718 0.184696
vt 0.917023 0.192950
vt 0.963248 0.300233
vt 0.963248 0.291978
vt 0.983904 0.291978
vt 0.983258 0.300233
vt 0.917024 0.225968
vt 0.896409 0.225947
vt 0.896417 0.217693
vt 0.915616 0.217712
vt 0.916076 0.283782
vt 0.896355 0.283782
vt 0.896355 0.275675
vt 0.915165 0.275675
vt 0.963248 0.275463
vt 0.941823 0.275463
vt 0.941823 0.267290
vt 0.962809 0.267290
vt 0.940965 0.201184
vt 0.940965 0.192929
vt 0.961581 0.192929
vt 0.962665 0.201184
vt 0.918679 0.201183
vt 0.918679 0.192928
vt 0.939294 0.192928
vt 0.937878 0.201183
vt 0.941823 0.283718
vt 0.963080 0.283718
vt 0.960932 0.308481
vt 0.941823 0.308481
vt 0.941823 0.300227
vt 0.961796 0.300227
vt 0.982357 0.242452
vt 0.963248 0.242452
vt 0.918679 0.225946
vt 0.918679 0.217692
vt 0.938616 0.217692
vt 0.939260 0.225946
vt 0.975507 0.319952
vt 0.977053 0.323685
vt 0.966893 0.325704
vt 0.998091 0.348524
vt 0.996545 0.352256
vt 0.987932 0.346504
vt 0.961241 0.355195
vt 0.958384 0.352339
vt 0.966995 0.346586
vt 0.985821 0.315468
vt 0.989860 0.315468
vt 0.987840 0.325622
vt 0.963248 0.267215
vt 0.963248 0.258961
vt 0.983961 0.258961
vt 0.984505 0.267215
vt 0.963248 0.283724
vt 0.963248 0.275470
vt 0.984673 0.275470
vt 0.984230 0.283724
vt 0.896425 0.209438
vt 0.915520 0.209457
vt 0.918679 0.242455
vt 0.918679 0.234200
vt 0.939946 0.234200
vt 0.940899 0.242455
vt 0.918679 0.209437
vt 0.937774 0.209437
vt 0.963248 0.250706
vt 0.983221 0.250706
vt 0.915212 0.267567
vt 0.896355 0.267567
vt 0.896355 0.259460
vt 0.916603 0.259460
vt 0.941823 0.258961
vt 0.962479 0.258961
vt 0.940965 0.242452
vt 0.940965 0.234197
vt 0.960164 0.234197
vt 0.960069 0.242452
vt 0.918679 0.275413
vt 0.918679 0.267158
vt 0.938758 0.267158
vt 0.937829 0.275413
vt 0.918679 0.300176
vt 0.918679 0.291922
vt 0.939294 0.291922
vt 0.940379 0.300176
vt 0.940965 0.209385
vt 0.963248 0.209385
vt 0.940965 0.184675
vt 0.960164 0.184675
vt 0.940965 0.217688
vt 0.962665 0.217688
vt 0.940965 0.225943
vt 0.961581 0.225943
vt 0.963248 0.217688
vt 0.984948 0.217688
vt 0.918679 0.242479
vt 0.896392 0.242457
vt 0.896400 0.234201
vt 0.918100 0.234223
vt 0.963248 0.201184
vt 0.963248 0.192929
vt 0.983864 0.192929
vt 0.984948 0.201184
vt 0.916370 0.201204
vt 0.896434 0.201184
vt 0.985531 0.209489
vt 0.963248 0.209489
vt 0.941823 0.250706
vt 0.941823 0.242452
vt 0.960927 0.242452
vt 0.961833 0.250706
vt 0.918679 0.184674
vt 0.918679 0.176420
vt 0.940965 0.176420
vt 0.940379 0.184674
vt 0.937878 0.283667
vt 0.918679 0.283667
vt 0.963248 0.242452
vt 0.982357 0.242452
vt 0.963248 0.308487
vt 0.982352 0.308487
vt 0.896458 0.176420
vt 0.918679 0.176443
vt 0.960074 0.176420
vt 0.917175 0.308159
vt 0.896355 0.308159
vt 0.963248 0.184675
vt 0.963248 0.176420
vt 0.982352 0.176420
vt 0.982447 0.184675
vt 0.962536 0.291972
vt 0.941823 0.291972
vt 0.939469 0.258904
vt 0.918679 0.258904
vt 0.918679 0.250649
vt 0.939872 0.250649
vt 0.918679 0.308313
vt 0.940957 0.308313
vt 0.896355 0.251352
vt 0.917668 0.251352
vt 0.896355 0.243138
vt 0.918236 0.243138
vt 0.939876 0.242455
vt 0.985821 0.335777
vt 0.982088 0.334231
vt 0.969013 0.336432
vt 0.972745 0.337977
vt 0.958289 0.331457
vt 0.956743 0.327725
vt 0.996545 0.340752
vt 0.998091 0.344484
vt 0.982088 0.317014
vt 0.977781 0.344484
vt 0.979327 0.340752
vt 0.968860 0.315550
vt 0.972650 0.317096
vt 0.958384 0.340834
vt 0.961241 0.337978
vt 0.964973 0.356741
vt 0.979232 0.331375
vt 0.977686 0.327642
vt 0.997995 0.323603
vt 0.997995 0.327642
vt 0.977148 0.348606
vt 0.975602 0.352339
vt 0.975602 0.340834
vt 0.956743 0.323685
vt 0.977053 0.327725
vt 0.972650 0.334314
vt 0.968918 0.335860
vt 0.958289 0.319952
vt 0.961146 0.334314
vt 0.965000 0.336432
vt 0.972746 0.355195
vt 0.969013 0.356741
vt 0.993593 0.317014
vt 0.979232 0.319870
vt 0.989916 0.356659
vt 0.985916 0.356659
vt 0.977781 0.348524
vt 0.982184 0.337895
vt 0.979327 0.352256
vt 0.925254 0.325232
vt 0.925969 0.334250
vt 0.953709 0.331649
vt 0.953384 0.322602
vt 0.905899 0.366457
vt 0.924760 0.369013
vt 0.924208 0.360574
vt 0.902636 0.358017
vt 0.897519 0.340673
vt 0.923984 0.343227
vt 0.924406 0.334250
vt 0.896667 0.331649
vt 0.926391 0.343227
vt 0.952857 0.340673
vt 0.926461 0.352013
vt 0.950730 0.349477
vt 0.925121 0.325232
vt 0.896991 0.322602
vt 0.926167 0.360574
vt 0.925615 0.369013
vt 0.944476 0.366457
vt 0.947739 0.358017
vt 0.910111 0.393023
vt 0.923756 0.395208
vt 0.924820 0.386270
vt 0.910373 0.383975
vt 0.925254 0.377528
vt 0.941646 0.375061
vt 0.925555 0.386270
vt 0.940002 0.383975
vt 0.925121 0.377528
vt 0.908729 0.375061
vt 0.923914 0.352013
vt 0.899645 0.349477
vt 0.926619 0.395208
vt 0.940265 0.393023
vt 0.986412 0.378305
vt 0.984023 0.384466
vt 0.971018 0.375214
vt 0.979740 0.389251
vt 0.962344 0.361186
vt 0.968265 0.358625
vt 0.974552 0.358546
vt 0.984483 0.365633
vt 0.986586 0.371699
vt 0.974052 0.391859
vt 0.967844 0.391955
vt 0.957601 0.384807
vt 0.955171 0.378674
vt 0.955171 0.372032
vt 0.980242 0.361031
vt 0.957735 0.365906
vt 0.962075 0.389455
vt 0.982184 0.355113
vt 0.989930 0.336349
vt 0.993688 0.337895
vt 0.993688 0.355113
vt 0.985916 0.336349
vt 0.993592 0.334232
vt 0.989860 0.335777
vt 0.977686 0.323603
vt 0.996450 0.319870
vt 0.996450 0.331375
vt 0.977148 0.344566
vt 0.956838 0.348606
vt 0.956838 0.344566
vt 0.964851 0.335848
vt 0.964878 0.315550
vt 0.975507 0.331457
vt 0.961146 0.317096
vt 0.914087 0.061600
vt 0.936214 0.074375
vt 0.934829 0.075184
vt 0.914088 0.063185
vt 0.936214 0.100031
vt 0.914032 0.112817
vt 0.914032 0.111232
vt 0.934808 0.099220
vt 0.891906 0.100042
vt 0.891906 0.074386
vt 0.893311 0.075197
vt 0.893290 0.099233
vt 0.927817 0.021684
vt 0.927817 0.037712
vt 0.916694 0.037712
vt 0.916694 0.021684
vt 0.961188 0.005657
vt 0.961188 0.021684
vt 0.950064 0.021684
vt 0.950064 0.005657
vt 0.961188 0.037712
vt 0.961188 0.053739
vt 0.950064 0.053739
vt 0.950064 0.037712
vt 0.927817 0.005657
vt 0.916694 0.005657
vt 0.927817 0.053739
vt 0.916694 0.053739
vt 0.914060 0.087209
vt 0.962283 0.112811
vt 0.940056 0.100057
vt 0.941443 0.099243
vt 0.962269 0.111207
vt 0.940056 0.074377
vt 0.962242 0.061600
vt 0.962243 0.063184
vt 0.941463 0.075189
vt 0.984349 0.074362
vt 0.984417 0.099942
vt 0.983022 0.099153
vt 0.982970 0.075172
vt 0.938941 0.021684
vt 0.938941 0.037712
vt 0.905570 0.021684
vt 0.905570 0.005657
vt 0.916694 0.037712
vt 0.905570 0.053739
vt 0.905570 0.037712
vt 0.938941 0.005657
vt 0.927817 0.005657
vt 0.938941 0.053739
vt 0.962235 0.087191
vt 0.913994 0.118808
vt 0.936221 0.131563
vt 0.934834 0.132377
vt 0.914008 0.120412
vt 0.936221 0.157242
vt 0.914034 0.170019
vt 0.914034 0.168435
vt 0.934814 0.156431
vt 0.891928 0.157257
vt 0.891860 0.131678
vt 0.893255 0.132466
vt 0.893307 0.156447
vt 0.972311 0.021684
vt 0.972311 0.037712
vt 0.961188 0.037712
vt 0.961188 0.021684
vt 0.950064 0.005657
vt 0.950064 0.021684
vt 0.938941 0.021684
vt 0.950064 0.037712
vt 0.972311 0.005657
vt 0.961188 0.005657
vt 0.972311 0.053739
vt 0.961188 0.053739
vt 0.914042 0.144428
vt 0.984145 0.131513
vt 0.984145 0.157116
vt 0.982751 0.156323
vt 0.982762 0.132324
vt 0.961973 0.169917
vt 0.939800 0.157116
vt 0.941183 0.156305
vt 0.961962 0.168314
vt 0.939800 0.131513
vt 0.961973 0.118712
vt 0.961983 0.120315
vt 0.941194 0.132306
vt 0.905570 0.037712
vt 0.894447 0.037712
vt 0.894447 0.021684
vt 0.983435 0.005657
vt 0.983435 0.021684
vt 0.983435 0.037712
vt 0.983435 0.053739
vt 0.972311 0.037712
vt 0.905570 0.005657
vt 0.894447 0.005657
vt 0.905570 0.053739
vt 0.894447 0.053739
vt 0.961973 0.144314
vt 0.000000 0.000000
vt 1.000000 0.000000
vt 1.000000 1.000000
vt 0.000000 1.000000
vt 0.635431 0.630423
vt 0.563524 0.652225
vt 0.563524 0.187608
vt 0.635431 0.165806
vt 0.281657 0.020040
vt 0.307696 0.165807
vt 0.235789 0.187746
vt 0.222769 0.037977
vt 0.091946 0.187746
vt 0.104994 0.037977
vt 0.550476 0.037857
vt 0.419681 0.187608
vt 0.432701 0.037857
vt 0.020039 0.165807
vt 0.046107 0.020040
vt 0.347775 0.165806
vt 0.373813 0.020039
vt 0.413594 0.892921
vt 0.442546 0.876212
vt 0.573446 0.951788
vt 0.573446 0.985205
vt 0.609363 0.020039
vt 0.419681 0.652225
vt 0.347775 0.630423
vt 0.307696 0.630419
vt 0.235789 0.652357
vt 0.782804 0.191394
vt 0.782804 0.547605
vt 0.690519 0.586292
vt 0.690519 0.230084
vt 0.505915 0.230084
vt 0.505915 0.586292
vt 0.413631 0.547605
vt 0.413594 0.191394
vt 0.107079 0.230223
vt 0.107079 0.586443
vt 0.014795 0.547640
vt 0.014795 0.191401
vt 0.291684 0.230223
vt 0.291684 0.586443
vt 0.384004 0.191401
vt 0.383968 0.547640
vt 0.091946 0.652357
vt 0.442546 0.725062
vt 0.413594 0.708316
vt 0.573446 0.649487
vt 0.573446 0.616032
vt 0.704325 0.725062
vt 0.733263 0.708316
vt 0.704325 0.876212
vt 0.733263 0.892921
vt 0.282925 0.849441
vt 0.181915 0.791089
vt 0.181915 0.674385
vt 0.282925 0.616032
vt 0.350991 0.066333
vt 0.275195 0.098189
vt 0.123604 0.098189
vt 0.673994 0.098082
vt 0.522403 0.098082
vt 0.047808 0.066333
vt 0.446608 0.066323
vt 0.749790 0.066323
vt 0.714903 0.014795
vt 0.656551 0.039244
vt 0.539846 0.039244
vt 0.481494 0.014795
vt 0.141047 0.039362
vt 0.082695 0.014795
vt 0.257752 0.039362
vt 0.316104 0.014795
vt 0.384004 0.791089
vt 0.384004 0.674385
vt 0.020039 0.630419
s 1
usemtl Wheel_Peugeot_Challenger_17x7_ET28_Rim
f 1376/392/481 1996/393/482 1995/394/483 1377/395/484
f 984/396/485 549/397/486 547/398/487
f 1712/399/488 549/397/486 984/396/485
f 549/397/486 1712/399/488 1994/400/489
f 547/398/487 564/401/490 567/402/491 984/396/485
f 984/396/485 567/402/491 603/403/492 604/404/493
f 598/405/494 555/406/495 1711/407/496
f 482/408/497 488/409/498 1711/407/496
f 491/410/499 2000/411/500 510/412/501 507/413/502
f 1993/414/503 1997/415/504 491/416/499 490/417/505
f 510/412/501 2002/418/506 501/419/507
f 501/419/507 2002/418/506 528/420/508 487/421/509
f 490/417/505 492/422/510 568/423/511 1993/414/503
f 1998/424/512 497/425/513 498/426/514 493/427/515
f 528/420/508 2002/418/506 1999/428/516 488/429/517
f 534/430/518 490/431/505 491/410/499 507/413/502
f 481/432/519 498/426/514 497/425/513 1996/393/482
f 497/425/513 1998/424/512 2001/433/520 489/434/521
f 489/434/521 496/435/522 499/436/523 1995/394/483
f 2001/433/520 2000/437/500 491/416/499 1997/415/504
f 1995/394/483 1996/393/482 497/425/513 489/434/521
f 1994/400/489 1993/414/503 568/423/511 549/397/486
f 493/438/524 1674/439/525 488/409/498
f 1674/439/525 498/440/526 481/441/527
f 498/440/526 1674/439/525 493/438/524
f 1711/407/496 555/406/495 482/408/497
f 482/442/497 555/443/495 485/444/528 483/445/529
f 488/446/498 482/442/497 483/445/529 528/447/530
f 486/448/531 484/449/532 483/445/529 485/444/528
f 531/450/533 1992/451/534 484/449/532 486/448/531
f 1992/451/534 495/452/535 487/453/536 484/449/532
f 484/449/532 487/453/536 528/447/530 483/445/529
f 493/427/515 488/454/517 1999/455/516 1998/424/512
f 496/435/522 1997/415/504 1993/414/503 1994/400/489
f 496/435/522 489/434/521 2001/433/520 1997/415/504
f 494/456/537 774/457/538 495/452/535 1992/451/534
f 1998/424/512 1999/455/516 2000/437/500 2001/433/520
f 503/458/539 506/459/540 505/460/541 502/461/542
f 501/462/543 503/458/539 502/461/542 500/463/544
f 510/464/501 501/462/543 500/463/544 509/465/545
f 538/466/546 534/467/518 504/468/547 511/469/548
f 534/467/518 507/470/502 508/471/549 504/468/547
f 507/470/502 510/464/501 509/465/545 508/471/549
f 525/472/550 514/473/551 515/474/552 524/475/553
f 517/476/554 518/477/555 519/478/556 516/479/557
f 514/473/551 517/476/554 516/479/557 515/474/552
f 521/480/558 522/481/559 523/482/560 520/483/561
f 518/477/555 512/484/562 513/485/563 519/478/556
f 512/484/562 521/480/558 520/483/561 513/485/563
f 495/486/564 774/487/565 506/488/566 503/489/567
f 514/473/551 525/472/550 533/490/568 532/491/569
f 529/492/570 494/456/537 1992/451/534 531/450/533
f 508/471/549 513/485/563 520/483/561 504/468/547
f 527/493/571 532/491/569 530/494/572 526/495/573
f 487/421/509 495/486/564 503/489/567 501/419/507
f 517/476/554 514/473/551 532/491/569 527/493/571
f 502/461/542 505/460/541 524/475/553 515/474/552
f 537/496/574 535/497/575 527/493/571 526/495/573
f 500/463/544 516/479/557 519/478/556 509/465/545
f 504/468/547 520/483/561 523/482/560 511/469/548
f 500/463/544 502/461/542 515/474/552 516/479/557
f 532/491/569 533/490/568 536/498/576 530/494/572
f 535/497/575 521/480/558 512/484/562
f 519/478/556 513/485/563 508/471/549 509/465/545
f 2000/411/500 1999/428/516 2002/418/506 510/412/501
f 521/480/558 535/497/575 522/481/559
f 535/497/575 518/477/555 517/476/554 527/493/571
f 535/497/575 537/496/574 522/481/559
f 518/477/555 535/497/575 512/484/562
f 538/499/546 492/500/510 490/431/505 534/430/518
f 1048/501/577 499/436/523 1994/400/489 1713/502/578
f 598/405/494 561/503/579 557/504/580
f 598/405/494 557/504/580 552/505/581
f 560/506/582 576/507/583 579/508/584 541/509/585
f 548/510/586 559/511/587 560/512/582 544/513/588
f 579/508/584 570/514/589 539/515/590
f 570/514/589 556/516/591 592/517/592 539/515/590
f 559/511/587 548/510/586 568/423/511 492/422/510
f 543/518/593 561/519/594 566/520/595 565/521/596
f 592/517/592 557/522/597 542/523/598 539/515/590
f 596/524/599 576/507/583 560/506/582 559/525/587
f 550/526/600 545/527/601 565/521/596 566/520/595
f 565/521/596 558/528/602 540/529/603 543/518/593
f 558/528/602 546/530/604 567/402/491 564/401/490
f 540/529/603 544/513/588 560/512/582 541/531/585
f 546/530/604 558/528/602 565/521/596 545/527/601
f 547/398/487 549/397/486 568/423/511 548/510/586
f 1673/532/605 550/533/606 566/534/607
f 566/534/607 561/503/579 1673/532/605
f 552/505/581 555/406/495 598/405/494
f 552/535/581 553/536/608 485/444/528 555/443/495
f 557/537/580 592/538/609 553/536/608 552/535/581
f 486/448/531 485/444/528 553/536/608 554/539/610
f 531/450/533 486/448/531 554/539/610 551/540/611
f 551/540/611 554/539/610 556/541/612 563/542/613
f 554/539/610 553/536/608 592/538/609 556/541/612
f 561/519/594 543/518/593 542/543/598 557/544/597
f 564/401/490 547/398/487 548/510/586 544/513/588
f 564/401/490 544/513/588 540/529/603 558/528/602
f 562/545/614 551/540/611 563/542/613 593/546/615
f 543/518/593 540/529/603 541/531/585 542/543/598
f 572/547/616 571/548/617 574/549/618 575/550/619
f 570/551/620 569/552/621 571/548/617 572/547/616
f 579/553/584 578/554/622 569/552/621 570/551/620
f 538/466/546 511/469/548 573/555/623 596/556/599
f 596/556/599 573/555/623 577/557/624 576/558/583
f 576/558/583 577/557/624 578/554/622 579/553/584
f 590/559/625 789/560/618 583/561/626 582/562/627
f 585/563/628 584/564/629 587/565/630 586/566/631
f 582/562/627 583/561/626 584/564/629 585/563/628
f 589/567/632 588/568/633 523/482/560 522/481/559
f 586/566/631 587/565/630 581/569/634 580/570/635
f 580/570/635 581/569/634 588/568/633 589/567/632
f 563/571/636 572/572/637 575/573/638 593/574/639
f 582/562/627 594/575/640 595/576/641 590/559/625
f 529/492/570 531/450/533 551/540/611 562/545/614
f 577/557/624 573/555/623 588/568/633 581/569/634
f 591/577/642 526/495/573 530/494/572 594/575/640
f 556/516/591 570/514/589 572/572/637 563/571/636
f 585/563/628 591/577/642 594/575/640 582/562/627
f 571/548/617 583/561/626 789/560/618 574/549/618
f 537/496/574 526/495/573 591/577/642 597/578/643
f 569/552/621 578/554/622 587/565/630 584/564/629
f 573/555/623 511/469/548 523/482/560 588/568/633
f 569/552/621 584/564/629 583/561/626 571/548/617
f 594/575/640 530/494/572 536/498/576 595/576/641
f 597/578/643 580/570/635 589/567/632
f 587/565/630 578/554/622 577/557/624 581/569/634
f 541/509/585 579/508/584 539/515/590 542/523/598
f 589/567/632 522/481/559 597/578/643
f 597/578/643 591/577/642 585/563/628 586/566/631
f 1697/579/644 654/580/645 659/581/646
f 666/582/647 714/583/648 644/584/649 606/585/650
f 617/586/651 605/587/652 623/588/653
f 605/587/652 667/589/654 683/590/655
f 605/587/652 617/586/651 618/591/656 611/592/657
f 614/593/658 605/587/652 683/590/655
f 663/594/659 662/595/660 665/596/661 624/597/662
f 616/598/663 622/599/664 626/600/665 625/601/666
f 605/587/652 614/593/658 623/588/653
f 608/602/667 607/603/668 668/604/669 674/605/670
f 633/606/671 631/607/672 620/608/673 619/609/674
f 629/610/675 615/611/676 682/612/677 694/613/678
f 633/606/671 619/609/674 616/598/663 625/601/666
f 667/589/654 605/587/652 611/592/657 679/614/679
f 631/607/672 628/615/680 613/616/680 620/608/673
f 618/591/656 621/617/681 608/602/667 611/592/657
f 647/618/682 639/619/683 630/620/684 632/621/685
f 611/592/657 608/602/667 674/605/670 679/614/679
f 626/600/665 622/599/664 615/611/676 629/610/675
f 676/622/686 640/623/687 653/624/688 673/625/689
f 621/617/681 612/626/690 607/603/668 608/602/667
f 639/619/683 609/627/691 754/628/692 630/620/684
f 623/588/653 614/593/658 615/611/676 622/599/664
f 617/586/651 623/588/653 622/599/664 616/598/663
f 614/593/658 683/590/655 682/612/677 615/611/676
f 621/617/681 618/591/656 619/609/674 620/608/673
f 618/591/656 617/586/651 616/598/663 619/609/674
f 612/626/690 621/617/681 620/608/673 613/616/680
f 627/629/693 624/630/662 625/601/666 626/600/665
f 606/631/650 627/629/693 626/600/665 629/610/675
f 666/632/647 606/631/650 629/610/675 694/613/678
f 624/630/662 632/633/694 633/606/671 625/601/666
f 632/633/694 630/634/695 631/607/672 633/606/671
f 630/634/695 754/635/696 628/615/680 631/607/672
f 661/636/697 662/637/660 663/638/659 664/639/698
f 640/623/687 609/640/699 639/641/700 653/624/688
f 638/642/701 645/643/702 664/639/698 660/644/703
f 638/642/701 660/644/703 656/645/704 657/646/705
f 642/647/706 646/648/707 662/637/660 661/636/697
f 649/649/708 647/650/709 610/651/710 650/652/711
f 653/624/688 639/641/700 647/650/709 649/649/708
f 673/625/689 653/624/688 649/649/708 720/653/712
f 720/653/712 649/649/708 650/652/711 721/654/713
f 646/655/714 651/656/715 650/652/711 610/651/710
f 651/656/715 648/657/716 721/654/713 650/652/711
f 1744/658/717 648/659/716 651/660/715
f 636/661/718 1746/662/719 642/663/720
f 1708/664/721 636/661/718 654/665/722
f 642/663/720 1746/662/719 646/666/714
f 657/646/705 656/645/704 634/667/723 655/668/724
f 658/669/725 659/581/646 637/670/726 645/643/702
f 664/639/698 663/638/659 643/671/727 660/644/703
f 645/643/702 638/642/701 635/672/728 658/669/725
f 637/670/726 661/636/697 664/639/698 645/643/702
f 654/580/645 636/673/729 637/670/726 659/581/646
f 606/585/650 644/584/649 643/674/727 627/675/693
f 610/676/730 665/596/661 662/595/660 646/677/707
f 661/636/697 637/670/726 636/673/729 642/647/706
f 644/678/649 714/679/648 634/667/723 656/645/704
f 632/621/685 665/596/661 610/676/730 647/618/682
f 624/597/662 665/596/661 632/621/685
f 656/645/704 660/644/703 643/671/727 644/678/649
f 643/674/727 663/594/659 624/597/662 627/675/693
f 1746/662/719 651/660/715 646/666/714
f 1697/680/731 1708/664/721 654/665/722
f 1746/662/719 1744/658/717 651/660/715
f 1708/664/721 1746/662/719 636/661/718
f 1288/681/732 731/682/733 727/683/734
f 666/684/647 670/685/735 716/686/736 714/687/648
f 687/688/737 693/689/738 669/690/739
f 669/690/739 683/590/655 667/589/654
f 669/690/739 678/691/740 688/692/741 687/688/737
f 684/693/742 683/590/655 669/690/739
f 735/694/743 695/695/744 737/696/745 734/697/746
f 686/698/747 696/699/748 697/700/749 692/701/750
f 669/690/739 693/689/738 684/693/742
f 672/702/751 674/605/670 668/604/669 671/703/752
f 705/704/753 689/705/754 690/706/755 703/707/756
f 701/708/757 694/613/678 682/612/677 685/709/758
f 705/704/753 696/699/748 686/698/747 689/705/754
f 667/589/654 679/614/679 678/691/740 669/690/739
f 703/707/756 690/706/755 681/710/759 700/711/759
f 688/692/741 678/691/740 672/702/751 691/712/760
f 719/713/761 704/714/762 702/715/763 710/716/764
f 678/691/740 679/614/679 674/605/670 672/702/751
f 697/700/749 701/708/757 685/709/758 692/701/750
f 676/622/686 673/625/689 726/717/765 711/718/766
f 691/712/760 672/702/751 671/703/752 680/719/767
f 710/716/764 702/715/763 699/720/768 675/721/769
f 693/689/738 692/701/750 685/709/758 684/693/742
f 687/688/737 686/698/747 692/701/750 693/689/738
f 684/693/742 685/709/758 682/612/677 683/590/655
f 691/712/760 690/706/755 689/705/754 688/692/741
f 688/692/741 689/705/754 686/698/747 687/688/737
f 680/719/767 681/710/759 690/706/755 691/712/760
f 698/722/770 697/700/749 696/699/748 695/723/744
f 670/724/735 701/708/757 697/700/749 698/722/770
f 666/632/647 694/613/678 701/708/757 670/724/735
f 695/723/744 696/699/748 705/704/753 704/725/771
f 704/725/771 705/704/753 703/707/756 702/726/772
f 702/726/772 703/707/756 700/711/759 699/727/773
f 733/728/774 736/729/775 735/730/743 734/731/746
f 711/718/766 726/717/765 710/732/776 675/733/777
f 709/734/778 732/735/779 736/729/775 717/736/780
f 709/734/778 729/737/781 728/738/782 732/735/779
f 713/739/783 733/728/774 734/731/746 718/740/784
f 722/741/785 723/742/786 677/743/787 719/744/788
f 726/717/765 722/741/785 719/744/788 710/732/776
f 673/625/689 720/653/712 722/741/785 726/717/765
f 720/653/712 721/654/713 723/742/786 722/741/785
f 718/745/789 677/743/787 723/742/786 724/746/790
f 724/746/790 723/742/786 721/654/713 648/657/716
f 1744/747/717 724/748/790 648/749/716
f 707/750/791 713/751/792 1745/752/793
f 712/753/794 727/754/795 707/750/791
f 713/751/792 718/755/789 1745/752/793
f 729/737/781 655/668/724 634/667/723 728/738/782
f 730/756/796 717/736/780 708/757/797 731/682/733
f 736/729/775 732/735/779 715/758/798 735/730/743
f 717/736/780 730/756/796 706/759/799 709/734/778
f 708/757/797 717/736/780 736/729/775 733/728/774
f 727/683/734 731/682/733 708/757/797 707/760/800
f 670/685/735 698/761/770 715/762/798 716/686/736
f 677/763/801 718/764/784 734/697/746 737/696/745
f 733/728/774 713/739/783 707/760/800 708/757/797
f 716/765/736 728/738/782 634/667/723 714/679/648
f 704/714/762 719/713/761 677/763/801 737/696/745
f 695/695/744 704/714/762 737/696/745
f 728/738/782 716/765/736 715/758/798 732/735/779
f 715/762/798 698/761/770 695/695/744 735/694/743
f 1745/752/793 718/755/789 724/748/790
f 1288/766/802 727/754/795 712/753/794
f 1745/752/793 724/748/790 1744/747/717
f 712/753/794 707/750/791 1745/752/793
f 754/628/692 609/627/691 746/767/803 757/768/804
f 744/769/805 1416/770/806 1415/771/807 743/772/808
f 747/773/809 640/623/687 676/622/686 745/774/810
f 756/775/811 752/776/812 613/616/680 628/615/680
f 607/603/668 612/626/690 753/777/813 744/769/805
f 746/778/814 609/640/699 640/623/687 747/773/809
f 607/603/668 744/769/805 743/772/808 668/604/669
f 757/768/804 746/767/803 933/779/815 934/780/816
f 742/781/817 747/773/809 745/774/810 740/782/818
f 744/769/805 753/777/813 750/783/819 1416/770/806
f 753/777/813 612/626/690 613/616/680 752/776/812
f 750/783/819 753/777/813 752/776/812 751/784/820
f 754/635/696 757/785/821 756/775/811 628/615/680
f 757/785/821 934/786/822 1538/787/823 756/775/811
f 699/720/768 771/788/824 763/789/825 675/721/769
f 762/790/826 743/772/808 1415/771/807 758/791/827
f 764/792/828 745/774/810 676/622/686 711/718/766
f 770/793/829 700/711/759 681/710/759 766/794/830
f 671/703/752 762/790/826 767/795/831 680/719/767
f 763/796/832 764/792/828 711/718/766 675/733/777
f 671/703/752 668/604/669 743/772/808 762/790/826
f 771/788/824 935/797/833 1508/798/834 763/789/825
f 1426/799/835 740/782/818 745/774/810 764/792/828
f 762/790/826 758/791/827 1427/800/836 767/795/831
f 767/795/831 766/794/830 681/710/759 680/719/767
f 1427/800/836 1428/801/837 766/794/830 767/795/831
f 699/727/773 700/711/759 770/793/829 771/802/838
f 771/802/838 770/793/829 768/803/839 935/804/840
f 506/488/566 774/487/565 779/805/841 785/806/842
f 777/807/843 772/808/844 1435/809/845 776/810/846
f 780/811/847 494/456/537 529/492/570 778/812/848
f 784/813/849 782/814/850 524/475/553 505/460/541
f 533/490/568 525/472/550 783/815/851 777/807/843
f 779/816/852 774/457/538 494/456/537 780/811/847
f 533/490/568 777/807/843 776/810/846 536/498/576
f 785/806/842 779/805/841 936/817/853 937/818/854
f 775/819/855 780/811/847 778/812/848 773/820/856
f 777/807/843 783/815/851 1436/821/857 772/808/844
f 783/815/851 525/472/550 524/475/553 782/814/850
f 1436/821/857 783/815/851 782/814/850 781/822/858
f 506/459/540 785/823/859 784/813/849 505/460/541
f 785/823/859 937/824/860 1443/825/861 784/813/849
f 575/573/638 795/826/862 787/827/863 593/574/639
f 786/828/864 776/810/846 1435/809/845 1444/829/865
f 788/830/866 778/812/848 529/492/570 562/545/614
f 794/831/867 574/549/618 789/560/618 792/832/868
f 595/576/641 786/828/864 793/833/869 590/559/625
f 787/834/870 788/830/866 562/545/614 593/546/615
f 595/576/641 536/498/576 776/810/846 786/828/864
f 795/826/862 939/835/871 938/836/872 787/827/863
f 1445/837/873 773/820/856 778/812/848 788/830/866
f 786/828/864 1444/829/865 790/838/874 793/833/869
f 793/833/869 792/832/868 789/560/618 590/559/625
f 790/838/874 791/839/875 792/832/868 793/833/869
f 575/550/619 574/549/618 794/831/867 795/840/876
f 942/841/877 849/842/878 854/843/879 853/844/880
f 795/840/876 794/831/867 1446/845/881 939/846/882
f 1672/847/883 2049/848/884 2043/849/885
f 1688/850/886 2007/851/887 810/852/888 842/853/889
f 2040/854/890 2059/855/891 2024/856/892 2027/857/893
f 2052/858/894 2056/859/895 2040/860/890 2041/861/896
f 2024/856/892 2061/862/897 2031/863/898
f 808/864/899 1454/865/900 1453/866/901 807/867/902
f 2031/863/898 2061/862/897 2008/868/903 2044/869/904
f 2041/861/896 2039/870/905 839/871/906 2052/858/894
f 2057/872/907 2035/873/908 2034/874/909 2038/875/910
f 811/876/911 1691/877/912 1714/878/913 809/879/914
f 2008/868/903 2061/862/897 2058/880/915 2043/881/916
f 2003/882/917 2041/883/896 2040/854/890 2027/857/893
f 841/884/918 826/885/919 1689/886/920 834/887/920
f 2050/888/921 2034/874/909 2035/873/908 2055/889/922
f 2035/873/908 2057/872/907 2060/890/923 2042/891/924
f 2042/891/924 2036/892/925 2033/893/926 2054/894/927
f 2060/890/923 2059/895/891 2040/860/890 2056/859/895
f 2054/894/927 2055/889/922 2035/873/908 2042/891/924
f 2053/896/928 2052/858/894 839/871/906 817/897/929
f 2038/898/930 1672/847/883 2043/849/885
f 1692/899/931 1690/900/932 827/901/933 808/864/899
f 1702/902/934 2034/903/935 2050/904/936
f 2034/903/935 1672/847/883 2038/898/930
f 1678/905/937 824/906/938 2049/848/884
f 2049/907/884 824/908/938 2046/909/939 2048/910/940
f 2043/911/885 2049/907/884 2048/910/940 2008/912/941
f 2045/913/942 2047/914/943 2048/910/940 2046/909/939
f 810/915/944 2007/916/945 1691/877/912 811/876/911
f 2005/917/946 2051/918/947 2047/914/943 2045/913/942
f 1692/899/931 808/864/899 807/867/902 797/919/948
f 2051/918/947 2037/920/949 2044/921/950 2047/914/943
f 842/853/889 810/852/888 940/922/951 941/923/952
f 805/924/953 811/876/911 809/879/914 798/925/954
f 808/864/899 827/901/933 814/926/955 1454/865/900
f 827/901/933 1690/900/932 1689/886/920 826/885/919
f 2047/914/943 2044/921/950 2008/912/941 2048/910/940
f 2038/875/910 2043/927/916 2058/928/915 2057/872/907
f 2036/892/925 2056/859/895 2052/858/894 2053/896/928
f 2036/892/925 2042/891/924 2060/890/923 2056/859/895
f 1691/877/912 2007/916/945 2037/920/949 2051/918/947
f 2057/872/907 2058/928/915 2059/895/891 2060/890/923
f 814/926/955 827/901/933 826/885/919 815/929/956
f 2029/930/957 1688/931/958 834/887/920 2030/932/959
f 2031/933/960 2029/930/957 2030/932/959 2032/934/961
f 2024/935/892 2031/933/960 2032/934/961 2025/936/962
f 800/937/963 2003/938/917 2028/939/964 2023/940/965
f 2003/938/917 2027/941/893 2026/942/966 2028/939/964
f 2027/941/893 2024/935/892 2025/936/962 2026/942/966
f 1688/931/958 842/943/967 841/884/918 834/887/920
f 938/944/968 1445/837/873 788/830/866 787/834/870
f 842/943/967 941/945/969 1461/946/970 841/884/918
f 1508/947/971 1426/799/835 764/792/828 763/796/832
f 1690/900/932 2020/948/972 2019/949/973 1689/886/920
f 1694/950/974 876/951/975 853/952/976 845/953/977
f 2017/954/978 2016/955/979 2015/956/980 2018/957/981
f 2020/948/972 2017/954/978 2018/957/981 2019/949/973
f 2013/958/982 2012/959/983 2011/960/984 2014/961/985
f 852/962/986 807/867/902 1453/866/901 1462/963/987
f 2016/955/979 2022/964/988 2021/965/989 2015/956/980
f 2022/964/988 2013/958/982 2014/961/985 2021/965/989
f 2037/966/990 2007/851/887 1688/850/886 2029/967/991
f 854/843/879 809/879/914 1714/878/913 848/968/992
f 2020/948/972 1690/900/932 1692/899/931 2004/969/993
f 1714/878/913 1691/877/912 2051/918/947 2005/917/946
f 875/970/994 1693/971/995 855/972/995 866/973/996
f 2026/942/966 2021/965/989 2014/961/985 2028/939/964
f 2009/974/997 2004/969/993 2006/975/998 2010/976/999
f 2044/869/904 2037/966/990 2029/967/991 2031/863/898
f 2017/954/978 2020/948/972 2004/969/993 2009/974/997
f 2030/932/959 834/887/920 1689/886/920 2019/949/973
f 799/977/1000 796/978/1001 2009/974/997 2010/976/999
f 2032/934/961 2018/957/981 2015/956/980 2025/936/962
f 1715/979/1002 852/962/986 867/980/1003 1695/981/1004
f 2028/939/964 2014/961/985 2011/960/984 2023/940/965
f 2032/934/961 2030/932/959 2019/949/973 2018/957/981
f 2004/969/993 1692/899/931 797/919/948 2006/975/998
f 796/978/1001 2013/958/982 2022/964/988
f 2015/956/980 2021/965/989 2026/942/966 2025/936/962
f 2059/855/891 2058/880/915 2061/862/897 2024/856/892
f 853/844/880 854/843/879 848/968/992 845/982/1005
f 2013/958/982 796/978/1001 2012/959/983
f 1715/979/1002 797/919/948 807/867/902 852/962/986
f 796/978/1001 2016/955/979 2017/954/978 2009/974/997
f 876/951/975 943/983/1006 942/984/1007 853/952/976
f 849/842/878 798/925/954 809/879/914 854/843/879
f 852/962/986 1462/963/987 1463/985/1008 867/980/1003
f 867/980/1003 866/973/996 855/972/995 1695/981/1004
f 796/978/1001 799/977/1000 2012/959/983
f 2016/955/979 796/978/1001 2022/964/988
f 800/986/963 2039/987/905 2041/883/896 2003/882/917
f 1284/988/1009 837/989/1010 1061/990/1011
f 1061/990/1011 821/991/1012 1678/905/937
f 1463/985/1008 1464/992/1013 866/973/996 867/980/1003
f 820/993/1014 818/994/1015 1284/988/1009
f 1061/990/1011 828/995/1016 821/991/1012
f 831/996/1017 850/997/1018 858/998/1019 803/999/1020
f 816/1000/1021 830/1001/1022 831/1002/1017 812/1003/1023
f 858/998/1019 843/1004/1024 801/1005/1025
f 843/1004/1024 825/1006/1026 872/1007/1027 801/1005/1025
f 1694/1008/1028 1693/971/995 875/970/994 876/1009/1029
f 876/1009/1029 875/970/994 948/1010/1030 943/1011/1031
f 891/1012/1032 1750/1013/1033 885/1014/1034 894/1015/1035
f 883/1016/1036 1476/1017/1037 877/1018/1038 882/1019/1039
f 886/1020/1040 881/1021/1041 880/1022/1042 884/1023/1043
f 893/1024/1044 889/1025/1045 1753/1026/1046 892/1027/1047
f 878/1028/1048 887/1029/1049 890/1030/1050 883/1016/1036
f 885/1031/1051 1750/1032/1052 881/1021/1041 886/1020/1040
f 878/1028/1048 883/1016/1036 882/1019/1039 1802/1033/1053
f 894/1015/1035 885/1014/1034 1520/1034/1054 944/1035/1055
f 1477/1036/1056 886/1020/1040 884/1023/1043 879/1037/1057
f 883/1016/1036 890/1030/1050 888/1038/1058 1476/1017/1037
f 890/1030/1050 887/1029/1049 1753/1026/1046 889/1025/1045
f 888/1038/1058 890/1030/1050 889/1025/1045 1478/1039/1059
f 891/1040/1060 894/1041/1061 893/1024/1044 892/1027/1047
f 894/1041/1061 944/1042/1062 947/1043/1063 893/1024/1044
f 906/1044/1064 908/1045/1065 899/1046/1066 1808/1047/1067
f 898/1048/1068 882/1019/1039 877/1018/1038 895/1049/1069
f 900/1050/1070 884/1023/1043 880/1022/1042 897/1051/1071
f 907/1052/1072 1829/1053/1073 902/1054/1073 903/1055/1074
f 896/1056/1075 898/1048/1068 904/1057/1076 901/1058/1077
f 899/1059/1078 900/1050/1070 897/1051/1071 1808/1060/1079
f 896/1056/1075 1802/1033/1053 882/1019/1039 898/1048/1068
f 908/1045/1065 1525/1061/1080 1522/1062/1081 899/1046/1066
f 1482/1063/1082 879/1037/1057 884/1023/1043 900/1050/1070
f 898/1048/1068 895/1049/1069 1483/1064/1083 904/1057/1076
f 904/1057/1076 903/1055/1074 902/1054/1073 901/1058/1077
f 1483/1064/1083 1484/1065/1084 903/1055/1074 904/1057/1076
f 906/1066/1085 1829/1053/1073 907/1052/1072 908/1067/1086
f 908/1067/1086 907/1052/1072 905/1068/1087 1525/1069/1088
f 1887/1070/1089 1868/1071/1090 916/1072/1091 922/1073/1092
f 914/1074/1093 910/1075/1094 909/1076/1095 913/1077/1096
f 917/1078/1097 1900/1079/1098 1932/1080/1099 915/1081/1100
f 921/1082/1101 919/1083/1102 1872/1084/1103 1888/1085/1104
f 1866/1086/1105 1871/1087/1106 920/1088/1107 914/1074/1093
f 916/1089/1108 1868/1090/1109 1900/1079/1098 917/1078/1097
f 1866/1086/1105 914/1074/1093 913/1077/1096 911/1091/1110
f 922/1073/1092 916/1072/1091 1527/1092/1111 1528/1093/1112
f 912/1094/1113 917/1078/1097 915/1081/1100 1495/1095/1114
f 914/1074/1093 920/1088/1107 1496/1096/1115 910/1075/1094
f 920/1088/1107 1871/1087/1106 1872/1084/1103 919/1083/1102
f 1496/1096/1115 920/1088/1107 919/1083/1102 918/1097/1116
f 1887/1098/1117 922/1099/1118 921/1082/1101 1888/1085/1104
f 922/1099/1118 1528/1100/1119 946/1101/1120 921/1082/1101
f 1955/1102/1121 932/1103/1122 926/1104/1123 923/1105/1124
f 925/1106/1125 913/1077/1096 909/1076/1095 1500/1107/1126
f 927/1108/1127 915/1081/1100 1932/1080/1099 1967/1109/1128
f 931/1110/1129 1956/1111/1130 1937/1112/1130 929/1113/1131
f 1928/1114/1132 925/1106/1125 930/1115/1133 1936/1116/1134
f 926/1117/1135 927/1108/1127 1967/1109/1128 923/1118/1136
f 1928/1114/1132 911/1091/1110 913/1077/1096 925/1106/1125
f 932/1103/1122 945/1119/1137 1530/1120/1138 926/1104/1123
f 924/1121/1139 1495/1095/1114 915/1081/1100 927/1108/1127
f 925/1106/1125 1500/1107/1126 1501/1122/1140 930/1115/1133
f 930/1115/1133 929/1113/1131 1937/1112/1130 1936/1116/1134
f 1501/1122/1140 928/1123/1141 929/1113/1131 930/1115/1133
f 1955/1124/1142 1956/1111/1130 931/1110/1129 932/1125/1143
f 932/1125/1143 931/1110/1129 1539/1126/1144 945/1127/1145
f 1530/1128/1146 924/1121/1139 927/1108/1127 926/1117/1135
f 1522/1129/1147 1482/1063/1082 900/1050/1070 899/1059/1078
f 746/778/814 747/773/809 742/781/817 933/1130/1148
f 916/1089/1108 917/1078/1097 912/1094/1113 1527/1131/1149
f 885/1031/1051 886/1020/1040 1477/1036/1056 1520/1132/1150
f 946/1101/1120 918/1097/1116 919/1083/1102 921/1082/1101
f 947/1043/1063 1478/1039/1059 889/1025/1045 893/1024/1044
f 1484/1065/1084 905/1068/1087 907/1052/1072 903/1055/1074
f 1464/992/1013 948/1010/1030 875/970/994 866/973/996
f 1461/946/970 815/929/956 826/885/919 841/884/918
f 791/839/875 1446/845/881 794/831/867 792/832/868
f 1443/825/861 781/822/858 782/814/850 784/813/849
f 1428/801/837 768/803/839 770/793/829 766/794/830
f 1538/787/823 751/784/820 752/776/812 756/775/811
f 928/1123/1141 1539/1126/1144 931/1110/1129 929/1113/1131
f 810/915/944 811/876/911 805/924/953 940/1133/1151
f 779/816/852 780/811/847 775/819/855 936/1134/1152
f 1113/1135/1153 1093/1136/1154 1092/1137/1155 1140/1138/1156
f 1039/1139/1157 966/1140/1158 1385/1141/1158 1384/1142/1157
f 1131/1143/1159 1106/1144/1160 1107/1145/1161 1130/1146/1162
f 1130/1146/1162 1107/1145/1161 1102/1147/1163 1129/1148/1164
f 1337/1149/1165 1336/1150/1166 1131/1143/1159 1130/1146/1162
f 953/1151/1011 955/1152/1167 1391/1153/1167 1390/1154/1011
f 969/1155/1168 1413/1156/1168 1412/1157/1169 970/1158/1169
f 1309/1159/1170 1303/1160/1171 1118/1161/1172 1117/1162/1173
f 1019/1163/1174 1405/1164/1174 1406/1165/1175 1020/1166/1175
f 1302/1167/1176 1290/1168/1177 1122/1169/1178 1121/1170/1179
f 1129/1148/1164 1102/1147/1163 749/1171/1180 1128/1172/1181
f 1711/1173/496 1298/1174/1182 1300/1175/1183 598/1176/494
f 980/1177/1184 982/1178/1185 1404/1179/1185 1403/1180/1184
f 1276/1181/1186 1277/1182/1187 1223/1183/1188 1220/1184/1189
f 1002/1185/1190 1004/1186/1191 1257/1187/1192 1254/1188/1193
f 1712/1189/1194 1398/1190/1195 1397/1191/1196 1713/1192/1197
f 1253/1193/1198 1258/1194/1199 1202/1195/1200 1199/1196/1201
f 1227/1197/1202 1279/1198/1203 1225/1199/1204 1171/1200/1205
f 1242/1201/1206 1229/1202/1207 1173/1203/1208 1186/1204/1209
f 1256/1205/1210 1253/1193/1198 1199/1196/1201 1200/1206/1211
f 1062/1207/1190 1063/1208/1212 1394/1209/1212 1393/1210/1190
f 1312/1211/1213 1309/1159/1170 1117/1162/1173 1116/1212/1214
f 1272/1213/1215 1227/1197/1202 1171/1200/1205 1216/1214/1216
f 1033/1215/1217 1035/1216/1218 991/1217/1218 993/1218/1217
f 1021/1219/1219 1023/1220/1220 1003/1221/1220 1005/1222/1219
f 1066/1223/1221 1038/1224/1222 990/1225/1222 987/1226/1221
f 1277/1182/1187 1273/1227/1223 1219/1228/1224 1223/1183/1188
f 1032/1229/1225 1033/1215/1217 993/1218/1217 994/1230/1225
f 1037/1231/1226 1067/1232/1227 765/1233/1227 769/1234/1226
f 1020/1235/1228 1021/1219/1219 1005/1222/1219 1006/1236/1228
f 1025/1237/1229 1026/1238/1230 1000/1239/1230 1001/1240/1229
f 1292/1241/1231 1134/1242/1232 1133/1243/1233 1327/1244/1234
f 1264/1245/1235 1261/1246/1236 1207/1247/1237 1208/1248/1238
f 1248/1249/1239 1244/1250/1240 1188/1251/1241 1192/1252/1242
f 1233/1253/1243 1727/1254/1244 1177/1255/1245 1179/1256/1246
f 1252/1257/1247 1249/1258/1248 1195/1259/1249 1196/1260/1250
f 1673/1261/605 1289/1262/1251 1301/1263/1252 602/1264/1253
f 1043/1265/1254 986/1266/1255 1065/1267/1255 988/1268/1254
f 1237/1269/1256 1236/1270/1257 1180/1271/1258 1183/1272/1259
f 1140/1138/1156 1092/1137/1155 1091/1273/1260 1139/1274/1261
f 1034/1275/1262 1037/1276/1226 769/1277/1226 992/1278/1262
f 971/1279/1263 1411/1280/1263 1410/1281/1264 976/1282/1264
f 1018/1283/1265 1016/1284/1266 1010/1285/1266 1008/1286/1265
f 1023/1287/1220 1024/1288/1267 1002/1185/1267 1003/1289/1220
f 1273/1227/1223 1272/1213/1215 1216/1214/1216 1219/1228/1224
f 1028/1290/1268 1031/1291/1269 995/1292/1269 998/1293/1268
f 1244/1250/1240 1242/1201/1206 1186/1204/1209 1188/1251/1241
f 1022/1294/1270 1025/1237/1229 1001/1240/1229 1004/1186/1270
f 1013/1295/1271 1012/1296/1272 1064/1297/1272 1042/1298/1271
f 1030/1299/1273 1041/1300/1274 989/1301/1274 996/1302/1273
f 1261/1246/1236 1259/1303/1275 1205/1304/1276 1207/1247/1237
f 1036/1305/1277 1034/1275/1262 992/1278/1262 1683/1306/1277
f 1067/1232/1227 1066/1223/1221 987/1226/1221 765/1233/1227
f 988/1268/1157 1065/1267/1158 1280/1307/1278 1228/1308/1279
f 1027/1309/1280 1029/1310/1281 997/1311/1281 999/1312/1280
f 1269/1313/1282 1264/1245/1235 1208/1248/1238 1215/1314/1283
f 1038/1224/1222 1013/1295/1271 1042/1298/1271 990/1225/1222
f 1041/1300/1274 1028/1290/1268 998/1293/1268 989/1301/1274
f 1268/1315/1284 1266/1316/1285 1210/1317/1286 1212/1318/1287
f 1024/1288/1267 1022/1294/1270 1004/1186/1270 1002/1185/1267
f 986/1266/1255 1017/1319/1288 1009/1320/1288 1065/1267/1255
f 1279/1198/1203 1268/1315/1284 1212/1318/1287 1225/1199/1204
f 1132/1321/1289 1109/1322/1290 1106/1144/1160 1131/1143/1159
f 1017/1319/1288 1018/1283/1265 1008/1286/1265 1009/1320/1288
f 1299/1323/1291 1297/1324/1292 1124/1325/1293 1123/1326/1294
f 949/1327/1295 1050/1328/1296 1049/1329/1297 985/1330/1298
f 1266/1316/1285 1269/1313/1282 1215/1314/1283 1210/1317/1286
f 1019/1331/1299 1020/1235/1228 1006/1236/1228 1007/1332/1299
f 1012/1296/1272 1014/1333/1300 1040/1334/1300 1064/1297/1272
f 964/1335/1301 1053/1336/1302 1052/1337/1303 1039/1338/1304
f 958/1339/1305 1060/1340/1306 1059/1341/1307 954/1342/1308
f 983/1343/1309 1054/1344/1310 1057/1345/1311 981/1346/1312
f 969/1347/1313 1045/1348/1314 1051/1349/1315 965/1350/1316
f 989/1301/1317 998/1293/1318 1245/1351/1319 1230/1352/1320
f 954/1342/1308 1059/1341/1307 1044/1353/1321 953/1354/1322
f 1063/1355/1323 1055/1356/1324 1050/1328/1296 949/1327/1295
f 1246/1357/1325 1240/1358/1326 1184/1359/1327 1190/1360/1328
f 1319/1361/1329 1318/1362/1330 1114/1363/1331 1113/1135/1153
f 1240/1358/1326 1237/1269/1256 1183/1272/1259 1184/1359/1327
f 1016/1284/1266 1019/1331/1299 1007/1332/1299 1010/1285/1266
f 1249/1258/1248 1248/1249/1239 1192/1252/1242 1195/1259/1249
f 1035/1216/1218 1036/1305/1277 1683/1306/1277 991/1217/1218
f 1014/1333/1300 1015/1364/1332 1011/1365/1332 1040/1334/1300
f 1029/1310/1281 1030/1299/1273 996/1302/1273 997/1311/1281
f 830/1001/1022 816/1000/1021 839/871/906 2039/870/905
f 1314/1366/1333 1312/1211/1213 1116/1212/1214 1115/1367/1334
f 1703/1368/1335 1324/1369/1336 1325/1370/1337 1677/1371/1196
f 1026/1238/1230 1027/1309/1280 999/1312/1280 1000/1239/1230
f 1258/1194/1199 1252/1257/1247 1196/1260/1250 1202/1195/1200
f 738/1372/1338 1098/1373/1339 1111/1374/1340 1127/1375/1341
f 1674/1376/525 1293/1377/1342 1298/1174/1182 1711/1173/496
f 1031/1378/1343 1386/1379/1343 1387/1380/934 1032/1381/934
f 1127/1375/1341 1111/1374/1340 1112/1382/1344 1126/1383/1345
f 1126/1383/1345 1112/1382/1344 1103/1384/1346 1125/1385/1347
f 806/1386/1348 832/1387/1349 837/1388/1350 836/1389/1351
f 1124/1325/1293 1104/1390/1352 1110/1391/1353 1123/1326/1294
f 1015/1364/1332 1043/1265/1254 988/1268/1254 1011/1365/1332
f 1318/1392/1330 1314/1366/1333 1115/1367/1334 1114/1393/1331
f 1123/1326/1294 1110/1391/1353 1108/1394/1354 1122/1169/1178
f 1286/1395/1317 1291/1396/1355 1328/1397/1356 1710/1398/1318
f 1326/1399/1357 1137/1400/1358 1136/1401/1359 1329/1402/1360
f 974/1403/1361 1047/1404/1362 1058/1405/1363 976/1406/1364
f 1327/1244/1234 1133/1243/1233 1132/1321/1289 1333/1407/1365
f 1125/1385/1347 1103/1384/1346 1104/1390/1352 1124/1325/1293
f 1341/1408/1366 1340/1409/1367 1129/1148/1164 1128/1172/1181
f 598/1176/494 1300/1175/1183 1289/1262/1251 1673/1261/605
f 1329/1402/1360 1136/1401/1359 1135/1410/1368 1331/1411/1369
f 1676/1412/1184 1335/1413/1370 1338/1414/1371 1705/1415/1185
f 1043/1416/1317 1015/1417/1372 1399/1418/1372 1400/1419/1317
f 1385/1141/1158 966/1140/1158 960/1420/1343 1386/1379/1343
f 1031/1291/1269 1032/1229/1225 994/1230/1225 995/1292/1269
f 1387/1380/934 959/1421/934 958/1422/883 1388/1423/883
f 1388/1423/883 958/1422/883 954/1424/1373 1389/1425/1373
f 872/1007/1027 828/1426/1374 804/1427/1375 801/1005/1025
f 1384/1142/1157 1041/1428/1157 1030/1429/1376 1383/1430/1376
f 1392/1431/1377 1037/1432/1377 1034/1433/1167 1391/1153/1167
f 1393/1210/1190 1067/1434/1190 1037/1435/1377 1392/1436/1377
f 1394/1209/1212 1395/1437/1378 1038/1438/1378 1066/1439/1191
f 1389/1425/1373 954/1424/1373 953/1151/1011 1390/1154/1011
f 1297/1324/1292 1294/1440/1379 1125/1385/1347 1124/1325/1293
f 1395/1437/1378 1396/1441/1335 1013/1442/1335 1038/1438/1378
f 1397/1191/1196 1396/1441/1335 985/1443/1335 1713/1192/1197
f 1290/1168/1177 1299/1323/1291 1123/1326/1294 1122/1169/1178
f 1400/1419/1317 604/1444/1317 983/1445/1318 1401/1446/1318
f 1399/1418/1372 1015/1417/1372 1014/1447/1195 1398/1190/1195
f 1303/1160/1171 1307/1448/1380 1119/1449/1381 1118/1161/1172
f 1401/1446/1318 983/1445/1318 981/1450/1382 1402/1451/1382
f 1404/1179/1185 982/1178/1185 1687/1452/1174 1405/1164/1174
f 1406/1165/1175 979/1453/1175 1686/1454/719 1407/1455/719
f 1407/1455/719 1686/1454/719 975/1456/717 1408/1457/717
f 1403/1180/1184 1018/1458/1184 1017/1459/1382 1402/1451/1382
f 1321/1460/1383 1316/1461/1384 1140/1138/1156 1139/1274/1261
f 1408/1462/717 975/1463/717 974/1464/1385 1409/1465/1385
f 1323/1466/1386 1138/1467/1387 1137/1400/1358 1326/1399/1357
f 1411/1280/1263 971/1279/1263 970/1158/1169 1412/1157/1169
f 1409/1465/1385 1410/1281/1264 1022/1468/1264 1024/1469/1385
f 1400/1419/1317 1399/1418/1372 984/1470/1372 604/1444/1317
f 874/1471/1388 850/997/1018 831/996/1017 830/1472/1022
f 818/1473/1389 1370/1474/1390 836/1389/1351 837/1388/1350
f 1686/1475/1391 1069/1476/1392 1068/1477/1393 975/1478/1394
f 1383/1430/1376 1030/1429/1376 1029/1479/1395 1414/1480/1395
f 975/1478/1394 1068/1477/1393 1047/1404/1362 974/1403/1361
f 985/1330/1298 1049/1329/1297 1048/501/577 1713/502/578
f 1413/1156/1168 1027/1481/1168 1026/1482/1169 1412/1157/1169
f 1393/1210/1190 1394/1209/1212 1066/1439/1191 1067/1434/1190
f 1352/1483/1396 1351/1484/1397 1349/1485/1398 1350/1486/1399
f 1386/1379/1343 960/1420/1343 959/1421/934 1387/1380/934
f 604/404/493 603/403/492 1054/1344/1310 983/1343/1309
f 1221/1487/1400 1222/1488/1401 1153/1489/1402 1168/1490/1403
f 1193/1491/1404 1189/1492/1405 1160/1493/1406 1159/1494/1407
f 1191/1495/1408 1185/1496/1409 1166/1497/1410 1158/1498/1411
f 996/1302/1372 989/1301/1317 1230/1352/1320 1241/1499/1412
f 1197/1500/1413 1194/1501/1414 1149/1502/1415 1142/1503/1416
f 1201/1504/1417 1198/1505/1418 1143/1506/1419 1145/1507/1420
f 1411/1280/1263 1025/1508/1263 1022/1468/1264 1410/1281/1264
f 1214/1509/1421 1209/1510/1422 1151/1511/1423 1164/1512/1424
f 1390/1154/1011 1391/1153/1167 1034/1433/1167 1036/1513/1011
f 1170/1514/1425 1224/1515/1426 1144/1516/1427 1155/1517/1428
f 965/1350/1316 1051/1349/1315 1053/1336/1302 964/1335/1301
f 991/1217/1429 1683/1306/1430 1728/1518/1431 1234/1519/1432
f 1398/1190/1195 1014/1447/1195 1012/1520/1196 1397/1191/1196
f 1218/1521/1433 1217/1522/1434 1156/1523/1435 1163/1524/1436
f 1224/1515/1426 1213/1525/1437 1141/1526/1438 1144/1516/1427
f 1178/1527/1439 1176/1528/1440 1148/1529/1441 1152/1530/1442
f 1182/1531/1443 1181/1532/1444 1165/1533/1445 1154/1534/1446
f 1003/1289/1377 1002/1185/1190 1254/1188/1193 1255/1535/1447
f 1198/1505/1418 1203/1536/1448 1146/1537/1449 1143/1506/1419
f 1206/1538/1450 1204/1539/1451 1162/1540/1452 1161/1541/1453
f 1187/1542/1454 1172/1543/1455 1147/1544/1456 1150/1545/1457
f 1141/1526/1438 1157/1546/1458 963/1547/1459 977/1548/1460
f 1217/1522/1434 1170/1514/1425 1155/1517/1428 1156/1523/1435
f 1189/1492/1405 1187/1542/1454 1150/1545/1457 1160/1493/1406
f 1405/1164/1174 1687/1452/1174 979/1453/1175 1406/1165/1175
f 1122/1169/1178 1108/1394/1354 1096/1549/1461 1121/1170/1179
f 1121/1170/1179 1096/1549/1461 1095/1550/1462 1120/1551/1463
f 977/1548/1460 963/1547/1459 1090/1552/1464 1095/1550/1462
f 1211/1553/1465 1214/1509/1421 1164/1512/1424 1157/1546/1458
f 1118/1161/1172 1105/1554/1466 1099/1555/1467 1117/1162/1173
f 1209/1510/1422 1206/1538/1450 1161/1541/1453 1151/1511/1423
f 1116/1212/1214 1100/1556/1468 1101/1557/1469 1115/1367/1334
f 1115/1367/1334 1101/1557/1469 1094/1558/1470 1114/1393/1331
f 1163/1524/1436 1156/1523/1435 1082/1559/1471 1076/1560/1472
f 1168/1490/1403 1153/1489/1402 1075/1561/1473 1084/1562/1474
f 1185/1496/1409 1182/1531/1443 1154/1534/1446 1166/1497/1410
f 1162/1540/1452 1145/1563/1420 973/1564/1475 1073/1565/1476
f 1167/1566/1477 1168/1490/1403 1084/1562/1474 1083/1567/1478
f 1165/1533/1445 1152/1530/1442 1074/1568/1479 1079/1569/1480
f 1717/1570/1481 1167/1566/1477 1083/1567/1478 760/1571/1482
f 1160/1493/1406 1150/1545/1457 1070/1572/1483 951/1573/1484
f 1011/1365/1376 988/1268/1157 1228/1308/1279 1271/1574/1485
f 1158/1498/1411 1166/1497/1410 1081/1575/1486 961/1576/1487
f 1155/1517/1428 1144/1516/1427 978/1577/1488 1080/1578/1489
f 1154/1534/1446 1165/1533/1445 1079/1569/1480 1078/1579/1490
f 1164/1512/1424 1151/1511/1423 1071/1580/1491 1077/1581/1492
f 1119/1449/1381 1090/1552/1464 1105/1554/1466 1118/1161/1172
f 1143/1506/1419 1146/1537/1449 968/1582/1493 972/1583/1494
f 1222/1488/1401 1218/1521/1433 1163/1524/1436 1153/1489/1402
f 1152/1530/1442 1148/1529/1441 957/1584/1495 1074/1568/1479
f 1161/1541/1453 1162/1540/1452 1073/1565/1476 1072/1585/1496
f 1117/1162/1173 1099/1555/1467 1100/1556/1468 1116/1212/1214
f 1150/1545/1457 1147/1544/1456 962/1586/1497 1070/1572/1483
f 1159/1494/1407 1160/1493/1406 951/1573/1484 952/1587/1498
f 1142/1503/1416 1149/1502/1415 956/1588/1499 967/1589/1500
f 1194/1501/1414 1193/1491/1404 1159/1494/1407 1149/1502/1415
f 1404/1179/1185 1016/1590/1185 1018/1458/1184 1403/1180/1184
f 1090/1552/1464 1119/1449/1381 1120/1551/1463 1095/1550/1462
f 1203/1536/1448 1197/1500/1413 1142/1503/1416 1146/1537/1449
f 1145/1507/1420 1143/1506/1419 972/1583/1494 973/1591/1475
f 1144/1516/1427 1141/1526/1438 977/1548/1460 978/1577/1488
f 1073/1565/1476 973/1564/1475 1094/1558/1470 1101/1557/1469
f 973/1591/1475 972/1583/1494 1093/1136/1154 1094/1592/1470
f 1074/1568/1479 957/1584/1495 749/1171/1180 1102/1147/1163
f 1083/1567/1478 1084/1562/1474 1112/1382/1344 1111/1374/1340
f 978/1577/1488 977/1548/1460 1095/1550/1462 1096/1549/1461
f 1072/1585/1496 1073/1565/1476 1101/1557/1469 1100/1556/1468
f 1079/1569/1480 1074/1568/1479 1102/1147/1163 1107/1145/1161
f 1151/1511/1423 1161/1541/1453 1072/1585/1496 1071/1580/1491
f 760/1571/1482 1083/1567/1478 1111/1374/1340 1098/1373/1339
f 951/1573/1484 1070/1572/1483 1097/1593/1501 1085/1594/1502
f 1070/1572/1483 962/1586/1497 1089/1595/1503 1097/1593/1501
f 1156/1523/1435 1155/1517/1428 1080/1578/1489 1082/1559/1471
f 952/1587/1498 951/1573/1484 1085/1594/1502 1086/1596/1504
f 967/1589/1500 956/1588/1499 1087/1597/1505 1091/1273/1260
f 961/1576/1487 1081/1575/1486 1109/1322/1290 1088/1598/1506
f 1149/1502/1415 1159/1494/1407 952/1587/1498 956/1588/1499
f 1080/1578/1489 978/1577/1488 1096/1549/1461 1108/1394/1354
f 1078/1579/1490 1079/1569/1480 1107/1145/1161 1106/1144/1160
f 1147/1544/1456 1158/1498/1411 961/1576/1487 962/1586/1497
f 1077/1581/1492 1071/1580/1491 1099/1555/1467 1105/1554/1466
f 1076/1560/1472 1082/1559/1471 1110/1391/1353 1104/1390/1352
f 1157/1546/1458 1164/1512/1424 1077/1581/1492 963/1547/1459
f 1084/1562/1474 1075/1561/1473 1103/1384/1346 1112/1382/1344
f 1146/1537/1449 1142/1503/1416 967/1589/1500 968/1582/1493
f 972/1583/1494 968/1582/1493 1092/1137/1155 1093/1136/1154
f 1166/1497/1410 1154/1534/1446 1078/1579/1490 1081/1575/1486
f 1153/1489/1402 1163/1524/1436 1076/1560/1472 1075/1561/1473
f 1091/1273/1260 1087/1597/1505 1138/1467/1387 1139/1274/1261
f 956/1588/1499 952/1587/1498 1086/1596/1504 1087/1597/1505
f 1086/1596/1504 1085/1594/1502 1136/1401/1359 1137/1400/1358
f 1085/1594/1502 1097/1593/1501 1135/1410/1368 1136/1401/1359
f 1097/1593/1501 1089/1595/1503 1134/1242/1232 1135/1410/1368
f 962/1586/1497 961/1576/1487 1088/1598/1506 1089/1595/1503
f 1088/1598/1506 1109/1322/1290 1132/1321/1289 1133/1243/1233
f 1114/1363/1331 1094/1592/1470 1093/1136/1154 1113/1135/1153
f 1065/1267/1158 1009/1320/1343 1267/1599/1507 1280/1307/1278
f 1204/1539/1451 1201/1600/1417 1145/1563/1420 1162/1540/1452
f 1169/1601/1508 1175/1602/1509 1167/1566/1477 1717/1570/1481
f 968/1582/1493 967/1589/1500 1091/1273/1260 1092/1137/1155
f 1009/1320/1343 1008/1286/934 1265/1603/1510 1267/1599/1507
f 1232/1604/1511 1276/1181/1186 1220/1184/1189 1174/1605/1512
f 1236/1270/1257 1233/1253/1243 1179/1256/1246 1180/1271/1258
f 1087/1597/1505 1086/1596/1504 1137/1400/1358 1138/1467/1387
f 1001/1240/1513 1000/1239/1335 1250/1606/1514 1251/1607/1515
f 999/1312/1196 997/1311/1195 1243/1608/1516 1247/1609/1517
f 1175/1602/1509 1221/1487/1400 1168/1490/1403 1167/1566/1477
f 1731/1610/1518 1232/1604/1511 1174/1605/1512 1722/1611/1519
f 1071/1580/1491 1072/1585/1496 1100/1556/1468 1099/1555/1467
f 1006/1236/1011 1005/1222/1167 1260/1612/1520 1262/1613/1521
f 1181/1532/1444 1178/1527/1439 1152/1530/1442 1165/1533/1445
f 1075/1561/1473 1076/1560/1472 1104/1390/1352 1103/1384/1346
f 1259/1303/1275 1256/1614/1210 1200/1615/1211 1205/1304/1276
f 963/1547/1459 1077/1581/1492 1105/1554/1466 1090/1552/1464
f 1010/1285/883 1007/1332/1373 1263/1616/1522 1270/1617/1523
f 994/1230/1184 993/1218/1185 1235/1618/1524 1238/1619/1525
f 1089/1595/1503 1088/1598/1506 1133/1243/1233 1134/1242/1232
f 998/1293/1318 995/1292/1382 1239/1620/1526 1245/1351/1319
f 1229/1202/1207 1246/1357/1325 1190/1360/1328 1173/1203/1208
f 997/1311/1195 996/1302/1372 1241/1499/1412 1243/1608/1516
f 987/1226/1527 990/1225/1528 1231/1621/1529 1226/1622/1530
f 993/1218/1185 991/1217/1429 1234/1519/1432 1235/1618/1524
f 990/1225/1528 1042/1298/1169 1275/1623/1531 1231/1621/1529
f 1005/1222/1167 1003/1221/1377 1255/1624/1447 1260/1612/1520
f 1081/1575/1486 1078/1579/1490 1106/1144/1160 1109/1322/1290
f 1042/1298/1169 1064/1297/1168 1278/1625/1532 1275/1623/1531
f 1040/1334/1395 1011/1365/1376 1271/1574/1485 1274/1626/1533
f 1203/1536/1448 1198/1505/1418 1199/1196/1201 1202/1195/1200
f 1183/1272/1259 1180/1271/1258 1181/1532/1444 1182/1531/1443
f 1175/1602/1509 1169/1601/1508 1722/1611/1519 1174/1605/1512
f 1205/1304/1276 1200/1615/1211 1201/1600/1417 1204/1539/1451
f 1219/1228/1224 1216/1214/1216 1217/1522/1434 1218/1521/1433
f 1200/1206/1211 1199/1196/1201 1198/1505/1418 1201/1504/1417
f 1004/1186/1191 1001/1240/1513 1251/1607/1515 1257/1187/1192
f 1172/1543/1455 1191/1495/1408 1158/1498/1411 1147/1544/1456
f 1000/1239/1335 999/1312/1196 1247/1609/1517 1250/1606/1514
f 1192/1252/1242 1188/1251/1241 1189/1492/1405 1193/1491/1404
f 1207/1247/1237 1205/1304/1276 1204/1539/1451 1206/1538/1450
f 1064/1297/1168 1040/1334/1395 1274/1626/1533 1278/1625/1532
f 1215/1314/1283 1208/1248/1238 1209/1510/1422 1214/1509/1421
f 1190/1360/1328 1184/1359/1327 1185/1496/1409 1191/1495/1408
f 1188/1251/1241 1186/1204/1209 1187/1542/1454 1189/1492/1405
f 1221/1487/1400 1175/1602/1509 1174/1605/1512 1220/1184/1189
f 1222/1488/1401 1221/1487/1400 1220/1184/1189 1223/1183/1188
f 1225/1199/1204 1212/1318/1287 1213/1525/1437 1224/1515/1426
f 1212/1318/1287 1210/1317/1286 1211/1553/1465 1213/1525/1437
f 1196/1260/1250 1195/1259/1249 1194/1501/1414 1197/1500/1413
f 1186/1204/1209 1173/1203/1208 1172/1543/1455 1187/1542/1454
f 1007/1332/1373 1006/1236/1011 1262/1613/1521 1263/1616/1522
f 1179/1256/1246 1177/1255/1245 1176/1528/1440 1178/1527/1439
f 1008/1286/934 1010/1285/883 1270/1617/1523 1265/1603/1510
f 1224/1515/1426 1170/1514/1425 1171/1200/1205 1225/1199/1204
f 1082/1559/1471 1080/1578/1489 1108/1394/1354 1110/1391/1353
f 1180/1271/1258 1179/1256/1246 1178/1527/1439 1181/1532/1444
f 995/1292/1382 994/1230/1184 1238/1619/1525 1239/1620/1526
f 1258/1194/1199 1253/1193/1198 1254/1188/1193 1257/1187/1192
f 1238/1619/1525 1235/1618/1524 1236/1270/1257 1237/1269/1256
f 1232/1604/1511 1731/1610/1518 1226/1622/1530 1231/1621/1529
f 1260/1612/1520 1255/1624/1447 1256/1614/1210 1259/1303/1275
f 1274/1626/1533 1271/1574/1485 1272/1213/1215 1273/1227/1223
f 1255/1535/1447 1254/1188/1193 1253/1193/1198 1256/1205/1210
f 1202/1195/1200 1196/1260/1250 1197/1500/1413 1203/1536/1448
f 1191/1495/1408 1172/1543/1455 1173/1203/1208 1190/1360/1328
f 1195/1259/1249 1192/1252/1242 1193/1491/1404 1194/1501/1414
f 1247/1609/1517 1243/1608/1516 1244/1250/1240 1248/1249/1239
f 1262/1613/1521 1260/1612/1520 1259/1303/1275 1261/1246/1236
f 1223/1183/1188 1219/1228/1224 1218/1521/1433 1222/1488/1401
f 1270/1617/1523 1263/1616/1522 1264/1245/1235 1269/1313/1282
f 1245/1351/1319 1239/1620/1526 1240/1358/1326 1246/1357/1325
f 1243/1608/1516 1241/1499/1412 1242/1201/1206 1244/1250/1240
f 1276/1181/1186 1232/1604/1511 1231/1621/1529 1275/1623/1531
f 1277/1182/1187 1276/1181/1186 1275/1623/1531 1278/1625/1532
f 1280/1307/1278 1267/1599/1507 1268/1315/1284 1279/1198/1203
f 1267/1599/1507 1265/1603/1510 1266/1316/1285 1268/1315/1284
f 1251/1607/1515 1250/1606/1514 1249/1258/1248 1252/1257/1247
f 1241/1499/1412 1230/1352/1320 1229/1202/1207 1242/1201/1206
f 1208/1248/1238 1207/1247/1237 1206/1538/1450 1209/1510/1422
f 1234/1519/1432 1728/1518/1431 1727/1254/1244 1233/1253/1243
f 1214/1509/1421 1211/1553/1465 1210/1317/1286 1215/1314/1283
f 1279/1198/1203 1227/1197/1202 1228/1308/1279 1280/1307/1278
f 1216/1214/1216 1171/1200/1205 1170/1514/1425 1217/1522/1434
f 1235/1618/1524 1234/1519/1432 1233/1253/1243 1236/1270/1257
f 1184/1359/1327 1183/1272/1259 1182/1531/1443 1185/1496/1409
f 836/1389/1351 829/1627/1534 802/1628/1535 806/1386/1348
f 829/1627/1534 1369/1629/1536 838/1630/1537 835/1631/1538
f 802/1628/1535 812/1003/1023 831/1002/1017 803/1632/1020
f 1369/1629/1536 829/1627/1534 836/1389/1351 1370/1474/1390
f 1278/1625/1532 1274/1626/1533 1273/1227/1223 1277/1182/1187
f 1054/1344/1310 1373/1633/1539 1679/1634/1540 1057/1345/1311
f 1045/1348/1314 1360/1635/1541 1358/1636/1542 1051/1349/1315
f 1050/1328/1296 1346/1637/1543 1374/1638/1544 1049/1329/1297
f 1372/1639/1545 600/1640/1546 1681/1641/1547 1680/1642/1548
f 597/578/643 522/481/559 537/496/574
f 1382/1643/1549 1288/681/732 1696/1644/1550 1345/1645/1551
f 1250/1606/1514 1247/1609/1517 1248/1249/1239 1249/1258/1248
f 1351/1484/1397 1698/1646/1552 1281/1647/1553 1349/1485/1398
f 1349/1485/1398 1281/1647/1553 1697/579/644 1348/1648/1554
f 1059/1341/1307 1350/1486/1399 1347/1649/1555 1044/1353/1321
f 1069/1476/1392 1368/1650/1556 1364/1651/1557 1068/1477/1393
f 1053/1336/1302 1355/1652/1558 1378/1653/1559 1052/1337/1303
f 1263/1616/1522 1262/1613/1521 1261/1246/1236 1264/1245/1235
f 1257/1187/1192 1251/1607/1515 1252/1257/1247 1258/1194/1199
f 1357/1654/1560 1282/1655/1561 1699/1656/1562 1356/1657/1563
f 813/1658/1564 817/897/929 839/871/906 816/1000/1021
f 1917/1659/1565 1379/1660/1566 1911/1661/1567
f 1271/1574/1485 1228/1308/1279 1227/1197/1202 1272/1213/1215
f 603/403/492 1380/1662/1568 1373/1633/1539 1054/1344/1310
f 832/1663/1569 828/995/1016 1061/990/1011
f 1068/1477/1393 1364/1651/1557 1361/1664/1570 1047/1404/1362
f 1269/1313/1282 1266/1316/1285 1265/1603/1510 1270/1617/1523
f 1047/1404/1362 1361/1664/1570 1366/1665/1571 1058/1405/1363
f 1246/1357/1325 1229/1202/1207 1230/1352/1320 1245/1351/1319
f 1055/1356/1324 1381/1666/1572 1346/1637/1543 1050/1328/1296
f 1239/1620/1526 1238/1619/1525 1237/1269/1256 1240/1358/1326
f 1352/1483/1396 1060/1340/1306 1046/1667/1573 1353/1668/1574
f 1051/1349/1315 1358/1636/1542 1355/1652/1558 1053/1336/1302
f 1049/1329/1297 1374/1638/1544 1377/395/484 1048/501/577
f 1321/1460/1383 1139/1274/1261 1138/1467/1387 1323/1466/1386
f 1284/1669/1009 1313/1670/1575 1317/1671/1576 1707/1672/1377
f 1675/1673/1577 1320/1674/1578 1315/1675/1579 1701/1676/1191
f 1707/1677/1377 1317/1678/1576 1320/1674/1578 1675/1673/1577
f 851/1679/1513 1322/1680/1580 1324/1369/1336 1703/1368/1335
f 1677/1371/1196 1325/1370/1337 1330/1681/1581 1671/1682/1195
f 1710/1398/1318 1328/1397/1356 1334/1683/1582 1709/1684/1382
f 1294/1440/1379 1296/1685/1583 1126/1383/1345 1125/1385/1347
f 1285/1686/1584 1332/1687/1585 1291/1396/1355 1286/1395/1317
f 1671/1682/1195 1330/1681/1581 1332/1687/1585 1285/1686/1584
f 1340/1409/1367 1337/1149/1165 1130/1146/1162 1129/1148/1164
f 1678/1688/937 1310/1689/1586 1311/1690/1587 1061/1691/1011
f 1705/1415/1185 1338/1414/1371 1339/1692/1588 1706/1693/1174
f 1706/1693/1174 1339/1692/1588 1342/1694/1589 1708/1695/721
f 1709/1684/1382 1334/1683/1582 1335/1413/1370 1676/1412/1184
f 712/1696/794 1741/1697/1590 1344/1698/1591 1685/1699/1528
f 1685/1699/1528 1344/1698/1591 1295/1700/1592 599/1701/1593
f 1296/1685/1583 1343/1702/1594 1127/1375/1341 1126/1383/1345
f 1305/1703/1595 1302/1167/1176 1121/1170/1179 1120/1551/1463
f 1331/1411/1369 1135/1410/1368 1134/1242/1232 1292/1241/1231
f 599/1701/1593 1295/1700/1592 1293/1377/1342 1674/1376/525
f 602/1264/1253 1301/1263/1252 1306/1704/1596 1704/1705/1597
f 1704/1705/1597 1306/1704/1596 1308/1706/1598 1702/1707/934
f 1307/1448/1380 1305/1703/1595 1120/1551/1463 1119/1449/1381
f 1672/1708/883 1304/1709/1599 1310/1689/1586 1678/1688/937
f 1316/1461/1384 1319/1361/1329 1113/1135/1153 1140/1138/1156
f 1344/1698/1591 1343/1702/1594 1296/1685/1583 1295/1700/1592
f 1314/1366/1333 1313/1670/1575 1311/1690/1587 1312/1211/1213
f 1332/1687/1585 1331/1411/1369 1292/1241/1231 1291/1396/1355
f 1302/1167/1176 1301/1263/1252 1289/1262/1251 1290/1168/1177
f 1340/1409/1367 1339/1692/1588 1338/1414/1371 1337/1149/1165
f 1320/1674/1578 1319/1361/1329 1316/1461/1384 1315/1675/1579
f 1336/1150/1166 1333/1407/1365 1132/1321/1289 1131/1143/1159
f 1309/1159/1170 1310/1689/1586 1304/1709/1599 1303/1160/1171
f 1284/988/1009 818/994/1015 837/989/1010
f 1323/1466/1386 1324/1369/1336 1322/1680/1580 1321/1460/1383
f 1331/1411/1369 1332/1687/1585 1330/1681/1581 1329/1402/1360
f 1333/1407/1365 1334/1683/1582 1328/1397/1356 1327/1244/1234
f 1343/1702/1594 1344/1698/1591 1741/1697/1590 1740/1710/1600
f 1295/1700/1592 1296/1685/1583 1294/1440/1379 1293/1377/1342
f 1318/1392/1330 1317/1671/1576 1313/1670/1575 1314/1366/1333
f 1299/1323/1291 1300/1175/1183 1298/1174/1182 1297/1324/1292
f 1319/1361/1329 1320/1674/1578 1317/1678/1576 1318/1362/1330
f 1307/1448/1380 1308/1706/1598 1306/1704/1596 1305/1703/1595
f 1329/1402/1360 1330/1681/1581 1325/1370/1337 1326/1399/1357
f 1341/1408/1366 1342/1694/1589 1339/1692/1588 1340/1409/1367
f 1337/1149/1165 1338/1414/1371 1335/1413/1370 1336/1150/1166
f 1305/1703/1595 1306/1704/1596 1301/1263/1252 1302/1167/1176
f 1343/1702/1594 1740/1710/1600 738/1372/1338 1127/1375/1341
f 1356/1657/1563 1355/1652/1558 1358/1636/1542 1357/1654/1560
f 1355/1652/1558 1356/1657/1563 1379/1660/1566 1378/1653/1559
f 837/989/1010 832/1663/1569 1061/990/1011
f 1308/1706/1598 1307/1448/1380 1303/1160/1171 1304/1709/1599
f 1327/1244/1234 1328/1397/1356 1291/1396/1355 1292/1241/1231
f 1336/1150/1166 1335/1413/1370 1334/1683/1582 1333/1407/1365
f 1357/1654/1560 1358/1636/1542 1360/1635/1541 1359/1711/1601
f 1326/1399/1357 1325/1370/1337 1324/1369/1336 1323/1466/1386
f 1297/1324/1292 1298/1174/1182 1293/1377/1342 1294/1440/1379
f 1348/1648/1554 1347/1649/1555 1350/1486/1399 1349/1485/1398
f 1321/1460/1383 1322/1680/1580 1315/1675/1579 1316/1461/1384
f 1312/1211/1213 1311/1690/1587 1310/1689/1586 1309/1159/1170
f 1680/1642/1548 1679/1634/1540 1373/1633/1539 1372/1639/1545
f 1372/1639/1545 1373/1633/1539 1380/1662/1568 601/1712/1602
f 1362/1713/1603 1361/1664/1570 1364/1651/1557 1363/1714/1604
f 1361/1664/1570 1362/1713/1603 1365/1715/1605 1366/1665/1571
f 1346/1637/1543 1345/1645/1551 1375/1716/1606 1374/1638/1544
f 1345/1645/1551 1346/1637/1543 1381/1666/1572 1382/1643/1549
f 1374/1638/1544 1375/1716/1606 1376/392/481 1377/395/484
f 1363/1714/1604 1364/1651/1557 1368/1650/1556 1367/1717/1607
f 1678/905/937 821/991/1012 824/906/938
f 1351/1484/1397 1352/1483/1396 1353/1668/1574 1354/1718/1608
f 1300/1175/1183 1299/1323/1291 1290/1168/1177 1289/1262/1251
f 1345/1645/1551 1696/1644/1550 1287/1719/1609 1375/1716/1606
f 1413/1156/1168 969/1155/1168 965/1720/1395 1414/1480/1395
f 1384/1142/1157 1385/1141/1158 1028/1721/1158 1041/1428/1157
f 964/1722/1376 1383/1430/1376 1414/1480/1395 965/1720/1395
f 1027/1481/1168 1413/1156/1168 1414/1480/1395 1029/1479/1395
f 1025/1508/1263 1411/1280/1263 1412/1157/1169 1026/1482/1169
f 1023/1723/717 1408/1462/717 1409/1465/1385 1024/1469/1385
f 1021/1724/719 1407/1455/719 1408/1457/717 1023/1725/717
f 821/1726/1012 822/1727/1610 2046/909/939 824/908/938
f 1020/1166/1175 1406/1165/1175 1407/1455/719 1021/1724/719
f 974/1464/1385 976/1282/1264 1410/1281/1264 1409/1465/1385
f 828/1728/1016 872/1729/1611 822/1727/1610 821/1726/1012
f 1016/1590/1185 1404/1179/1185 1405/1164/1174 1019/1163/1174
f 986/1730/1318 1401/1446/1318 1402/1451/1382 1017/1459/1382
f 980/1177/1184 1403/1180/1184 1402/1451/1382 981/1450/1382
f 984/1470/1372 1399/1418/1372 1398/1190/1195 1712/1189/1194
f 1043/1416/1317 1400/1419/1317 1401/1446/1318 986/1730/1318
f 949/1731/1378 985/1443/1335 1396/1441/1335 1395/1437/1378
f 1063/1208/1212 949/1731/1378 1395/1437/1378 1394/1209/1212
f 1393/1210/1190 1392/1436/1377 950/1732/1377 1062/1207/1190
f 950/1733/1377 1392/1431/1377 1391/1153/1167 955/1152/1167
f 1012/1520/1196 1013/1442/1335 1396/1441/1335 1397/1191/1196
f 1035/1734/1373 1389/1425/1373 1390/1154/1011 1036/1513/1011
f 1033/1735/883 1388/1423/883 1389/1425/1373 1035/1734/1373
f 1032/1381/934 1387/1380/934 1388/1423/883 1033/1735/883
f 1425/1736/1612 1507/1737/1613 1506/1738/1614 1420/1739/1612
f 1538/787/823 934/786/822 1507/1740/1615 1423/1741/1616
f 1504/1742/1617 1505/1743/1618 1548/1744/1619 1546/1745/1620
f 1416/770/806 750/783/819 1422/1746/1621 1419/1747/1622
f 1419/1747/1622 1418/1748/1623 1415/771/807 1416/770/806
f 1419/1747/1622 1422/1746/1621 1417/1749/1624
f 1422/1746/1621 750/783/819 751/784/820 1421/1750/1625
f 1502/1751/1626 1417/1749/1624 1548/1744/1619
f 1441/1752/1627 1551/1753/1628 1550/1754/1629 1442/1755/1630
f 1549/1756/1628 1536/1757/1631 1512/1758/1632 1434/1759/1633
f 1434/1760/1634 1431/1761/1634 1509/1762/1635 1510/1763/1636
f 1553/1764/1637 1534/1765/1638 1516/1766/1639 1452/1767/1640
f 1433/1768/1641 1429/1769/1642 1550/1754/1629
f 758/791/827 1430/1770/1643 1433/1768/1641 1427/800/836
f 1430/1770/1643 758/791/827 1415/771/807 1418/1748/1623
f 1430/1770/1643 1429/1769/1642 1433/1768/1641
f 1433/1768/1641 1432/1771/1644 1428/801/837 1427/800/836
f 1432/1771/1644 1551/1753/1628 1549/1756/1628 1537/1772/1645
f 936/1134/1152 775/819/855 1511/1773/1646
f 1434/1760/1634 1512/1774/1647 1511/1775/1648 1431/1761/1634
f 1447/1776/1649 1456/1777/1650 1554/1778/1651
f 772/808/844 1436/821/857 1442/1755/1630 1440/1779/1652
f 1440/1779/1652 1439/1780/1653 1435/809/845 772/808/844
f 1438/1781/1654 1437/1782/1655 1440/1779/1652
f 1437/1782/1655 1439/1780/1653 1440/1779/1652
f 1440/1779/1652 1442/1755/1630 1438/1781/1654
f 937/824/860 1512/1758/1632 1536/1757/1631 1443/825/861
f 1442/1755/1630 1436/821/857 781/822/858 1441/1752/1627
f 1452/1783/1656 1449/1784/1656 1513/1785/1657 1514/1786/1658
f 1465/1787/1659 1542/1788/1660 1475/1789/1661 1518/1790/1662
f 1444/829/865 1448/1791/1663 1451/1792/1664 790/838/874
f 1448/1791/1663 1444/829/865 1435/809/845 1439/1780/1653
f 1439/1780/1653 1437/1782/1655 1448/1791/1663
f 1448/1791/1663 1447/1776/1649 1451/1792/1664
f 1451/1792/1664 1450/1793/1665 791/839/875 790/838/874
f 940/1133/1151 805/924/953 1515/1794/1666
f 1452/1783/1656 1516/1795/1667 1515/1796/1668 1449/1784/1656
f 1454/865/900 814/926/955 1460/1797/1669 1458/1798/1670
f 1458/1798/1670 1457/1799/1671 1453/866/901 1454/865/900
f 1456/1777/1650 1455/1800/1672 1458/1798/1670
f 1455/1800/1672 1457/1799/1671 1458/1798/1670
f 1458/1798/1670 1460/1797/1669 1456/1777/1650
f 941/945/969 1516/1766/1639 1534/1765/1638 1461/946/970
f 1460/1797/1669 814/926/955 815/929/956 1459/1801/1673
f 1459/1801/1673 1552/1802/1637 1554/1778/1651 1460/1797/1669
f 1475/1803/1674 1469/1804/1674 1517/1805/1675 1518/1806/1676
f 1473/1807/1677 1478/1039/1059 947/1043/1063 1474/1808/1678
f 1475/1789/1661 1542/1788/1660 1474/1808/1678 1521/1809/1679
f 1467/1810/1680 1462/963/987 1453/866/901 1457/1799/1671
f 1466/1811/1681 1467/1810/1680 1455/1800/1672
f 1455/1800/1672 1467/1810/1680 1457/1799/1671
f 1467/1810/1680 1466/1811/1681 1471/1812/1682
f 1471/1812/1682 1470/1813/1683 1464/992/1013 1463/985/1008
f 1470/1813/1683 1471/1812/1682 1541/1814/1684 1540/1815/1660
f 1475/1803/1674 1521/1816/1685 1519/1817/1686 1469/1804/1674
f 947/1043/1063 944/1042/1062 1521/1809/1679 1474/1808/1678
f 1476/1017/1037 888/1038/1058 1472/1818/1687 1481/1819/1688
f 1481/1819/1688 1480/1820/1689 877/1018/1038 1476/1017/1037
f 1479/1821/1690 1481/1819/1688 1468/1822/1691
f 1479/1821/1690 1480/1820/1689 1481/1819/1688
f 1481/1819/1688 1472/1818/1687 1468/1822/1691
f 1472/1818/1687 888/1038/1058 1478/1039/1059 1473/1807/1677
f 1494/1823/1692 1488/1824/1692 1523/1825/1693 1524/1826/1694
f 1474/1808/1678 1542/1788/1660 1540/1815/1660 1473/1807/1677
f 895/1049/1069 1486/1827/1695 1490/1828/1696 1483/1064/1083
f 1486/1827/1695 895/1049/1069 877/1018/1038 1480/1820/1689
f 1485/1829/1697 1486/1827/1695 1479/1821/1690
f 1479/1821/1690 1486/1827/1695 1480/1820/1689
f 1486/1827/1695 1485/1829/1697 1490/1828/1696
f 1533/1830/1698 1524/1831/1699 1525/1069/1088 905/1068/1087
f 1490/1828/1696 1489/1832/1700 1484/1065/1084 1483/1064/1083
f 1489/1832/1700 1490/1828/1696 1545/1833/1701 1544/1834/1702
f 1492/1835/1703 918/1097/1116 946/1101/1120 1493/1836/1704
f 1494/1823/1692 1529/1837/1705 1526/1838/1706 1488/1824/1692
f 946/1101/1120 1528/1100/1119 1529/1839/1707 1493/1836/1704
f 1425/1736/1612 1420/1739/1612 1531/1840/1708 1532/1841/1709
f 1491/1842/1710 1545/1833/1701 1487/1843/1711
f 910/1075/1094 1496/1096/1115 1491/1842/1710 1499/1844/1712
f 1499/1844/1712 1498/1845/1713 909/1076/1095 910/1075/1094
f 1498/1845/1713 1499/1844/1712 1497/1846/1714
f 1499/1844/1712 1491/1842/1710 1487/1843/1711
f 1491/1842/1710 1496/1096/1115 918/1097/1116 1492/1835/1703
f 1527/1131/1149 912/1094/1113 1526/1847/1715
f 1493/1836/1704 1543/1848/1716 1544/1834/1702 1492/1835/1703
f 945/1127/1145 1539/1126/1144 1424/1849/1717 1532/1850/1718
f 1500/1107/1126 1503/1851/1719 1505/1743/1618 1501/1122/1140
f 1503/1851/1719 1500/1107/1126 909/1076/1095 1498/1845/1713
f 1502/1751/1626 1503/1851/1719 1497/1846/1714
f 1497/1846/1714 1503/1851/1719 1498/1845/1713
f 1503/1851/1719 1502/1751/1626 1505/1743/1618
f 1505/1743/1618 1504/1742/1617 928/1123/1141 1501/1122/1140
f 1520/1132/1150 1477/1036/1056 1519/1852/1720
f 1468/1822/1691 1472/1818/1687 1541/1814/1684
f 1509/1853/1721 1426/799/835 1508/947/971
f 1537/1772/1645 768/803/839 1428/801/837 1432/1771/1644
f 1531/1854/1722 924/1121/1139 1530/1128/1146
f 1450/1793/1665 1535/1855/1723 1446/845/881 791/839/875
f 1523/1856/1724 1482/1063/1082 1522/1129/1147
f 1470/1813/1683 1465/1787/1659 948/1010/1030 1464/992/1013
f 1517/1857/1725 849/842/878 942/841/877
f 1506/1738/1614 1507/1737/1613 934/780/816 933/779/815
f 1508/798/834 935/797/833 1510/1763/1636 1509/1762/1635
f 1511/1775/1648 1512/1774/1647 937/818/854 936/817/853
f 938/836/872 939/835/871 1514/1786/1658 1513/1785/1657
f 1515/1796/1668 1516/1795/1667 941/923/952 940/922/951
f 942/984/1007 943/983/1006 1518/1806/1676 1517/1805/1675
f 1519/1817/1686 1521/1816/1685 944/1035/1055 1520/1034/1054
f 1522/1062/1081 1525/1061/1080 1524/1826/1694 1523/1825/1693
f 1526/1838/1706 1529/1837/1705 1528/1093/1112 1527/1092/1111
f 1530/1120/1138 945/1119/1137 1532/1841/1709 1531/1840/1708
f 933/1130/1148 742/781/817 1506/1858/1726
f 1493/1836/1704 1529/1839/1707 1494/1859/1727 1543/1848/1716
f 1489/1832/1700 1533/1830/1698 905/1068/1087 1484/1065/1084
f 943/1011/1031 948/1010/1030 1465/1787/1659 1518/1790/1662
f 1534/1765/1638 1459/1801/1673 815/929/956 1461/946/970
f 1535/1855/1723 1553/1764/1637 1452/1767/1640 1514/1860/1728
f 1535/1855/1723 1450/1793/1665 1552/1802/1637 1553/1764/1637
f 1535/1855/1723 1514/1860/1728 939/846/882 1446/845/881
f 1536/1757/1631 1441/1752/1627 781/822/858 1443/825/861
f 1537/1772/1645 1549/1756/1628 1434/1759/1633 1510/1861/1729
f 1537/1772/1645 1510/1861/1729 935/804/840 768/803/839
f 1421/1750/1625 751/784/820 1538/787/823 1423/1741/1616
f 1532/1850/1718 1424/1849/1717 1547/1862/1730 1425/1863/1731
f 1504/1742/1617 1424/1849/1717 1539/1126/1144 928/1123/1141
f 1424/1849/1717 1504/1742/1617 1546/1745/1620 1547/1862/1730
f 1540/1815/1660 1542/1788/1660 1465/1787/1659 1470/1813/1683
f 1540/1815/1660 1541/1814/1684 1472/1818/1687 1473/1807/1677
f 1466/1811/1681 1541/1814/1684 1471/1812/1682
f 1447/1776/1649 1554/1778/1651 1451/1792/1664
f 1544/1834/1702 1543/1848/1716 1533/1830/1698 1489/1832/1700
f 1544/1834/1702 1545/1833/1701 1491/1842/1710 1492/1835/1703
f 1543/1848/1716 1494/1859/1727 1524/1831/1699 1533/1830/1698
f 1545/1833/1701 1490/1828/1696 1485/1829/1697
f 1546/1745/1620 1548/1744/1619 1422/1746/1621 1421/1750/1625
f 1547/1862/1730 1546/1745/1620 1421/1750/1625 1423/1741/1616
f 1548/1744/1619 1417/1749/1624 1422/1746/1621
f 1550/1754/1629 1429/1769/1642 1438/1781/1654
f 1549/1756/1628 1551/1753/1628 1441/1752/1627 1536/1757/1631
f 1550/1754/1629 1551/1753/1628 1432/1771/1644 1433/1768/1641
f 1554/1778/1651 1456/1777/1650 1460/1797/1669
f 1554/1778/1651 1552/1802/1637 1450/1793/1665 1451/1792/1664
f 1553/1764/1637 1552/1802/1637 1459/1801/1673 1534/1765/1638
f 1487/1843/1711 1545/1833/1701 1485/1829/1697
f 1505/1743/1618 1502/1751/1626 1548/1744/1619
f 1442/1755/1630 1550/1754/1629 1438/1781/1654
f 1547/1862/1730 1423/1741/1616 1507/1740/1615 1425/1863/1731
f 1563/1864/1732 1562/1865/1733 1604/1866/1734 1605/1867/1735
f 1562/1865/1733 1561/1868/1736 1603/1869/1737 1604/1866/1734
f 1561/1868/1736 1560/1870/1738 1602/1871/1739 1603/1869/1737
f 1560/1870/1738 1559/1872/1740 1601/1873/1741 1602/1871/1739
f 1559/1874/1740 1558/1875/1742 1600/1876/1743 1601/1877/1741
f 1558/1875/1742 1557/1878/1744 1599/1879/1745 1600/1876/1743
f 1556/1880/1746 1570/1881/1747 1612/1882/1748 1598/1883/1749
f 1557/1878/1744 1555/1884/1750 1597/1885/1751 1599/1879/1745
f 1570/1881/1747 1569/1886/1752 1611/1887/1753 1612/1882/1748
f 1555/1884/1750 1556/1880/1746 1598/1883/1749 1597/1885/1751
f 1569/1886/1752 1568/1888/1754 1610/1889/1755 1611/1887/1753
f 1568/1888/1754 1567/1890/1756 1609/1891/1757 1610/1889/1755
f 1567/1892/1756 1566/1893/1758 1608/1894/1759 1609/1895/1757
f 1566/1893/1758 1565/1896/1760 1607/1897/1761 1608/1894/1759
f 1565/1896/1760 1564/1898/1762 1606/1899/1763 1607/1897/1761
f 1564/1898/1762 1563/1864/1732 1605/1867/1735 1606/1899/1763
f 1555/1900/1750 1557/1901/1744 1574/1902/1764 1572/1903/1765
f 1564/1904/1762 1565/1905/1760 1582/1906/1766 1581/1907/1767
f 1557/1901/1744 1558/1908/1742 1575/1909/1768 1574/1902/1764
f 1565/1905/1760 1566/1910/1758 1583/1911/1769 1582/1906/1766
f 1558/1908/1742 1559/1912/1740 1576/1913/1770 1575/1909/1768
f 1566/1910/1758 1567/1914/1756 1584/1915/1771 1583/1911/1769
f 1559/1912/1740 1560/1916/1738 1577/1917/1772 1576/1913/1770
f 1567/1914/1756 1568/1918/1754 1585/1919/1773 1584/1915/1771
f 1568/1918/1754 1569/1920/1752 1586/1921/1774 1585/1919/1773
f 1561/1922/1736 1562/1923/1733 1579/1924/1775 1578/1925/1776
f 1569/1920/1752 1570/1926/1747 1587/1927/1777 1586/1921/1774
f 1562/1923/1733 1563/1928/1732 1580/1929/1778 1579/1924/1775
f 1556/1930/1746 1555/1900/1750 1572/1903/1765 1573/1931/1779
f 1570/1926/1747 1556/1930/1746 1573/1931/1779 1587/1927/1777
f 1563/1928/1732 1564/1904/1762 1581/1907/1767 1580/1929/1778
f 1606/1899/1763 1605/1867/1735 1596/1932/1780 1595/1933/1781
f 1598/1883/1749 1612/1882/1748 1589/1934/1782 1619/1935/1783
f 1597/1885/1751 1598/1883/1749 1619/1935/1783 1588/1936/1784
f 1605/1867/1735 1604/1866/1734 1613/1937/1785 1596/1932/1780
f 1612/1882/1748 1611/1887/1753 1590/1938/1786 1589/1934/1782
f 1604/1866/1734 1603/1869/1737 1614/1939/1787 1613/1937/1785
f 1594/1940/1788 1595/1933/1788 1571/1941/1788
f 1614/1939/1788 1615/1942/1788 1571/1941/1788
f 1588/1936/1788 1619/1935/1788 1571/1941/1788
f 1590/1938/1788 1591/1943/1788 1571/1941/1788
f 1591/1943/1788 1592/1944/1788 1571/1941/1788
f 1617/1945/1788 1618/1946/1788 1571/1941/1788
f 1589/1934/1788 1590/1938/1788 1571/1941/1788
f 1611/1887/1753 1610/1889/1755 1591/1943/1789 1590/1938/1786
f 1618/1946/1788 1588/1936/1788 1571/1941/1788
f 1603/1869/1737 1602/1871/1739 1615/1942/1790 1614/1939/1787
f 1610/1889/1755 1609/1891/1757 1592/1944/1791 1591/1943/1789
f 1609/1895/1757 1608/1894/1759 1593/1947/1792 1592/1944/1791
f 1601/1877/1741 1600/1876/1743 1617/1945/1793 1616/1948/1794
f 1608/1894/1759 1607/1897/1761 1594/1940/1795 1593/1947/1792
f 1600/1876/1743 1599/1879/1745 1618/1946/1796 1617/1945/1793
f 1607/1897/1761 1606/1899/1763 1595/1933/1781 1594/1940/1795
f 1599/1879/1745 1597/1885/1751 1588/1936/1784 1618/1946/1796
f 1592/1944/1788 1593/1947/1788 1571/1941/1788
f 1613/1937/1788 1614/1939/1788 1571/1941/1788
f 1615/1942/1788 1616/1948/1788 1571/1941/1788
f 1593/1947/1788 1594/1940/1788 1571/1941/1788
f 1595/1933/1788 1596/1932/1788 1571/1941/1788
f 1619/1935/1788 1589/1934/1788 1571/1941/1788
f 1596/1932/1788 1613/1937/1788 1571/1941/1788
f 1616/1948/1788 1617/1945/1788 1571/1941/1788
f 1577/1917/1772 1420/1949/1797 1506/1858/1726
f 1531/1854/1722 1420/1949/1797 1578/1925/1776
f 1513/1950/1798 1445/837/873 938/944/968
f 1574/1902/1764 1431/1951/1799 1511/1773/1646
f 1575/1909/1768 1509/1853/1721 1431/1951/1799
f 1426/799/835 1575/1909/1768 1576/1913/1770
f 1575/1909/1768 1426/799/835 1509/1853/1721
f 1576/1913/1770 1577/1917/1772 742/781/817
f 1577/1917/1772 1506/1858/1726 742/781/817
f 1531/1854/1722 1578/1925/1776 924/1121/1139
f 924/1121/1139 1578/1925/1776 1579/1924/1775
f 1495/1095/1114 1579/1924/1775 1580/1929/1778 912/1094/1113
f 912/1094/1113 1580/1929/1778 1526/1847/1715
f 1523/1856/1724 1488/1952/1800 1581/1907/1767
f 1482/1063/1082 1523/1856/1724 1581/1907/1767
f 1581/1907/1767 1526/1847/1715 1580/1929/1778
f 879/1037/1057 1482/1063/1082 1582/1906/1766
f 879/1037/1057 1583/1911/1769 1477/1036/1056
f 1519/1852/1720 1477/1036/1056 1583/1911/1769
f 1469/1953/1801 1519/1852/1720 1584/1915/1771
f 1584/1915/1771 1517/1857/1725 1469/1953/1801
f 1517/1857/1725 1585/1919/1773 849/842/878
f 798/925/954 849/842/878 1585/1919/1773
f 798/925/954 1586/1921/1774 805/924/953
f 805/924/953 1586/1921/1774 1587/1927/1777
f 1449/1954/1802 1515/1794/1666 1587/1927/1777
f 1587/1927/1777 1513/1950/1798 1449/1954/1802
f 1513/1950/1798 1573/1931/1779 1445/837/873
f 1445/837/873 1573/1931/1779 1572/1903/1765
f 1572/1903/1765 1574/1902/1764 775/819/855
f 1574/1902/1764 1511/1773/1646 775/819/855
f 1587/1927/1777 1573/1931/1779 1513/1950/1798
f 805/924/953 1587/1927/1777 1515/1794/1666
f 798/925/954 1585/1919/1773 1586/1921/1774
f 1584/1915/1771 1585/1919/1773 1517/1857/1725
f 879/1037/1057 1582/1906/1766 1583/1911/1769
f 1519/1852/1720 1583/1911/1769 1584/1915/1771
f 1482/1063/1082 1581/1907/1767 1582/1906/1766
f 1581/1907/1767 1488/1952/1800 1526/1847/1715
f 924/1121/1139 1579/1924/1775 1495/1095/1114
f 1577/1917/1772 1578/1925/1776 1420/1949/1797
f 1574/1902/1764 1575/1909/1768 1431/1951/1799
f 1541/1814/1684 1466/1811/1681 1468/1822/1691
f 1462/963/987 1467/1810/1680 1471/1812/1682 1463/985/1008
f 1039/1139/1157 1384/1142/1157 1383/1430/1376 964/1722/1376
f 1577/1917/1772 1560/1916/1738 1561/1922/1736 1578/1925/1776
f 1615/1942/1790 1602/1871/1739 1601/1873/1741 1616/1948/1794
f 773/820/856 1572/1903/1765 775/819/855
f 773/820/856 1445/837/873 1572/1903/1765
f 740/782/818 1426/799/835 1576/1913/1770
f 740/782/818 1576/1913/1770 742/781/817
f 820/1955/1803 1700/1956/1804 1363/1714/1604 1367/1717/1607
f 1700/1956/1804 1283/1957/1805 1362/1713/1603 1363/1714/1604
f 1640/1958/1806 1622/1959/1807 1621/1960/1808 1639/1961/1809
f 1639/1961/1809 1621/1960/1808 1636/1962/1810 1643/1963/1811
f 1646/1964/1812 1630/1965/1813 1629/1966/1814 1645/1967/1815
f 1648/1968/1816 1623/1969/1817 1622/1959/1807 1640/1958/1806
f 1650/1970/1818 1631/1971/1819 1630/1965/1813 1646/1964/1812
f 1652/1972/1820 1624/1973/1821 1623/1969/1817 1648/1968/1816
f 1654/1974/1822 1632/1975/1823 1631/1971/1819 1650/1970/1818
f 1656/1976/1824 1625/1977/1825 1624/1973/1821 1652/1972/1820
f 1658/1978/1826 1633/1979/1827 1632/1975/1823 1654/1974/1822
f 1660/1980/1828 1626/1981/1829 1625/1977/1825 1656/1976/1824
f 1662/1982/1830 1634/1983/1831 1633/1979/1827 1658/1978/1826
f 1664/1984/1832 1627/1985/1833 1626/1981/1829 1660/1980/1828
f 1666/1986/1834 1635/1987/1835 1634/1983/1831 1662/1982/1830
f 1668/1988/1836 1628/1989/1837 1627/1985/1833 1664/1984/1832
f 1643/1963/1811 1636/1962/1810 1635/1987/1835 1666/1986/1834
f 1645/1967/1815 1629/1966/1814 1628/1989/1837 1668/1988/1836
f 1636/1962/1810 1637/1990/1838 1635/1987/1835
f 1629/1966/1814 1637/1990/1838 1628/1989/1837
f 1622/1959/1807 1637/1990/1838 1621/1960/1808
f 1621/1960/1808 1637/1990/1838 1636/1962/1810
f 1630/1965/1813 1637/1990/1838 1629/1966/1814
f 1623/1969/1817 1637/1990/1838 1622/1959/1807
f 1631/1971/1819 1637/1990/1838 1630/1965/1813
f 1624/1973/1821 1637/1990/1838 1623/1969/1817
f 1632/1975/1823 1637/1990/1838 1631/1971/1819
f 1625/1977/1825 1637/1990/1838 1624/1973/1821
f 1633/1979/1827 1637/1990/1838 1632/1975/1823
f 1626/1981/1829 1637/1990/1838 1625/1977/1825
f 1634/1983/1831 1637/1990/1838 1633/1979/1827
f 1627/1985/1833 1637/1990/1838 1626/1981/1829
f 1635/1987/1835 1637/1990/1838 1634/1983/1831
f 1628/1989/1837 1637/1990/1838 1627/1985/1833
f 1497/1846/1714 1487/1843/1711 1644/1991/1839
f 1644/1991/1839 1645/1967/1815 1668/1988/1836 1669/1992/1840
f 1456/1777/1650 1642/1993/1841 1667/1994/1842
f 1642/1993/1841 1643/1963/1811 1666/1986/1834 1667/1994/1842
f 1502/1751/1626 1497/1846/1714 1669/1992/1840
f 1669/1992/1840 1668/1988/1836 1664/1984/1832 1665/1995/1843
f 1455/1800/1672 1667/1994/1842 1663/1996/1844
f 1667/1994/1842 1666/1986/1834 1662/1982/1830 1663/1996/1844
f 1417/1749/1624 1502/1751/1626 1665/1995/1843
f 1665/1995/1843 1664/1984/1832 1660/1980/1828 1661/1997/1845
f 1466/1811/1681 1663/1996/1844 1659/1998/1846
f 1663/1996/1844 1662/1982/1830 1658/1978/1826 1659/1998/1846
f 1620/1999/1847 1417/1749/1624 1661/1997/1845
f 1661/1997/1845 1660/1980/1828 1656/1976/1824 1657/2000/1848
f 1468/1822/1691 1659/1998/1846 1655/2001/1849
f 1659/1998/1846 1658/1978/1826 1654/1974/1822 1655/2001/1849
f 1620/1999/1847 1657/2000/1848 1653/2002/1850
f 1657/2000/1848 1656/1976/1824 1652/1972/1820 1653/2002/1850
f 1479/1821/1690 1655/2001/1849 1651/2003/1851
f 1655/2001/1849 1654/1974/1822 1650/1970/1818 1651/2003/1851
f 1429/1769/1642 1653/2002/1850 1649/2004/1852
f 1653/2002/1850 1652/1972/1820 1648/1968/1816 1649/2004/1852
f 1485/1829/1697 1651/2003/1851 1647/2005/1853
f 1651/2003/1851 1650/1970/1818 1646/1964/1812 1647/2005/1853
f 1438/1781/1654 1649/2004/1852 1641/2006/1854
f 1649/2004/1852 1648/1968/1816 1640/1958/1806 1641/2006/1854
f 1487/1843/1711 1485/1829/1697 1647/2005/1853
f 1647/2005/1853 1646/1964/1812 1645/1967/1815 1644/1991/1839
f 1447/1776/1649 1638/2007/1855 1642/1993/1841
f 1638/2007/1855 1639/1961/1809 1643/1963/1811 1642/1993/1841
f 1437/1782/1655 1641/2006/1854 1638/2007/1855
f 1641/2006/1854 1640/1958/1806 1639/1961/1809 1638/2007/1855
f 1497/1846/1714 1499/1844/1712 1487/1843/1711
f 1417/1749/1624 1620/1999/1847 1418/1748/1623 1419/1747/1622
f 1497/1846/1714 1644/1991/1839 1669/1992/1840
f 1456/1777/1650 1667/1994/1842 1455/1800/1672
f 1502/1751/1626 1669/1992/1840 1665/1995/1843
f 1455/1800/1672 1663/1996/1844 1466/1811/1681
f 1417/1749/1624 1665/1995/1843 1661/1997/1845
f 1466/1811/1681 1659/1998/1846 1468/1822/1691
f 1620/1999/1847 1661/1997/1845 1657/2000/1848
f 1468/1822/1691 1655/2001/1849 1479/1821/1690
f 1620/1999/1847 1653/2002/1850 1429/1769/1642
f 1479/1821/1690 1651/2003/1851 1485/1829/1697
f 1429/1769/1642 1649/2004/1852 1438/1781/1654
f 1438/1781/1654 1641/2006/1854 1437/1782/1655
f 1487/1843/1711 1647/2005/1853 1644/1991/1839
f 1447/1776/1649 1642/1993/1841 1456/1777/1650
f 1437/1782/1655 1638/2007/1855 1447/1776/1649
f 1447/1776/1649 1448/1791/1663 1437/1782/1655
f 1430/1770/1643 1418/1748/1623 1620/1999/1847 1429/1769/1642
f 1061/1691/1011 1311/1690/1587 1313/1670/1575 1284/1669/1009
f 586/566/631 580/570/635 597/578/643
f 538/2008/546 596/524/599 559/525/587 492/2009/510
f 1380/1662/1568 546/530/604 545/527/601 601/1712/1602
f 2045/913/942 2046/909/939 822/1727/1610 823/2010/1856
f 2005/917/946 2045/913/942 823/2010/1856 819/2011/1857
f 819/2011/1857 823/2010/1856 825/2012/1858 833/2013/1859
f 823/2010/1856 822/1727/1610 872/1729/1611 825/2012/1858
f 1701/1676/1191 1315/1675/1579 1322/1680/1580 851/1679/1513
f 832/1387/1349 806/1386/1348 804/2014/1375 828/2015/1374
f 835/1631/1538 813/1658/1564 816/1000/1021 812/1003/1023
f 835/1631/1538 812/1003/1023 802/1628/1535 829/1627/1534
f 599/2016/1593 481/441/527 1287/2017/1860
f 1052/1337/1303 1378/1653/1559 1916/2018/1861 1895/2019/1862
f 848/968/992 819/2011/1857 833/2013/1859 845/982/1005
f 806/1386/1348 802/1628/1535 803/1632/1020 804/2014/1375
f 1211/1553/1465 1157/1546/1458 1141/1526/1438 1213/1525/1437
f 846/2020/1863 844/2021/1864 1693/971/995 1694/1008/1028
f 843/2022/1865 840/2023/1866 844/2021/1864 846/2020/1863
f 858/2024/1019 857/2025/1867 840/2023/1866 843/2022/1865
f 800/937/963 2023/940/965 847/2026/1868 874/2027/1388
f 874/2027/1388 847/2026/1868 856/2028/1869 850/2029/1018
f 850/2029/1018 856/2028/1869 857/2025/1867 858/2024/1019
f 1695/981/1004 855/972/995 862/2030/1870 861/2031/1871
f 864/2032/1872 863/2033/1873 868/2034/1874 865/2035/1875
f 861/2031/1871 862/2030/1870 863/2033/1873 864/2032/1872
f 870/2036/1876 869/2037/1877 2011/960/984 2012/959/983
f 865/2035/1875 868/2034/1874 860/2038/1878 859/2039/1879
f 859/2039/1879 860/2038/1878 869/2037/1877 870/2036/1876
f 833/2040/1880 846/2041/1881 1694/950/974 845/953/977
f 861/2031/1871 873/2042/1882 1715/979/1002 1695/981/1004
f 1714/878/913 2005/917/946 819/2011/1857 848/968/992
f 1348/1648/1554 1697/579/644 659/581/646
f 856/2028/1869 847/2026/1868 869/2037/1877 860/2038/1878
f 871/2043/1883 2010/976/999 2006/975/998 873/2042/1882
f 825/1006/1026 843/1004/1024 846/2041/1881 833/2040/1880
f 864/2032/1872 871/2043/1883 873/2042/1882 861/2031/1871
f 844/2021/1864 862/2030/1870 855/972/995 1693/971/995
f 799/977/1000 2010/976/999 871/2043/1883 1056/2044/1884
f 840/2023/1866 857/2025/1867 868/2034/1874 863/2033/1873
f 847/2026/1868 2023/940/965 2011/960/984 869/2037/1877
f 840/2023/1866 863/2033/1873 862/2030/1870 844/2021/1864
f 873/2042/1882 2006/975/998 797/919/948 1715/979/1002
f 1056/2044/1884 859/2039/1879 870/2036/1876
f 868/2034/1874 857/2025/1867 856/2028/1869 860/2038/1878
f 803/999/1020 858/998/1019 801/1005/1025 804/1427/1375
f 870/2036/1876 2012/959/983 1056/2044/1884
f 1377/395/484 1995/394/483 499/436/523 1048/501/577
f 600/2045/1885 550/533/606 1673/532/605 602/2046/1253
f 1379/1660/1566 1356/1657/1563 1699/1656/1562 1911/1661/1567
f 1056/2044/1884 871/2043/1883 864/2032/1872 865/2035/1875
f 1056/2044/1884 2012/959/983 799/977/1000
f 865/2035/1875 859/2039/1879 1056/2044/1884
f 800/2047/963 874/1471/1388 830/1472/1022 2039/2048/905
f 820/1955/1803 1370/1474/1390 818/1473/1389
f 1702/902/934 2050/904/936 1681/2049/1886 1704/2050/1597
f 600/2045/1885 602/2046/1253 1704/2050/1597 1681/2049/1886
f 601/1712/1602 550/526/600 600/1640/1546 1372/1639/1545
f 1696/2051/1887 1685/2052/1528 599/2016/1593 1287/2017/1860
f 1288/766/802 712/753/794 1685/2052/1528 1696/2051/1887
f 1708/664/721 1697/680/731 1281/2053/1888 1706/2054/1174
f 1698/2055/1889 1705/2056/1185 1706/2054/1174 1281/2053/1888
f 1282/2057/1890 1671/2058/1195 1285/2059/1584 1699/2060/1891
f 1699/2060/1891 1285/2059/1584 1286/2061/1317 1911/2062/1892
f 1700/2063/1893 1707/2064/1377 1675/2065/1577 1283/2066/1894
f 820/993/1014 1284/988/1009 1707/2067/1377 1700/2068/1893
f 1353/1668/1574 1046/1667/1573 1962/2069/1895 1984/2070/1896
f 1705/2056/1185 1698/2055/1889 1980/2071/1897
f 603/403/492 567/402/491 546/530/604 1380/1662/1568
f 545/527/601 550/526/600 601/1712/1602
f 1369/1629/1536 1682/2072/1898 838/1630/1537
f 1370/1474/1390 820/1955/1803 1367/1717/1607
f 1681/1641/1547 2050/888/921 1670/2073/1899 1680/1642/1548
f 2055/889/922 1670/2073/1899 2050/888/921
f 1670/2073/1899 2055/889/922 2054/894/927 1371/2074/1900
f 1359/1711/1601 1360/1635/1541 1856/2075/1901 1857/2076/1902
f 1857/2076/1902 1852/2077/1903 1359/1711/1601
f 1282/1655/1561 1357/1654/1560 1359/1711/1601 1852/2077/1903
f 1365/1715/1605 1362/1713/1603 1283/1957/1805
f 1368/1650/1556 1369/1629/1536 1370/1474/1390 1367/1717/1607
f 1680/1642/1548 1670/2073/1899 1371/2074/1900 1679/1634/1540
f 1069/1476/1392 1682/2072/1898 1369/1629/1536 1368/1650/1556
f 1366/1665/1571 1774/2078/1904 1058/1405/1363
f 1684/2079/1905 1057/1345/1311 1679/1634/1540 1371/2074/1900
f 1677/2080/1196 1671/2058/1195 1282/2057/1890 1852/2081/1906
f 1686/1475/1391 979/2082/1907 1682/2072/1898 1069/1476/1392
f 980/2083/1908 981/1346/1312 1057/1345/1311 1684/2079/1905
f 1060/1340/1306 958/1339/1305 959/2084/1909 1046/1667/1573
f 1352/1483/1396 1350/1486/1399 1059/1341/1307 1060/1340/1306
f 1288/681/732 1382/1643/1549 731/682/733
f 731/682/733 1382/1643/1549 1381/1666/1572 730/756/796
f 659/581/646 658/669/725 1347/1649/1555 1348/1648/1554
f 658/669/725 635/672/728 1044/1353/1321 1347/1649/1555
f 730/756/796 1381/1666/1572 1055/1356/1324 706/759/799
f 953/1354/1322 1044/1353/1321 635/672/728 955/2085/1910
f 1062/2086/1911 706/759/799 1055/1356/1324 1063/1355/1323
f 657/646/705 655/668/724 950/2087/1912 955/2085/1910
f 729/737/781 1062/2086/1911 950/2087/1912 655/668/724
f 706/759/799 1062/2086/1911 729/737/781 709/734/778
f 635/672/728 638/642/701 657/646/705 955/2085/1910
f 1733/2088/1913 1734/2089/1914 1726/2090/1915 1723/2091/1916
f 1734/2089/1914 1731/1610/1518 1722/1611/1519 1726/2090/1915
f 1702/1707/934 1308/1706/1598 1304/1709/1599 1672/1708/883
f 1128/1172/1181 749/1171/1180 741/2092/1917 641/2093/1918
f 641/2093/1918 741/2092/1917 739/2094/1919 652/2095/1920
f 652/2096/1920 739/2097/1919 748/2098/1921 725/2099/1922
f 725/2099/1922 748/2098/1921 1098/1373/1339 738/1372/1338
f 1740/1710/1600 1737/2100/1923 725/2099/1922 738/1372/1338
f 1724/2101/1924 1725/2102/1925 1716/2103/1926 1719/2104/1927
f 1719/2104/1927 1716/2103/1926 761/2105/1928 755/2106/1929
f 1718/2107/1930 1719/2108/1927 755/2109/1929 759/2110/1931
f 1148/1529/1441 1718/2107/1930 759/2110/1931 957/1584/1495
f 1725/2102/1925 1169/1601/1508 1717/1570/1481 1716/2103/1926
f 759/2110/1931 755/2109/1929 739/2094/1919 741/2092/1917
f 957/1584/1495 759/2110/1931 741/2092/1917 749/1171/1180
f 755/2106/1929 761/2105/1928 748/2098/1921 739/2097/1919
f 1716/2103/1926 1717/1570/1481 760/1571/1482 761/2105/1928
f 1176/1528/1440 1721/2111/1932 1718/2107/1930 1148/1529/1441
f 1730/2112/1933 1733/2113/1913 1723/2114/1916 1720/2115/1934
f 1721/2111/1932 1724/2116/1924 1719/2108/1927 1718/2107/1930
f 1727/1254/1244 1730/2112/1933 1720/2115/1934 1177/1255/1245
f 761/2105/1928 760/1571/1482 1098/1373/1339 748/2098/1921
f 1683/1306/1430 992/1278/1935 1729/2117/1936 1728/1518/1431
f 992/1278/1935 769/1277/1937 1732/2118/1938 1729/2117/1936
f 769/1234/1937 765/1233/1385 1735/2119/1939 1732/2120/1938
f 1721/2111/1932 1176/1528/1440 1177/1255/1245 1720/2115/1934
f 765/1233/1385 987/1226/1527 1226/1622/1530 1735/2119/1939
f 1724/2116/1924 1721/2111/1932 1720/2115/1934 1723/2114/1916
f 1725/2102/1925 1724/2101/1924 1723/2091/1916 1726/2090/1915
f 1730/2112/1933 1727/1254/1244 1728/1518/1431 1729/2117/1936
f 1726/2090/1915 1722/1611/1519 1169/1601/1508 1725/2102/1925
f 1733/2113/1913 1730/2112/1933 1729/2117/1936 1732/2118/1938
f 1734/2089/1914 1733/2088/1913 1732/2120/1938 1735/2119/1939
f 1735/2119/1939 1226/1622/1530 1731/1610/1518 1734/2089/1914
f 1737/2100/1923 1739/2121/1940 652/2096/1920 725/2099/1922
f 1745/2122/793 1736/2123/1941 1741/1697/1590 712/1696/794
f 1708/1695/721 1342/1694/1589 1743/2124/1942 1746/2125/719
f 1746/2125/719 1743/2124/1942 1738/2126/1943 1744/2127/717
f 1739/2128/1940 1742/2129/1944 641/2093/1918 652/2095/1920
f 1743/2124/1942 1742/2129/1944 1739/2128/1940 1738/2126/1943
f 1742/2129/1944 1743/2124/1942 1342/1694/1589 1341/1408/1366
f 1738/2130/1943 1739/2121/1940 1737/2100/1923 1736/2123/1941
f 1742/2129/1944 1341/1408/1366 1128/1172/1181 641/2093/1918
f 1740/1710/1600 1741/1697/1590 1736/2123/1941 1737/2100/1923
f 1283/1957/1805 1790/2131/1945 1365/1715/1605
f 1800/2132/1946 1841/2133/1947 1781/2134/1948 1748/2135/1949
f 1757/2136/1950 1747/2137/1951 1763/2138/1952
f 1747/2137/1951 1801/2139/1953 1813/2140/1954
f 1747/2137/1951 1757/2136/1950 1758/2141/1955 1752/2142/1956
f 1754/2143/1957 1747/2137/1951 1813/2140/1954
f 1797/2144/1958 1796/2145/1959 1799/2146/1960 1764/2147/1961
f 1756/2148/1962 1762/2149/1963 1766/2150/1964 1765/2151/1965
f 1747/2137/1951 1754/2143/1957 1763/2138/1952
f 1749/2152/1966 878/1028/1048 1802/1033/1053 1807/2153/1967
f 1772/2154/1968 1770/2155/1969 1760/2156/1970 1759/2157/1971
f 1768/2158/1972 1755/2159/1973 1812/2160/1974 1824/2161/1975
f 1772/2154/1968 1759/2157/1971 1756/2148/1962 1765/2151/1965
f 1801/2139/1953 1747/2137/1951 1752/2142/1956 1811/2162/1976
f 1770/2155/1969 892/1027/1047 1753/1026/1046 1760/2156/1970
f 1758/2141/1955 1761/2163/1977 1749/2152/1966 1752/2142/1956
f 1784/2164/1978 1778/2165/1979 1769/2166/1980 1771/2167/1981
f 1752/2142/1956 1749/2152/1966 1807/2153/1967 1811/2162/1976
f 1766/2150/1964 1762/2149/1963 1755/2159/1973 1768/2158/1972
f 880/1022/1042 881/1021/1041 1789/2168/1982 1806/2169/1983
f 1761/2163/1977 887/1029/1049 878/1028/1048 1749/2152/1966
f 1778/2165/1979 1750/1013/1033 891/1012/1032 1769/2166/1980
f 1763/2138/1952 1754/2143/1957 1755/2159/1973 1762/2149/1963
f 1757/2136/1950 1763/2138/1952 1762/2149/1963 1756/2148/1962
f 1754/2143/1957 1813/2140/1954 1812/2160/1974 1755/2159/1973
f 1761/2163/1977 1758/2141/1955 1759/2157/1971 1760/2156/1970
f 1758/2141/1955 1757/2136/1950 1756/2148/1962 1759/2157/1971
f 887/1029/1049 1761/2163/1977 1760/2156/1970 1753/1026/1046
f 1767/2170/1984 1764/2171/1961 1765/2151/1965 1766/2150/1964
f 1748/2172/1949 1767/2170/1984 1766/2150/1964 1768/2158/1972
f 1800/2173/1946 1748/2172/1949 1768/2158/1972 1824/2161/1975
f 1764/2171/1961 1771/2174/1985 1772/2154/1968 1765/2151/1965
f 1771/2174/1985 1769/2175/1986 1770/2155/1969 1772/2154/1968
f 1769/2175/1986 891/1040/1060 892/1027/1047 1770/2155/1969
f 1795/2176/1987 1796/2177/1959 1797/2178/1958 1798/2179/1988
f 881/1021/1041 1750/1032/1052 1778/2180/1989 1789/2168/1982
f 1777/2181/1990 1782/2182/1991 1798/2179/1988 1794/2183/1992
f 1777/2181/1990 1794/2183/1992 1792/2184/1993 1793/2185/1994
f 1779/2186/1995 1783/2187/1996 1796/2177/1959 1795/2176/1987
f 1786/2188/1997 1784/2189/1998 1751/2190/1999 1787/2191/2000
f 1789/2168/1982 1778/2180/1989 1784/2189/1998 1786/2188/1997
f 1806/2169/1983 1789/2168/1982 1786/2188/1997 1847/2192/2001
f 1847/2192/2001 1786/2188/1997 1787/2191/2000 1848/2193/2002
f 1783/2194/2003 1788/2195/2004 1787/2191/2000 1751/2190/1999
f 1788/2195/2004 1785/2196/2005 1848/2193/2002 1787/2191/2000
f 851/2197/1513 1785/2198/2005 1788/2199/2004
f 1775/2200/2006 1701/2201/1191 1779/2202/2007
f 1675/2065/1577 1775/2200/2006 1790/2203/2008
f 1779/2202/2007 1701/2201/1191 1783/2204/2003
f 1793/2185/1994 1792/2184/1993 1773/2205/2009 1791/2206/2010
f 1366/1665/1571 1365/1715/1605 1776/2207/2011 1782/2182/1991
f 1798/2179/1988 1797/2178/1958 1780/2208/2012 1794/2183/1992
f 1782/2182/1991 1777/2181/1990 1774/2078/1904 1366/1665/1571
f 1776/2207/2011 1795/2176/1987 1798/2179/1988 1782/2182/1991
f 1790/2131/1945 1775/2209/2013 1776/2207/2011 1365/1715/1605
f 1748/2135/1949 1781/2134/1948 1780/2210/2012 1767/2211/1984
f 1751/2212/2014 1799/2146/1960 1796/2145/1959 1783/2213/1996
f 1795/2176/1987 1776/2207/2011 1775/2209/2013 1779/2186/1995
f 1781/2214/1948 1841/2215/1947 1773/2205/2009 1792/2184/1993
f 1771/2167/1981 1799/2146/1960 1751/2212/2014 1784/2164/1978
f 1764/2147/1961 1799/2146/1960 1771/2167/1981
f 1792/2184/1993 1794/2183/1992 1780/2208/2012 1781/2214/1948
f 1780/2210/2012 1797/2144/1958 1764/2147/1961 1767/2211/1984
f 1701/2201/1191 1788/2199/2004 1783/2204/2003
f 1283/2066/1894 1675/2065/1577 1790/2203/2008
f 1701/2201/1191 851/2197/1513 1788/2199/2004
f 1675/2065/1577 1701/2201/1191 1775/2200/2006
f 1800/2216/1946 1804/2217/2015 1843/2218/2016 1841/2219/1947
f 1817/2220/2017 1823/2221/2018 1803/2222/2019
f 1803/2222/2019 1813/2140/1954 1801/2139/1953
f 1803/2222/2019 1810/2223/2020 1818/2224/2021 1817/2220/2017
f 1814/2225/2022 1813/2140/1954 1803/2222/2019
f 1861/2226/2023 1825/2227/2024 1863/2228/2025 1860/2229/2026
f 1816/2230/2027 1826/2231/2028 1827/2232/2029 1822/2233/2030
f 1803/2222/2019 1823/2221/2018 1814/2225/2022
f 1805/2234/2031 1807/2153/1967 1802/1033/1053 896/1056/1075
f 1834/2235/2032 1819/2236/2033 1820/2237/2034 1832/2238/2035
f 1830/2239/2036 1824/2161/1975 1812/2160/1974 1815/2240/2037
f 1834/2235/2032 1826/2231/2028 1816/2230/2027 1819/2236/2033
f 1801/2139/1953 1811/2162/1976 1810/2223/2020 1803/2222/2019
f 1832/2238/2035 1820/2237/2034 902/1054/1073 1829/1053/1073
f 1818/2224/2021 1810/2223/2020 1805/2234/2031 1821/2241/2038
f 1846/2242/2039 1833/2243/2040 1831/2244/2041 1839/2245/2042
f 1810/2223/2020 1811/2162/1976 1807/2153/1967 1805/2234/2031
f 1827/2232/2029 1830/2239/2036 1815/2240/2037 1822/2233/2030
f 880/1022/1042 1806/2169/1983 1853/2246/2043 897/1051/1071
f 1821/2241/2038 1805/2234/2031 896/1056/1075 901/1058/1077
f 1839/2245/2042 1831/2244/2041 906/1044/1064 1808/1047/1067
f 1823/2221/2018 1822/2233/2030 1815/2240/2037 1814/2225/2022
f 1817/2220/2017 1816/2230/2027 1822/2233/2030 1823/2221/2018
f 1814/2225/2022 1815/2240/2037 1812/2160/1974 1813/2140/1954
f 1821/2241/2038 1820/2237/2034 1819/2236/2033 1818/2224/2021
f 1818/2224/2021 1819/2236/2033 1816/2230/2027 1817/2220/2017
f 901/1058/1077 902/1054/1073 1820/2237/2034 1821/2241/2038
f 1828/2247/2044 1827/2232/2029 1826/2231/2028 1825/2248/2024
f 1804/2249/2015 1830/2239/2036 1827/2232/2029 1828/2247/2044
f 1800/2173/1946 1824/2161/1975 1830/2239/2036 1804/2249/2015
f 1825/2248/2024 1826/2231/2028 1834/2235/2032 1833/2250/2045
f 1833/2250/2045 1834/2235/2032 1832/2238/2035 1831/2251/2046
f 1831/2251/2046 1832/2238/2035 1829/1053/1073 906/1066/1085
f 1859/2252/2047 1862/2253/2048 1861/2254/2023 1860/2255/2026
f 897/1051/1071 1853/2246/2043 1839/2256/2049 1808/1060/1079
f 1838/2257/2050 1858/2258/2051 1862/2253/2048 1844/2259/2052
f 1838/2257/2050 1855/2260/2053 1854/2261/2054 1858/2258/2051
f 1840/2262/2055 1859/2252/2047 1860/2255/2026 1845/2263/2056
f 1849/2264/2057 1850/2265/2058 1809/2266/2059 1846/2267/2060
f 1853/2246/2043 1849/2264/2057 1846/2267/2060 1839/2256/2049
f 1806/2169/1983 1847/2192/2001 1849/2264/2057 1853/2246/2043
f 1847/2192/2001 1848/2193/2002 1850/2265/2058 1849/2264/2057
f 1845/2268/2061 1809/2266/2059 1850/2265/2058 1851/2269/2062
f 1851/2269/2062 1850/2265/2058 1848/2193/2002 1785/2196/2005
f 851/2197/1513 1851/2270/2062 1785/2198/2005
f 1836/2271/2063 1840/2272/2064 1703/2273/1335
f 1677/2080/1196 1852/2081/1906 1836/2271/2063
f 1840/2272/2064 1845/2274/2061 1703/2273/1335
f 1855/2260/2053 1791/2206/2010 1773/2205/2009 1854/2261/2054
f 1856/2075/1901 1844/2259/2052 1837/2275/2065 1857/2076/1902
f 1862/2253/2048 1858/2258/2051 1842/2276/2066 1861/2254/2023
f 1844/2259/2052 1856/2075/1901 1835/2277/2067 1838/2257/2050
f 1837/2275/2065 1844/2259/2052 1862/2253/2048 1859/2252/2047
f 1852/2077/1903 1857/2076/1902 1837/2275/2065 1836/2278/2068
f 1804/2217/2015 1828/2279/2044 1842/2280/2066 1843/2218/2016
f 1809/2281/2069 1845/2282/2056 1860/2229/2026 1863/2228/2025
f 1859/2252/2047 1840/2262/2055 1836/2278/2068 1837/2275/2065
f 1843/2283/2016 1854/2261/2054 1773/2205/2009 1841/2215/1947
f 1833/2243/2040 1846/2242/2039 1809/2281/2069 1863/2228/2025
f 1825/2227/2024 1833/2243/2040 1863/2228/2025
f 1854/2261/2054 1843/2283/2016 1842/2276/2066 1858/2258/2051
f 1842/2280/2066 1828/2279/2044 1825/2227/2024 1861/2226/2023
f 1703/2273/1335 1845/2274/2061 1851/2270/2062
f 1703/2273/1335 1851/2270/2062 851/2197/1513
f 1677/2080/1196 1836/2271/2063 1703/2273/1335
f 1378/1653/1559 1379/1660/1566 1917/1659/1565 1916/2018/1861
f 1924/2284/2070 1969/2285/2071 1903/2286/2072 1865/2287/2073
f 1876/2288/2074 1864/2289/2075 1882/2290/2076
f 1864/2289/2075 1925/2291/2077 1939/2292/2078
f 1864/2289/2075 1876/2288/2074 1877/2293/2079 1870/2294/2080
f 1873/2295/2081 1864/2289/2075 1939/2292/2078
f 1921/2296/2082 1920/2297/2083 1923/2298/2084 1883/2299/2085
f 1875/2300/2086 1881/2301/2087 1885/2302/2088 1884/2303/2089
f 1864/2289/2075 1873/2295/2081 1882/2290/2076
f 1867/2304/2090 1866/1086/1105 911/1091/1110 1931/2305/2091
f 1893/2306/2092 1891/2307/2093 1879/2308/2094 1878/2309/2095
f 1889/2310/2096 1874/2311/2097 1938/2312/2098 1950/2313/2099
f 1893/2306/2092 1878/2309/2095 1875/2300/2086 1884/2303/2089
f 1925/2291/2077 1864/2289/2075 1870/2294/2080 1935/2314/2100
f 1891/2307/2093 1888/1085/1104 1872/1084/1103 1879/2308/2094
f 1877/2293/2079 1880/2315/2101 1867/2304/2090 1870/2294/2080
f 1906/2316/2102 1899/2317/2103 1890/2318/2104 1892/2319/2105
f 1870/2294/2080 1867/2304/2090 1931/2305/2091 1935/2314/2100
f 1885/2302/2088 1881/2301/2087 1874/2311/2097 1889/2310/2096
f 1932/1080/1099 1900/1079/1098 1912/2320/2106 1930/2321/2107
f 1880/2315/2101 1871/1087/1106 1866/1086/1105 1867/2304/2090
f 1899/2317/2103 1868/1071/1090 1887/1070/1089 1890/2318/2104
f 1882/2290/2076 1873/2295/2081 1874/2311/2097 1881/2301/2087
f 1876/2288/2074 1882/2290/2076 1881/2301/2087 1875/2300/2086
f 1873/2295/2081 1939/2292/2078 1938/2312/2098 1874/2311/2097
f 1880/2315/2101 1877/2293/2079 1878/2309/2095 1879/2308/2094
f 1877/2293/2079 1876/2288/2074 1875/2300/2086 1878/2309/2095
f 1871/1087/1106 1880/2315/2101 1879/2308/2094 1872/1084/1103
f 1886/2322/2108 1883/2323/2085 1884/2303/2089 1885/2302/2088
f 1865/2324/2073 1886/2322/2108 1885/2302/2088 1889/2310/2096
f 1924/2325/2070 1865/2324/2073 1889/2310/2096 1950/2313/2099
f 1883/2323/2085 1892/2326/2109 1893/2306/2092 1884/2303/2089
f 1892/2326/2109 1890/2327/2110 1891/2307/2093 1893/2306/2092
f 1890/2327/2110 1887/1098/1117 1888/1085/1104 1891/2307/2093
f 1919/2328/2111 1920/2329/2083 1921/2330/2082 1922/2331/2112
f 1900/1079/1098 1868/1090/1109 1899/2332/2113 1912/2320/2106
f 1898/2333/2114 1904/2334/2115 1922/2331/2112 1918/2335/2116
f 1898/2333/2114 1918/2335/2116 1914/2336/2117 1915/2337/2118
f 1901/2338/2119 1905/2339/2120 1920/2329/2083 1919/2328/2111
f 1908/2340/2121 1906/2341/2122 1869/2342/2123 1909/2343/2124
f 1912/2320/2106 1899/2332/2113 1906/2341/2122 1908/2340/2121
f 1930/2321/2107 1912/2320/2106 1908/2340/2121 1975/2344/2125
f 1975/2344/2125 1908/2340/2121 1909/2343/2124 1976/2345/2126
f 1905/2346/2127 1910/2347/2128 1909/2343/2124 1869/2342/2123
f 1910/2347/2128 1907/2348/2129 1976/2345/2126 1909/2343/2124
f 1910/2349/2128 1710/2350/1318 1907/2351/2129
f 1896/2352/2130 1286/2061/1317 1901/2353/2131
f 1286/2061/1317 1896/2352/2130 1911/2062/1892
f 1915/2337/2118 1914/2336/2117 1894/2354/2132 1913/2355/2133
f 1916/2018/1861 1917/1659/1565 1897/2356/2134 1904/2334/2115
f 1922/2331/2112 1921/2330/2082 1902/2357/2135 1918/2335/2116
f 1904/2334/2115 1898/2333/2114 1895/2019/1862 1916/2018/1861
f 1897/2356/2134 1919/2328/2111 1922/2331/2112 1904/2334/2115
f 1911/1661/1567 1896/2358/2136 1897/2356/2134 1917/1659/1565
f 1865/2287/2073 1903/2286/2072 1902/2359/2135 1886/2360/2108
f 1869/2361/2137 1923/2298/2084 1920/2297/2083 1905/2362/2120
f 1919/2328/2111 1897/2356/2134 1896/2358/2136 1901/2338/2119
f 1903/2363/2072 1969/2364/2071 1894/2354/2132 1914/2336/2117
f 1892/2319/2105 1923/2298/2084 1869/2361/2137 1906/2316/2102
f 1883/2299/2085 1923/2298/2084 1892/2319/2105
f 1914/2336/2117 1918/2335/2116 1902/2357/2135 1903/2363/2072
f 1902/2359/2135 1921/2296/2082 1883/2299/2085 1886/2360/2108
f 1710/2350/1318 1910/2349/2128 1905/2365/2127
f 1710/2350/1318 1905/2365/2127 1901/2353/2131
f 1046/1667/1573 959/2084/1909 1983/2366/2138 1962/2069/1895
f 1924/2367/2070 1927/2368/2139 1971/2369/2140 1969/2370/2071
f 1943/2371/2141 1949/2372/2142 1926/2373/2143
f 1926/2373/2143 1939/2292/2078 1925/2291/2077
f 1926/2373/2143 1934/2374/2144 1944/2375/2145 1943/2371/2141
f 1940/2376/2146 1939/2292/2078 1926/2373/2143
f 1989/2377/2147 1951/2378/2148 1991/2379/2149 1988/2380/2150
f 1942/2381/2151 1952/2382/2152 1953/2383/2153 1948/2384/2154
f 1926/2373/2143 1949/2372/2142 1940/2376/2146
f 1929/2385/2155 1931/2305/2091 911/1091/1110 1928/1114/1132
f 1961/2386/2156 1945/2387/2157 1946/2388/2158 1959/2389/2159
f 1957/2390/2160 1950/2313/2099 1938/2312/2098 1941/2391/2161
f 1961/2386/2156 1952/2382/2152 1942/2381/2151 1945/2387/2157
f 1925/2291/2077 1935/2314/2100 1934/2374/2144 1926/2373/2143
f 1959/2389/2159 1946/2388/2158 1937/1112/1130 1956/1111/1130
f 1944/2375/2145 1934/2374/2144 1929/2385/2155 1947/2392/2162
f 1974/2393/2163 1960/2394/2164 1958/2395/2165 1966/2396/2166
f 1934/2374/2144 1935/2314/2100 1931/2305/2091 1929/2385/2155
f 1953/2383/2153 1957/2390/2160 1941/2391/2161 1948/2384/2154
f 1932/1080/1099 1930/2321/2107 1981/2397/2167 1967/1109/1128
f 1947/2392/2162 1929/2385/2155 1928/1114/1132 1936/1116/1134
f 1966/2396/2166 1958/2395/2165 1955/1102/1121 923/1105/1124
f 1949/2372/2142 1948/2384/2154 1941/2391/2161 1940/2376/2146
f 1943/2371/2141 1942/2381/2151 1948/2384/2154 1949/2372/2142
f 1940/2376/2146 1941/2391/2161 1938/2312/2098 1939/2292/2078
f 1947/2392/2162 1946/2388/2158 1945/2387/2157 1944/2375/2145
f 1944/2375/2145 1945/2387/2157 1942/2381/2151 1943/2371/2141
f 1936/1116/1134 1937/1112/1130 1946/2388/2158 1947/2392/2162
f 1954/2398/2168 1953/2383/2153 1952/2382/2152 1951/2399/2148
f 1927/2400/2139 1957/2390/2160 1953/2383/2153 1954/2398/2168
f 1924/2325/2070 1950/2313/2099 1957/2390/2160 1927/2400/2139
f 1951/2399/2148 1952/2382/2152 1961/2386/2156 1960/2401/2169
f 1960/2401/2169 1961/2386/2156 1959/2389/2159 1958/2402/2170
f 1958/2402/2170 1959/2389/2159 1956/1111/1130 1955/1124/1142
f 1987/2403/2171 1990/2404/2172 1989/2405/2147 1988/2406/2150
f 1967/1109/1128 1981/2397/2167 1966/2407/2173 923/1118/1136
f 1965/2408/2174 1986/2409/2175 1990/2404/2172 1972/2410/2176
f 1965/2408/2174 1983/2366/2138 1982/2411/2177 1986/2409/2175
f 1968/2412/2178 1987/2403/2171 1988/2406/2150 1973/2413/2179
f 1977/2414/2180 1978/2415/2181 1933/2416/2182 1974/2417/2183
f 1981/2397/2167 1977/2414/2180 1974/2417/2183 1966/2407/2173
f 1930/2321/2107 1975/2344/2125 1977/2414/2180 1981/2397/2167
f 1975/2344/2125 1976/2345/2126 1978/2415/2181 1977/2414/2180
f 1973/2418/2184 1933/2416/2182 1978/2415/2181 1979/2419/2185
f 1979/2419/2185 1978/2415/2181 1976/2345/2126 1907/2348/2129
f 1709/2420/1382 1979/2421/2185 1907/2351/2129
f 1963/2422/2186 1968/2423/2187 1676/2424/1184
f 1676/2424/1184 1980/2071/1897 1963/2422/2186
f 1968/2423/2187 1973/2425/2184 1676/2424/1184
f 1983/2366/2138 1913/2355/2133 1894/2354/2132 1982/2411/2177
f 1984/2070/1896 1972/2410/2176 1964/2426/2188 1985/2427/2189
f 1990/2404/2172 1986/2409/2175 1970/2428/2190 1989/2405/2147
f 1972/2410/2176 1984/2070/1896 1962/2069/1895 1965/2408/2174
f 1964/2426/2188 1972/2410/2176 1990/2404/2172 1987/2403/2171
f 1980/2429/2191 1985/2427/2189 1964/2426/2188 1963/2430/2192
f 1927/2368/2139 1954/2431/2168 1970/2432/2190 1971/2369/2140
f 1933/2433/2193 1973/2434/2179 1988/2380/2150 1991/2379/2149
f 1987/2403/2171 1968/2412/2178 1963/2430/2192 1964/2426/2188
f 1971/2435/2140 1982/2411/2177 1894/2354/2132 1969/2364/2071
f 1960/2394/2164 1974/2393/2163 1933/2433/2193 1991/2379/2149
f 1951/2378/2148 1960/2394/2164 1991/2379/2149
f 1982/2411/2177 1971/2435/2140 1970/2428/2190 1986/2409/2175
f 1970/2432/2190 1954/2431/2168 1951/2378/2148 1989/2377/2147
f 1979/2421/2185 1709/2420/1382 1973/2425/2184
f 488/409/498 1674/439/525 1711/407/496
f 1710/2350/1318 1709/2420/1382 1907/2351/2129
f 966/2436/2194 1039/1338/1304 1052/1337/1303 1895/2019/1862
f 1915/2337/2118 966/2436/2194 1895/2019/1862 1898/2333/2114
f 1913/2355/2133 1983/2366/2138 960/2437/2195
f 960/2437/2195 966/2436/2194 1913/2355/2133
f 966/2436/2194 1915/2337/2118 1913/2355/2133
f 1354/1718/1608 1353/1668/1574 1984/2070/1896 1985/2427/2189
f 1994/400/489 499/436/523 496/435/522
f 1354/1718/1608 1980/2429/2191 1698/1646/1552 1351/1484/1397
f 1376/392/481 1375/1716/1606 1287/1719/1609 481/432/519
f 1713/502/578 1994/400/489 1712/399/488
f 959/2084/1909 960/2437/2195 1983/2366/2138
f 1983/2366/2138 1965/2408/2174 1962/2069/1895
f 1676/2424/1184 1705/2056/1185 1980/2071/1897
f 1286/2061/1317 1710/2350/1318 1901/2353/2131
f 1980/2429/2191 1354/1718/1608 1985/2427/2189
f 1674/439/525 481/441/527 599/2016/1593
f 1673/532/605 561/503/579 598/405/494
f 481/432/519 1996/393/482 1376/392/481
f 1360/1635/1541 1045/1348/1314 1835/2277/2067 1856/2075/1901
f 970/2438/2196 1835/2277/2067 1045/1348/1314 969/1347/1313
f 1835/2277/2067 970/2438/2196 1855/2260/2053 1838/2257/2050
f 970/2438/2196 971/2439/2197 1791/2206/2010 1855/2260/2053
f 971/2439/2197 976/1406/1364 1793/2185/1994 1791/2206/2010
f 1777/2181/1990 1793/2185/1994 1774/2078/1904
f 976/1406/1364 1058/1405/1363 1774/2078/1904 1793/2185/1994
f 1672/847/883 1678/905/937 2049/848/884
f 1702/902/934 1672/847/883 2034/903/935
f 1371/2074/1900 2054/894/927 2033/893/926 1684/2079/1905
f 982/2440/2198 980/2083/1908 1684/2079/1905 2033/893/926
f 2033/893/926 2036/892/925 2053/896/928 982/2440/2198
f 982/2440/2198 2053/896/928 817/897/929 1687/2441/2199
f 1687/2441/2199 817/897/929 813/1658/1564 979/2082/1907
f 835/1631/1538 838/1630/1537 813/1658/1564
f 979/2082/1907 813/1658/1564 838/1630/1537 1682/2072/1898
f 1028/1721/1158 1385/1141/1158 1386/1379/1343 1031/1378/1343
f 1709/2420/1382 1676/2424/1184 1973/2425/2184
f 1744/2442/717 1738/2130/1943 1736/2123/1941 1745/2122/793
usemtl Wheel_Holes
f 2126/2443/2200 2113/2444/2201 2110/2445/2202 2127/2446/2203
f 2128/2447/2204 2072/2448/2205 2078/2449/2206 2129/2450/2207
f 2121/2451/2208 2116/2452/2209 2131/2453/2210 2130/2454/2211
f 2102/2455/2212 2123/2456/2213 2133/2457/2214 2132/2458/2215
f 2134/2459/2216 2099/2460/2217 2100/2461/2218 2135/2462/2219
f 2136/2463/2220 2077/2464/2221 2076/2465/2222 2137/2466/2223
f 2138/2467/2224 2081/2468/2225 2080/2469/2226 2139/2470/2227
f 2084/2471/2228 2083/2472/2229 2141/2473/2230 2140/2474/2231
f 2120/2475/2232 2118/2476/2233 2143/2477/2234 2142/2478/2235
f 2079/2479/2236 2081/2468/2225 2138/2467/2224 2144/2480/2237
f 2145/2481/2238 2085/2482/2239 2086/2483/2240 2146/2484/2241
f 2147/2485/2242 2111/2486/2243 2113/2444/2201 2126/2443/2200
f 2095/2487/2244 2094/2488/2245 2149/2489/2246 2148/2490/2247
f 2107/2503/2260 2114/2504/2261 2151/2505/2262 2150/2506/2263
f 2124/2507/2264 2106/2508/2265 2153/2509/2266 2152/2510/2267
f 2135/2462/2219 2100/2461/2218 2096/2511/2268 2154/2512/2269
f 2117/2513/1377 2115/2514/2270 2156/2515/2271 2155/2516/2272
f 2119/2517/2273 2120/2475/2232 2142/2478/2235 2157/2518/2274
f 2123/2456/2213 2124/2507/2264 2152/2510/2267 2133/2457/2214
f 2151/2505/2262 2114/2504/2261 2112/2519/2275 2158/2520/2276
f 2159/2521/2277 2075/2522/2278 2073/2523/2279 2160/2524/2280
f 2139/2470/2227 2080/2469/2226 2125/2525/2281 2161/2526/2282
f 2091/2527/2283 2090/2528/2284 2163/2529/2285 2162/2530/2286
f 2069/2531/2287 2068/2532/2288 2165/2533/2289 2164/2534/2290
f 2094/2488/2245 2119/2517/2273 2157/2518/2274 2149/2489/2246
f 2066/2535/2291 2067/2536/2292 2167/2537/2293 2166/2538/2294
f 2106/2508/2265 2107/2503/2260 2150/2506/2263 2153/2509/2266
f 2082/2539/2295 2084/2471/2228 2140/2474/2231 2168/2540/2296
f 2141/2473/2230 2083/2472/2229 2088/2541/2297 2169/2542/2298
f 2093/2543/2299 2082/2539/2295 2168/2540/2296 2170/2544/2300
f 2090/2528/2284 2092/2545/2301 2171/2546/2302 2163/2529/2285
f 2127/2446/2203 2110/2445/2202 2109/2547/2303 2172/2548/2304
f 2173/2549/2305 2062/2550/717 2098/2551/2306 2174/2552/2307
f 2103/2553/2308 2104/2554/2309 2176/2555/2310 2175/2556/2311
f 2177/2557/2312 2097/2558/2313 2121/2451/2208 2130/2454/2211
f 2178/2559/2314 2108/2560/2315 2103/2553/2308 2175/2556/2311
f 2089/2561/2316 2091/2562/2283 2162/2563/2286 2179/2564/2317
f 2122/2565/2318 2062/2566/717 2173/2567/2305 2180/2568/2319
f 2125/2525/2281 2089/2561/2316 2179/2564/2317 2161/2526/2282
f 2164/2534/2290 2181/2569/2320 2070/2570/2321 2069/2531/2287
f 2174/2552/2307 2098/2551/2306 2099/2460/2217 2134/2459/2216
f 2129/2450/2207 2078/2449/2206 2077/2464/2221 2136/2463/2220
f 2137/2466/2223 2076/2465/2222 2075/2522/2278 2159/2521/2277
f 2067/2536/2292 2070/2570/2321 2181/2569/2320 2167/2537/2293
f 2109/2547/2303 2108/2560/2315 2178/2559/2314 2172/2548/2304
f 2158/2520/2276 2112/2519/2275 2111/2571/2243 2147/2572/2242
f 2101/2573/2322 2102/2455/2212 2132/2458/2215 2182/2574/2323
f 2116/2452/2209 2117/2575/1377 2155/2576/2272 2131/2453/2210
f 2092/2545/2301 2093/2543/2299 2170/2544/2300 2171/2546/2302
f 2169/2542/2298 2088/2541/2297 2085/2567/2239 2145/2577/2238
f 2183/2578/2324 2064/2579/2325 2072/2448/2205 2128/2447/2204
f 2105/2580/2326 2101/2581/2322 2182/2582/2323 2184/2583/2327
f 2185/2584/2328 2087/2585/2329 2079/2479/2236 2144/2480/2237
f 2115/2514/2270 2095/2487/2244 2148/2490/2247 2156/2515/2271
f 2186/2586/2330 2071/2587/2331 2063/2588/1175 2187/2589/2332
f 2065/2590/1377 2066/2535/2291 2166/2538/2294 2188/2591/2333
f 2073/2523/2279 2074/2592/2334 2189/2593/2335 2160/2524/2280
f 2074/2592/2334 2065/2594/1377 2188/2595/2333 2189/2593/2335
f 2104/2554/2309 2105/2580/2326 2184/2583/2327 2176/2555/2310
f 2068/2532/2288 2071/2587/2331 2186/2586/2330 2165/2533/2289
f 2143/2477/2234 2118/2476/2233 2122/2565/2318 2180/2568/2319
f 2154/2512/2269 2096/2511/2268 2097/2558/2313 2177/2557/2312
f 2146/2484/2241 2086/2483/2240 2087/2585/2329 2185/2584/2328
f 2187/2589/2332 2063/2588/1175 2064/2513/2325 2183/2596/2324
f 2204/2636/2372 2222/2637/2373 2220/2638/2374 2197/2639/2375
f 2212/2640/2376 2218/2641/2377 2205/2642/2378 2193/2643/2379
f 2195/2644/2380 2203/2645/2381 2216/2646/2382 2210/2647/2383
f 2220/2638/2374 2222/2637/2373 2200/2648/2384 2192/2649/2385
f 2200/2648/2384 2214/2650/2386 2208/2651/2387 2192/2649/2385
f 2210/2647/2383 2216/2646/2382 2204/2652/2372 2197/2653/2375
f 2198/2654/2388 2213/2655/2389 2209/2656/2390 2190/2657/2391
f 2208/2651/2387 2214/2650/2386 2198/2654/2388 2190/2657/2391
f 2196/2658/2392 2201/2659/2393 2215/2660/2394 2207/2661/2395
f 2209/2656/2390 2213/2655/2389 2199/2662/2396 2191/2663/2397
f 2199/2662/2396 2221/2664/2398 2219/2665/2399 2191/2663/2397
f 2207/2661/2395 2215/2660/2394 2202/2666/2400 2194/2667/2401
f 2205/2642/2378 2217/2668/2402 2211/2669/2403 2193/2643/2379
f 2219/2665/2399 2221/2664/2398 2201/2670/2393 2196/2671/2392
f 2211/2669/2403 2217/2668/2402 2203/2645/2381 2195/2644/2380
f 2194/2667/2401 2202/2666/2400 2218/2641/2377 2212/2640/2376
f 2170/2544/2300 2168/2540/2296 2349/2540/2473 2351/2544/2474
f 2186/2586/2330 2187/2589/2332 2368/2589/2475 2367/2586/2476
f 2173/2549/2305 2174/2552/2307 2355/2552/2477 2354/2549/2478
f 2130/2454/2211 2131/2453/2210 2312/2453/2479 2311/2454/2480
f 2188/2591/2333 2166/2538/2294 2347/2538/2481 2369/2591/2482
f 2128/2447/2204 2129/2450/2207 2310/2450/2483 2309/2447/2484
f 2189/2593/2335 2188/2595/2333 2369/2595/2482 2370/2593/2485
f 2155/2516/2272 2156/2515/2271 2337/2515/2486 2336/2516/2487
f 2134/2459/2216 2135/2462/2219 2316/2462/2488 2315/2459/2489
f 2160/2524/2280 2189/2593/2335 2370/2593/2485 2341/2524/2490
f 2177/2557/2312 2130/2454/2211 2311/2454/2480 2358/2557/2491
f 2163/2529/2285 2171/2546/2302 2352/2546/2492 2344/2529/2493
f 2183/2578/2324 2128/2447/2204 2309/2447/2484 2364/2578/2494
f 2138/2467/2224 2139/2470/2227 2320/2470/2495 2319/2467/2496
f 2176/2555/2310 2184/2583/2327 2365/2583/2497 2357/2555/2498
f 2180/2568/2319 2173/2567/2305 2354/2567/2478 2361/2568/2499
f 2171/2546/2302 2170/2544/2300 2351/2544/2474 2352/2546/2492
f 2158/2520/2276 2147/2572/2242 2328/2572/2500 2339/2520/2501
f 2127/2446/2203 2172/2548/2304 2353/2548/2502 2308/2446/2503
f 2145/2481/2238 2146/2484/2241 2327/2484/2504 2326/2481/2505
f 2137/2466/2223 2159/2521/2277 2340/2521/2506 2318/2466/2507
f 2185/2584/2328 2144/2480/2237 2325/2480/2508 2366/2584/2509
f 2148/2490/2247 2149/2489/2246 2330/2489/2510 2329/2490/2511
f 2131/2453/2210 2155/2576/2272 2336/2576/2487 2312/2453/2479
f 2181/2569/2320 2164/2534/2290 2345/2534/2512 2362/2569/2513
f 2149/2489/2246 2157/2518/2274 2338/2518/2514 2330/2489/2510
f 2184/2583/2327 2182/2582/2323 2363/2582/2515 2365/2583/2497
f 2140/2474/2231 2141/2473/2230 2322/2473/2516 2321/2474/2517
f 2142/2478/2235 2143/2477/2234 2324/2477/2518 2323/2478/2519
f 2162/2530/2286 2163/2529/2285 2344/2529/2493 2343/2530/2520
f 2159/2521/2277 2160/2524/2280 2341/2524/2490 2340/2521/2506
f 2156/2515/2271 2148/2490/2247 2329/2490/2511 2337/2515/2486
f 2161/2526/2282 2179/2564/2317 2360/2564/2521 2342/2526/2522
f 2135/2462/2219 2154/2512/2269 2335/2512/2523 2316/2462/2488
f 2132/2458/2215 2133/2457/2214 2314/2457/2524 2313/2458/2525
f 2167/2537/2293 2181/2569/2320 2362/2569/2513 2348/2537/2526
f 2187/2589/2332 2183/2596/2324 2364/2596/2494 2368/2589/2475
f 2166/2538/2294 2167/2537/2293 2348/2537/2526 2347/2538/2481
f 2157/2518/2274 2142/2478/2235 2323/2478/2519 2338/2518/2514
f 2151/2505/2262 2158/2520/2276 2339/2520/2501 2332/2505/2527
f 2136/2463/2220 2137/2466/2223 2318/2466/2507 2317/2463/2528
f 2175/2556/2311 2176/2555/2310 2357/2555/2498 2356/2556/2529
f 2153/2509/2266 2150/2506/2263 2331/2506/2530 2334/2509/2531
f 2169/2542/2298 2145/2577/2238 2326/2577/2505 2350/2542/2532
f 2154/2512/2269 2177/2557/2312 2358/2557/2491 2335/2512/2523
f 2126/2443/2200 2127/2446/2203 2308/2446/2503 2307/2443/2533
f 2164/2534/2290 2165/2533/2289 2346/2533/2534 2345/2534/2512
f 2172/2548/2304 2178/2559/2314 2359/2559/2535 2353/2548/2502
f 2133/2457/2214 2152/2510/2267 2333/2510/2536 2314/2457/2524
f 2147/2485/2242 2126/2443/2200 2307/2443/2533 2328/2485/2500
f 2141/2473/2230 2169/2542/2298 2350/2542/2532 2322/2473/2516
f 2129/2450/2207 2136/2463/2220 2317/2463/2528 2310/2450/2483
f 2179/2564/2317 2162/2563/2286 2343/2563/2520 2360/2564/2521
f 2139/2470/2227 2161/2526/2282 2342/2526/2522 2320/2470/2495
f 2143/2477/2234 2180/2568/2319 2361/2568/2499 2324/2477/2518
f 2174/2552/2307 2134/2459/2216 2315/2459/2489 2355/2552/2477
f 2152/2510/2267 2153/2509/2266 2334/2509/2531 2333/2510/2536
f 2146/2484/2241 2185/2584/2328 2366/2584/2509 2327/2484/2504
f 2168/2540/2296 2140/2474/2231 2321/2474/2517 2349/2540/2473
f 2182/2574/2323 2132/2458/2215 2313/2458/2525 2363/2574/2515
f 2150/2506/2263 2151/2505/2262 2332/2505/2527 2331/2506/2530
f 2178/2559/2314 2175/2556/2311 2356/2556/2529 2359/2559/2535
f 2165/2533/2289 2186/2586/2330 2367/2586/2476 2346/2533/2534
f 2144/2480/2237 2138/2467/2224 2319/2467/2496 2325/2480/2508
f 2194/2667/2401 2212/2640/2376 2384/2640/2537 2375/2667/2538
f 2197/2639/2375 2220/2638/2374 2386/2638/2539 2378/2639/2540
f 2190/2657/2391 2209/2656/2390 2381/2656/2541 2371/2657/2542
f 2220/2638/2374 2192/2649/2385 2373/2649/2543 2386/2638/2539
f 2209/2656/2390 2191/2663/2397 2372/2663/2544 2381/2656/2541
f 2195/2644/2380 2210/2647/2383 2382/2647/2545 2376/2644/2546
f 2210/2647/2383 2197/2653/2375 2378/2653/2540 2382/2647/2545
f 2207/2661/2395 2194/2667/2401 2375/2667/2538 2379/2661/2547
f 2193/2643/2379 2211/2669/2403 2383/2669/2548 2374/2643/2549
f 2196/2658/2392 2207/2661/2395 2379/2661/2547 2377/2658/2550
f 2211/2669/2403 2195/2644/2380 2376/2644/2546 2383/2669/2548
f 2219/2665/2399 2196/2671/2392 2377/2671/2550 2385/2665/2551
f 2208/2651/2387 2190/2657/2391 2371/2657/2542 2380/2651/2552
f 2212/2640/2376 2193/2643/2379 2374/2643/2549 2384/2640/2537
f 2191/2663/2397 2219/2665/2399 2385/2665/2551 2372/2663/2544
f 2192/2649/2385 2208/2651/2387 2380/2651/2552 2373/2649/2543
usemtl Wheel_Bolts
f 2227/2706/2437 2228/2707/2438 2239/2708/2439 2240/2709/2440
f 2229/2710/2441 2230/2711/2442 2242/2712/2443 2241/2713/2444
f 2231/2714/2445 2232/2715/2446 2244/2716/2447 2243/2717/2448
f 2228/2707/2438 2229/2710/2441 2241/2713/2444 2239/2708/2439
f 2230/2711/2442 2231/2714/2445 2243/2717/2448 2242/2712/2443
f 2232/2715/2446 2227/2706/2437 2240/2709/2440 2244/2716/2447
f 2232/2718/717 2231/2719/717 2233/2720/717 2238/2721/717
f 2230/2722/2449 2229/2723/2449 2235/2724/2449 2234/2725/2449
f 2228/2726/2450 2227/2727/2450 2236/2728/2450 2237/2729/2450
f 2227/2730/2451 2232/2718/2451 2238/2721/2451 2236/2731/2451
f 2231/2719/2452 2230/2732/2452 2234/2733/2452 2233/2720/2452
f 2229/2723/1377 2228/2726/1377 2237/2729/1377 2235/2724/1377
f 2240/2709/2440 2245/2734/1838 2244/2716/2447
f 2243/2717/2448 2245/2734/1838 2242/2712/2443
f 2241/2713/2444 2245/2734/1838 2239/2708/2439
f 2244/2716/2447 2245/2734/1838 2243/2717/2448
f 2242/2712/2443 2245/2734/1838 2241/2713/2444
f 2239/2708/2439 2245/2734/1838 2240/2709/2440
f 2246/2735/2453 2247/2736/2454 2258/2737/2455 2259/2738/2456
f 2248/2739/2457 2249/2740/2458 2261/2741/2459 2260/2742/2460
f 2250/2743/2461 2251/2744/2462 2263/2745/2463 2262/2746/2464
f 2247/2736/2454 2248/2739/2457 2260/2742/2460 2258/2737/2455
f 2249/2740/2458 2250/2743/2461 2262/2746/2464 2261/2741/2459
f 2251/2744/2462 2246/2735/2453 2259/2738/2456 2263/2745/2463
f 2251/2747/1317 2250/2748/1317 2252/2719/1317 2257/2718/1317
f 2249/2731/2465 2248/2721/2465 2254/2749/2465 2253/2750/2465
f 2247/2751/2466 2246/2733/2466 2255/2752/2466 2256/2753/2466
f 2246/2754/2467 2251/2747/2467 2257/2718/2467 2255/2755/2467
f 2250/2748/2468 2249/2756/2468 2253/2732/2468 2252/2719/2468
f 2248/2721/1157 2247/2751/1157 2256/2753/1157 2254/2749/1157
f 2259/2738/2456 2264/2757/1838 2263/2745/2463
f 2262/2746/2464 2264/2757/1838 2261/2741/2459
f 2260/2742/2460 2264/2757/1838 2258/2737/2455
f 2263/2745/2463 2264/2757/1838 2262/2746/2464
f 2261/2741/2459 2264/2757/1838 2260/2742/2460
f 2258/2737/2455 2264/2757/1838 2259/2738/2456
f 2265/2758/2442 2266/2759/2445 2277/2760/2469 2278/2761/2443
f 2267/2762/2446 2268/2763/2437 2280/2764/2440 2279/2765/2447
f 2269/2766/2438 2270/2767/2441 2282/2768/2444 2281/2769/2470
f 2266/2759/2445 2267/2762/2446 2279/2765/2447 2277/2760/2469
f 2268/2763/2437 2269/2766/2438 2281/2769/2470 2280/2764/2440
f 2270/2767/2441 2265/2758/2442 2278/2761/2443 2282/2768/2444
f 2270/2770/1377 2269/2771/1377 2271/2772/1377 2276/2773/1377
f 2268/2774/2451 2267/2775/2451 2273/2776/2451 2272/2754/2451
f 2266/2777/2452 2265/2728/2452 2274/2756/2452 2275/2748/2452
f 2265/2778/2449 2270/2770/2449 2276/2773/2449 2274/2779/2449
f 2269/2771/2450 2268/2780/2450 2272/2781/2450 2271/2772/2450
f 2267/2775/717 2266/2777/717 2275/2748/717 2273/2776/717
f 2278/2761/2443 2283/2782/1838 2282/2768/2444
f 2281/2769/2470 2283/2782/1838 2280/2764/2440
f 2279/2765/2447 2283/2782/1838 2277/2760/2469
f 2282/2768/2444 2283/2782/1838 2281/2769/2470
f 2280/2764/2440 2283/2782/1838 2279/2765/2447
f 2277/2760/2469 2283/2782/1838 2278/2761/2443
f 2284/2783/2458 2285/2784/2461 2296/2785/2471 2297/2786/2459
f 2286/2787/2462 2287/2788/2453 2299/2789/2456 2298/2790/2463
f 2288/2791/2454 2289/2792/2457 2301/2793/2460 2300/2794/2472
f 2285/2784/2461 2286/2787/2462 2298/2790/2463 2296/2785/2471
f 2287/2788/2453 2288/2791/2454 2300/2794/2472 2299/2789/2456
f 2289/2792/2457 2284/2783/2458 2297/2786/2459 2301/2793/2460
f 2289/2749/1157 2288/2795/1157 2290/2796/1157 2295/2797/1157
f 2287/2798/2467 2286/2799/2467 2292/2770/2467 2291/2778/2467
f 2285/2800/2468 2284/2801/2468 2293/2780/2468 2294/2802/2468
f 2284/2803/2465 2289/2749/2465 2295/2797/2465 2293/2804/2465
f 2288/2795/2466 2287/2805/2466 2291/2806/2466 2290/2796/2466
f 2286/2799/1317 2285/2800/1317 2294/2802/1317 2292/2770/1317
f 2297/2786/2459 2302/2807/1838 2301/2793/2460
f 2300/2794/2472 2302/2807/1838 2299/2789/2456
f 2298/2790/2463 2302/2807/1838 2296/2785/2471
f 2301/2793/2460 2302/2807/1838 2300/2794/2472
f 2299/2789/2456 2302/2807/1838 2298/2790/2463
f 2296/2785/2471 2302/2807/1838 2297/2786/2459
usemtl Tire_Valve_Stem
f 2425/2812/2553 2411/2813/2554 2395/2814/2555 2387/2815/2556
f 2389/2816/2557 2390/2817/2558 2391/2818/2559 2392/2819/2560
f 2392/2819/2560 2391/2818/2559 2388/2820/2561 2393/2821/2562
f 2394/2822/2563 2395/2814/2555 2396/2823/2564 2397/2824/2565
f 2393/2821/2562 2388/2820/2561 2387/2825/2556 2398/2826/2566
f 2397/2824/2565 2396/2823/2564 2390/2827/2558 2389/2828/2557
f 2398/2833/2566 2387/2815/2556 2395/2814/2555 2394/2822/2563
f 2412/2834/2569 2413/2835/2570 2390/2827/2558 2396/2823/2564
f 2396/2823/2564 2395/2814/2555 2411/2813/2554 2412/2834/2569
f 2390/2817/2558 2413/2836/2570 2414/2837/2571 2391/2818/2559
f 2414/2837/2571 2426/2854/2582 2388/2820/2561 2391/2818/2559
f 2426/2854/2582 2425/2885/2553 2387/2825/2556 2388/2820/2561
usemtl Tire_Valve_Cap
f 2399/2829/2567 2397/2830/2567 2389/2831/2568 2400/2832/2568
f 2401/2838/2572 2402/2839/2553 2403/2840/2573 2404/2841/2574
f 2405/2842/2575 2399/2843/2576 2400/2844/2577 2406/2845/2578
f 2407/2846/2579 2408/2847/2580 2402/2848/2553 2401/2849/2572
f 2404/2841/2574 2403/2840/2573 2399/2843/2576 2405/2842/2575
f 2409/2850/2581 2410/2851/2571 2408/2847/2580 2407/2846/2579
f 2406/2852/2578 2400/2853/2577 2410/2851/2571 2409/2850/2581
f 2394/2855/2583 2397/2830/2567 2399/2829/2567 2403/2856/2583
f 2398/2857/2584 2394/2855/2583 2403/2856/2583 2402/2858/2584
f 2393/2859/2585 2398/2857/2584 2402/2858/2584 2408/2860/2585
f 2392/2861/2585 2393/2859/2585 2408/2860/2585 2410/2862/2585
f 2389/2831/2568 2392/2861/2585 2410/2862/2585 2400/2832/2568
f 2415/2863/2586 2416/2864/2587 2417/2865/2588 2418/2866/2589
f 2419/2867/2590 2406/2852/2578 2409/2850/2581 2420/2868/2591
f 2420/2868/2591 2409/2850/2581 2407/2846/2579 2421/2869/2592
f 2422/2870/2593 2404/2841/2574 2405/2842/2575 2423/2871/2594
f 2421/2869/2592 2407/2846/2579 2401/2849/2572 2424/2872/2595
f 2423/2871/2594 2405/2842/2575 2406/2845/2578 2419/2873/2590
f 2424/2874/2595 2401/2838/2572 2404/2841/2574 2422/2870/2593
f 2415/2875/2586 2424/2874/2595 2422/2870/2593 2416/2876/2587
f 2417/2877/2588 2423/2871/2594 2419/2873/2590 2418/2878/2589
f 2427/2879/2596 2421/2869/2592 2424/2872/2595 2415/2880/2586
f 2416/2876/2587 2422/2870/2593 2423/2871/2594 2417/2877/2588
f 2428/2881/2597 2420/2868/2591 2421/2869/2592 2427/2879/2596
f 2418/2882/2589 2419/2867/2590 2420/2868/2591 2428/2881/2597
f 2427/2883/2596 2415/2863/2586 2418/2866/2589 2428/2884/2597
usemtl Peugeot_2000s_Badge
f 2303/2808/1838 2304/2809/1838 2306/2810/1838 2305/2811/1838
usemtl Black
f 2073/2491/2248 2075/2492/2249 2226/2493/2250
f 2091/2494/2251 2089/2495/2252 2223/2496/2253
f 2123/2497/2254 2102/2498/2255 2225/2499/2256
f 2116/2500/2257 2121/2501/2258 2224/2502/2259
f 2118/2597/2336 2120/2598/2337 2224/2502/2259
f 2109/2599/2338 2110/2600/2339 2225/2499/2256
f 2071/2601/2340 2068/2602/2341 2226/2493/2250
f 2092/2603/2342 2090/2604/2343 2223/2496/2253
f 2117/2605/1838 2116/2500/2257 2224/2502/2259
f 2085/2606/2344 2088/2607/2345 2223/2496/2253
f 2065/2608/2346 2074/2609/2347 2226/2493/2250
f 2104/2610/2348 2103/2611/2349 2225/2499/2256
f 2124/2612/2350 2123/2497/2254 2225/2499/2256
f 2119/2613/2351 2094/2614/2352 2224/2502/2259
f 2100/2615/2353 2099/2616/2354 2224/2502/2259
f 2112/2617/2355 2114/2618/2356 2225/2499/2256
f 2110/2600/2339 2113/2619/2357 2225/2499/2256
f 2068/2602/2341 2069/2620/2358 2226/2493/2250
f 2075/2492/2249 2076/2621/2359 2226/2493/2250
f 2078/2622/2360 2072/2623/2361 2226/2493/2250
f 2069/2620/2358 2070/2624/2362 2226/2493/2250
f 2063/2625/1838 2071/2601/2340 2226/2493/2250
f 2108/2626/2363 2109/2599/2338 2225/2499/2256
f 2107/2627/2364 2106/2628/2365 2225/2499/2256
f 2120/2598/2337 2119/2613/2351 2224/2502/2259
f 2121/2501/2258 2097/2629/2366 2224/2502/2259
f 2115/2630/2367 2117/2605/1838 2224/2502/2259
f 2080/2631/1838 2081/2632/2368 2223/2496/2253
f 2090/2604/2343 2091/2494/2251 2223/2496/2253
f 2086/2633/2369 2085/2606/2344 2223/2496/2253
f 2088/2607/2345 2083/2634/2370 2223/2496/2253
f 2087/2635/2371 2086/2633/2369 2223/2496/2253
f 2201/2672/2404 2221/2673/2405 2206/2674/2406
f 2199/2675/2407 2206/2674/2406 2221/2673/2405
f 2203/2676/2408 2217/2677/2409 2206/2674/2406
f 2205/2678/2410 2206/2674/2406 2217/2677/2409
f 2202/2679/2411 2215/2680/2412 2206/2674/2406
f 2201/2672/2404 2206/2674/2406 2215/2680/2412
f 2199/2675/2407 2213/2681/2413 2206/2674/2406
f 2198/2682/2414 2206/2674/2406 2213/2681/2413
f 2200/2683/2415 2222/2684/2416 2206/2674/2406
f 2204/2685/2417 2206/2674/2406 2222/2684/2416
f 2205/2678/2410 2218/2686/2418 2206/2674/2406
f 2202/2679/2411 2206/2674/2406 2218/2686/2418
f 2204/2685/2417 2216/2687/2419 2206/2674/2406
f 2203/2676/2408 2206/2674/2406 2216/2687/2419
f 2198/2682/2414 2214/2688/2420 2206/2674/2406
f 2200/2683/2415 2206/2674/2406 2214/2688/2420
f 2081/2632/2368 2079/2689/2421 2223/2496/2253
f 2082/2690/2422 2093/2691/2423 2223/2496/2253
f 2093/2691/2423 2092/2603/2342 2223/2496/2253
f 2125/2692/2424 2080/2631/1838 2223/2496/2253
f 2089/2495/2252 2125/2692/2424 2223/2496/2253
f 2084/2693/2425 2082/2690/2422 2223/2496/2253
f 2083/2634/2370 2084/2693/2425 2223/2496/2253
f 2079/2689/2421 2087/2635/2371 2223/2496/2253
f 2062/2694/1838 2122/2695/2426 2224/2502/2259
f 2122/2695/2426 2118/2597/2336 2224/2502/2259
f 2094/2614/2352 2095/2696/2427 2224/2502/2259
f 2097/2629/2366 2096/2697/2428 2224/2502/2259
f 2098/2698/2429 2062/2694/1838 2224/2502/2259
f 2096/2697/2428 2100/2615/2353 2224/2502/2259
f 2099/2616/2354 2098/2698/2429 2224/2502/2259
f 2095/2696/2427 2115/2630/2367 2224/2502/2259
f 2111/2699/2430 2112/2617/2355 2225/2499/2256
f 2102/2498/2255 2101/2700/2431 2225/2499/2256
f 2114/2618/2356 2107/2627/2364 2225/2499/2256
f 2106/2628/2365 2124/2612/2350 2225/2499/2256
f 2113/2619/2357 2111/2699/2430 2225/2499/2256
f 2101/2700/2431 2105/2701/2432 2225/2499/2256
f 2105/2701/2432 2104/2610/2348 2225/2499/2256
f 2103/2611/2349 2108/2626/2363 2225/2499/2256
f 2064/2702/2433 2063/2625/1838 2226/2493/2250
f 2072/2623/2361 2064/2702/2433 2226/2493/2250
f 2066/2703/2434 2065/2608/2346 2226/2493/2250
f 2077/2704/2435 2078/2622/2360 2226/2493/2250
f 2070/2624/2362 2067/2705/2436 2226/2493/2250
f 2074/2609/2347 2073/2491/2248 2226/2493/2250
f 2076/2621/2359 2077/2704/2435 2226/2493/2250
f 2067/2705/2436 2066/2703/2434 2226/2493/2250
l 1637 2429
