# Blender 5.1.1
# www.blender.org
mtllib PlayerCar.mtl
o CARBODY
v 0.837032 0.650424 1.355498
v 0.830703 0.623699 1.417947
v 0.751144 0.204803 0.872812
v 0.787625 0.327356 0.875724
v 0.824657 0.544463 0.948225
v 0.833948 0.599488 1.002744
v 0.839394 0.666240 1.288953
v 0.818807 0.582408 1.471482
v 0.803182 0.525133 1.510616
v 0.774584 0.238046 1.571666
v 0.785188 0.397271 1.557978
v 0.793082 0.463698 1.537993
v 0.841048 0.664790 1.143470
v 0.839252 0.640235 1.068720
v 0.814299 0.478208 0.909323
v 0.840856 0.672068 1.220745
v 0.798675 0.405272 0.887192
v 0.831952 0.612320 -1.080703
v 0.828121 0.579787 -1.016539
v 0.820126 0.533916 -1.489477
v 0.826060 0.578878 -1.439473
v 0.833999 0.630976 -1.150249
v 0.822414 0.532841 -0.962528
v 0.814770 0.471281 -0.926806
v 0.739979 0.224529 -0.878917
v 0.795220 0.335335 -0.889345
v 0.806451 0.404812 -0.902200
v 0.833728 0.634217 -1.298440
v 0.830962 0.615090 -1.372353
v 0.812945 0.478696 -1.527868
v 0.834492 0.637464 -1.221984
v 0.805177 0.418485 -1.553365
v 0.766338 0.253273 -0.879825
v 0.773639 0.276710 -1.569504
v 0.817592 0.498029 -0.889418
v 0.740212 0.224117 -0.842253
v 0.795693 0.346921 -0.843561
v 0.807476 0.424338 -0.859951
v 0.784743 0.419352 -1.588329
v 0.766309 0.252895 -0.839840
v 0.763841 0.278713 -1.608276
v 0.750872 0.205284 0.830094
v 0.779669 0.326742 0.834527
v 0.818895 0.557468 0.885627
v 0.829463 0.634853 0.927233
v 0.765830 0.238749 1.612933
v 0.757794 0.397038 1.638105
v 0.783734 0.462892 1.583175
v 0.806793 0.482925 0.857424
v 0.792891 0.405245 0.840890
v 0.765050 0.236676 0.872856
v 0.765081 0.237077 0.830490
v 0.582692 0.667808 -1.714467
v 0.779765 0.359500 -0.345379
v 0.822971 0.607133 -0.497837
v 0.823966 0.703313 -0.511899
v 0.826957 0.648207 0.807032
v 0.783633 0.385190 -0.408732
v 0.817414 0.524911 -0.482310
v 0.800020 0.440417 -0.451340
v 0.781405 0.285371 -0.880569
v 0.804177 0.485220 0.779591
v 0.784275 0.405215 0.759898
v 0.816717 0.562403 0.794290
v 0.601641 0.744220 -1.705511
v 0.772965 0.347848 0.692854
v 0.741126 0.434369 -1.653658
v 0.782912 0.352333 -0.267857
v 0.768665 0.340227 0.647972
v 0.000000 0.492091 -1.803541
v 0.000000 0.667808 -1.775125
v 0.777403 0.285774 -0.840955
v 0.000000 0.745350 -1.767953
v 0.779571 0.368424 0.733152
v 0.000000 0.299760 -1.762546
v 0.770770 0.265527 0.831858
v 0.774503 0.807102 -1.512231
v 0.778707 0.266523 0.873527
v 0.774574 0.652323 -1.574933
v 0.212881 0.667808 -1.772624
v 0.317563 0.667929 -1.768991
v 0.230266 0.745350 -1.765031
v 0.341992 0.745350 -1.761199
v 0.318457 0.492091 -1.796862
v 0.212881 0.492091 -1.803541
v 0.515436 0.667808 -1.733261
v 0.535093 0.743370 -1.723688
v 0.511041 0.492091 -1.786257
v 0.751810 0.498629 -1.647757
v 0.674040 0.492385 -1.726608
v 0.684696 0.753981 -1.664765
v 0.743983 0.774671 -1.594528
v 0.652811 0.667808 -1.688990
v 0.742277 0.661211 -1.620574
v 0.318457 0.288137 -1.790709
v 0.212881 0.297716 -1.762546
v 0.511041 0.288062 -1.789247
v 0.738989 0.282011 -1.673344
v 0.677464 0.285121 -1.732326
v 0.790592 0.305221 -1.566799
v 0.674265 0.536428 -1.727301
v 0.760467 0.547106 -1.640772
v 0.511041 0.536428 -1.786257
v 0.212881 0.536428 -1.803541
v 0.318457 0.536428 -1.796862
v 0.000000 0.536428 -1.803541
v 0.808181 0.524100 -0.837651
v 0.796235 0.443160 -0.767605
v 0.578004 0.650659 -1.722362
v 0.810016 0.704989 -0.957224
v 0.000000 0.634614 -1.792253
v 0.791914 0.616941 -1.552680
v 0.318457 0.634614 -1.782206
v 0.212881 0.634614 -1.787582
v 0.511041 0.635891 -1.763854
v 0.747846 0.642684 -1.632172
v 0.655898 0.651427 -1.695217
v 0.781366 0.307371 -1.605191
v 0.318457 0.318400 -1.804941
v 0.682488 0.314866 -1.740939
v 0.743677 0.311377 -1.678987
v 0.212881 0.330783 -1.784445
v 0.511041 0.318284 -1.802846
v 0.000000 0.332827 -1.784445
v 0.795383 0.573373 -1.551344
v 0.786749 0.558401 -1.585563
v 0.000000 0.564420 -1.814775
v 0.318457 0.564420 -1.808713
v 0.212881 0.564420 -1.812189
v 0.511041 0.564420 -1.796228
v 0.766395 0.570085 -1.642017
v 0.680119 0.564420 -1.737117
v 0.000000 0.618869 -1.803285
v 0.318457 0.618869 -1.797309
v 0.212881 0.618869 -1.800784
v 0.511041 0.618869 -1.784824
v 0.760264 0.617889 -1.638462
v 0.675852 0.618848 -1.729740
v 0.775659 0.633199 -1.582846
v 0.590123 0.618869 -1.767550
v 0.589812 0.536428 -1.766359
v 0.594204 0.317158 -1.782458
v 0.592474 0.564420 -1.776300
v 0.589785 0.492122 -1.766259
v 0.591752 0.287241 -1.773361
v 0.799429 0.783711 -1.361752
v 0.608933 0.806185 -1.696579
v 0.000000 0.805871 -1.759961
v 0.353903 0.805871 -1.752815
v 0.235974 0.805871 -1.756926
v 0.522851 0.805871 -1.719917
v 0.728454 0.823671 -1.608137
v 0.679068 0.809654 -1.662029
v 0.789942 0.745849 -1.461594
v 0.351470 0.775610 -1.756891
v 0.517299 0.773661 -1.725475
v 0.516649 0.759937 -1.726128
v 0.522765 0.747907 -1.724717
v 0.000000 0.775610 -1.763957
v 0.234352 0.775610 -1.760961
v 0.593916 0.707657 -1.709020
v 0.759320 0.716900 -1.568261
v 0.526706 0.707497 -1.726865
v 0.734473 0.709212 -1.612398
v 0.659149 0.709614 -1.683441
v 0.248568 0.676035 -1.770508
v 0.221875 0.706581 -1.768727
v 0.317172 0.706579 -1.765599
v 0.283344 0.684096 -1.768747
v 0.000000 0.674549 -1.774612
v 0.212881 0.674549 -1.771890
v 0.000000 0.707142 -1.771487
v 0.749881 0.804777 1.460947
v 0.730235 0.734829 1.634902
v 0.759521 0.839871 1.342904
v 0.766425 0.864822 1.220745
v 0.759554 0.936899 -0.469681
v 0.000000 0.965717 -1.667733
v 0.777093 0.934395 0.794554
v 0.525423 0.974278 -1.599093
v 0.226160 0.966331 -1.658155
v 0.338538 0.967144 -1.644503
v 0.583035 0.981345 -1.568302
v 0.614089 0.989934 -1.539010
v 0.731694 0.925242 -1.424807
v 0.586287 0.907613 -1.658921
v 0.667940 0.926740 -1.574830
v 0.703446 0.928755 -1.507661
v 0.614915 0.917158 -1.638297
v 0.750101 0.917172 -1.375044
v 0.761346 0.902149 -1.362616
v 0.769589 0.884519 -1.367429
v 0.777269 0.861766 -1.391104
v 0.557973 0.888555 -1.686282
v 0.681483 0.889077 -1.611137
v 0.614353 0.886896 -1.665480
v 0.756700 0.885403 -1.440203
v 0.726052 0.889844 -1.534833
v 0.785973 0.408228 0.655961
v 0.805541 0.488740 0.667694
v 0.826897 0.653654 0.689138
v 0.790969 0.888424 0.679932
v 0.825434 0.681131 0.055789
v 0.808747 0.498506 0.357180
v 0.778142 0.347227 0.038742
v 0.811953 0.508273 0.046665
v 0.826221 0.667980 0.371813
v 0.762597 0.926856 -0.264347
v 0.799169 0.857322 -0.262513
v 0.789876 0.417146 0.349212
v 0.800765 0.841645 0.057993
v 0.765800 0.911103 0.057722
v 0.766969 0.895405 0.378680
v 0.793757 0.426044 0.043187
v 0.765890 0.247496 -0.269770
v 0.783482 0.340000 -0.268005
v 0.743855 0.217682 -0.270848
v 0.775136 0.278853 -0.269125
v 0.749682 0.207387 0.643387
v 0.765218 0.238844 0.643899
v 0.771510 0.267787 0.645145
v 0.768418 0.328991 0.647551
v 0.747762 0.210780 0.342110
v 0.765439 0.241695 0.342808
v 0.772705 0.271434 0.343856
v 0.773920 0.275143 0.037365
v 0.773364 0.342111 0.345935
v 0.745808 0.214231 0.035631
v 0.765665 0.244596 0.036519
v 0.773385 0.332621 0.345657
v 0.499127 0.913775 -1.677371
v 0.774653 0.901688 -1.088072
v 0.798941 0.775309 1.322723
v 0.800570 0.791846 1.220745
v 0.802117 0.817514 0.959098
v 0.806013 0.804614 0.815368
v 0.797982 0.868986 -0.500989
v 0.792812 0.741232 1.421957
v 0.784602 0.689181 1.507367
v 0.803932 0.810523 0.694288
v 0.824613 0.694329 -0.261520
v 0.797677 0.435033 -0.265960
v 0.815159 0.518040 -0.263849
v 0.000000 0.760371 1.852317
v 0.802117 0.832672 0.813900
v 0.791469 0.844938 0.690598
v 0.772101 0.885117 0.589022
v 0.784622 0.850784 0.653297
v 0.775595 0.858992 0.616195
v 0.801991 0.842969 0.957990
v 0.800591 0.866898 0.810396
v 0.783554 0.884324 0.637574
v 0.762371 0.912850 -1.290320
v 0.783154 0.343460 -0.555783
v 0.787610 0.383421 -0.677820
v 0.802357 0.825995 0.377967
v 0.778438 0.336314 0.038542
v 0.318457 0.651427 -1.771008
v 0.212881 0.651427 -1.780900
v 0.512215 0.651427 -1.743940
v 0.000000 0.651427 -1.775844
v 0.459055 0.805871 -1.734542
v 0.452336 0.746917 -1.743171
v 0.482553 0.720012 -1.735895
v 0.454467 0.774390 -1.739453
v 0.534628 0.950413 -1.629461
v 0.553970 0.637197 -1.748907
v 0.568500 0.640931 -1.738076
v 0.664990 0.636743 -1.710944
v 0.582771 0.637076 -1.740128
v 0.757327 0.628294 -1.634199
v 0.783409 0.615227 -1.579731
v 0.789232 0.577041 -1.581199
v 0.792690 0.582790 -1.566706
v 0.790284 0.608329 -1.567143
v 0.817410 0.567263 0.678399
v 0.819112 0.579830 0.364821
v 0.820528 0.590298 0.051011
v 0.821983 0.600882 -0.262748
v 0.538772 0.243080 1.875441
v 0.233169 0.244495 1.947295
v 0.338391 0.244050 1.934557
v 0.444019 0.243614 1.908539
v 0.700208 0.241314 1.763546
v 0.774241 0.616557 1.579822
v 0.774268 0.524200 1.628234
v 0.731961 0.678231 1.664345
v 0.117060 0.288211 1.949633
v 0.000000 0.288211 1.950242
v 0.693963 0.396227 1.757461
v 0.734777 0.465847 1.708905
v 0.729020 0.240328 1.705602
v 0.725590 0.403770 1.703583
v 0.737657 0.555254 1.696120
v 0.000000 0.554200 1.989708
v 0.649927 0.558081 1.809844
v 0.444019 0.554200 1.905154
v 0.338391 0.554200 1.943832
v 0.233919 0.554200 1.970127
v 0.117060 0.554200 1.985706
v 0.773683 0.909444 0.955182
v 0.699742 0.827104 1.473283
v 0.688964 0.783916 1.598475
v 0.706379 0.859928 1.355918
v 0.710714 0.891874 1.220745
v 0.738465 0.978446 0.767269
v 0.722422 0.694628 1.686012
v 0.712204 0.952898 0.955652
v 0.708036 0.970430 0.883845
v 0.802117 0.803951 1.103613
v 0.000000 0.653368 1.948169
v 0.801238 0.817708 1.103183
v 0.712638 0.918861 1.101785
v 0.770203 0.885379 1.101145
v 0.789286 0.880456 -0.706895
v 0.814262 0.613211 -0.742941
v 0.816436 0.712280 -0.743482
v 0.810908 0.524340 -0.732709
v 0.778779 0.895416 -0.975328
v 0.796915 0.442667 -0.710765
v 0.749559 0.962260 -0.811042
v 0.000000 0.817451 1.734035
v 0.000000 0.865086 1.597062
v 0.000000 0.943520 1.311113
v 0.000000 0.987119 1.183782
v 0.000000 0.905030 1.459050
v 0.722356 0.769951 1.596616
v 0.338363 0.902982 1.431662
v 0.338391 0.941277 1.251279
v 0.338391 0.973623 1.170788
v 0.338263 0.863749 1.567232
v 0.354835 0.650810 1.916230
v 0.336959 0.813526 1.708408
v 0.233919 0.941963 1.286248
v 0.661790 0.924062 1.104710
v 0.233919 0.974726 1.192694
v 0.048044 0.977489 1.200990
v 0.233919 0.760371 1.835162
v 0.233919 0.904715 1.444361
v 0.233919 0.864769 1.582106
v 0.117060 0.652524 1.945242
v 0.233919 0.651681 1.937172
v 0.233919 0.814928 1.721906
v 0.610270 0.873154 1.378850
v 0.524871 0.733500 1.792296
v 0.607791 0.837577 1.503014
v 0.531765 0.794843 1.668046
v 0.664400 0.947196 1.006720
v 0.538772 0.938784 1.133593
v 0.538772 0.885103 1.395480
v 0.538770 0.970920 1.077714
v 0.604530 0.970106 1.025931
v 0.612664 0.940441 1.064466
v 0.659715 0.630221 1.788993
v 0.299092 0.600244 1.950829
v 0.444019 0.597998 1.909909
v 0.378836 0.640135 1.914486
v 0.323546 0.625395 1.937554
v 0.649429 0.649617 1.783803
v 0.706124 0.735263 1.659977
v 0.762834 0.544871 1.644739
v 0.749591 0.552957 1.669747
v 0.749216 0.475346 1.675230
v 0.648062 0.448503 1.813766
v 0.692671 0.557364 1.752100
v 0.704919 0.633492 1.735570
v 0.539117 0.555602 1.869275
v 0.648891 0.242266 1.819379
v 0.538772 0.382385 1.868528
v 0.644378 0.392219 1.807435
v 0.117060 0.334945 1.930546
v 0.000000 0.334764 1.932570
v 0.000000 0.463052 1.953694
v 0.537971 0.439287 1.859856
v 0.444019 0.462681 1.899260
v 0.338391 0.462770 1.927814
v 0.227633 0.462862 1.943669
v 0.117060 0.462956 1.951669
v 0.532448 0.460459 1.863603
v 0.508649 0.388462 1.865076
v 0.338391 0.316783 1.908337
v 0.233440 0.308158 1.922155
v 0.117060 0.579283 1.982708
v 0.538820 0.579238 1.866161
v 0.000000 0.579834 1.984541
v 0.741744 0.731892 1.595514
v 0.233919 0.578685 1.965487
v 0.693045 0.801024 1.550941
v 0.444019 0.576403 1.906661
v 0.655429 0.594911 1.801837
v 0.338391 0.577795 1.939642
v 0.527709 0.760608 1.738335
v 0.733129 0.781579 1.551535
v 0.575837 1.325847 0.135292
v 0.548831 1.345227 0.168047
v 0.000000 1.387126 0.268193
v 0.225147 1.383221 0.254200
v 0.112767 1.386055 0.263998
v 0.336403 1.375225 0.236628
v 0.445116 1.363386 0.208461
v 0.473865 1.294319 0.376253
v 0.502823 1.215723 0.534528
v 0.531286 1.126784 0.697758
v 0.557814 1.038047 0.848672
v 0.618335 1.212614 0.478470
v 0.579340 1.289035 0.319579
v 0.120174 1.307442 0.452258
v 0.129324 1.221358 0.626285
v 0.137414 1.129822 0.798371
v 0.145171 1.036702 0.971709
v 0.288714 1.036442 0.945026
v 0.273903 1.128837 0.775969
v 0.257384 1.219299 0.605558
v 0.241644 1.304319 0.438429
v 0.359646 1.300486 0.413710
v 0.382045 1.217040 0.576610
v 0.403565 1.127707 0.742883
v 0.426241 1.037441 0.902698
v 0.000000 1.222059 0.636338
v 0.000000 1.131888 0.810284
v 0.000000 1.038175 0.982094
v 0.671820 1.124897 0.605695
v 0.684026 1.124251 0.574167
v 0.647910 1.205573 0.433459
v 0.607973 1.278389 0.280407
v 0.000000 1.308982 0.459579
v 0.580461 0.940086 0.997731
v 0.152479 0.938434 1.139212
v 0.445947 0.938565 1.057139
v 0.000000 0.938406 1.150462
v 0.301999 0.938347 1.106883
v 0.498359 1.347940 -1.148294
v 0.000000 1.392223 -1.152286
v 0.302101 1.379904 -1.151179
v 0.100758 1.391016 -1.152286
v 0.402627 1.368835 -1.150178
v 0.439745 1.362818 -1.149305
v 0.507564 1.404264 -0.475405
v 0.407580 1.427070 -0.475405
v 0.203952 1.445964 -0.475405
v 0.420404 1.414662 -0.130402
v 0.105537 1.438992 -0.103291
v 0.000000 1.440055 -0.099908
v 0.316047 1.426400 -0.116808
v 0.516452 1.395740 -0.152626
v 0.210930 1.434279 -0.108508
v 0.541358 1.304720 -1.158213
v 0.545368 1.376750 -0.508428
v 0.549112 1.371504 -0.157420
v 0.412644 1.424996 -0.302835
v 0.206632 1.444806 -0.291927
v 0.511302 1.402651 -0.315598
v 0.103360 1.449404 -0.289080
v 0.000000 1.450034 -0.288676
v 0.309726 1.437548 -0.296065
v 0.545471 1.376968 -0.316943
v 0.429821 1.395450 0.040793
v 0.108366 1.419856 0.081439
v 0.000000 1.419994 0.084261
v 0.323969 1.406514 0.061522
v 0.526079 1.378664 0.009378
v 0.216453 1.415100 0.074132
v 0.557255 1.355476 -0.010629
v 0.752781 0.947416 -0.640475
v 0.540238 1.348517 -0.941775
v 0.499397 1.370546 -0.990487
v 0.566997 1.354998 -0.509783
v 0.567076 1.358249 -0.315460
v 0.567364 1.356528 -0.437170
v 0.760280 0.932353 -0.376738
v 0.657911 1.196841 0.393976
v 0.623085 1.260414 0.256679
v 0.594416 1.309460 0.116128
v 0.689684 1.122092 0.525235
v 0.566079 1.352327 -0.159569
v 0.574593 1.337523 -0.022069
v 0.101986 1.449899 -0.475405
v 0.000000 1.451233 -0.475405
v 0.305793 1.438893 -0.475405
v 0.603407 0.610372 1.834305
v 0.634589 0.683066 1.773423
v 0.605499 0.760371 1.707919
v 0.792108 0.907171 0.719117
v 0.725767 1.030713 0.656411
v 0.776002 0.942443 0.730173
v 0.744064 0.979143 0.714223
v 0.741119 0.981686 0.613157
v 0.745113 0.982880 0.568007
v 0.791499 0.927515 0.637141
v 0.756354 0.943500 0.573307
v 0.780363 0.955845 0.640452
v 0.749934 0.967063 0.566965
v 0.731119 1.003210 -0.952028
v 0.572864 1.324538 -0.905102
v 0.567867 1.348162 -0.660570
v 0.578742 1.307951 -0.985924
v 0.583561 1.293850 -1.022376
v 0.612979 1.241201 -1.067261
v 0.671076 1.133344 -1.052986
v 0.700942 1.073925 -1.022120
v 0.719353 1.032637 -0.992134
v 0.750355 0.936007 0.955367
v 0.756235 0.956288 0.783363
v 0.736573 0.855051 1.349029
v 0.741217 0.883599 1.220735
v 0.707311 0.782434 1.594844
v 0.745325 0.907910 1.101428
v 0.728141 0.821635 1.468283
v 0.717018 0.798892 1.543791
v 0.760000 0.960016 0.725563
v 0.756093 0.969247 0.629530
v 0.747760 0.975042 0.564817
v 0.784453 0.830354 1.220745
v 0.779550 0.806067 1.332814
v 0.771900 0.771378 1.442621
v 0.761930 0.714834 1.548136
v 0.750775 0.647394 1.622083
v 0.789845 0.876207 0.956586
v 0.787171 0.851543 1.102164
v 0.735982 0.595615 1.685315
v 0.753144 0.955281 0.570136
v 0.792330 0.902056 0.804354
v 0.784858 0.924249 0.726586
v 0.786744 0.941869 0.641970
v 0.783674 0.920206 0.609020
v 0.764074 0.935906 0.603632
v 0.760923 0.948700 0.605386
v 0.787218 0.920412 0.624273
v 0.749547 0.970739 0.612874
v 0.761247 0.960357 0.610896
v 0.705912 1.068776 -0.960232
v 0.659957 1.149759 -0.968754
v 0.612024 1.242052 -0.977702
v 0.629059 1.246719 -0.655506
v 0.680951 1.145964 -0.650502
v 0.721758 1.049142 -0.645395
v 0.636326 1.246899 -0.499916
v 0.687803 1.143566 -0.489838
v 0.730693 1.040233 -0.479759
v 0.638008 1.246583 -0.422186
v 0.689046 1.141846 -0.406686
v 0.730824 1.037076 -0.390952
v 0.718535 1.049878 0.549987
v 0.654980 1.149693 -1.129979
v 0.712915 1.022621 -1.085752
v 0.541354 1.335438 -1.012659
v 0.685925 1.090631 -1.114803
v 0.595321 1.244412 -1.133856
v 0.785386 0.902368 0.630924
v 0.728733 1.019437 0.619334
v 0.758046 0.964632 0.677546
v 0.785801 0.933059 0.684278
v 0.778183 0.949144 0.685313
v 0.791804 0.917343 0.678129
v 0.791234 0.907970 0.658536
v 0.742592 0.980414 0.663690
v 0.565060 1.300319 -1.088820
v 0.627798 1.165166 -1.221971
v 0.642095 1.115461 -1.275303
v 0.609677 1.125229 -1.352404
v 0.623009 1.058613 -1.431750
v 0.654585 1.053740 -1.353912
v 0.628618 1.007615 -1.499421
v 0.595185 1.177052 -1.292977
v 0.637393 1.195926 -1.068900
v 0.522106 1.327103 -1.150887
v 0.201692 1.411539 -0.996583
v 0.302415 1.403857 -0.994828
v 0.000000 1.417692 -0.998696
v 0.101048 1.416308 -0.998100
v 0.403307 1.393432 -0.990803
v 0.545173 1.377029 -0.440272
v 0.106438 0.667808 -1.773875
v 0.106438 0.492091 -1.803541
v 0.106438 0.298738 -1.762546
v 0.114758 0.745350 -1.766624
v 0.106438 0.536428 -1.803541
v 0.106438 0.634614 -1.789918
v 0.106438 0.331805 -1.784445
v 0.106438 0.564420 -1.813525
v 0.106438 0.618869 -1.802035
v 0.117991 0.805871 -1.758606
v 0.117179 0.775610 -1.762610
v 0.106438 0.674549 -1.773251
v 0.110110 0.706851 -1.770219
v 0.113108 0.965807 -1.665234
v 0.106438 0.651427 -1.778372
v 0.423852 0.635195 -1.773029
v 0.423852 0.536428 -1.790918
v 0.428459 0.667820 -1.751279
v 0.796573 0.596093 -1.543245
v 0.423852 0.492091 -1.790918
v 0.423852 0.288329 -1.794420
v 0.423852 0.318788 -1.811976
v 0.423852 0.564420 -1.802371
v 0.423852 0.618869 -1.790967
v 0.443168 0.707151 -1.743718
v 0.425205 0.651427 -1.756844
v 0.519218 0.684096 -1.730836
v 0.317172 0.684096 -1.767259
v 0.432496 0.684096 -1.748298
v 0.587329 0.684096 -1.712212
v 0.655505 0.685576 -1.684835
v 0.773858 0.509585 -1.603415
v 0.449306 0.969565 -1.623351
v 0.100971 1.323157 -1.193619
v 0.000000 1.323748 -1.193619
v 0.302315 1.315513 -1.193619
v 0.402627 1.307599 -1.193619
v 0.460268 1.300650 -1.193619
v 0.516748 1.287083 -1.193619
v 0.201668 1.320522 -1.193619
v 0.201436 1.386510 -1.151837
v 0.807577 0.785570 -1.215063
v 0.807334 0.777395 -1.115051
v 0.807832 0.751833 -1.020752
v 0.749573 0.537341 1.683311
v 0.764779 0.579672 1.622975
v 0.701669 0.596033 1.746034
v 0.233919 0.536556 1.990243
v 0.738702 0.539981 1.702042
v 0.000000 0.535940 2.006216
v 0.538772 0.538775 1.894367
v 0.444019 0.537502 1.930302
v 0.117060 0.536233 2.002615
v 0.651546 0.541635 1.839002
v 0.737528 0.502241 1.707760
v 0.651133 0.496293 1.839890
v 0.538772 0.493707 1.899321
v 0.747862 0.508606 1.685194
v 0.756915 0.524456 1.666936
v 0.000000 0.490366 2.010742
v 0.117060 0.490606 2.005953
v 0.233919 0.490879 1.993916
v 0.338391 0.491040 1.971525
v 0.444019 0.491742 1.936752
v 0.692257 0.364366 1.755831
v 0.725643 0.372054 1.703610
v 0.444019 0.352041 1.885177
v 0.538772 0.351034 1.866882
v 0.642314 0.359989 1.803967
v 0.746992 0.448256 1.664244
v 0.695702 0.427128 1.759197
v 0.727318 0.435347 1.704571
v 0.645950 0.420670 1.810142
v 0.538545 0.409734 1.871055
v 0.529146 0.413037 1.860402
v 0.697597 0.457652 1.761108
v 0.702266 0.499205 1.772573
v 0.338391 0.536755 1.967070
v 0.699075 0.541625 1.769296
v 0.739402 0.529760 1.704504
v 0.739229 0.519463 1.706196
v 0.000000 0.512442 2.013219
v 0.000000 0.521986 2.013448
v 0.652797 0.519950 1.846142
v 0.652672 0.530197 1.845194
v 0.444019 0.515473 1.939116
v 0.444019 0.525219 1.939281
v 0.338391 0.523891 1.974633
v 0.338391 0.513972 1.974283
v 0.233919 0.523180 1.997425
v 0.233919 0.513575 1.996824
v 0.117060 0.513025 2.008907
v 0.117060 0.522223 2.009343
v 0.538772 0.526762 1.901984
v 0.538772 0.516673 1.902082
v 0.704853 0.520683 1.774114
v 0.703672 0.530326 1.772683
v 0.783859 0.524582 1.593761
v 0.770058 0.481180 1.623616
v 0.763860 0.491486 1.643497
v 0.786853 0.303227 1.569094
v 0.787894 0.291958 1.569560
v 0.776647 0.299960 1.610262
v 0.777104 0.289964 1.610717
v 0.338391 0.267234 1.943054
v 0.338391 0.275381 1.939608
v 0.233169 0.267307 1.947295
v 0.233216 0.275376 1.947295
v 0.538651 0.274772 1.882428
v 0.538594 0.282989 1.882238
v 0.444019 0.269098 1.913086
v 0.444019 0.277242 1.911049
v 0.709643 0.287036 1.772789
v 0.708852 0.294487 1.772018
v 0.738794 0.295989 1.711240
v 0.739154 0.288124 1.711450
v 0.653073 0.283319 1.822109
v 0.652190 0.291017 1.820619
v 0.779277 0.342299 1.566855
v 0.781532 0.319423 1.568368
v 0.770368 0.341230 1.607766
v 0.771700 0.321709 1.609216
v 0.538772 0.324201 1.867774
v 0.538772 0.310241 1.869931
v 0.444019 0.299296 1.903532
v 0.444019 0.312305 1.904001
v 0.338391 0.295051 1.937128
v 0.338391 0.283143 1.938280
v 0.693736 0.325159 1.757231
v 0.691080 0.338695 1.754644
v 0.725889 0.340385 1.703745
v 0.728280 0.325609 1.705133
v 0.643111 0.320989 1.805250
v 0.641375 0.334557 1.802327
v 0.285780 0.275397 1.947531
v 0.787738 0.656944 -1.525461
v 0.202730 1.439216 -0.654777
v 0.000000 1.445452 -0.655591
v 0.504649 1.399192 -0.656417
v 0.101276 1.444153 -0.655340
v 0.542697 1.371761 -0.658938
v 0.304052 1.432302 -0.654192
v 0.405414 1.419811 -0.654535
v 0.541061 1.360057 -0.823753
v 0.569540 1.335634 -0.816582
v 0.302616 1.419697 -0.832277
v 0.403434 1.408477 -0.829447
v 0.501601 1.387443 -0.827658
v 0.000000 1.433644 -0.835188
v 0.201821 1.427445 -0.833438
v 0.100898 1.433058 -0.834592
v 0.524242 1.351007 0.177355
v 0.654934 1.125519 0.636044
v 0.595154 1.214082 0.498497
v 0.556465 1.290069 0.339764
v 0.682332 0.964316 0.919891
v 0.484961 1.413404 -0.475405
v 0.493524 1.402706 -0.147331
v 0.488195 1.412011 -0.313027
v 0.503406 1.384248 0.017913
v 0.484378 1.407666 -0.655117
v 0.481821 1.395609 -0.828018
v 0.479475 1.377830 -0.990551
v 0.476754 1.356193 -1.148294
v 0.233919 0.695785 1.914489
v 0.000000 0.695785 1.926885
v 0.117060 0.244495 1.949633
v 0.000000 0.244495 1.950242
v 0.528330 0.713224 1.815217
v 0.338391 0.597577 1.939895
v 0.536822 0.848888 1.523309
v 0.000000 0.620429 1.968507
v 0.117060 0.942774 1.305943
v 0.117060 0.864556 1.593301
v 0.117060 0.816628 1.729942
v 0.327807 0.651005 1.922937
v 0.117065 0.976179 1.208823
v 0.117060 0.695785 1.925161
v 0.117060 0.760371 1.848151
v 0.233919 0.619232 1.955942
v 0.117060 0.904952 1.454147
v 0.336593 0.760371 1.814663
v 0.538778 0.602086 1.871326
v 0.282440 0.623810 1.942987
v 0.444019 0.939827 1.198598
v 0.444637 0.896731 1.414526
v 0.444017 0.972062 1.130336
v 0.444019 0.699837 1.860189
v 0.445894 0.807513 1.689653
v 0.117060 0.619840 1.966121
v 0.445418 0.858913 1.545982
v 0.445129 0.733500 1.826654
v 0.117060 0.554200 1.908184
v 0.000000 0.554200 1.908184
v 0.338391 0.554200 1.908184
v 0.000000 0.653368 1.908184
v 0.117060 0.652524 1.908184
v 0.233919 0.651681 1.908184
v 0.233919 0.619232 1.908184
v 0.282440 0.623810 1.908184
v 0.338391 0.577795 1.908184
v 0.000000 0.620429 1.908184
v 0.117060 0.579283 1.908184
v 0.000000 0.579834 1.908184
v 0.233919 0.554200 1.908184
v 0.233919 0.578685 1.908184
v 0.117060 0.619840 1.908184
v 0.327807 0.651005 1.908184
v 0.000000 1.349883 0.369520
v 0.348025 1.340003 0.328813
v 0.539769 1.322940 0.258101
v 0.116471 1.348074 0.363986
v 0.459490 1.331550 0.293443
v 0.232457 1.345556 0.351369
v 0.591907 1.304543 0.207850
v 0.606955 1.287820 0.186141
v 0.563501 1.320081 0.243813
v 0.651597 0.830723 1.488674
v 0.606186 0.779540 1.646200
v 0.445534 0.760371 1.780299
v 0.336798 0.733500 1.857581
v 0.335996 0.695785 1.900403
v 0.000000 0.733500 1.889838
v 0.233919 0.733500 1.874788
v 0.117060 0.733500 1.886604
v 0.601505 0.632129 1.829122
v 0.433135 0.618121 1.907919
v 0.538004 0.622787 1.865928
v 0.609413 0.741716 1.732472
v 0.703074 0.757108 1.635961
v 0.686952 0.764574 1.642330
v 0.665573 0.970096 0.962000
v 0.019028 0.985717 1.190598
v 0.695548 0.697500 1.707700
v 0.535839 0.652763 1.854249
v 0.352641 0.616216 1.932592
v 0.447481 0.678889 1.874388
v 0.592890 0.666969 1.815859
v 0.453277 0.660847 1.882046
v 0.582641 0.698480 1.796968
v 0.571479 0.728554 1.772368
v 0.621753 0.712530 1.757455
v 0.533034 0.683165 1.838108
v 0.435005 0.641001 1.898478
v 0.593832 0.355796 1.833426
v 0.593832 0.242673 1.853674
v 0.593832 0.443099 1.844126
v 0.593832 0.556826 1.839930
v 0.593832 0.387512 1.836676
v 0.593832 0.329758 1.843034
v 0.598239 0.584597 1.833384
v 0.593832 0.528423 1.874532
v 0.593832 0.286893 1.858426
v 0.593832 0.494974 1.870198
v 0.593832 0.315913 1.846180
v 0.593832 0.278894 1.859456
v 0.593832 0.540172 1.867336
v 0.593832 0.518255 1.875070
v 0.593832 0.415363 1.839700
v 0.565185 0.746935 1.752073
v 0.564324 0.766199 1.698705
v 0.697077 0.658368 1.738636
v 0.651262 0.754095 1.680614
v 0.657319 0.732332 1.707542
v 0.667749 0.706915 1.725993
v 0.681138 0.676393 1.738859
v 0.647232 0.772144 1.653197
v 0.648819 0.791270 1.593378
v 0.612425 0.929601 1.114109
v 0.444153 0.929219 1.249199
v 0.654827 0.865847 1.368090
v 0.611710 0.905145 1.227786
v 0.538772 0.915534 1.237243
v 0.658628 0.898996 1.223731
v 0.725315 0.974438 0.825557
v 0.564292 1.335045 0.150888
v 0.630348 1.125905 0.654887
v 0.635145 1.209762 0.455784
v 0.595720 1.284420 0.299993
v 0.534846 1.384330 -0.155023
v 0.530424 1.390529 -0.316951
v 0.543731 1.367778 -0.000626
v 0.528432 1.391355 -0.457838
v 0.752716 0.946815 0.886297
v 0.579555 1.312319 0.224807
v 0.527823 1.391215 -0.491916
v 0.520371 1.355379 -0.994100
v 0.521812 1.374385 -0.826060
v 0.524936 1.386117 -0.657949
v 0.717960 1.034296 0.699803
v 0.685979 1.038283 0.780581
v 0.703998 1.036711 0.740713
v 0.659684 1.039403 0.803272
v 0.075011 1.308020 0.455010
v 0.000000 1.302566 0.472626
v 0.085249 1.348559 0.365469
v 0.042421 1.301869 0.470353
v 0.065617 1.302996 0.466044
v 0.229671 1.359912 0.314334
v 0.115216 1.360944 0.330104
v 0.150248 1.362548 0.320466
v 0.101286 1.357152 0.341353
v 0.343646 1.353274 0.294078
v 0.453541 1.344727 0.258269
v 0.530831 1.323899 0.262035
v 0.497940 1.337399 0.246457
v 0.514410 1.332920 0.247382
v 0.547563 1.290527 0.343697
v 0.584820 1.214266 0.502530
v 0.618764 1.126008 0.659900
v 0.650307 1.039279 0.807451
v 0.570328 0.983916 0.933304
v 0.434961 0.993690 0.970330
v 0.663493 0.999816 0.868198
v 0.657347 0.990218 0.887124
v 0.639876 0.982655 0.906513
v 0.609198 0.982488 0.919879
v 0.147397 1.006774 1.023118
v 0.293577 1.000534 1.002848
v 0.000000 1.008475 1.032215
v 0.751492 0.939896 -0.253417
v 0.758080 0.925503 0.060638
v 0.749575 0.944896 -0.364065
v 0.768422 0.901822 0.577519
v 0.764251 0.910956 0.378084
v 0.755380 0.949013 0.564501
v 0.735279 1.020515 0.053390
v 0.726725 1.034685 -0.260455
v 0.739572 1.000281 0.363105
v 0.574491 1.342826 -0.422168
v 0.558993 1.342462 -0.302943
v 0.724899 1.038188 -0.377040
v 0.569958 1.318757 -0.014736
v 0.588608 1.292363 0.111344
v 0.561519 1.336200 -0.155435
v 0.604513 1.271107 0.182400
v 0.624367 1.241867 0.261598
v 0.654294 1.188563 0.377733
v 0.689559 1.107708 0.525010
v 0.718058 1.051402 0.542871
v 0.744999 0.984639 0.561571
v 0.752246 0.960241 0.561404
v 0.746989 0.979072 0.556211
v 0.749111 0.971468 0.558308
v 0.638598 1.237839 -0.407537
v 0.687043 1.138029 -0.392403
v 0.708204 1.093305 0.341366
v 0.668291 1.177035 0.305982
v 0.651439 1.217376 0.022017
v 0.641694 1.236398 -0.283416
v 0.697173 1.120608 0.041143
v 0.689152 1.135709 -0.269648
v 0.224348 0.991966 -1.642261
v 0.000000 0.991636 -1.650643
v 0.112202 0.991616 -1.648363
v 0.335862 0.992386 -1.629080
v 0.445896 0.993911 -1.607055
v 0.522693 0.997385 -1.580633
v 0.582004 1.002956 -1.544973
v 0.000000 1.056940 -1.587920
v 0.219889 1.056393 -1.581186
v 0.109994 1.056861 -1.586089
v 0.514958 1.055626 -1.532140
v 0.577216 1.056575 -1.497033
v 0.329266 1.055840 -1.570597
v 0.437387 1.055593 -1.552903
v 0.000000 1.135605 -1.491214
v 0.214503 1.134194 -1.486210
v 0.107334 1.135450 -1.489927
v 0.502344 1.130721 -1.445800
v 0.564138 1.129552 -1.407022
v 0.321286 1.132594 -1.478587
v 0.426866 1.131868 -1.463892
v 0.000000 1.201377 -1.398278
v 0.210007 1.199168 -1.394795
v 0.105110 1.201146 -1.397459
v 0.489371 1.190169 -1.368214
v 0.550916 1.185858 -1.337914
v 0.314635 1.196582 -1.389756
v 0.418399 1.193256 -1.381997
v 0.000000 1.265410 -1.297640
v 0.205633 1.262320 -1.295700
v 0.102945 1.265109 -1.297300
v 0.475922 1.248860 -1.284876
v 0.533940 1.239695 -1.266836
v 0.308174 1.258716 -1.293315
v 0.410160 1.252981 -1.289191
v 0.233486 0.911793 -1.707548
v 0.000000 0.911480 -1.714952
v 0.349574 0.912217 -1.696253
v 0.116292 0.911526 -1.713392
v 0.580831 0.916336 -1.652936
v 0.565987 1.265506 -1.193234
v 0.100971 1.379384 -1.189907
v 0.100956 1.382697 -1.187130
v 0.000000 1.384169 -1.187125
v 0.000000 1.380879 -1.189903
v 0.302300 1.371890 -1.187121
v 0.302315 1.368608 -1.189919
v 0.402627 1.361070 -1.187115
v 0.402627 1.357814 -1.189928
v 0.201668 1.374887 -1.189911
v 0.201652 1.378196 -1.187128
v 0.519968 1.316867 -1.188048
v 0.519923 1.312722 -1.190890
v 0.476639 1.343988 -1.187097
v 0.474917 1.340996 -1.189955
v 0.439306 1.351685 -1.189932
v 0.440326 1.354909 -1.187109
v 0.610188 1.215051 -1.169833
v 0.578346 1.228996 -1.234287
v 0.620468 1.208191 -1.136057
v 0.582044 1.269638 -1.119443
v 0.595221 1.271837 -1.051536
v 0.665582 1.103046 -1.195053
v 0.690436 1.036480 -1.205175
v 0.768442 0.908020 -1.202869
v 0.724962 0.959037 -1.312272
v 0.645743 1.004452 -1.471675
v 0.645395 0.992621 -1.495891
v 0.731038 0.978336 -1.082651
v 0.727383 0.985973 -1.082719
v 0.670514 1.002591 -1.422626
v 0.673464 0.994625 -1.432658
v 0.689949 0.999051 -1.357546
v 0.693911 0.992386 -1.363251
v 0.741537 0.971509 -0.958876
v 0.738387 0.979596 -0.957139
v 0.717638 0.985117 -1.217290
v 0.713524 0.992166 -1.213941
v 0.709570 1.064203 -0.892784
v 0.742824 0.978594 -0.890821
v 0.664430 1.149072 -0.895153
v 0.614861 1.243045 -0.899194
v 0.620732 1.244931 -0.813300
v 0.671561 1.148010 -0.811042
v 0.713671 1.058651 -0.811042
v 0.674336 1.044454 -1.273895
v 0.705774 0.988751 -1.290270
v 0.701736 0.995609 -1.285743
v 0.000000 0.868532 -1.742056
v 0.000000 0.844184 -1.751921
v 0.744612 0.860983 -1.530106
v 0.753551 0.836869 -1.535683
v 0.613258 0.868454 -1.676327
v 0.611616 0.843515 -1.686768
v 0.236883 0.868314 -1.736802
v 0.237300 0.844284 -1.747448
v 0.355527 0.844581 -1.739834
v 0.354780 0.868083 -1.727832
v 0.533952 0.844240 -1.708141
v 0.544649 0.868025 -1.698923
v 0.678937 0.842128 -1.650735
v 0.679649 0.864873 -1.635984
v 0.721713 0.840282 -1.609104
v 0.706193 0.863734 -1.610232
v 0.798859 0.841202 -1.098583
v 0.804756 0.815785 -1.104367
v 0.778316 0.855758 -1.401842
v 0.780495 0.832240 -1.446191
v 0.787658 0.851504 -1.316584
v 0.795560 0.826074 -1.317147
v 0.808588 0.810284 -0.992881
v 0.803591 0.835662 -0.984731
v 0.466937 0.844349 -1.722827
v 0.476082 0.868542 -1.709601
v 0.118638 0.844145 -1.751145
v 0.118330 0.868443 -1.741329
v 0.801027 0.821015 -1.209334
v 0.793599 0.846332 -1.206508
v 0.821264 0.697138 1.390063
v 0.829335 0.679158 1.376867
v 0.823018 0.645123 1.447688
v 0.813852 0.659230 1.467003
v 0.831553 0.698941 1.299972
v 0.824433 0.719495 1.306441
v 0.810237 0.592329 1.504340
v 0.801822 0.599165 1.526189
v 0.794740 0.524965 1.551478
v 0.790234 0.524836 1.570846
v 0.831408 0.710893 1.122339
v 0.825401 0.733258 1.115329
v 0.829585 0.717221 0.954065
v 0.826015 0.740399 0.955088
v 0.824921 0.728478 1.220745
v 0.831860 0.706861 1.220745
v 0.825383 0.746250 0.814504
v 0.828760 0.723244 0.813336
v 0.829720 0.727977 0.693465
v 0.825563 0.753379 0.694238
v 0.823138 0.768935 0.377372
v 0.827426 0.743476 0.376440
v 0.820697 0.784605 0.058161
v 0.825093 0.759057 0.057850
v 0.822742 0.774652 -0.260942
v 0.818259 0.800279 -0.261147
v 0.819448 0.786793 -0.514872
v 0.814988 0.812415 -0.512749
v 0.809939 0.822779 -0.727768
v 0.814520 0.797438 -0.733710
v 0.821452 0.656282 -1.063236
v 0.826889 0.645491 -1.067595
v 0.823606 0.610876 -0.996807
v 0.818245 0.620645 -0.990240
v 0.806949 0.540872 -1.517525
v 0.804847 0.547918 -1.527775
v 0.814986 0.598416 -1.475974
v 0.818846 0.591167 -1.466072
v 0.829102 0.665027 -1.143908
v 0.823940 0.676331 -1.141791
v 0.818321 0.561008 -0.935905
v 0.814298 0.566375 -0.929873
v 0.829312 0.664210 -1.309078
v 0.824240 0.675341 -1.312214
v 0.820079 0.647316 -1.398410
v 0.825454 0.637347 -1.392074
v 0.793778 0.484756 -1.566939
v 0.797363 0.479663 -1.555818
v 0.824079 0.682859 -1.222063
v 0.828798 0.671313 -1.222052
v 0.000000 0.600026 -1.813654
v 0.000000 0.592293 -1.815532
v 0.795444 0.603207 -1.545347
v 0.789751 0.633165 -1.546251
v 0.318457 0.592293 -1.809545
v 0.318457 0.600029 -1.807677
v 0.212881 0.600028 -1.811153
v 0.212881 0.592293 -1.813021
v 0.511041 0.592293 -1.797060
v 0.511041 0.600035 -1.795188
v 0.766608 0.600256 -1.637821
v 0.766400 0.592206 -1.641079
v 0.679810 0.600206 -1.736596
v 0.680550 0.592302 -1.737876
v 0.788788 0.592079 -1.579243
v 0.789222 0.600178 -1.574849
v 0.592842 0.592297 -1.777652
v 0.592437 0.600130 -1.776146
v 0.792356 0.600230 -1.563314
v 0.793043 0.593422 -1.563070
v 0.106438 0.600027 -1.812404
v 0.106438 0.592293 -1.814282
v 0.423852 0.600032 -1.801333
v 0.423852 0.592293 -1.803203
v 0.796462 0.336516 -1.564627
v 0.795369 0.344072 -1.563720
v 0.787772 0.337359 -1.602325
v 0.786498 0.349008 -1.600774
v 0.790393 0.366541 -1.562056
v 0.790270 0.378910 -1.560477
v 0.779035 0.370391 -1.597331
v 0.777647 0.382129 -1.595308
v 0.745099 0.340381 -1.680677
v 0.741716 0.353059 -1.676518
v 0.318457 0.346446 -1.803111
v 0.251589 0.367001 -1.787680
v 0.680145 0.354823 -1.737162
v 0.683428 0.342486 -1.742800
v 0.511041 0.344291 -1.803588
v 0.511041 0.355701 -1.798735
v 0.729862 0.385494 -1.659811
v 0.732279 0.372916 -1.664920
v 0.511041 0.371681 -1.786162
v 0.511041 0.383067 -1.781527
v 0.318457 0.375257 -1.787066
v 0.670936 0.374270 -1.721224
v 0.667933 0.386467 -1.716026
v 0.593861 0.355917 -1.780398
v 0.595222 0.343256 -1.785324
v 0.588965 0.385323 -1.761364
v 0.590444 0.372677 -1.766552
v 0.423852 0.380260 -1.787793
v 0.423852 0.367689 -1.794494
v 0.423852 0.357461 -1.804499
v 0.423852 0.345039 -1.811495
v 0.212881 0.458620 -1.802132
v 0.212881 0.444071 -1.799800
v 0.511041 0.444739 -1.785990
v 0.511041 0.459557 -1.786475
v 0.000000 0.458620 -1.802132
v 0.000000 0.444089 -1.799738
v 0.318457 0.443857 -1.796290
v 0.318457 0.458626 -1.797204
v 0.672901 0.447700 -1.724639
v 0.589816 0.443860 -1.766360
v 0.589899 0.458684 -1.766670
v 0.106438 0.458620 -1.802132
v 0.106438 0.444083 -1.799759
v 0.423852 0.458623 -1.792004
v 0.423852 0.443805 -1.791780
v 0.251589 0.349208 -1.792892
v 0.808372 0.583443 -0.884781
v 0.810472 0.643013 -0.882183
v 0.809158 0.712236 -1.039759
v 0.812632 0.684541 -1.051896
v 0.809530 0.677576 -0.963682
v 0.812023 0.647095 -0.974686
v 0.797482 0.638655 -1.512608
v 0.808712 0.616701 -1.491378
v 0.816177 0.705443 -1.136399
v 0.811056 0.735181 -1.128789
v 0.817391 0.703318 -1.318676
v 0.810402 0.732010 -1.330516
v 0.805616 0.693075 -1.425590
v 0.814239 0.668461 -1.409190
v 0.811229 0.744173 -1.220192
v 0.817729 0.713776 -1.222063
v 0.000000 0.363503 -1.787954
v 0.000000 0.355219 -1.786895
v 0.106438 0.362482 -1.787948
v 0.106438 0.354198 -1.786895
v 0.212881 0.352177 -1.786878
v 0.212881 0.360461 -1.787936
v 0.318457 0.357649 -1.796452
v 0.318457 0.362784 -1.793592
v 0.252827 0.358029 -1.790257
v 0.703180 0.665714 -1.661006
v 0.723413 0.541042 -1.689886
v 0.707449 0.647857 -1.671337
v 0.700749 0.708332 -1.654641
v 0.724674 0.618657 -1.690084
v 0.729992 0.566738 -1.695462
v 0.717652 0.633881 -1.679843
v 0.719294 0.495216 -1.688869
v 0.716483 0.283296 -1.701148
v 0.721309 0.312818 -1.708018
v 0.701868 0.686131 -1.658176
v 0.730351 0.592264 -1.695400
v 0.730415 0.600247 -1.693362
v 0.709848 0.373476 -1.691618
v 0.707188 0.385896 -1.686472
v 0.722532 0.341251 -1.709779
v 0.719191 0.353788 -1.705009
v 0.713888 0.440234 -1.688167
v 0.763594 0.309508 -1.643896
v 0.754175 0.280446 -1.641819
v 0.764014 0.427334 -1.620725
v 0.766920 0.339029 -1.643875
v 0.764309 0.351361 -1.640846
v 0.755581 0.371831 -1.632751
v 0.753610 0.384138 -1.628798
v 0.000000 0.463052 1.999301
v 0.000000 0.469564 2.006613
v 0.538772 0.439287 1.866517
v 0.544591 0.439287 1.869056
v 0.444019 0.469725 1.932776
v 0.444019 0.462681 1.925320
v 0.338391 0.469541 1.966972
v 0.338391 0.462770 1.959380
v 0.233919 0.469444 1.988961
v 0.232992 0.462858 1.981498
v 0.117060 0.462955 1.993759
v 0.117060 0.469463 2.001236
v 0.532417 0.460460 1.885179
v 0.533837 0.467762 1.895840
v 0.508649 0.382937 1.872354
v 0.518260 0.380087 1.876318
v 0.338391 0.309384 1.929162
v 0.338391 0.301435 1.936866
v 0.233368 0.288211 1.947295
v 0.233440 0.296272 1.939934
v 0.444019 0.337480 1.900659
v 0.444019 0.346707 1.894178
v 0.538049 0.409659 1.871328
v 0.529146 0.410324 1.868131
v 0.117060 0.334945 1.946074
v 0.117060 0.331386 1.949633
v 0.230314 0.331062 1.947295
v 0.233876 0.331031 1.943732
v 0.230339 0.334621 1.943736
v 0.230339 0.334621 1.925456
v 0.233854 0.331031 1.925456
v 0.000000 0.331205 1.950242
v 0.000000 0.334764 1.946682
v 0.751705 0.422259 1.651748
v 0.776780 0.471826 1.603457
v 0.285780 0.267271 1.948816
v 0.000000 0.398908 1.943820
v 0.117060 0.398951 1.941795
v 0.228986 0.398742 1.935810
v 0.338391 0.401283 1.922377
v 0.444019 0.406514 1.893097
v 0.516463 0.412099 1.864579
v -0.837032 0.650424 1.355498
v -0.830703 0.623699 1.417947
v -0.751144 0.204803 0.872812
v -0.787625 0.327356 0.875724
v -0.824657 0.544463 0.948225
v -0.833948 0.599488 1.002744
v -0.839394 0.666240 1.288953
v -0.818807 0.582408 1.471482
v -0.803182 0.525133 1.510616
v -0.774584 0.238046 1.571666
v -0.785188 0.397271 1.557978
v -0.793082 0.463698 1.537993
v -0.841048 0.664790 1.143470
v -0.839252 0.640235 1.068720
v -0.814299 0.478208 0.909323
v -0.840856 0.672068 1.220745
v -0.798675 0.405272 0.887192
v -0.831952 0.612320 -1.080703
v -0.828121 0.579787 -1.016539
v -0.820126 0.533916 -1.489477
v -0.826060 0.578878 -1.439473
v -0.833999 0.630976 -1.150249
v -0.822414 0.532841 -0.962528
v -0.814770 0.471281 -0.926806
v -0.739979 0.224529 -0.878917
v -0.795220 0.335335 -0.889345
v -0.806451 0.404812 -0.902200
v -0.833728 0.634217 -1.298440
v -0.830962 0.615090 -1.372353
v -0.812945 0.478696 -1.527868
v -0.834492 0.637464 -1.221984
v -0.805177 0.418485 -1.553365
v -0.766338 0.253273 -0.879825
v -0.773639 0.276710 -1.569504
v -0.817592 0.498029 -0.889418
v -0.740212 0.224117 -0.842253
v -0.795693 0.346921 -0.843561
v -0.807476 0.424338 -0.859951
v -0.784743 0.419352 -1.588329
v -0.766309 0.252895 -0.839840
v -0.763841 0.278713 -1.608276
v -0.750872 0.205284 0.830094
v -0.779669 0.326742 0.834527
v -0.818895 0.557468 0.885627
v -0.829463 0.634853 0.927233
v -0.765830 0.238749 1.612933
v -0.757794 0.397038 1.638105
v -0.783734 0.462892 1.583175
v -0.806793 0.482925 0.857424
v -0.792891 0.405245 0.840890
v -0.765050 0.236676 0.872856
v -0.765081 0.237077 0.830490
v -0.582692 0.667808 -1.714467
v -0.779765 0.359500 -0.345379
v -0.822971 0.607133 -0.497837
v -0.823966 0.703313 -0.511899
v -0.826957 0.648207 0.807032
v -0.783633 0.385190 -0.408732
v -0.817414 0.524911 -0.482310
v -0.800020 0.440417 -0.451340
v -0.781405 0.285371 -0.880569
v -0.804177 0.485220 0.779591
v -0.784275 0.405215 0.759898
v -0.816717 0.562403 0.794290
v -0.601641 0.744220 -1.705511
v -0.772965 0.347848 0.692854
v -0.741126 0.434369 -1.653658
v -0.782912 0.352333 -0.267857
v -0.768665 0.340227 0.647972
v -0.777403 0.285774 -0.840955
v -0.779571 0.368424 0.733152
v -0.770770 0.265527 0.831858
v -0.774503 0.807102 -1.512231
v -0.778707 0.266523 0.873527
v -0.774574 0.652323 -1.574933
v -0.212881 0.667808 -1.772624
v -0.317563 0.667929 -1.768991
v -0.230266 0.745350 -1.765031
v -0.341992 0.745350 -1.761199
v -0.318457 0.492091 -1.796862
v -0.212881 0.492091 -1.803541
v -0.515436 0.667808 -1.733261
v -0.535093 0.743370 -1.723688
v -0.511041 0.492091 -1.786257
v -0.751810 0.498629 -1.647757
v -0.674040 0.492385 -1.726608
v -0.684696 0.753981 -1.664765
v -0.743983 0.774671 -1.594528
v -0.652811 0.667808 -1.688990
v -0.742277 0.661211 -1.620574
v -0.318457 0.288137 -1.790709
v -0.212881 0.297716 -1.762546
v -0.511041 0.288062 -1.789247
v -0.738989 0.282011 -1.673344
v -0.677464 0.285121 -1.732326
v -0.790592 0.305221 -1.566799
v -0.674265 0.536428 -1.727301
v -0.760467 0.547106 -1.640772
v -0.511041 0.536428 -1.786257
v -0.212881 0.536428 -1.803541
v -0.318457 0.536428 -1.796862
v -0.808181 0.524100 -0.837651
v -0.796235 0.443160 -0.767605
v -0.578004 0.650659 -1.722362
v -0.810016 0.704989 -0.957224
v -0.791914 0.616941 -1.552680
v -0.318457 0.634614 -1.782206
v -0.212881 0.634614 -1.787582
v -0.511041 0.635891 -1.763854
v -0.747846 0.642684 -1.632172
v -0.655898 0.651427 -1.695217
v -0.781366 0.307371 -1.605191
v -0.318457 0.318400 -1.804941
v -0.682488 0.314866 -1.740939
v -0.743677 0.311377 -1.678987
v -0.212881 0.330783 -1.784445
v -0.511041 0.318284 -1.802846
v -0.795383 0.573373 -1.551344
v -0.786749 0.558401 -1.585563
v -0.318457 0.564420 -1.808713
v -0.212881 0.564420 -1.812189
v -0.511041 0.564420 -1.796228
v -0.766395 0.570085 -1.642017
v -0.680119 0.564420 -1.737117
v -0.318457 0.618869 -1.797309
v -0.212881 0.618869 -1.800784
v -0.511041 0.618869 -1.784824
v -0.760264 0.617889 -1.638462
v -0.675852 0.618848 -1.729740
v -0.775659 0.633199 -1.582846
v -0.590123 0.618869 -1.767550
v -0.589812 0.536428 -1.766359
v -0.594204 0.317158 -1.782458
v -0.592474 0.564420 -1.776300
v -0.589785 0.492122 -1.766259
v -0.591752 0.287241 -1.773361
v -0.799429 0.783711 -1.361752
v -0.608933 0.806185 -1.696579
v -0.353903 0.805871 -1.752815
v -0.235974 0.805871 -1.756926
v -0.522851 0.805871 -1.719917
v -0.728454 0.823671 -1.608137
v -0.679068 0.809654 -1.662029
v -0.789942 0.745849 -1.461594
v -0.351470 0.775610 -1.756891
v -0.517299 0.773661 -1.725475
v -0.516649 0.759937 -1.726128
v -0.522765 0.747907 -1.724717
v -0.234352 0.775610 -1.760961
v -0.593916 0.707657 -1.709020
v -0.759320 0.716900 -1.568261
v -0.526706 0.707497 -1.726865
v -0.734473 0.709212 -1.612398
v -0.659149 0.709614 -1.683441
v -0.248568 0.676035 -1.770508
v -0.221875 0.706581 -1.768727
v -0.317172 0.706579 -1.765599
v -0.283344 0.684096 -1.768747
v -0.212881 0.674549 -1.771890
v -0.749881 0.804777 1.460947
v -0.730235 0.734829 1.634902
v -0.759521 0.839871 1.342904
v -0.766425 0.864822 1.220745
v -0.759554 0.936899 -0.469681
v -0.777093 0.934395 0.794554
v -0.525423 0.974278 -1.599093
v -0.226160 0.966331 -1.658155
v -0.338538 0.967144 -1.644503
v -0.583035 0.981345 -1.568302
v -0.614089 0.989934 -1.539010
v -0.731694 0.925242 -1.424807
v -0.586287 0.907613 -1.658921
v -0.667940 0.926740 -1.574830
v -0.703446 0.928755 -1.507661
v -0.614915 0.917158 -1.638297
v -0.750101 0.917172 -1.375044
v -0.761346 0.902149 -1.362616
v -0.769589 0.884519 -1.367429
v -0.777269 0.861766 -1.391104
v -0.557973 0.888555 -1.686282
v -0.681483 0.889077 -1.611137
v -0.614353 0.886896 -1.665480
v -0.756700 0.885403 -1.440203
v -0.726052 0.889844 -1.534833
v -0.785973 0.408228 0.655961
v -0.805541 0.488740 0.667694
v -0.826897 0.653654 0.689138
v -0.790969 0.888424 0.679932
v -0.825434 0.681131 0.055789
v -0.808747 0.498506 0.357180
v -0.778142 0.347227 0.038742
v -0.811953 0.508273 0.046665
v -0.826221 0.667980 0.371813
v -0.762597 0.926856 -0.264347
v -0.799169 0.857322 -0.262513
v -0.789876 0.417146 0.349212
v -0.800765 0.841645 0.057993
v -0.765800 0.911103 0.057722
v -0.766969 0.895405 0.378680
v -0.793757 0.426044 0.043187
v -0.765890 0.247496 -0.269770
v -0.783482 0.340000 -0.268005
v -0.743855 0.217682 -0.270848
v -0.775136 0.278853 -0.269125
v -0.749682 0.207387 0.643387
v -0.765218 0.238844 0.643899
v -0.771510 0.267787 0.645145
v -0.768418 0.328991 0.647551
v -0.747762 0.210780 0.342110
v -0.765439 0.241695 0.342808
v -0.772705 0.271434 0.343856
v -0.773920 0.275143 0.037365
v -0.773364 0.342111 0.345935
v -0.745808 0.214231 0.035631
v -0.765665 0.244596 0.036519
v -0.773385 0.332621 0.345657
v -0.499127 0.913775 -1.677371
v -0.774653 0.901688 -1.088072
v -0.798941 0.775309 1.322723
v -0.800570 0.791846 1.220745
v -0.802117 0.817514 0.959098
v -0.806013 0.804614 0.815368
v -0.797982 0.868986 -0.500989
v -0.792812 0.741232 1.421957
v -0.784602 0.689181 1.507367
v -0.803932 0.810523 0.694288
v -0.824613 0.694329 -0.261520
v -0.797677 0.435033 -0.265960
v -0.815159 0.518040 -0.263849
v -0.802117 0.832672 0.813900
v -0.791469 0.844938 0.690598
v -0.772101 0.885117 0.589022
v -0.784622 0.850784 0.653297
v -0.775595 0.858992 0.616195
v -0.801991 0.842969 0.957990
v -0.800591 0.866898 0.810396
v -0.783554 0.884324 0.637574
v -0.762371 0.912850 -1.290320
v -0.783154 0.343460 -0.555783
v -0.787610 0.383421 -0.677820
v -0.802357 0.825995 0.377967
v -0.778438 0.336314 0.038542
v -0.318457 0.651427 -1.771008
v -0.212881 0.651427 -1.780900
v -0.512215 0.651427 -1.743940
v -0.459055 0.805871 -1.734542
v -0.452336 0.746917 -1.743171
v -0.482553 0.720012 -1.735895
v -0.454467 0.774390 -1.739453
v -0.534628 0.950413 -1.629461
v -0.553970 0.637197 -1.748907
v -0.568500 0.640931 -1.738076
v -0.664990 0.636743 -1.710944
v -0.582771 0.637076 -1.740128
v -0.757327 0.628294 -1.634199
v -0.783409 0.615227 -1.579731
v -0.789232 0.577041 -1.581199
v -0.792690 0.582790 -1.566706
v -0.790284 0.608329 -1.567143
v -0.817410 0.567263 0.678399
v -0.819112 0.579830 0.364821
v -0.820528 0.590298 0.051011
v -0.821983 0.600882 -0.262748
v -0.538772 0.243080 1.875441
v -0.233169 0.244495 1.947295
v -0.338391 0.244050 1.934557
v -0.444019 0.243614 1.908539
v -0.700208 0.241314 1.763546
v -0.774241 0.616557 1.579822
v -0.774268 0.524200 1.628234
v -0.731961 0.678231 1.664345
v -0.117060 0.288211 1.949633
v -0.693963 0.396227 1.757461
v -0.734777 0.465847 1.708905
v -0.729020 0.240328 1.705602
v -0.725590 0.403770 1.703583
v -0.737657 0.555254 1.696120
v -0.649927 0.558081 1.809844
v -0.444019 0.554200 1.905154
v -0.338391 0.554200 1.943832
v -0.233919 0.554200 1.970127
v -0.117060 0.554200 1.985706
v -0.773683 0.909444 0.955182
v -0.699742 0.827104 1.473283
v -0.688964 0.783916 1.598475
v -0.706379 0.859928 1.355918
v -0.710714 0.891874 1.220745
v -0.738465 0.978446 0.767269
v -0.722422 0.694628 1.686012
v -0.712204 0.952898 0.955652
v -0.708036 0.970430 0.883845
v -0.802117 0.803951 1.103613
v -0.801238 0.817708 1.103183
v -0.712638 0.918861 1.101785
v -0.770203 0.885379 1.101145
v -0.789286 0.880456 -0.706895
v -0.814262 0.613211 -0.742941
v -0.816436 0.712280 -0.743482
v -0.810908 0.524340 -0.732709
v -0.778779 0.895416 -0.975328
v -0.796915 0.442667 -0.710765
v -0.749559 0.962260 -0.811042
v -0.722356 0.769951 1.596616
v -0.338363 0.902982 1.431662
v -0.338391 0.941277 1.251279
v -0.338391 0.973623 1.170788
v -0.338263 0.863749 1.567232
v -0.354835 0.650810 1.916230
v -0.336959 0.813526 1.708408
v -0.233919 0.941963 1.286248
v -0.661790 0.924062 1.104710
v -0.233919 0.974726 1.192694
v -0.048044 0.977489 1.200990
v -0.233919 0.760371 1.835162
v -0.233919 0.904715 1.444361
v -0.233919 0.864769 1.582106
v -0.117060 0.652524 1.945242
v -0.233919 0.651681 1.937172
v -0.233919 0.814928 1.721906
v -0.610270 0.873154 1.378850
v -0.524871 0.733500 1.792296
v -0.607791 0.837577 1.503014
v -0.531765 0.794843 1.668046
v -0.664400 0.947196 1.006720
v -0.538772 0.938784 1.133593
v -0.538772 0.885103 1.395480
v -0.538770 0.970920 1.077714
v -0.604530 0.970106 1.025931
v -0.612664 0.940441 1.064466
v -0.659715 0.630221 1.788993
v -0.299092 0.600244 1.950829
v -0.444019 0.597998 1.909909
v -0.378836 0.640135 1.914486
v -0.323546 0.625395 1.937554
v -0.649429 0.649617 1.783803
v -0.706124 0.735263 1.659977
v -0.762834 0.544871 1.644739
v -0.749591 0.552957 1.669747
v -0.749216 0.475346 1.675230
v -0.648062 0.448503 1.813766
v -0.692671 0.557364 1.752100
v -0.704919 0.633492 1.735570
v -0.539117 0.555602 1.869275
v -0.648891 0.242266 1.819379
v -0.538772 0.382385 1.868528
v -0.644378 0.392219 1.807435
v -0.117060 0.334945 1.930546
v -0.537971 0.439287 1.859856
v -0.444019 0.462681 1.899260
v -0.338391 0.462770 1.927814
v -0.227633 0.462862 1.943669
v -0.117060 0.462956 1.951669
v -0.532448 0.460459 1.863603
v -0.508649 0.388462 1.865076
v -0.338391 0.316783 1.908337
v -0.233440 0.308158 1.922155
v -0.117060 0.579283 1.982708
v -0.538820 0.579238 1.866161
v -0.741744 0.731892 1.595514
v -0.233919 0.578685 1.965487
v -0.693045 0.801024 1.550941
v -0.444019 0.576403 1.906661
v -0.655429 0.594911 1.801837
v -0.338391 0.577795 1.939642
v -0.527709 0.760608 1.738335
v -0.733129 0.781579 1.551535
v -0.575837 1.325847 0.135292
v -0.548831 1.345227 0.168047
v -0.225147 1.383221 0.254200
v -0.112767 1.386055 0.263998
v -0.336403 1.375225 0.236628
v -0.445116 1.363386 0.208461
v -0.473865 1.294319 0.376253
v -0.502823 1.215723 0.534528
v -0.531286 1.126784 0.697758
v -0.557814 1.038047 0.848672
v -0.618335 1.212614 0.478470
v -0.579340 1.289035 0.319579
v -0.120174 1.307442 0.452258
v -0.129324 1.221358 0.626285
v -0.137414 1.129822 0.798371
v -0.145171 1.036702 0.971709
v -0.288714 1.036442 0.945026
v -0.273903 1.128837 0.775969
v -0.257384 1.219299 0.605558
v -0.241644 1.304319 0.438429
v -0.359646 1.300486 0.413710
v -0.382045 1.217040 0.576610
v -0.403565 1.127707 0.742883
v -0.426241 1.037441 0.902698
v -0.671820 1.124897 0.605695
v -0.684026 1.124251 0.574167
v -0.647910 1.205573 0.433459
v -0.607973 1.278389 0.280407
v -0.580461 0.940086 0.997731
v -0.152479 0.938434 1.139212
v -0.445947 0.938565 1.057139
v -0.301999 0.938347 1.106883
v -0.498359 1.347940 -1.148294
v -0.302101 1.379904 -1.151179
v -0.100758 1.391016 -1.152286
v -0.402627 1.368835 -1.150178
v -0.439745 1.362818 -1.149305
v -0.507564 1.404264 -0.475405
v -0.407580 1.427070 -0.475405
v -0.203952 1.445964 -0.475405
v -0.420404 1.414662 -0.130402
v -0.105537 1.438992 -0.103291
v -0.316047 1.426400 -0.116808
v -0.516452 1.395740 -0.152626
v -0.210930 1.434279 -0.108508
v -0.541358 1.304720 -1.158213
v -0.545368 1.376750 -0.508428
v -0.549112 1.371504 -0.157420
v -0.412644 1.424996 -0.302835
v -0.206632 1.444806 -0.291927
v -0.511302 1.402651 -0.315598
v -0.103360 1.449404 -0.289080
v -0.309726 1.437548 -0.296065
v -0.545471 1.376968 -0.316943
v -0.429821 1.395450 0.040793
v -0.108366 1.419856 0.081439
v -0.323969 1.406514 0.061522
v -0.526079 1.378664 0.009378
v -0.216453 1.415100 0.074132
v -0.557255 1.355476 -0.010629
v -0.752781 0.947416 -0.640475
v -0.540238 1.348517 -0.941775
v -0.499397 1.370546 -0.990487
v -0.566997 1.354998 -0.509783
v -0.567076 1.358249 -0.315460
v -0.567364 1.356528 -0.437170
v -0.760280 0.932353 -0.376738
v -0.657911 1.196841 0.393976
v -0.623085 1.260414 0.256679
v -0.594416 1.309460 0.116128
v -0.689684 1.122092 0.525235
v -0.566079 1.352327 -0.159569
v -0.574593 1.337523 -0.022069
v -0.101986 1.449899 -0.475405
v -0.305793 1.438893 -0.475405
v -0.603407 0.610372 1.834305
v -0.634589 0.683066 1.773423
v -0.605499 0.760371 1.707919
v -0.792108 0.907171 0.719117
v -0.725767 1.030713 0.656411
v -0.776002 0.942443 0.730173
v -0.744064 0.979143 0.714223
v -0.741119 0.981686 0.613157
v -0.745113 0.982880 0.568007
v -0.791499 0.927515 0.637141
v -0.756354 0.943500 0.573307
v -0.780363 0.955845 0.640452
v -0.749934 0.967063 0.566965
v -0.731119 1.003210 -0.952028
v -0.572864 1.324538 -0.905102
v -0.567867 1.348162 -0.660570
v -0.578742 1.307951 -0.985924
v -0.583561 1.293850 -1.022376
v -0.612979 1.241201 -1.067261
v -0.671076 1.133344 -1.052986
v -0.700942 1.073925 -1.022120
v -0.719353 1.032637 -0.992134
v -0.750355 0.936007 0.955367
v -0.756235 0.956288 0.783363
v -0.736573 0.855051 1.349029
v -0.741217 0.883599 1.220735
v -0.707311 0.782434 1.594844
v -0.745325 0.907910 1.101428
v -0.728141 0.821635 1.468283
v -0.717018 0.798892 1.543791
v -0.760000 0.960016 0.725563
v -0.756093 0.969247 0.629530
v -0.747760 0.975042 0.564817
v -0.784453 0.830354 1.220745
v -0.779550 0.806067 1.332814
v -0.771900 0.771378 1.442621
v -0.761930 0.714834 1.548136
v -0.750775 0.647394 1.622083
v -0.789845 0.876207 0.956586
v -0.787171 0.851543 1.102164
v -0.735982 0.595615 1.685315
v -0.753144 0.955281 0.570136
v -0.792330 0.902056 0.804354
v -0.784858 0.924249 0.726586
v -0.786744 0.941869 0.641970
v -0.783674 0.920206 0.609020
v -0.764074 0.935906 0.603632
v -0.760923 0.948700 0.605386
v -0.787218 0.920412 0.624273
v -0.749547 0.970739 0.612874
v -0.761247 0.960357 0.610896
v -0.705912 1.068776 -0.960232
v -0.659957 1.149759 -0.968754
v -0.612024 1.242052 -0.977702
v -0.629059 1.246719 -0.655506
v -0.680951 1.145964 -0.650502
v -0.721758 1.049142 -0.645395
v -0.636326 1.246899 -0.499916
v -0.687803 1.143566 -0.489838
v -0.730693 1.040233 -0.479759
v -0.638008 1.246583 -0.422186
v -0.689046 1.141846 -0.406686
v -0.730824 1.037076 -0.390952
v -0.718535 1.049878 0.549987
v -0.654980 1.149693 -1.129979
v -0.712915 1.022621 -1.085752
v -0.541354 1.335438 -1.012659
v -0.685925 1.090631 -1.114803
v -0.595321 1.244412 -1.133856
v -0.785386 0.902368 0.630924
v -0.728733 1.019437 0.619334
v -0.758046 0.964632 0.677546
v -0.785801 0.933059 0.684278
v -0.778183 0.949144 0.685313
v -0.791804 0.917343 0.678129
v -0.791234 0.907970 0.658536
v -0.742592 0.980414 0.663690
v -0.565060 1.300319 -1.088820
v -0.627798 1.165166 -1.221971
v -0.642095 1.115461 -1.275303
v -0.609677 1.125229 -1.352404
v -0.623009 1.058613 -1.431750
v -0.654585 1.053740 -1.353912
v -0.628618 1.007615 -1.499421
v -0.595185 1.177052 -1.292977
v -0.637393 1.195926 -1.068900
v -0.522106 1.327103 -1.150887
v -0.201692 1.411539 -0.996583
v -0.302415 1.403857 -0.994828
v -0.101048 1.416308 -0.998100
v -0.403307 1.393432 -0.990803
v -0.545173 1.377029 -0.440272
v -0.106438 0.667808 -1.773875
v -0.106438 0.492091 -1.803541
v -0.106438 0.298738 -1.762546
v -0.114758 0.745350 -1.766624
v -0.106438 0.536428 -1.803541
v -0.106438 0.634614 -1.789918
v -0.106438 0.331805 -1.784445
v -0.106438 0.564420 -1.813525
v -0.106438 0.618869 -1.802035
v -0.117991 0.805871 -1.758606
v -0.117179 0.775610 -1.762610
v -0.106438 0.674549 -1.773251
v -0.110110 0.706851 -1.770219
v -0.113108 0.965807 -1.665234
v -0.106438 0.651427 -1.778372
v -0.423852 0.635195 -1.773029
v -0.423852 0.536428 -1.790918
v -0.428459 0.667820 -1.751279
v -0.796573 0.596093 -1.543245
v -0.423852 0.492091 -1.790918
v -0.423852 0.288329 -1.794420
v -0.423852 0.318788 -1.811976
v -0.423852 0.564420 -1.802371
v -0.423852 0.618869 -1.790967
v -0.443168 0.707151 -1.743718
v -0.425205 0.651427 -1.756844
v -0.519218 0.684096 -1.730836
v -0.317172 0.684096 -1.767259
v -0.432496 0.684096 -1.748298
v -0.587329 0.684096 -1.712212
v -0.655505 0.685576 -1.684835
v -0.773858 0.509585 -1.603415
v -0.449306 0.969565 -1.623351
v -0.100971 1.323157 -1.193619
v -0.302315 1.315513 -1.193619
v -0.402627 1.307599 -1.193619
v -0.460268 1.300650 -1.193619
v -0.516748 1.287083 -1.193619
v -0.201668 1.320522 -1.193619
v -0.201436 1.386510 -1.151837
v -0.807577 0.785570 -1.215063
v -0.807334 0.777395 -1.115051
v -0.807832 0.751833 -1.020752
v -0.749573 0.537341 1.683311
v -0.764779 0.579672 1.622975
v -0.701669 0.596033 1.746034
v -0.233919 0.536556 1.990243
v -0.738702 0.539981 1.702042
v -0.538772 0.538775 1.894367
v -0.444019 0.537502 1.930302
v -0.117060 0.536233 2.002615
v -0.651546 0.541635 1.839002
v -0.737528 0.502241 1.707760
v -0.651133 0.496293 1.839890
v -0.538772 0.493707 1.899321
v -0.747862 0.508606 1.685194
v -0.756915 0.524456 1.666936
v -0.117060 0.490606 2.005953
v -0.233919 0.490879 1.993916
v -0.338391 0.491040 1.971525
v -0.444019 0.491742 1.936752
v -0.692257 0.364366 1.755831
v -0.725643 0.372054 1.703610
v -0.444019 0.352041 1.885177
v -0.538772 0.351034 1.866882
v -0.642314 0.359989 1.803967
v -0.746992 0.448256 1.664244
v -0.695702 0.427128 1.759197
v -0.727318 0.435347 1.704571
v -0.645950 0.420670 1.810142
v -0.538545 0.409734 1.871055
v -0.529146 0.413037 1.860402
v -0.697597 0.457652 1.761108
v -0.702266 0.499205 1.772573
v -0.338391 0.536755 1.967070
v -0.699075 0.541625 1.769296
v -0.739402 0.529760 1.704504
v -0.739229 0.519463 1.706196
v -0.652797 0.519950 1.846142
v -0.652672 0.530197 1.845194
v -0.444019 0.515473 1.939116
v -0.444019 0.525219 1.939281
v -0.338391 0.523891 1.974633
v -0.338391 0.513972 1.974283
v -0.233919 0.523180 1.997425
v -0.233919 0.513575 1.996824
v -0.117060 0.513025 2.008907
v -0.117060 0.522223 2.009343
v -0.538772 0.526762 1.901984
v -0.538772 0.516673 1.902082
v -0.704853 0.520683 1.774114
v -0.703672 0.530326 1.772683
v -0.783859 0.524582 1.593761
v -0.770058 0.481180 1.623616
v -0.763860 0.491486 1.643497
v -0.786853 0.303227 1.569094
v -0.787894 0.291958 1.569560
v -0.776647 0.299960 1.610262
v -0.777104 0.289964 1.610717
v -0.338391 0.267234 1.943054
v -0.338391 0.275381 1.939608
v -0.233169 0.267307 1.947295
v -0.233216 0.275376 1.947295
v -0.538651 0.274772 1.882428
v -0.538594 0.282989 1.882238
v -0.444019 0.269098 1.913086
v -0.444019 0.277242 1.911049
v -0.709643 0.287036 1.772789
v -0.708852 0.294487 1.772018
v -0.738794 0.295989 1.711240
v -0.739154 0.288124 1.711450
v -0.653073 0.283319 1.822109
v -0.652190 0.291017 1.820619
v -0.779277 0.342299 1.566855
v -0.781532 0.319423 1.568368
v -0.770368 0.341230 1.607766
v -0.771700 0.321709 1.609216
v -0.538772 0.324201 1.867774
v -0.538772 0.310241 1.869931
v -0.444019 0.299296 1.903532
v -0.444019 0.312305 1.904001
v -0.338391 0.295051 1.937128
v -0.338391 0.283143 1.938280
v -0.693736 0.325159 1.757231
v -0.691080 0.338695 1.754644
v -0.725889 0.340385 1.703745
v -0.728280 0.325609 1.705133
v -0.643111 0.320989 1.805250
v -0.641375 0.334557 1.802327
v -0.285780 0.275397 1.947531
v -0.787738 0.656944 -1.525461
v -0.202730 1.439216 -0.654777
v -0.504649 1.399192 -0.656417
v -0.101276 1.444153 -0.655340
v -0.542697 1.371761 -0.658938
v -0.304052 1.432302 -0.654192
v -0.405414 1.419811 -0.654535
v -0.541061 1.360057 -0.823753
v -0.569540 1.335634 -0.816582
v -0.302616 1.419697 -0.832277
v -0.403434 1.408477 -0.829447
v -0.501601 1.387443 -0.827658
v -0.201821 1.427445 -0.833438
v -0.100898 1.433058 -0.834592
v -0.524242 1.351007 0.177355
v -0.654934 1.125519 0.636044
v -0.595154 1.214082 0.498497
v -0.556465 1.290069 0.339764
v -0.682332 0.964316 0.919891
v -0.484961 1.413404 -0.475405
v -0.493524 1.402706 -0.147331
v -0.488195 1.412011 -0.313027
v -0.503406 1.384248 0.017913
v -0.484378 1.407666 -0.655117
v -0.481821 1.395609 -0.828018
v -0.479475 1.377830 -0.990551
v -0.476754 1.356193 -1.148294
v -0.233919 0.695785 1.914489
v -0.117060 0.244495 1.949633
v -0.528330 0.713224 1.815217
v -0.338391 0.597577 1.939895
v -0.536822 0.848888 1.523309
v -0.117060 0.942774 1.305943
v -0.117060 0.864556 1.593301
v -0.117060 0.816628 1.729942
v -0.327807 0.651005 1.922937
v -0.117065 0.976179 1.208823
v -0.117060 0.695785 1.925161
v -0.117060 0.760371 1.848151
v -0.233919 0.619232 1.955942
v -0.117060 0.904952 1.454147
v -0.336593 0.760371 1.814663
v -0.538778 0.602086 1.871326
v -0.282440 0.623810 1.942987
v -0.444019 0.939827 1.198598
v -0.444637 0.896731 1.414526
v -0.444017 0.972062 1.130336
v -0.444019 0.699837 1.860189
v -0.445894 0.807513 1.689653
v -0.117060 0.619840 1.966121
v -0.445418 0.858913 1.545982
v -0.445129 0.733500 1.826654
v -0.117060 0.554200 1.908184
v -0.338391 0.554200 1.908184
v -0.117060 0.652524 1.908184
v -0.233919 0.651681 1.908184
v -0.233919 0.619232 1.908184
v -0.282440 0.623810 1.908184
v -0.338391 0.577795 1.908184
v -0.117060 0.579283 1.908184
v -0.233919 0.554200 1.908184
v -0.233919 0.578685 1.908184
v -0.117060 0.619840 1.908184
v -0.327807 0.651005 1.908184
v -0.348025 1.340003 0.328813
v -0.539769 1.322940 0.258101
v -0.116471 1.348074 0.363986
v -0.459490 1.331550 0.293443
v -0.232457 1.345556 0.351369
v -0.591907 1.304543 0.207850
v -0.606955 1.287820 0.186141
v -0.563501 1.320081 0.243813
v -0.651597 0.830723 1.488674
v -0.606186 0.779540 1.646200
v -0.445534 0.760371 1.780299
v -0.336798 0.733500 1.857581
v -0.335996 0.695785 1.900403
v -0.233919 0.733500 1.874788
v -0.117060 0.733500 1.886604
v -0.601505 0.632129 1.829122
v -0.433135 0.618121 1.907919
v -0.538004 0.622787 1.865928
v -0.609413 0.741716 1.732472
v -0.703074 0.757108 1.635961
v -0.686952 0.764574 1.642330
v -0.665573 0.970096 0.962000
v -0.019028 0.985717 1.190598
v -0.695548 0.697500 1.707700
v -0.535839 0.652763 1.854249
v -0.352641 0.616216 1.932592
v -0.447481 0.678889 1.874388
v -0.592890 0.666969 1.815859
v -0.453277 0.660847 1.882046
v -0.582641 0.698480 1.796968
v -0.571479 0.728554 1.772368
v -0.621753 0.712530 1.757455
v -0.533034 0.683165 1.838108
v -0.435005 0.641001 1.898478
v -0.593832 0.355796 1.833426
v -0.593832 0.242673 1.853674
v -0.593832 0.443099 1.844126
v -0.593832 0.556826 1.839930
v -0.593832 0.387512 1.836676
v -0.593832 0.329758 1.843034
v -0.598239 0.584597 1.833384
v -0.593832 0.528423 1.874532
v -0.593832 0.286893 1.858426
v -0.593832 0.494974 1.870198
v -0.593832 0.315913 1.846180
v -0.593832 0.278894 1.859456
v -0.593832 0.540172 1.867336
v -0.593832 0.518255 1.875070
v -0.593832 0.415363 1.839700
v -0.565185 0.746935 1.752073
v -0.564324 0.766199 1.698705
v -0.697077 0.658368 1.738636
v -0.651262 0.754095 1.680614
v -0.657319 0.732332 1.707542
v -0.667749 0.706915 1.725993
v -0.681138 0.676393 1.738859
v -0.647232 0.772144 1.653197
v -0.648819 0.791270 1.593378
v -0.612425 0.929601 1.114109
v -0.444153 0.929219 1.249199
v -0.654827 0.865847 1.368090
v -0.611710 0.905145 1.227786
v -0.538772 0.915534 1.237243
v -0.658628 0.898996 1.223731
v -0.725315 0.974438 0.825557
v -0.564292 1.335045 0.150888
v -0.630348 1.125905 0.654887
v -0.635145 1.209762 0.455784
v -0.595720 1.284420 0.299993
v -0.534846 1.384330 -0.155023
v -0.530424 1.390529 -0.316951
v -0.543731 1.367778 -0.000626
v -0.528432 1.391355 -0.457838
v -0.752716 0.946815 0.886297
v -0.579555 1.312319 0.224807
v -0.527823 1.391215 -0.491916
v -0.520371 1.355379 -0.994100
v -0.521812 1.374385 -0.826060
v -0.524936 1.386117 -0.657949
v -0.717960 1.034296 0.699803
v -0.685979 1.038283 0.780581
v -0.703998 1.036711 0.740713
v -0.659684 1.039403 0.803272
v -0.075011 1.308020 0.455010
v -0.085249 1.348559 0.365469
v -0.042421 1.301869 0.470353
v -0.065617 1.302996 0.466044
v -0.229671 1.359912 0.314334
v -0.115216 1.360944 0.330104
v -0.150248 1.362548 0.320466
v -0.101286 1.357152 0.341353
v -0.343646 1.353274 0.294078
v -0.453541 1.344727 0.258269
v -0.530831 1.323899 0.262035
v -0.497940 1.337399 0.246457
v -0.514410 1.332920 0.247382
v -0.547563 1.290527 0.343697
v -0.584820 1.214266 0.502530
v -0.618764 1.126008 0.659900
v -0.650307 1.039279 0.807451
v -0.570328 0.983916 0.933304
v -0.434961 0.993690 0.970330
v -0.663493 0.999816 0.868198
v -0.657347 0.990218 0.887124
v -0.639876 0.982655 0.906513
v -0.609198 0.982488 0.919879
v -0.147397 1.006774 1.023118
v -0.293577 1.000534 1.002848
v -0.751492 0.939896 -0.253417
v -0.758080 0.925503 0.060638
v -0.749575 0.944896 -0.364065
v -0.768422 0.901822 0.577519
v -0.764251 0.910956 0.378084
v -0.755380 0.949013 0.564501
v -0.735279 1.020515 0.053390
v -0.726725 1.034685 -0.260455
v -0.739572 1.000281 0.363105
v -0.574491 1.342826 -0.422168
v -0.558993 1.342462 -0.302943
v -0.724899 1.038188 -0.377040
v -0.569958 1.318757 -0.014736
v -0.588608 1.292363 0.111344
v -0.561519 1.336200 -0.155435
v -0.604513 1.271107 0.182400
v -0.624367 1.241867 0.261598
v -0.654294 1.188563 0.377733
v -0.689559 1.107708 0.525010
v -0.718058 1.051402 0.542871
v -0.744999 0.984639 0.561571
v -0.752246 0.960241 0.561404
v -0.746989 0.979072 0.556211
v -0.749111 0.971468 0.558308
v -0.638598 1.237839 -0.407537
v -0.687043 1.138029 -0.392403
v -0.708204 1.093305 0.341366
v -0.668291 1.177035 0.305982
v -0.651439 1.217376 0.022017
v -0.641694 1.236398 -0.283416
v -0.697173 1.120608 0.041143
v -0.689152 1.135709 -0.269648
v -0.224348 0.991966 -1.642261
v -0.112202 0.991616 -1.648363
v -0.335862 0.992386 -1.629080
v -0.445896 0.993911 -1.607055
v -0.522693 0.997385 -1.580633
v -0.582004 1.002956 -1.544973
v -0.219889 1.056393 -1.581186
v -0.109994 1.056861 -1.586089
v -0.514958 1.055626 -1.532140
v -0.577216 1.056575 -1.497033
v -0.329266 1.055840 -1.570597
v -0.437387 1.055593 -1.552903
v -0.214503 1.134194 -1.486210
v -0.107334 1.135450 -1.489927
v -0.502344 1.130721 -1.445800
v -0.564138 1.129552 -1.407022
v -0.321286 1.132594 -1.478587
v -0.426866 1.131868 -1.463892
v -0.210007 1.199168 -1.394795
v -0.105110 1.201146 -1.397459
v -0.489371 1.190169 -1.368214
v -0.550916 1.185858 -1.337914
v -0.314635 1.196582 -1.389756
v -0.418399 1.193256 -1.381997
v -0.205633 1.262320 -1.295700
v -0.102945 1.265109 -1.297300
v -0.475922 1.248860 -1.284876
v -0.533940 1.239695 -1.266836
v -0.308174 1.258716 -1.293315
v -0.410160 1.252981 -1.289191
v -0.233486 0.911793 -1.707548
v -0.349574 0.912217 -1.696253
v -0.116292 0.911526 -1.713392
v -0.580831 0.916336 -1.652936
v -0.565987 1.265506 -1.193234
v -0.100971 1.379384 -1.189907
v -0.100956 1.382697 -1.187130
v -0.302300 1.371890 -1.187121
v -0.302315 1.368608 -1.189919
v -0.402627 1.361070 -1.187115
v -0.402627 1.357814 -1.189928
v -0.201668 1.374887 -1.189911
v -0.201652 1.378196 -1.187128
v -0.519968 1.316867 -1.188048
v -0.519923 1.312722 -1.190890
v -0.476639 1.343988 -1.187097
v -0.474917 1.340996 -1.189955
v -0.439306 1.351685 -1.189932
v -0.440326 1.354909 -1.187109
v -0.610188 1.215051 -1.169833
v -0.578346 1.228996 -1.234287
v -0.620468 1.208191 -1.136057
v -0.582044 1.269638 -1.119443
v -0.595221 1.271837 -1.051536
v -0.665582 1.103046 -1.195053
v -0.690436 1.036480 -1.205175
v -0.768442 0.908020 -1.202869
v -0.724962 0.959037 -1.312272
v -0.645743 1.004452 -1.471675
v -0.645395 0.992621 -1.495891
v -0.731038 0.978336 -1.082651
v -0.727383 0.985973 -1.082719
v -0.670514 1.002591 -1.422626
v -0.673464 0.994625 -1.432658
v -0.689949 0.999051 -1.357546
v -0.693911 0.992386 -1.363251
v -0.741537 0.971509 -0.958876
v -0.738387 0.979596 -0.957139
v -0.717638 0.985117 -1.217290
v -0.713524 0.992166 -1.213941
v -0.709570 1.064203 -0.892784
v -0.742824 0.978594 -0.890821
v -0.664430 1.149072 -0.895153
v -0.614861 1.243045 -0.899194
v -0.620732 1.244931 -0.813300
v -0.671561 1.148010 -0.811042
v -0.713671 1.058651 -0.811042
v -0.674336 1.044454 -1.273895
v -0.705774 0.988751 -1.290270
v -0.701736 0.995609 -1.285743
v -0.744612 0.860983 -1.530106
v -0.753551 0.836869 -1.535683
v -0.613258 0.868454 -1.676327
v -0.611616 0.843515 -1.686768
v -0.236883 0.868314 -1.736802
v -0.237300 0.844284 -1.747448
v -0.355527 0.844581 -1.739834
v -0.354780 0.868083 -1.727832
v -0.533952 0.844240 -1.708141
v -0.544649 0.868025 -1.698923
v -0.678937 0.842128 -1.650735
v -0.679649 0.864873 -1.635984
v -0.721713 0.840282 -1.609104
v -0.706193 0.863734 -1.610232
v -0.798859 0.841202 -1.098583
v -0.804756 0.815785 -1.104367
v -0.778316 0.855758 -1.401842
v -0.780495 0.832240 -1.446191
v -0.787658 0.851504 -1.316584
v -0.795560 0.826074 -1.317147
v -0.808588 0.810284 -0.992881
v -0.803591 0.835662 -0.984731
v -0.466937 0.844349 -1.722827
v -0.476082 0.868542 -1.709601
v -0.118638 0.844145 -1.751145
v -0.118330 0.868443 -1.741329
v -0.801027 0.821015 -1.209334
v -0.793599 0.846332 -1.206508
v -0.821264 0.697138 1.390063
v -0.829335 0.679158 1.376867
v -0.823018 0.645123 1.447688
v -0.813852 0.659230 1.467003
v -0.831553 0.698941 1.299972
v -0.824433 0.719495 1.306441
v -0.810237 0.592329 1.504340
v -0.801822 0.599165 1.526189
v -0.794740 0.524965 1.551478
v -0.790234 0.524836 1.570846
v -0.831408 0.710893 1.122339
v -0.825401 0.733258 1.115329
v -0.829585 0.717221 0.954065
v -0.826015 0.740399 0.955088
v -0.824921 0.728478 1.220745
v -0.831860 0.706861 1.220745
v -0.825383 0.746250 0.814504
v -0.828760 0.723244 0.813336
v -0.829720 0.727977 0.693465
v -0.825563 0.753379 0.694238
v -0.823138 0.768935 0.377372
v -0.827426 0.743476 0.376440
v -0.820697 0.784605 0.058161
v -0.825093 0.759057 0.057850
v -0.822742 0.774652 -0.260942
v -0.818259 0.800279 -0.261147
v -0.819448 0.786793 -0.514872
v -0.814988 0.812415 -0.512749
v -0.809939 0.822779 -0.727768
v -0.814520 0.797438 -0.733710
v -0.821452 0.656282 -1.063236
v -0.826889 0.645491 -1.067595
v -0.823606 0.610876 -0.996807
v -0.818245 0.620645 -0.990240
v -0.806949 0.540872 -1.517525
v -0.804847 0.547918 -1.527775
v -0.814986 0.598416 -1.475974
v -0.818846 0.591167 -1.466072
v -0.829102 0.665027 -1.143908
v -0.823940 0.676331 -1.141791
v -0.818321 0.561008 -0.935905
v -0.814298 0.566375 -0.929873
v -0.829312 0.664210 -1.309078
v -0.824240 0.675341 -1.312214
v -0.820079 0.647316 -1.398410
v -0.825454 0.637347 -1.392074
v -0.793778 0.484756 -1.566939
v -0.797363 0.479663 -1.555818
v -0.824079 0.682859 -1.222063
v -0.828798 0.671313 -1.222052
v -0.795444 0.603207 -1.545347
v -0.789751 0.633165 -1.546251
v -0.318457 0.592293 -1.809545
v -0.318457 0.600029 -1.807677
v -0.212881 0.600028 -1.811153
v -0.212881 0.592293 -1.813021
v -0.511041 0.592293 -1.797060
v -0.511041 0.600035 -1.795188
v -0.766608 0.600256 -1.637821
v -0.766400 0.592206 -1.641079
v -0.679810 0.600206 -1.736596
v -0.680550 0.592302 -1.737876
v -0.788788 0.592079 -1.579243
v -0.789222 0.600178 -1.574849
v -0.592842 0.592297 -1.777652
v -0.592437 0.600130 -1.776146
v -0.792356 0.600230 -1.563314
v -0.793043 0.593422 -1.563070
v -0.106438 0.600027 -1.812404
v -0.106438 0.592293 -1.814282
v -0.423852 0.600032 -1.801333
v -0.423852 0.592293 -1.803203
v -0.796462 0.336516 -1.564627
v -0.795369 0.344072 -1.563720
v -0.787772 0.337359 -1.602325
v -0.786498 0.349008 -1.600774
v -0.790393 0.366541 -1.562056
v -0.790270 0.378910 -1.560477
v -0.779035 0.370391 -1.597331
v -0.777647 0.382129 -1.595308
v -0.745099 0.340381 -1.680677
v -0.741716 0.353059 -1.676518
v -0.318457 0.346446 -1.803111
v -0.251589 0.367001 -1.787680
v -0.680145 0.354823 -1.737162
v -0.683428 0.342486 -1.742800
v -0.511041 0.344291 -1.803588
v -0.511041 0.355701 -1.798735
v -0.729862 0.385494 -1.659811
v -0.732279 0.372916 -1.664920
v -0.511041 0.371681 -1.786162
v -0.511041 0.383067 -1.781527
v -0.318457 0.375257 -1.787066
v -0.670936 0.374270 -1.721224
v -0.667933 0.386467 -1.716026
v -0.593861 0.355917 -1.780398
v -0.595222 0.343256 -1.785324
v -0.588965 0.385323 -1.761364
v -0.590444 0.372677 -1.766552
v -0.423852 0.380260 -1.787793
v -0.423852 0.367689 -1.794494
v -0.423852 0.357461 -1.804499
v -0.423852 0.345039 -1.811495
v -0.212881 0.458620 -1.802132
v -0.212881 0.444071 -1.799800
v -0.511041 0.444739 -1.785990
v -0.511041 0.459557 -1.786475
v -0.318457 0.443857 -1.796290
v -0.318457 0.458626 -1.797204
v -0.672901 0.447700 -1.724639
v -0.589816 0.443860 -1.766360
v -0.589899 0.458684 -1.766670
v -0.106438 0.458620 -1.802132
v -0.106438 0.444083 -1.799759
v -0.423852 0.458623 -1.792004
v -0.423852 0.443805 -1.791780
v -0.251589 0.349208 -1.792892
v -0.808372 0.583443 -0.884781
v -0.810472 0.643013 -0.882183
v -0.809158 0.712236 -1.039759
v -0.812632 0.684541 -1.051896
v -0.809530 0.677576 -0.963682
v -0.812023 0.647095 -0.974686
v -0.797482 0.638655 -1.512608
v -0.808712 0.616701 -1.491378
v -0.816177 0.705443 -1.136399
v -0.811056 0.735181 -1.128789
v -0.817391 0.703318 -1.318676
v -0.810402 0.732010 -1.330516
v -0.805616 0.693075 -1.425590
v -0.814239 0.668461 -1.409190
v -0.811229 0.744173 -1.220192
v -0.817729 0.713776 -1.222063
v -0.106438 0.362482 -1.787948
v -0.106438 0.354198 -1.786895
v -0.212881 0.352177 -1.786878
v -0.212881 0.360461 -1.787936
v -0.318457 0.357649 -1.796452
v -0.318457 0.362784 -1.793592
v -0.252827 0.358029 -1.790257
v -0.703180 0.665714 -1.661006
v -0.723413 0.541042 -1.689886
v -0.707449 0.647857 -1.671337
v -0.700749 0.708332 -1.654641
v -0.724674 0.618657 -1.690084
v -0.729992 0.566738 -1.695462
v -0.717652 0.633881 -1.679843
v -0.719294 0.495216 -1.688869
v -0.716483 0.283296 -1.701148
v -0.721309 0.312818 -1.708018
v -0.701868 0.686131 -1.658176
v -0.730351 0.592264 -1.695400
v -0.730415 0.600247 -1.693362
v -0.709848 0.373476 -1.691618
v -0.707188 0.385896 -1.686472
v -0.722532 0.341251 -1.709779
v -0.719191 0.353788 -1.705009
v -0.713888 0.440234 -1.688167
v -0.763594 0.309508 -1.643896
v -0.754175 0.280446 -1.641819
v -0.764014 0.427334 -1.620725
v -0.766920 0.339029 -1.643875
v -0.764309 0.351361 -1.640846
v -0.755581 0.371831 -1.632751
v -0.753610 0.384138 -1.628798
v -0.538772 0.439287 1.866517
v -0.544591 0.439287 1.869056
v -0.444019 0.469725 1.932776
v -0.444019 0.462681 1.925320
v -0.338391 0.469541 1.966972
v -0.338391 0.462770 1.959380
v -0.233919 0.469444 1.988961
v -0.232992 0.462858 1.981498
v -0.117060 0.462955 1.993759
v -0.117060 0.469463 2.001236
v -0.532417 0.460460 1.885179
v -0.533837 0.467762 1.895840
v -0.508649 0.382937 1.872354
v -0.518260 0.380087 1.876318
v -0.338391 0.309384 1.929162
v -0.338391 0.301435 1.936866
v -0.233368 0.288211 1.947295
v -0.233440 0.296272 1.939934
v -0.444019 0.337480 1.900659
v -0.444019 0.346707 1.894178
v -0.538049 0.409659 1.871328
v -0.529146 0.410324 1.868131
v -0.117060 0.334945 1.946074
v -0.117060 0.331386 1.949633
v -0.230314 0.331062 1.947295
v -0.233876 0.331031 1.943732
v -0.230339 0.334621 1.943736
v -0.230339 0.334621 1.925456
v -0.233854 0.331031 1.925456
v -0.751705 0.422259 1.651748
v -0.776780 0.471826 1.603457
v -0.285780 0.267271 1.948816
v -0.117060 0.398951 1.941795
v -0.228986 0.398742 1.935810
v -0.338391 0.401283 1.922377
v -0.444019 0.406514 1.893097
v -0.516463 0.412099 1.864579
vn 0.8469 -0.0365 -0.5305
vn 0.8960 -0.0204 -0.4435
vn 0.9003 0.0378 -0.4337
vn 0.8697 -0.0142 -0.4934
vn 0.9997 0.0001 -0.0264
vn 0.9995 -0.0212 -0.0221
vn 0.9996 0.0218 0.0159
vn 0.9664 0.1276 -0.2231
vn 0.9831 0.1552 -0.0974
vn 0.9809 0.1745 -0.0862
vn 0.9597 0.1925 -0.2045
vn 0.9904 -0.1349 0.0292
vn 0.9923 -0.0840 0.0911
vn 0.9876 -0.1452 0.0601
vn 0.9786 -0.1990 0.0531
vn 0.9382 0.2452 -0.2442
vn 0.9393 0.2051 -0.2750
vn 0.9168 0.2683 -0.2959
vn 0.9290 0.1323 -0.3456
vn 0.9379 0.2114 -0.2751
vn 0.9973 0.0677 0.0280
vn 0.9628 0.2702 0.0020
vn 0.9613 0.2652 -0.0753
vn 0.9738 0.2156 -0.0721
vn 0.9774 0.2116 -0.0001
vn 0.9314 -0.3613 -0.0442
vn 0.9427 -0.3334 -0.0114
vn 0.9923 -0.1159 -0.0443
vn 0.9690 -0.1943 -0.1524
vn 0.9106 -0.3391 -0.2363
vn 0.8429 -0.4846 -0.2339
vn 0.8499 -0.4412 -0.2882
vn 0.9000 -0.2979 -0.3181
vn 0.9908 0.1330 -0.0266
vn 0.9884 0.1509 -0.0147
vn 0.0653 0.0291 -0.9974
vn 0.0609 -0.2106 -0.9757
vn 0.0487 -0.2061 -0.9773
vn 0.0465 0.0291 -0.9985
vn 0.9961 -0.0803 0.0355
vn 0.9943 -0.0173 0.1054
vn 0.9893 0.1408 0.0383
vn 0.9758 0.2128 0.0507
vn 0.9764 0.1871 0.1078
vn 0.9903 0.1122 0.0817
vn 0.9257 -0.2115 0.3136
vn 0.9335 -0.1688 0.3163
vn 0.9056 -0.1826 0.3828
vn 0.8969 -0.2257 0.3803
vn 0.9769 -0.1346 -0.1661
vn 0.9925 -0.0966 -0.0754
vn 0.9855 -0.1327 -0.1061
vn 0.9791 -0.1345 -0.1528
vn 0.7265 -0.1677 -0.6664
vn 0.6967 -0.3177 -0.6432
vn 0.4733 -0.3561 -0.8057
vn 0.4967 -0.2013 -0.8442
vn 0.9845 -0.1534 -0.0845
vn 0.9789 -0.1794 -0.0973
vn 0.9785 -0.1932 -0.0720
vn 0.9837 -0.1718 -0.0530
vn 0.9220 0.3727 0.1055
vn 0.9389 0.3418 0.0410
vn 0.9277 0.3674 0.0658
vn 0.8989 0.4171 0.1340
vn 0.9577 0.0105 0.2875
vn 0.9155 0.1626 0.3679
vn 0.9250 0.1438 0.3516
vn 0.9737 0.2204 0.0575
vn 0.9636 0.2593 0.0650
vn 0.9641 0.2255 0.1405
vn 0.9778 0.1725 0.1189
vn 0.9966 0.0675 -0.0474
vn 0.9963 -0.0259 -0.0819
vn 0.9979 -0.0448 -0.0475
vn 0.9974 0.0674 -0.0266
vn 0.9538 -0.0570 0.2948
vn 0.9310 -0.0615 0.3598
vn 0.9562 -0.0692 0.2843
vn 0.9713 -0.0617 0.2297
vn 0.9025 0.2093 0.3763
vn 0.9133 0.1729 0.3687
vn 0.9758 -0.2185 0.0105
vn 0.9937 -0.1108 0.0149
vn 0.9988 -0.0369 -0.0330
vn 0.9918 -0.1249 -0.0252
vn 0.9930 -0.1155 -0.0256
vn 0.9989 -0.0342 -0.0323
vn 0.8797 -0.0411 0.4737
vn 0.9060 -0.0468 0.4208
vn 0.9110 -0.1346 0.3899
vn 0.8787 -0.1315 0.4589
vn 0.8963 0.2919 0.3338
vn 0.9027 0.3720 0.2164
vn 0.8820 0.4044 0.2421
vn 0.8890 0.3079 0.3388
vn 0.9610 0.2753 0.0246
vn 0.9541 0.2988 0.0226
vn 0.9615 0.2745 0.0112
vn 0.9728 0.2315 0.0111
vn 0.8717 -0.4901 -0.0036
vn 0.8436 -0.5366 0.0184
vn 0.9495 -0.3065 0.0667
vn 0.9900 -0.0846 -0.1127
vn 0.9915 -0.1126 -0.0646
vn -0.0000 -0.0000 -1.0000
vn -0.0000 -0.0181 -0.9998
vn 0.9403 0.3395 -0.0238
vn 0.8926 0.4498 -0.0295
vn 0.9091 0.4164 -0.0118
vn 0.9471 0.3205 -0.0140
vn 0.3137 -0.3494 -0.8829
vn 0.3255 -0.2013 -0.9239
vn 0.2191 0.1088 -0.9696
vn 0.1813 0.1104 -0.9772
vn 0.1787 0.2021 -0.9629
vn 0.9159 0.4013 0.0141
vn 0.9166 0.3995 0.0148
vn 0.9569 0.2905 0.0079
vn 0.9592 0.2826 0.0074
vn 0.1641 0.2158 -0.9626
vn 0.1058 0.1915 -0.9758
vn 0.1308 0.1036 -0.9860
vn 0.1778 0.1073 -0.9782
vn 0.9995 0.0286 -0.0100
vn 0.9980 -0.0587 -0.0221
vn 0.9273 0.3743 0.0041
vn 0.9566 0.2914 0.0089
vn 0.9832 -0.1239 -0.1342
vn 0.9909 -0.1306 -0.0330
vn 0.0553 -0.0000 -0.9985
vn 0.0551 0.0088 -0.9984
vn 0.0571 0.0012 -0.9984
vn 0.0597 -0.0000 -0.9982
vn 0.0127 0.1309 -0.9913
vn 0.0126 0.1093 -0.9939
vn -0.0000 0.1093 -0.9940
vn -0.0000 0.1308 -0.9914
vn 0.9904 -0.1380 0.0060
vn 0.9080 -0.4189 -0.0046
vn 0.8826 -0.4700 -0.0051
vn 0.9829 -0.1839 0.0022
vn 0.9575 0.2372 -0.1641
vn 0.9591 0.1872 -0.2123
vn 0.9571 0.1911 -0.2179
vn 0.9642 0.2105 -0.1612
vn 0.0410 0.5944 -0.8031
vn 0.0422 0.4178 -0.9075
vn 0.0209 0.4182 -0.9081
vn 0.0210 0.5663 -0.8239
vn 0.1403 -0.3480 -0.9269
vn 0.1474 -0.1985 -0.9690
vn 0.9802 -0.1977 0.0049
vn 0.9820 -0.1887 0.0039
vn 0.9928 -0.1200 0.0001
vn 0.9911 -0.1333 0.0003
vn -0.0010 -0.1456 -0.9893
vn 0.0145 -0.1392 -0.9902
vn 0.0014 -0.1340 -0.9910
vn -0.0012 -0.1414 -0.9900
vn 0.1470 -0.2484 -0.9574
vn 0.3228 -0.2189 -0.9208
vn 0.3074 -0.3304 -0.8924
vn 0.1317 -0.4083 -0.9033
vn -0.1139 -0.3574 -0.9270
vn -0.1410 -0.2832 -0.9486
vn -0.1495 -0.4749 -0.8673
vn -0.1220 -0.5215 -0.8445
vn 0.0058 -0.2572 -0.9664
vn 0.0080 -0.4606 -0.8876
vn 0.7708 -0.6370 -0.0088
vn 0.7390 -0.6737 -0.0089
vn 0.0338 0.1081 -0.9936
vn 0.0235 0.1087 -0.9938
vn 0.0241 0.1305 -0.9912
vn 0.0344 0.1301 -0.9909
vn 0.0126 0.0926 -0.9956
vn -0.0000 0.0928 -0.9957
vn 0.7026 -0.0950 -0.7053
vn 0.8100 -0.0757 -0.5815
vn 0.7860 -0.0083 -0.6182
vn 0.6867 -0.0245 -0.7265
vn 0.7899 -0.6132 -0.0086
vn 0.9068 -0.4215 -0.0069
vn 0.9148 -0.4039 -0.0068
vn 0.9843 -0.1767 0.0038
vn 0.9750 -0.2221 0.0069
vn 0.9786 -0.2057 0.0070
vn 0.9870 -0.1605 0.0044
vn -0.0040 -0.4035 -0.9150
vn -0.0053 -0.5522 -0.8337
vn 0.4440 0.0531 -0.8944
vn 0.4296 0.0701 -0.9003
vn 0.3629 0.0481 -0.9306
vn 0.3902 0.0591 -0.9188
vn 0.0225 0.0297 -0.9993
vn 0.0244 -0.1862 -0.9822
vn 0.0089 -0.1888 -0.9820
vn 0.0119 0.0309 -0.9995
vn 0.0246 0.1308 -0.9911
vn 0.0345 0.1305 -0.9908
vn 0.9978 -0.0663 -0.0030
vn 0.9972 -0.0751 -0.0001
vn 0.8767 0.1227 -0.4650
vn 0.9024 0.0909 -0.4213
vn 0.9359 0.1108 -0.3343
vn 0.9166 0.1515 -0.3700
vn 0.7136 -0.0575 -0.6982
vn 0.7163 -0.0644 -0.6948
vn 0.5203 -0.0322 -0.8534
vn 0.5064 -0.0237 -0.8620
vn 0.2597 0.0463 -0.9646
vn 0.2621 0.0693 -0.9626
vn 0.2264 0.0905 -0.9698
vn 0.2301 0.0607 -0.9713
vn 0.9585 0.0764 -0.2747
vn 0.9611 0.0676 -0.2680
vn 0.9487 0.0302 -0.3147
vn 0.9560 0.0022 -0.2934
vn 0.3297 0.0134 -0.9440
vn 0.5091 0.0177 -0.8605
vn 0.8132 0.0010 -0.5820
vn 0.8683 -0.0512 -0.4933
vn 0.8720 -0.2156 -0.4394
vn 0.8801 0.0129 -0.4746
vn 0.9357 -0.0566 -0.3483
vn 0.1125 0.6467 -0.7544
vn 0.1326 0.4039 -0.9051
vn 0.0588 0.4175 -0.9068
vn 0.0547 0.6249 -0.7788
vn -0.1582 0.0961 -0.9827
vn -0.1077 0.1653 -0.9803
vn 0.0015 0.1785 -0.9839
vn 0.1562 0.1155 -0.9810
vn 0.0107 0.5514 -0.8342
vn 0.1259 0.5514 -0.8247
vn 0.1266 0.5522 -0.8241
vn 0.0054 0.5647 -0.8253
vn 0.2635 0.1702 -0.9495
vn 0.2205 0.2669 -0.9382
vn 0.9977 0.0683 0.0003
vn 0.9942 0.1040 0.0276
vn 0.3488 -0.0074 -0.9372
vn 0.3415 -0.0055 -0.9399
vn 0.2044 0.8057 -0.5559
vn 0.1438 0.8240 -0.5480
vn 0.1975 0.7894 -0.5813
vn 0.0297 -0.0125 -0.9995
vn 0.0316 -0.0000 -0.9995
vn 0.8391 -0.0694 -0.5395
vn 0.1476 0.0061 -0.9890
vn 0.1496 0.0025 -0.9888
vn 0.0551 0.0044 -0.9985
vn 0.3489 -0.0131 -0.9371
vn 0.0057 -0.3355 -0.9420
vn -0.0000 -0.3544 -0.9351
vn -0.0000 -0.1994 -0.9799
vn 0.0556 -0.3717 -0.9267
vn 0.0494 -0.3637 -0.9302
vn 0.9261 0.2560 -0.2772
vn 0.9698 0.1198 -0.2124
vn 0.9184 0.2176 -0.3304
vn -0.0435 0.5060 -0.8614
vn 0.0161 -0.0376 -0.9992
vn 0.0373 0.0086 -0.9993
vn 0.9427 0.1441 -0.3010
vn 0.9516 0.1130 -0.2857
vn 0.6575 0.0833 -0.7489
vn 0.6418 0.1471 -0.7526
vn 0.6127 0.3249 -0.7205
vn 0.5403 0.4987 -0.6778
vn 0.3615 0.4066 -0.8390
vn 0.3928 0.2706 -0.8789
vn 0.8701 0.2720 -0.4110
vn 0.8537 0.3203 -0.4106
vn 0.0257 -0.3298 -0.9437
vn 0.1152 0.5344 -0.8374
vn 0.0822 0.6893 -0.7198
vn 0.0743 0.5591 -0.8258
vn 0.0883 0.4252 -0.9008
vn 0.3114 0.3562 -0.8810
vn 0.3346 0.2365 -0.9122
vn -0.0031 0.4352 -0.9003
vn -0.0007 0.5661 -0.8243
vn -0.0000 0.6393 -0.7690
vn -0.0000 0.4470 -0.8945
vn -0.0791 0.3569 -0.9308
vn -0.0269 -0.0968 -0.9949
vn 0.1506 0.0229 -0.9883
vn 0.9995 0.0072 -0.0307
vn 0.9996 0.0037 -0.0293
vn 0.9538 0.2711 0.1294
vn 0.9566 0.2832 0.0692
vn 0.9790 0.1962 0.0547
vn 0.9826 0.1665 0.0818
vn 0.9827 0.1407 -0.1208
vn 0.9682 0.2014 -0.1486
vn 0.9732 0.2213 -0.0617
vn 0.9880 0.1474 -0.0453
vn 0.9782 -0.0158 -0.2069
vn 0.9783 0.0498 -0.2010
vn 0.9836 0.0395 -0.1758
vn 0.9805 -0.0358 -0.1934
vn 0.9881 0.1537 0.0012
vn 0.9747 0.2235 0.0008
vn 0.9909 0.0690 0.1154
vn 0.9785 0.1362 0.1548
vn 0.9900 0.0491 0.1326
vn 0.9961 0.0020 0.0881
vn 0.9778 -0.1558 -0.1398
vn 0.9989 0.0459 -0.0030
vn 0.9996 -0.0268 -0.0027
vn 1.0000 -0.0048 -0.0026
vn 0.9981 0.0612 -0.0043
vn 0.0445 -0.0753 -0.9962
vn 0.1531 -0.0633 -0.9862
vn 0.1531 0.0121 -0.9881
vn 0.3621 -0.0903 -0.9278
vn 0.3722 -0.0113 -0.9281
vn 0.0315 0.4728 -0.8806
vn 0.0295 0.4071 -0.9129
vn 0.2917 0.5645 -0.7722
vn 0.3024 0.5675 -0.7658
vn 0.4303 0.5850 -0.6875
vn 0.4260 0.5849 -0.6902
vn 0.5276 -0.0867 -0.8451
vn 0.5314 -0.0269 -0.8467
vn 0.0273 0.2527 -0.9672
vn 0.3373 0.0806 -0.9379
vn 0.9431 0.2472 -0.2226
vn 0.8812 0.3120 -0.3551
vn 0.8709 0.3070 -0.3838
vn 0.9394 0.2277 -0.2562
vn 0.9765 0.1418 -0.1624
vn 0.9642 0.1855 -0.1896
vn 0.4910 -0.2037 -0.8470
vn 0.4717 -0.3041 -0.8277
vn 0.4768 0.6841 -0.5521
vn 0.5020 0.6701 -0.5468
vn 0.2767 0.7758 -0.5671
vn 0.2614 0.7685 -0.5840
vn 0.5702 0.5678 -0.5937
vn 0.6966 0.5027 -0.5119
vn 0.7112 0.5000 -0.4942
vn 0.5808 0.5682 -0.5830
vn 0.9859 -0.1670 0.0074
vn 0.9923 -0.1198 0.0323
vn 0.9805 -0.1962 -0.0122
vn 0.9792 -0.2026 -0.0105
vn 0.8153 0.5487 -0.1850
vn 0.8638 0.4794 -0.1552
vn 0.8303 0.5157 -0.2115
vn 0.9596 0.0981 -0.2636
vn 0.9539 0.1474 -0.2613
vn 0.0250 -0.0615 -0.9978
vn -0.0001 -0.0784 -0.9969
vn 0.0118 0.5450 -0.8384
vn 0.0107 0.4184 -0.9082
vn -0.0000 0.4185 -0.9082
vn -0.0000 0.5357 -0.8444
vn 0.8759 0.3504 -0.3318
vn 0.8629 0.2475 -0.4406
vn 0.8147 0.3714 -0.4453
vn 0.9411 0.0650 -0.3319
vn 0.0516 0.7369 -0.6740
vn 0.0405 0.6936 -0.7192
vn 0.0133 0.6100 -0.7923
vn -0.0000 0.5923 -0.8057
vn 0.8525 0.4060 -0.3293
vn 0.7348 0.5195 -0.4361
vn 0.7321 0.5307 -0.4271
vn 0.9255 0.2703 -0.2653
vn 0.7750 0.2992 -0.5566
vn 0.7313 0.4497 -0.5128
vn 0.2537 0.5335 -0.8069
vn 0.2072 0.7840 -0.5851
vn 0.1578 0.6466 -0.7464
vn 0.3016 0.3674 -0.8798
vn 0.2371 0.6723 -0.7013
vn 0.3764 0.6312 -0.6782
vn 0.4799 0.3325 -0.8119
vn 0.4782 0.6403 -0.6011
vn 0.5971 0.6421 -0.4808
vn 0.6166 0.6073 -0.5011
vn 0.4396 0.5810 -0.6850
vn 0.5393 0.3117 -0.7823
vn 0.5743 0.1355 -0.8073
vn 0.3460 0.1474 -0.9266
vn 0.3563 0.2802 -0.8914
vn 0.0214 0.4924 -0.8701
vn -0.0000 0.4849 -0.8746
vn -0.0000 0.6112 -0.7915
vn 0.0247 0.6166 -0.7869
vn 0.8719 0.4331 -0.2286
vn 0.8922 0.2852 -0.3502
vn 0.8748 0.3647 -0.3188
vn 0.8950 0.4402 -0.0718
vn 0.8694 0.4907 -0.0577
vn 0.9328 0.3562 -0.0551
vn 0.9115 0.4054 -0.0686
vn 0.7452 0.4980 -0.4434
vn 0.5286 0.4656 -0.7098
vn 0.2415 0.7405 -0.6271
vn 0.2789 0.7624 -0.5840
vn 0.2683 0.6535 -0.7078
vn 0.2464 0.0342 -0.9686
vn 0.2280 0.0428 -0.9727
vn 0.0127 0.1310 -0.9913
vn -0.0000 0.1309 -0.9914
vn 0.6109 0.0799 -0.7877
vn 0.2597 0.0313 -0.9652
vn 0.0269 0.0992 -0.9947
vn 0.0354 0.0986 -0.9945
vn 0.0374 0.0927 -0.9950
vn 0.1606 0.0317 -0.9865
vn 0.0221 0.0910 -0.9956
vn 0.0320 0.0883 -0.9956
vn 0.0326 0.0866 -0.9957
vn 0.0122 0.0921 -0.9957
vn -0.0007 0.2162 -0.9763
vn 0.8083 0.1786 -0.5611
vn 0.7652 0.3741 -0.5239
vn 0.0161 0.0926 -0.9956
vn 0.0126 0.0935 -0.9955
vn 0.8840 0.4130 -0.2190
vn 0.8344 0.4673 -0.2922
vn 0.9412 0.3317 -0.0639
vn 0.9069 0.4134 -0.0813
vn 0.9291 0.3533 -0.1093
vn 0.7453 0.5874 -0.3154
vn 0.8735 0.4569 0.1681
vn 0.8926 0.4367 0.1120
vn 0.7721 0.6170 0.1520
vn 0.7698 0.6057 0.2015
vn 0.2578 0.1049 -0.9605
vn 0.2583 0.1909 -0.9470
vn -0.0000 0.9603 0.2788
vn 0.0278 0.9481 0.3168
vn 0.0666 0.9384 0.3391
vn 0.9609 0.2768 0.0059
vn 0.9980 0.0632 0.0039
vn 0.7277 0.6148 -0.3039
vn 0.9892 -0.1463 0.0048
vn 0.9907 -0.1363 0.0050
vn 0.9990 -0.0439 0.0023
vn 0.9984 -0.0561 0.0020
vn 0.8754 0.4152 0.2476
vn 0.8137 0.5198 0.2600
vn -0.0000 0.6604 -0.7509
vn 0.0260 0.6647 -0.7466
vn 0.9046 0.2971 0.3057
vn 0.9084 0.3092 0.2814
vn 0.2784 0.7677 -0.5772
vn 0.2606 0.7713 -0.5807
vn 0.7761 0.6062 -0.1738
vn 0.8030 0.5887 -0.0924
vn 0.7911 0.6004 -0.1167
vn 0.7704 0.6105 -0.1839
vn 0.0031 0.0679 -0.9977
vn 0.0054 0.1116 -0.9937
vn 0.0091 0.1153 -0.9933
vn 0.0053 0.0701 -0.9975
vn 0.7928 0.1413 -0.5928
vn 0.9017 0.0426 -0.4302
vn 0.9245 0.3732 -0.0775
vn 0.3974 0.4176 -0.8171
vn 0.2937 0.6264 -0.7220
vn 0.5892 0.0829 -0.8037
vn 0.3608 0.0926 -0.9280
vn 0.8226 0.1518 -0.5480
vn 0.2572 0.0993 -0.9612
vn 0.0517 0.5139 -0.8563
vn 0.0560 0.6305 -0.7742
vn 0.2643 0.2505 -0.9314
vn 0.8789 0.4527 -0.1502
vn 0.8802 0.4494 -0.1524
vn 0.7775 0.5880 -0.2233
vn 0.9722 0.2238 -0.0684
vn 0.9755 0.1828 -0.1227
vn 0.2998 0.4856 -0.8212
vn 0.2875 0.3451 -0.8934
vn 0.1297 -0.0017 -0.9916
vn 0.9533 0.2870 -0.0942
vn 0.9926 -0.0978 0.0719
vn 0.9980 -0.0497 0.0397
vn 0.9521 0.3058 -0.0040
vn 0.9908 0.1102 -0.0789
vn 0.9911 0.1198 -0.0577
vn 0.9134 0.4071 -0.0071
vn 0.9548 0.2970 -0.0129
vn 0.9970 -0.0776 0.0014
vn 0.9947 -0.1025 0.0005
vn 0.9752 -0.2214 0.0076
vn 0.9732 -0.2298 0.0042
vn 0.9987 -0.0506 -0.0036
vn 0.9979 0.0597 -0.0233
vn 0.9978 0.0621 -0.0232
vn 0.9761 -0.2173 0.0094
vn 0.9808 -0.1948 0.0094
vn 1.0000 0.0083 -0.0029
vn 0.9974 0.0712 -0.0058
vn 0.9798 -0.1999 -0.0001
vn 0.9791 -0.2032 0.0033
vn 0.9579 0.2807 0.0609
vn 0.9544 0.2850 0.0889
vn 0.8776 0.4792 0.0150
vn 0.8853 0.4648 0.0153
vn 0.9181 0.3962 0.0121
vn 0.9162 0.4007 0.0110
vn 0.9835 -0.1805 -0.0115
vn 0.9728 -0.2315 0.0057
vn 0.9963 -0.0860 0.0045
vn 0.8914 -0.4531 -0.0072
vn 0.9376 -0.3477 -0.0040
vn 0.9972 -0.0754 -0.0029
vn 0.9999 -0.0109 -0.0063
vn 0.9999 -0.0094 0.0121
vn 0.9992 0.0381 0.0103
vn 0.9995 0.0266 0.0164
vn 0.9982 -0.0586 0.0104
vn 0.8680 -0.4965 -0.0076
vn 0.9247 -0.3806 -0.0043
vn 0.9999 -0.0120 0.0079
vn 0.9895 -0.1273 -0.0685
vn 0.9869 -0.1422 -0.0760
vn 0.9883 -0.1315 -0.0773
vn 0.8370 -0.5472 -0.0080
vn 0.9961 -0.0876 0.0067
vn 0.9999 0.0020 0.0161
vn 0.9999 -0.0100 0.0109
vn 0.9490 -0.3081 -0.0670
vn 0.9728 -0.2307 -0.0206
vn 0.1437 0.7724 -0.6186
vn 0.1807 0.7590 -0.6255
vn 0.0223 0.6480 -0.7614
vn 0.9624 0.2715 0.0053
vn 0.9649 0.2624 0.0027
vn 0.9995 0.0304 -0.0039
vn 0.9998 0.0202 -0.0018
vn 0.9627 0.1378 0.2330
vn 0.9767 0.0842 0.1976
vn 0.9972 0.0708 -0.0232
vn 0.9873 0.1580 -0.0186
vn 0.9827 0.1848 -0.0096
vn 0.9666 0.2559 0.0157
vn 0.9734 0.2288 0.0107
vn 0.9099 0.4131 -0.0373
vn 0.9955 0.0135 -0.0940
vn 0.9941 0.0953 -0.0510
vn 0.9844 0.1737 0.0282
vn 0.9773 0.2085 0.0384
vn 0.9560 0.2865 0.0626
vn 0.9764 -0.0667 -0.2056
vn 0.8904 0.4549 0.0170
vn 0.9026 0.4300 0.0205
vn 0.9099 0.4148 0.0037
vn 0.9329 0.3600 0.0120
vn 0.8801 0.4731 -0.0412
vn 0.9357 0.3514 -0.0322
vn 0.9997 0.0109 0.0209
vn 0.2154 0.2064 -0.9545
vn 0.1653 0.3278 -0.9302
vn 0.9704 -0.2371 -0.0459
vn 0.9066 0.4123 0.0900
vn 0.7992 0.5877 0.1259
vn 0.9773 -0.2118 -0.0038
vn 0.4012 0.0851 -0.9120
vn 0.1177 0.6674 -0.7353
vn 0.1591 0.6238 -0.7652
vn -0.0000 0.1361 -0.9907
vn 0.1855 0.0353 -0.9820
vn 0.2345 0.0697 -0.9696
vn 0.1658 0.1137 -0.9796
vn 0.1178 0.2400 -0.9636
vn 0.2233 0.0182 -0.9746
vn 0.1259 0.5085 -0.8518
vn 0.0934 0.5286 -0.8437
vn 0.0886 0.6478 -0.7566
vn 0.1390 0.4551 -0.8795
vn 0.1964 0.7826 -0.5908
vn 0.1034 0.7512 -0.6519
vn 0.1489 0.8114 -0.5652
vn 0.7411 0.0373 -0.6704
vn 0.0957 0.7788 -0.6199
vn 0.9404 -0.0610 -0.3346
vn 0.9344 -0.1388 -0.3280
vn 0.9731 0.1287 -0.1910
vn 0.6256 0.5007 -0.5983
vn 0.7136 0.2865 -0.6393
vn 0.3419 -0.1802 0.9223
vn 0.3410 -0.1212 0.9322
vn 0.2875 -0.1151 0.9508
vn 0.2850 -0.2181 0.9334
vn 0.0651 0.2570 0.9642
vn 0.2286 0.2786 0.9328
vn 0.2252 0.2058 0.9523
vn 0.2020 -0.1555 0.9670
vn 0.1920 -0.2841 0.9394
vn 0.9711 -0.0291 0.2369
vn 0.9626 0.0147 0.2704
vn 0.9647 -0.0443 0.2596
vn 0.9689 -0.0799 0.2342
vn 0.9166 0.1901 0.3517
vn 0.9233 0.1599 0.3492
vn 0.7014 0.5431 0.4616
vn 0.6355 0.6384 0.4342
vn 0.4013 0.7963 0.4525
vn 0.4803 0.6955 0.5344
vn 0.0120 -0.0000 0.9999
vn 0.0121 0.0002 0.9999
vn -0.0000 -0.0000 1.0000
vn -0.0313 0.8351 0.5492
vn -0.0672 0.8298 0.5539
vn -0.1118 0.9001 0.4210
vn -0.0403 0.8939 0.4465
vn 0.6213 -0.1686 0.7652
vn 0.6201 -0.1148 0.7761
vn 0.4658 -0.0959 0.8797
vn 0.4641 -0.1434 0.8741
vn 0.8848 0.0393 0.4643
vn 0.8819 -0.0193 0.4711
vn 0.7752 -0.0586 0.6290
vn 0.7643 0.0524 0.6427
vn 0.0600 0.1554 0.9860
vn 0.2136 0.1106 0.9706
vn 0.0127 0.0760 0.9970
vn -0.0000 0.0761 0.9971
vn 0.9338 -0.0339 0.3563
vn 0.9650 -0.0803 0.2496
vn 0.9579 -0.0468 0.2834
vn 0.9574 0.1785 0.2271
vn 0.9116 0.2277 0.3422
vn 0.9125 0.2388 0.3321
vn 0.9501 0.1996 0.2396
vn 0.4249 -0.2377 0.8735
vn 0.4328 -0.1894 0.8814
vn 0.4764 -0.3891 0.7884
vn 0.2561 0.7323 0.6310
vn 0.2151 0.8158 0.5368
vn 0.1561 0.8842 0.4403
vn 0.2294 0.7268 0.6474
vn 0.2419 0.4464 0.8615
vn 0.3031 0.4003 0.8648
vn 0.2976 0.4936 0.8172
vn 0.2613 0.5660 0.7819
vn 0.1520 -0.1698 0.9737
vn 0.1409 -0.4002 0.9055
vn 0.2411 -0.3801 0.8929
vn 0.2600 -0.1537 0.9533
vn 0.7848 0.4142 0.4611
vn 0.8991 0.1865 0.3961
vn 0.8716 0.2973 0.3897
vn 0.7535 0.4697 0.4600
vn 0.1235 0.6527 0.7475
vn 0.0374 0.9757 0.2161
vn 0.0142 0.9815 0.1911
vn 0.0559 0.6106 0.7900
vn 0.1961 0.7003 0.6864
vn 0.0861 0.9521 0.2934
vn 0.2388 0.8303 0.5036
vn 0.2891 0.7395 0.6080
vn 0.5338 0.8297 0.1632
vn 0.6142 0.7763 0.1418
vn 0.6973 0.7074 0.1155
vn 0.6271 0.7682 0.1291
vn 0.4132 0.8774 0.2437
vn 0.4344 0.8776 0.2027
vn 0.2577 0.9415 0.2172
vn 0.2264 0.9417 0.2489
vn 0.2439 0.6013 0.7609
vn 0.2321 0.4789 0.8466
vn 0.9152 0.2951 0.2745
vn 0.7728 0.5618 0.2952
vn 0.7775 0.5514 0.3024
vn 0.5053 0.8434 0.1828
vn 0.3294 0.9220 0.2034
vn 0.8184 0.5640 0.1097
vn 0.9185 0.3879 0.0773
vn 0.9263 0.3701 0.0710
vn 0.8328 0.5449 0.0973
vn 0.5427 0.8223 0.1710
vn 0.9638 0.2665 0.0029
vn 0.9110 0.4122 -0.0106
vn 0.9615 0.2746 -0.0144
vn 0.9807 0.1259 0.1495
vn 0.9687 0.1898 0.1601
vn 0.9935 0.0865 0.0736
vn 0.9995 0.0311 -0.0069
vn 0.8951 0.4449 -0.0286
vn 0.9020 0.4317 -0.0059
vn 0.9685 0.0848 -0.2340
vn -0.0034 0.8426 -0.5385
vn -0.0230 0.8511 -0.5245
vn -0.0542 0.8693 -0.4913
vn 0.3914 0.8515 0.3489
vn 0.4244 0.8432 0.3299
vn 0.1937 0.9254 0.3257
vn 0.1654 0.9263 0.3385
vn 0.4294 0.8544 0.2925
vn 0.2165 0.9317 0.2917
vn 0.1426 0.7842 0.6039
vn 0.2043 0.7934 0.5734
vn 0.1761 0.8686 0.4632
vn 0.1128 0.8755 0.4699
vn 0.2407 0.9172 0.3176
vn 0.2245 0.9076 0.3549
vn 0.1727 0.9248 0.3390
vn 0.1963 0.9297 0.3115
vn 0.3137 0.8745 0.3699
vn 0.1576 0.9642 0.2132
vn 0.1322 0.9669 0.2183
vn 0.2389 0.9268 0.2898
vn 0.0444 0.5915 0.8051
vn 0.0466 0.4367 0.8984
vn 0.0996 0.4394 0.8928
vn 0.0926 0.6017 0.7933
vn 0.1397 0.3470 0.9274
vn 0.1332 0.2911 0.9474
vn 0.1440 0.2519 0.9570
vn 0.0404 0.7654 0.6422
vn 0.0818 0.7762 0.6251
vn 0.0218 0.9653 0.2604
vn 0.0220 0.9520 0.3053
vn 0.0405 0.9509 0.3068
vn 0.0424 0.9670 0.2513
vn 0.3675 0.3196 0.8734
vn 0.3183 0.3255 0.8904
vn 0.0347 0.9469 0.3196
vn 0.0283 0.9617 0.2725
vn 0.0593 0.9614 0.2687
vn 0.0790 0.9382 0.3370
vn 0.3983 -0.0804 0.9137
vn 0.3392 -0.0766 0.9376
vn 0.0282 0.9249 0.3792
vn 0.0520 0.9231 0.3810
vn 0.4076 0.0289 0.9127
vn 0.3723 0.1106 0.9215
vn 0.5107 0.1623 0.8443
vn 0.5165 0.0189 0.8561
vn 0.0339 0.8819 0.4702
vn 0.0658 0.8806 0.4693
vn 0.1241 0.9674 0.2207
vn 0.2031 0.9460 0.2525
vn 0.1424 0.9646 0.2220
vn 0.1522 0.9642 0.2172
vn 0.1723 0.9633 0.2060
vn 0.2011 0.9511 0.2344
vn 0.1792 0.9524 0.2466
vn 0.1812 0.9568 0.2272
vn 0.1690 0.9654 0.1987
vn 0.1335 0.9711 0.1978
vn 0.1307 0.9644 0.2298
vn 0.2351 0.9208 0.3113
vn 0.3335 0.8251 0.4561
vn 0.2293 0.8808 0.4142
vn 0.1985 0.9211 0.3349
vn 0.4216 0.7780 0.4658
vn 0.2681 0.2064 0.9410
vn 0.2646 0.2952 0.9181
vn 0.2597 0.3162 0.9124
vn 0.2564 0.2161 0.9421
vn 0.5630 0.6218 0.5445
vn 0.5511 0.6157 0.5632
vn 0.5737 0.5600 0.5978
vn 0.5702 0.5632 0.5981
vn 0.8189 -0.0053 0.5738
vn 0.8954 0.1314 0.4254
vn 0.8642 0.1260 0.4871
vn 0.5380 0.5768 0.6146
vn 0.5691 0.5098 0.6451
vn 0.8081 0.0040 0.5890
vn 0.9199 -0.0713 0.3857
vn 0.9153 -0.0862 0.3935
vn 0.9165 -0.0758 0.3927
vn 0.9058 0.1619 0.3916
vn -0.0000 -0.0959 0.9954
vn -0.0000 -0.1628 0.9867
vn 0.0716 -0.1683 0.9831
vn 0.0705 -0.1014 0.9923
vn 0.9078 0.1901 0.3737
vn 0.9173 -0.0039 0.3983
vn 0.8722 0.1850 0.4528
vn 0.8936 -0.0234 0.4482
vn 0.7754 0.0432 0.6299
vn 0.7504 0.1490 0.6440
vn -0.0000 0.9827 0.1850
vn -0.0000 0.5938 0.8046
vn 0.6467 0.0940 0.7570
vn 0.6336 -0.0493 0.7721
vn 0.2533 0.3026 0.9188
vn 0.0633 -0.9782 0.1978
vn 0.0441 -0.9850 0.1670
vn -0.0008 -1.0000 -0.0000
vn -0.0108 -0.9999 -0.0000
vn 0.4445 -0.4138 0.7945
vn 0.4490 -0.3470 0.8234
vn 0.6279 -0.1129 0.7701
vn 0.7899 -0.1147 0.6025
vn 0.7850 -0.1473 0.6017
vn 0.6296 -0.1284 0.7662
vn 0.2580 -0.2363 0.9368
vn 0.4268 -0.0477 0.9031
vn 0.4339 -0.1665 0.8855
vn 0.3358 -0.1268 0.9334
vn 0.1974 0.0005 0.9803
vn 0.4133 0.0733 0.9076
vn 0.1751 0.1632 0.9709
vn 0.2688 -0.0686 0.9607
vn 0.2866 0.4226 0.8598
vn 0.1755 0.6107 0.7721
vn 0.1414 0.4360 0.8888
vn -0.0072 -1.0000 -0.0000
vn -0.0000 -1.0000 -0.0000
vn -0.0000 1.0000 -0.0000
vn 0.9230 0.1404 0.3582
vn 0.8512 0.1232 0.5103
vn 0.1319 0.4407 0.8879
vn -0.0000 0.9818 0.1901
vn 0.0059 0.9836 0.1804
vn 0.0007 1.0000 -0.0000
vn -0.0728 0.1523 0.9857
vn 0.4803 -0.0859 0.8729
vn -0.3283 0.1536 0.9320
vn 0.3178 0.0713 0.9455
vn 0.3261 0.0433 0.9443
vn 0.3169 -0.3730 0.8720
vn 0.3379 -0.1418 0.9304
vn 0.4947 -0.1041 0.8628
vn 0.4878 -0.1153 0.8653
vn 0.4784 -0.0875 0.8738
vn 0.2168 0.0740 0.9734
vn 0.0680 -0.3992 0.9143
vn -0.0000 -0.3951 0.9187
vn 0.3486 -0.0634 0.9351
vn 0.4499 -0.0708 0.8902
vn 0.0581 0.0012 0.9983
vn 0.0617 0.0764 0.9952
vn 0.1467 -0.1054 0.9835
vn 0.1408 -0.1439 0.9795
vn 0.1905 -0.1517 0.9699
vn 0.0322 -0.1694 0.9850
vn 0.0906 -0.1590 0.9831
vn 0.0930 -0.1422 0.9855
vn 0.0355 -0.1570 0.9870
vn 0.3643 -0.1088 0.9249
vn 0.3009 -0.1203 0.9460
vn 0.2923 -0.1436 0.9455
vn 0.3628 -0.1222 0.9238
vn 0.0389 -0.1445 0.9887
vn -0.0000 -0.1523 0.9883
vn -0.0000 -0.1626 0.9867
vn 0.1964 -0.0992 0.9755
vn 0.0967 -0.1199 0.9881
vn 0.1952 -0.1298 0.9721
vn -0.0000 -0.1729 0.9849
vn 0.1453 0.4721 0.8695
vn 0.2174 0.4563 0.8628
vn 0.7866 -0.0362 0.6163
vn 0.1029 0.9601 0.2600
vn 0.1420 0.9185 0.3692
vn 0.1544 -0.1031 0.9826
vn 0.2643 -0.0895 0.9603
vn 0.0051 1.0000 -0.0000
vn -0.0192 0.9998 -0.0000
vn 0.1447 0.9310 0.3351
vn 0.1610 0.9390 0.3039
vn 0.0597 0.8980 0.4359
vn 0.0975 0.8963 0.4326
vn 0.0913 0.9135 0.3965
vn 0.0588 0.9139 0.4017
vn -0.0817 0.8818 -0.4645
vn -0.1187 0.8940 -0.4320
vn -0.3790 -0.5053 0.7753
vn 0.1343 0.8536 0.5034
vn 0.1848 0.8407 0.5091
vn 0.1845 0.8408 0.5090
vn 0.1343 0.8536 0.5033
vn 0.1150 0.8686 0.4820
vn 0.1643 0.8598 0.4836
vn 0.1503 0.8743 0.4616
vn 0.1065 0.8788 0.4651
vn 0.1445 0.8849 0.4429
vn 0.1018 0.8867 0.4509
vn 0.1470 0.8953 0.4205
vn 0.7534 0.6072 0.2523
vn 0.7902 0.5700 0.2251
vn 0.7629 0.6026 0.2342
vn 0.7200 0.6423 0.2629
vn 0.5895 0.7668 0.2541
vn 0.6469 0.7303 0.2193
vn 0.6336 0.7528 0.1786
vn 0.5778 0.7876 0.2138
vn 0.6435 0.7569 0.1140
vn 0.6066 0.7820 0.1432
vn -0.0000 0.8614 0.5079
vn 0.0724 0.8599 0.5052
vn -0.0000 0.8759 0.4825
vn 0.0689 0.8740 0.4811
vn 0.0670 0.8812 0.4679
vn -0.0000 0.8827 0.4699
vn 0.0630 0.8894 0.4528
vn -0.0000 0.8914 0.4533
vn 0.0384 0.8983 0.4378
vn 0.0388 0.8966 0.4412
vn -0.0000 0.8973 0.4415
vn 0.2089 0.8310 0.5156
vn 0.2090 0.8310 0.5156
vn 0.1954 0.8542 0.4819
vn 0.1837 0.8697 0.4582
vn 0.1791 0.8844 0.4310
vn 0.4148 0.7991 0.4352
vn 0.3883 0.8172 0.4260
vn 0.7045 0.6673 0.2418
vn 0.6517 0.7076 0.2732
vn 0.3478 0.8632 0.3659
vn 0.3291 0.8858 0.3270
vn 0.3292 0.8858 0.3270
vn -0.3394 0.8371 -0.4292
vn -0.4623 0.8062 -0.3692
vn -0.3393 0.8371 -0.4292
vn -0.2444 0.8622 -0.4438
vn -0.1954 0.8815 -0.4298
vn -0.0000 0.3730 0.9278
vn 0.0648 0.3400 0.9382
vn 0.0651 0.3398 0.9383
vn -0.1647 0.8954 -0.4136
vn 0.0308 0.9911 -0.1297
vn 0.0623 0.9899 -0.1272
vn 0.0594 0.9857 -0.1577
vn 0.0301 0.9864 -0.1616
vn 0.0583 0.9978 0.0311
vn 0.0964 0.9948 0.0315
vn 0.0939 0.9955 -0.0163
vn 0.0559 0.9983 -0.0158
vn 0.1421 0.9894 0.0300
vn 0.1394 0.9901 -0.0166
vn -0.0000 0.9914 -0.1305
vn -0.0000 0.9867 -0.1627
vn 0.3572 0.9339 0.0183
vn 0.3572 0.9338 0.0182
vn 0.3772 0.9260 -0.0160
vn 0.3772 0.9260 -0.0158
vn 0.0267 0.9992 0.0298
vn 0.0269 0.9995 -0.0143
vn 0.0293 0.9895 0.1418
vn 0.0706 0.9879 0.1384
vn 0.0649 0.9947 0.0801
vn 0.0286 0.9964 0.0797
vn 0.2880 0.9496 0.1235
vn 0.3144 0.9473 0.0608
vn -0.0000 0.9996 0.0298
vn -0.0000 0.9999 -0.0133
vn 0.1126 0.9842 0.1369
vn 0.1589 0.9778 0.1363
vn 0.1453 0.9863 0.0780
vn 0.1018 0.9915 0.0805
vn 0.0943 0.9941 -0.0535
vn 0.0594 0.9969 -0.0512
vn 0.1362 0.9892 -0.0533
vn -0.0000 0.9897 0.1429
vn -0.0000 0.9968 0.0801
vn 0.3802 0.9236 -0.0497
vn 0.3802 0.9236 -0.0498
vn 0.0297 0.9984 -0.0486
vn 0.6195 0.7824 0.0639
vn 0.6297 0.7717 0.0891
vn 0.6745 0.7349 0.0703
vn 0.6828 0.7288 0.0513
vn 0.5948 0.8038 0.0060
vn 0.6026 0.7974 0.0318
vn 0.6746 0.7378 0.0246
vn 0.6653 0.7466 0.0039
vn 0.5870 0.8019 -0.1109
vn 0.5504 0.8309 -0.0817
vn 0.5706 0.8173 -0.0800
vn 0.6077 0.7858 -0.1150
vn 0.0992 0.3459 -0.9330
vn 0.0919 0.9880 -0.1240
vn 0.1392 0.9828 -0.1213
vn 0.1170 0.9815 -0.1516
vn 0.0902 0.9841 -0.1532
vn 0.3719 0.9242 -0.0863
vn 0.3719 0.9243 -0.0864
vn 0.7247 0.6880 0.0384
vn 0.7192 0.6930 0.0499
vn 0.7191 0.6931 0.0499
vn 0.8442 0.4994 0.1948
vn 0.8769 0.3395 0.3402
vn 0.7989 0.5980 0.0647
vn 0.7622 0.6450 0.0547
vn 0.6017 0.7403 0.2999
vn 0.5370 0.7947 0.2829
vn 0.9102 0.4131 -0.0300
vn 0.9268 0.3749 -0.0237
vn 0.9437 0.3307 -0.0105
vn 0.9341 0.3564 -0.0205
vn 0.5313 0.8470 -0.0194
vn 0.5953 0.8035 -0.0041
vn 0.5805 0.8137 -0.0302
vn -0.0000 0.9989 -0.0479
vn 0.0723 0.9823 0.1726
vn 0.1198 0.9784 0.1687
vn 0.1698 0.9709 0.1690
vn 0.2870 0.9447 0.1587
vn 0.0292 0.9837 0.1776
vn 0.6858 0.7278 0.0084
vn 0.7192 0.6944 0.0244
vn 0.1375 0.9871 -0.0821
vn 0.0942 0.9922 -0.0813
vn 0.8273 0.5562 0.0782
vn -0.0000 0.9839 0.1788
vn 0.0637 0.9946 -0.0815
vn 0.0312 0.9962 -0.0809
vn -0.0000 0.9967 -0.0807
vn 0.8735 0.4865 0.0170
vn 0.6651 0.7356 -0.1286
vn 0.6576 0.7408 -0.1370
vn 0.6282 0.7721 -0.0966
vn 0.6530 0.7515 -0.0941
vn 0.9798 0.2002 -0.0018
vn 0.9615 0.2746 -0.0024
vn 0.9798 0.2002 -0.0019
vn 0.6775 0.7355 -0.0069
vn 0.8127 0.5824 0.0143
vn 0.8128 0.5824 0.0143
vn 0.8624 0.4977 0.0923
vn 0.2055 0.8528 0.4801
vn 0.1989 0.8675 0.4559
vn 0.6809 0.7310 -0.0451
vn 0.6618 0.7470 -0.0639
vn 0.6335 0.7706 -0.0695
vn 0.6551 0.7541 -0.0475
vn 0.7868 -0.0752 0.6127
vn 0.6239 -0.0996 0.7751
vn 0.7923 -0.1782 0.5835
vn 0.7870 -0.2300 0.5724
vn 0.1602 0.9548 0.2505
vn 0.4660 0.1265 0.8757
vn 0.4980 0.0472 0.8659
vn 0.4223 0.5971 0.6820
vn 0.4505 0.6429 0.6194
vn 0.3952 0.7296 0.5582
vn 0.3723 0.6940 0.6163
vn 0.5001 0.2972 0.8134
vn 0.4935 0.3670 0.7885
vn 0.3878 0.3213 0.8639
vn 0.3963 0.2547 0.8821
vn 0.7516 0.5677 -0.3359
vn 0.7954 0.5291 -0.2957
vn 0.8237 0.5110 -0.2458
vn 0.7293 0.5983 -0.3318
vn 0.8396 0.5405 -0.0540
vn 0.8077 0.5806 -0.1027
vn 0.9804 0.1962 -0.0174
vn 0.9282 0.3722 0.0039
vn 0.9395 0.3426 -0.0060
vn 0.9347 0.3549 0.0186
vn 0.8452 0.5243 0.1038
vn 0.8788 0.4660 0.1023
vn 0.7262 0.6821 0.0859
vn 0.8252 0.5617 0.0593
vn 0.9351 0.3535 0.0253
vn 0.8327 0.5537 0.0035
vn 0.8327 0.5537 0.0034
vn 0.9103 0.3941 -0.1265
vn 0.9103 0.3941 -0.1266
vn 0.8987 0.4385 -0.0089
vn 0.8789 0.4770 -0.0056
vn 0.9447 0.3278 0.0089
vn 0.9880 0.1508 0.0336
vn 0.9837 0.1750 0.0405
vn 0.9222 0.3749 0.0947
vn 0.9190 0.3824 0.0965
vn 0.6980 0.7141 0.0540
vn 0.6437 0.7629 0.0611
vn 0.9634 0.1851 -0.1938
vn 0.9634 0.1851 -0.1939
vn 0.8857 0.4617 -0.0487
vn 0.8824 0.4703 -0.0150
vn 0.8863 0.4625 -0.0216
vn 0.8850 0.4629 -0.0500
vn 0.9606 0.2733 -0.0505
vn 0.7776 0.6206 0.1011
vn 0.7337 0.6712 0.1059
vn 0.9261 0.3744 0.0474
vn 0.9000 0.4348 0.0312
vn 0.3951 0.8987 0.1904
vn 0.8510 0.5188 -0.0814
vn 0.8778 0.2629 -0.4005
vn 0.9295 0.0525 -0.3651
vn 0.9123 -0.0692 -0.4037
vn 0.9919 -0.0965 -0.0821
vn 0.9629 -0.1798 -0.2010
vn 0.9634 -0.1818 -0.1972
vn 0.9897 -0.1076 -0.0945
vn 0.7643 0.4532 -0.4587
vn 0.7178 0.5988 -0.3554
vn 0.7978 0.3164 -0.5132
vn 0.7447 0.5380 -0.3949
vn 0.6186 0.7529 -0.2247
vn 0.7647 0.5951 -0.2472
vn 0.9592 -0.1853 -0.2136
vn 0.9590 0.2786 0.0521
vn 0.9633 -0.1059 -0.2467
vn 0.9699 -0.0054 -0.2433
vn 0.9560 0.0068 -0.2932
vn 0.9245 0.3191 -0.2086
vn 0.9618 0.0424 -0.2706
vn 0.8692 0.4195 0.2616
vn 0.8693 0.4195 0.2617
vn 0.5321 0.8466 0.0078
vn 0.7225 0.6743 -0.1528
vn 0.7096 0.6835 -0.1712
vn 0.8299 0.5321 -0.1678
vn 0.8122 0.5527 -0.1865
vn 0.7915 0.5829 -0.1838
vn 0.7959 0.5801 -0.1732
vn 0.9003 0.4347 -0.0217
vn 0.9420 -0.3311 -0.0546
vn 0.9477 -0.2847 -0.1440
vn 0.9478 -0.2847 -0.1439
vn 0.8747 0.4847 0.0047
vn 0.8725 0.4887 -0.0014
vn 0.8733 0.4856 -0.0388
vn 0.8777 0.4767 -0.0499
vn 0.8687 0.4934 -0.0435
vn 0.8561 0.5156 -0.0353
vn 0.8870 0.4608 -0.0308
vn 0.8919 0.4508 -0.0365
vn 0.8792 0.4763 0.0081
vn 0.8827 0.4697 0.0142
vn 0.9266 0.3723 0.0532
vn 0.9116 0.4082 0.0485
vn 0.5843 0.8087 0.0681
vn 0.9961 0.0840 -0.0256
vn 0.9256 0.3669 0.0929
vn 0.6847 0.7205 0.1104
vn 0.8919 0.4522 0.0095
vn 0.9431 0.3186 -0.0953
vn 0.9540 0.2883 -0.0829
vn 0.8848 0.4642 -0.0415
vn 0.9331 0.3585 -0.0264
vn 0.9288 0.3695 -0.0272
vn 0.9568 0.2859 0.0521
vn 0.8390 0.4991 0.2168
vn 0.6943 0.7196 -0.0101
vn 0.9627 0.2706 0.0069
vn 0.9460 0.3240 0.0051
vn 0.9126 0.4088 -0.0036
vn 0.8706 0.4917 -0.0134
vn 0.8706 0.4918 -0.0134
vn 0.8422 0.5389 -0.0158
vn 0.4949 0.7433 -0.4501
vn 0.3693 0.7959 -0.4798
vn 0.3182 0.8261 -0.4652
vn 0.4296 0.7773 -0.4596
vn 0.9541 0.2988 -0.0189
vn 0.9378 0.3463 -0.0258
vn 0.9431 0.3311 -0.0301
vn 0.9601 0.2783 -0.0288
vn 0.5272 0.7007 -0.4807
vn 0.5997 0.6856 -0.4127
vn 0.5902 0.6915 -0.4164
vn 0.5102 0.7099 -0.4854
vn 0.8697 0.4922 -0.0369
vn 0.9043 0.4252 -0.0380
vn 0.8713 0.4895 -0.0332
vn 0.9082 0.4171 -0.0341
vn 0.6745 0.7204 -0.1614
vn 0.7803 0.5889 -0.2103
vn 0.3545 0.9274 -0.1193
vn 0.3547 0.9274 -0.1188
vn 0.7175 0.6384 -0.2787
vn 0.7159 0.6398 -0.2794
vn 0.8803 0.4556 -0.1320
vn 0.8311 0.5078 -0.2267
vn 0.8088 0.5459 -0.2186
vn 0.8577 0.4943 -0.1412
vn 0.9453 -0.2468 -0.2132
vn 0.9467 0.2925 0.1350
vn 0.9467 0.2926 0.1350
vn 0.9908 0.1337 -0.0190
vn 0.8437 0.4793 -0.2417
vn 0.9028 0.3940 -0.1726
vn 0.8774 0.4532 -0.1572
vn 0.5516 0.5391 -0.6364
vn 0.0338 0.0918 -0.9952
vn 0.0786 0.1494 -0.9856
vn 0.8885 0.4588 -0.0073
vn 0.9765 -0.2148 0.0155
vn 0.9765 -0.2149 0.0155
vn 0.1986 0.9126 0.3573
vn 0.2273 0.9132 0.3383
vn 0.2338 0.9228 0.3062
vn 0.1953 0.9273 0.3192
vn -0.0000 0.8974 0.4413
vn 0.0384 0.8967 0.4410
vn 0.0356 0.9080 0.4174
vn -0.0000 0.9086 0.4176
vn 0.8056 0.5219 -0.2805
vn 0.7939 0.5444 -0.2710
vn 0.0248 0.9559 -0.2927
vn 0.0284 0.9729 -0.2295
vn 0.0535 0.9725 -0.2265
vn 0.0526 0.9558 -0.2891
vn 0.0283 -0.1093 -0.9936
vn 0.5096 0.0877 -0.8559
vn 0.0576 0.6765 -0.7342
vn -0.0000 0.0938 -0.9956
vn -0.0000 0.0840 -0.9965
vn -0.0014 -0.1143 -0.9934
vn -0.0000 -0.1423 -0.9898
vn -0.0000 -0.1467 -0.9892
vn 0.0215 -0.0852 -0.9961
vn -0.0000 -0.4020 -0.9156
vn -0.0000 -0.5522 -0.8337
vn 0.1765 0.0370 -0.9836
vn 0.9069 -0.1116 -0.4063
vn 0.8818 -0.0177 -0.4714
vn 0.7854 0.4128 -0.4613
vn 0.7638 0.4207 -0.4896
vn 0.6665 -0.2778 -0.6918
vn 0.6902 -0.1802 -0.7008
vn 0.8200 -0.1690 -0.5469
vn 0.8045 -0.2592 -0.5343
vn 0.8533 -0.3322 -0.4020
vn -0.0000 -0.0788 -0.9969
vn 0.8555 -0.2269 -0.4655
vn 0.8757 -0.1073 -0.4708
vn 0.1467 -0.0006 -0.9892
vn 0.8852 0.0550 -0.4620
vn 0.7080 0.0910 -0.7003
vn 0.8289 0.0631 -0.5558
vn 0.0333 0.0897 -0.9954
vn 0.0348 0.2468 -0.9684
vn 0.0400 0.3132 -0.9488
vn 0.1048 0.7299 -0.6755
vn 0.1890 0.3036 -0.9339
vn 0.9219 0.1931 0.3359
vn 0.6675 -0.1099 0.7364
vn 0.6292 -0.3183 0.7091
vn 0.8070 -0.2100 0.5519
vn 0.8438 -0.0581 0.5334
vn 0.1248 0.5371 -0.8343
vn 0.1091 0.6438 -0.7574
vn 0.1668 0.6395 -0.7505
vn 0.1818 0.5668 -0.8036
vn -0.0000 0.5490 -0.8358
vn -0.0000 0.6570 -0.7539
vn 0.0269 0.6551 -0.7551
vn 0.0321 0.5438 -0.8386
vn 0.0855 0.9726 -0.2163
vn 0.0838 0.9568 -0.2784
vn 0.3323 0.6674 -0.6665
vn 0.2658 0.6266 -0.7326
vn 0.2745 0.6400 -0.7176
vn 0.4419 0.6525 -0.6156
vn 0.4002 0.7363 -0.5457
vn 0.1935 0.9392 -0.2835
vn 0.1229 0.9552 -0.2692
vn 0.1216 0.9706 -0.2078
vn 0.1949 0.9549 -0.2242
vn 0.9797 0.1976 -0.0325
vn 0.9588 0.2838 0.0111
vn 0.8135 0.1817 0.5525
vn 0.8754 -0.1152 0.4694
vn 0.8695 -0.2066 0.4486
vn 0.9122 -0.2187 0.3465
vn -0.6035 0.4083 0.6849
vn -0.7290 0.2711 0.6286
vn -0.9411 0.3189 0.1125
vn -0.8357 0.4932 0.2414
vn 0.0786 0.9678 0.2390
vn -0.0537 -0.9703 0.2359
vn -0.1584 -0.9874 0.0036
vn 0.4501 -0.1155 0.8855
vn 0.8206 0.2588 0.5096
vn 0.6432 0.2997 0.7047
vn 0.9198 -0.0003 0.3923
vn 0.7910 -0.2453 0.5606
vn 0.8706 -0.1253 0.4758
vn 0.1483 0.2749 0.9500
vn 0.0648 0.2705 0.9605
vn -0.0000 0.2738 0.9618
vn 0.6123 -0.3736 0.6968
vn 0.5443 0.4322 0.7190
vn 0.6817 0.4521 0.5751
vn 0.6802 0.4413 0.5853
vn 0.5648 0.4198 0.7105
vn 0.2631 0.2978 0.9177
vn 0.3038 0.3090 0.9012
vn 0.3179 0.2806 0.9057
vn 0.2866 0.2179 0.9329
vn -0.2243 0.8761 0.4267
vn -0.1325 0.7877 0.6017
vn -0.2704 0.6610 0.7000
vn -0.4059 0.7697 0.4928
vn 0.3132 0.3020 0.9004
vn 0.3164 0.2354 0.9190
vn 0.0955 0.0128 0.9953
vn 0.0731 -0.1448 0.9868
vn 0.0117 0.0063 0.9999
vn 0.4159 0.3022 0.8577
vn 0.8596 0.3185 0.3995
vn 0.8514 0.3107 0.4226
vn 0.9310 -0.1150 0.3463
vn 0.9333 -0.1568 0.3230
vn 0.9486 -0.0978 0.3010
vn 0.9465 -0.1246 0.2977
vn 0.9321 0.1888 0.3093
vn 0.9593 -0.1658 0.2284
vn 0.4431 0.3492 0.8256
vn 0.9514 -0.2133 0.2222
vn 0.9615 0.0214 0.2741
vn 0.9323 0.0266 0.3607
vn 0.4593 0.3434 0.8192
vn 0.9923 0.0797 0.0945
vn 0.9954 -0.0051 0.0955
vn 0.9999 -0.0141 -0.0053
vn 0.9956 0.0934 -0.0047
vn 0.3089 -0.0980 0.9460
vn -0.0000 0.0654 -0.9979
vn -0.0000 0.1076 -0.9942
vn 0.0028 0.1088 -0.9941
vn 0.0015 0.0662 -0.9978
vn 0.0141 0.1249 -0.9921
vn 0.0078 0.0724 -0.9973
vn 0.0613 0.6500 -0.7574
vn 0.0723 0.5334 -0.8428
vn -0.0000 0.9370 0.3493
vn -0.0000 0.9267 0.3759
vn 0.0299 0.9263 0.3757
vn 0.0263 0.9367 0.3492
vn 0.0378 0.9355 0.3512
vn 0.6123 0.7181 -0.3307
vn 0.4995 0.8090 -0.3098
vn 0.6618 0.7121 -0.2342
vn 0.5751 0.8165 -0.0507
vn 0.6618 0.7491 -0.0305
vn 0.6945 0.7188 -0.0324
vn 0.1654 0.0356 -0.9856
vn -0.0000 0.8580 -0.5137
vn -0.0000 0.8724 -0.4888
vn 0.0157 0.8716 -0.4900
vn 0.0168 0.8578 -0.5138
vn 0.5542 0.6525 -0.5168
vn 0.1860 0.9756 -0.1171
vn 0.1782 0.9745 -0.1367
vn 0.1847 0.9724 -0.1428
vn 0.0505 -0.0209 -0.9985
vn 0.7847 0.5674 -0.2496
vn 0.1686 0.9821 -0.0837
vn 0.2086 0.9632 0.1693
vn 0.1955 0.9714 0.1352
vn 0.1778 0.9812 0.0747
vn 0.1732 0.9845 0.0280
vn 0.1599 0.9857 -0.0524
vn 0.1672 0.9858 -0.0164
vn 0.1950 0.8850 0.4227
vn 0.2048 0.9014 0.3815
vn 0.1869 0.8978 0.3987
vn 0.3594 0.8404 0.4056
vn 0.2082 0.8303 0.5170
vn 0.2071 0.8372 0.5062
vn 0.0207 0.0831 -0.9963
vn 0.0268 0.1314 -0.9910
vn 0.3474 0.9280 -0.1343
vn 0.9264 -0.0815 -0.3676
vn 0.2819 -0.0706 0.9568
vn 0.5081 -0.0888 0.8567
vn 0.1427 0.9410 0.3070
vn 0.0792 0.9484 0.3069
vn -0.2660 0.9640 -0.0000
vn -0.0000 0.9646 0.2637
vn -0.0000 0.8818 0.4715
vn -0.0000 0.7611 0.6486
vn 0.0217 -0.9893 0.1444
vn 0.0092 -0.9912 0.1322
vn -0.0000 0.5875 0.8092
vn -0.0000 0.4348 0.9005
vn -0.0000 0.9254 0.3790
vn 0.2143 0.9257 0.3117
vn 0.1603 0.9103 0.3817
vn 0.2400 0.8948 0.3765
vn -0.8240 -0.4923 0.2804
vn -0.9588 -0.2828 0.0261
vn 0.5488 0.4158 0.7252
vn 0.5511 0.4431 0.7071
vn 0.3324 0.7509 0.5707
vn 0.2888 0.6969 0.6565
vn 0.3205 0.6413 0.6971
vn -0.0066 -1.0000 -0.0000
vn -0.0049 -1.0000 -0.0000
vn -0.0063 -1.0000 -0.0000
vn -0.0012 -0.7911 0.6116
vn 0.0105 -0.0162 0.9998
vn -0.0097 -1.0000 -0.0000
vn -0.5141 0.8577 -0.0000
vn 0.1487 0.9299 0.3363
vn 0.1484 0.9300 0.3364
vn 0.2114 0.9280 0.3067
vn 0.2959 0.9128 0.2816
vn 0.2904 0.9216 0.2573
vn 0.1491 0.9125 0.3810
vn 0.0855 0.9322 0.3517
vn 0.0582 0.9327 0.3559
vn 0.0549 0.9330 0.3556
vn 0.0351 0.9128 0.4070
vn 0.1447 0.9305 0.3366
vn 0.9193 0.3834 -0.0887
vn 0.9201 0.3725 -0.1212
vn 0.8876 0.4510 -0.0933
vn 0.2312 0.8663 0.4428
vn 0.2293 0.8344 0.5011
vn 0.1211 0.9276 0.3533
vn 0.2026 0.8971 0.3926
vn 0.0936 0.9187 0.3836
vn 0.2520 0.6339 0.7312
vn 0.3657 0.8822 0.2967
vn 0.4071 0.8311 0.3790
vn 0.5657 0.4990 0.6565
vn 0.4686 0.4728 0.7463
vn 0.5226 0.5202 0.6755
vn 0.4707 0.6702 0.5739
vn 0.3875 0.7676 0.5105
vn 0.3704 0.7913 0.4864
vn 0.5041 0.6779 0.5351
vn 0.5439 0.6764 0.4966
vn 0.4079 0.7836 0.4687
vn -0.0000 0.9526 0.3041
vn 0.3693 0.7711 0.5187
vn 0.3410 0.8171 0.4649
vn 0.3764 0.4189 0.8263
vn -0.0000 0.9461 0.3239
vn 0.2560 0.8644 0.4328
vn 0.1246 0.9422 0.3111
vn 0.1307 0.9373 0.3232
vn 0.3583 0.5367 0.7639
vn 0.5043 0.1030 0.8573
vn 0.5445 0.0787 0.8350
vn 0.5264 -0.0328 0.8496
vn 0.4641 0.1263 0.8767
vn 0.0921 0.9469 0.3081
vn 0.5748 0.8011 0.1670
vn 0.5912 0.7997 0.1044
vn 0.6555 0.7552 -0.0039
vn 0.5361 0.8433 0.0377
vn 0.5634 0.8229 0.0741
vn 0.5272 0.8142 0.2433
vn 0.7201 0.6372 0.2748
vn 0.6793 0.6752 0.2875
vn 0.4506 0.8723 0.1898
vn 0.5359 0.8428 -0.0507
vn 0.6425 0.7550 -0.1312
vn 0.6116 0.7812 -0.1250
vn 0.9719 0.0116 -0.2351
vn 0.0558 0.9335 0.3543
vn 0.0866 0.9325 0.3506
vn 0.0868 0.9325 0.3505
vn 0.0313 0.9348 0.3539
vn 0.2466 0.9264 0.2845
vn 0.2428 0.9256 0.2905
vn 0.1991 0.9080 0.3686
vn 0.1936 0.8867 0.4199
vn 0.1935 0.8868 0.4196
vn 0.1991 0.9080 0.3685
vn 0.1991 0.8679 0.4551
vn 0.1990 0.8680 0.4550
vn 0.2055 0.8375 0.5064
vn 0.2097 0.8390 0.5022
vn 0.1815 0.8389 0.5131
vn 0.1309 0.8481 0.5135
vn -0.0000 0.8627 0.5057
vn 0.0735 0.8587 0.5073
vn 0.9213 0.3885 0.0146
vn 0.9165 0.3986 0.0333
vn 0.9520 0.3061 0.0028
vn 0.9542 0.2991 0.0011
vn 0.9694 0.2453 -0.0108
vn 0.9673 0.2536 -0.0064
vn 0.9519 0.3063 -0.0067
vn 0.9534 0.3014 -0.0093
vn 0.9207 0.3901 -0.0068
vn 0.9199 0.3921 -0.0098
vn 0.7942 0.6071 0.0247
vn 0.8531 0.5216 0.0115
vn 0.7747 0.6318 0.0251
vn 0.9223 0.3864 -0.0007
vn 0.9547 0.2975 -0.0052
vn 0.8663 0.4986 0.0300
vn 0.8558 0.5173 0.0093
vn 0.8601 0.5098 0.0188
vn 0.8321 0.5496 0.0740
vn 0.8804 0.4702 0.0609
vn 0.8057 0.5914 0.0331
vn 0.8166 0.5754 0.0459
vn 0.9693 0.2456 -0.0075
vn 0.8007 0.5985 0.0275
vn 0.8014 0.5972 0.0323
vn 0.9667 0.2560 -0.0043
vn 0.7846 0.6198 0.0172
vn 0.9635 0.2677 -0.0078
vn 0.3786 0.5055 -0.7753
vn 0.4136 0.4865 -0.7696
vn 0.3790 0.5053 -0.7753
vn 0.3195 0.5350 -0.7821
vn 0.0346 0.8698 -0.4921
vn 0.0361 0.8565 -0.5148
vn 0.0901 0.7319 -0.6755
vn 0.1418 0.7231 -0.6760
vn 0.0554 0.8688 -0.4921
vn 0.0556 0.8554 -0.5150
vn 0.2616 0.7126 -0.6510
vn 0.4723 0.6833 -0.5567
vn 0.2448 0.7692 -0.5902
vn 0.4647 0.7214 -0.5135
vn 0.1183 0.7816 -0.6124
vn 0.0508 0.7379 -0.6730
vn 0.0728 0.7886 -0.6106
vn 0.0224 0.7403 -0.6719
vn -0.0000 0.7409 -0.6716
vn 0.5941 0.6478 -0.4768
vn 0.0602 0.8266 -0.5596
vn 0.0970 0.8210 -0.5626
vn 0.2206 0.8034 -0.5530
vn 0.4344 0.7508 -0.4976
vn 0.0433 0.7931 -0.6076
vn 0.0196 0.7944 -0.6071
vn -0.0000 0.7947 -0.6070
vn 0.1837 0.8413 -0.5084
vn 0.0826 0.8533 -0.5148
vn 0.0388 0.8288 -0.5582
vn 0.0181 0.8296 -0.5580
vn -0.0000 0.8299 -0.5579
vn 0.0783 0.8692 -0.4883
vn 0.1634 0.8639 -0.4764
vn 0.5669 0.6953 -0.4419
vn 0.5981 0.6661 -0.4456
vn -0.0000 0.9564 -0.2921
vn -0.0000 0.9735 -0.2287
vn 0.3394 0.8706 -0.3562
vn 0.2563 0.9323 -0.2551
vn 0.7075 0.6662 -0.2360
vn 0.0588 0.1532 -0.9864
vn 0.0866 0.7008 -0.7081
vn 0.0157 0.2070 -0.9782
vn 0.0170 0.2785 -0.9603
vn 0.8613 0.4919 -0.1271
vn 0.8809 0.4613 -0.1060
vn 0.8520 0.5091 -0.1223
vn 0.9067 0.3994 -0.1353
vn 0.8270 0.5398 -0.1568
vn 0.7521 0.6023 -0.2676
vn 0.8869 0.4620 -0.0024
vn 0.8719 0.4896 -0.0072
vn 0.8963 0.4409 -0.0471
vn 0.8494 0.5269 -0.0298
vn -0.0000 0.2705 -0.9627
vn -0.0000 0.1983 -0.9801
vn 0.9770 -0.0707 0.2012
vn 0.9999 0.0148 0.0049
vn -0.0000 0.0315 -0.9995
vn 0.8523 -0.0815 -0.5167
vn 0.9681 -0.0985 -0.2304
vn -0.0678 0.5287 -0.8461
vn -0.0000 -0.1135 -0.9935
vn -0.0000 -0.9920 0.1261
vn 0.1415 -0.7795 0.6102
vn -0.4021 -0.6897 0.6021
vn 0.0134 0.6611 0.7502
vn -0.0108 0.6278 0.7783
vn -0.1467 0.5380 0.8301
vn -0.0124 0.6852 0.7282
vn 0.0359 0.9850 0.1688
vn 0.0360 0.9994 -0.0000
vn 0.0201 -0.0001 0.9998
vn 0.0580 -0.1678 0.9841
vn 0.3163 -0.0855 0.9448
vn 0.3652 -0.1008 0.9255
vn 0.3159 -0.0858 0.9449
vn -0.8469 -0.0365 -0.5305
vn -0.8697 -0.0142 -0.4934
vn -0.9003 0.0378 -0.4337
vn -0.8960 -0.0204 -0.4435
vn -0.9997 0.0001 -0.0264
vn -0.9996 0.0218 0.0159
vn -0.9995 -0.0212 -0.0221
vn -0.9664 0.1276 -0.2231
vn -0.9597 0.1925 -0.2045
vn -0.9809 0.1745 -0.0862
vn -0.9831 0.1552 -0.0974
vn -0.9904 -0.1349 0.0292
vn -0.9786 -0.1990 0.0531
vn -0.9876 -0.1452 0.0601
vn -0.9923 -0.0840 0.0911
vn -0.9382 0.2452 -0.2442
vn -0.9168 0.2683 -0.2959
vn -0.9393 0.2051 -0.2750
vn -0.9290 0.1323 -0.3456
vn -0.9379 0.2114 -0.2751
vn -0.9973 0.0677 0.0281
vn -0.9628 0.2702 0.0020
vn -0.9774 0.2116 -0.0001
vn -0.9738 0.2156 -0.0720
vn -0.9613 0.2652 -0.0753
vn -0.9314 -0.3613 -0.0442
vn -0.9690 -0.1943 -0.1524
vn -0.9923 -0.1159 -0.0443
vn -0.9427 -0.3334 -0.0114
vn -0.9106 -0.3391 -0.2363
vn -0.9000 -0.2979 -0.3182
vn -0.8499 -0.4412 -0.2881
vn -0.8429 -0.4846 -0.2339
vn -0.9908 0.1330 -0.0266
vn -0.9884 0.1509 -0.0147
vn -0.0647 0.0291 -0.9975
vn -0.0465 0.0291 -0.9985
vn -0.0487 -0.2061 -0.9773
vn -0.0609 -0.2106 -0.9757
vn -0.9961 -0.0803 0.0355
vn -0.9943 -0.0173 0.1054
vn -0.9893 0.1406 0.0386
vn -0.9903 0.1122 0.0818
vn -0.9764 0.1871 0.1078
vn -0.9758 0.2128 0.0507
vn -0.9257 -0.2115 0.3136
vn -0.8969 -0.2257 0.3803
vn -0.9056 -0.1826 0.3828
vn -0.9335 -0.1688 0.3163
vn -0.9769 -0.1346 -0.1661
vn -0.9791 -0.1345 -0.1528
vn -0.9855 -0.1327 -0.1061
vn -0.9925 -0.0966 -0.0754
vn -0.7265 -0.1677 -0.6664
vn -0.4967 -0.2013 -0.8442
vn -0.4732 -0.3563 -0.8057
vn -0.6967 -0.3177 -0.6432
vn -0.9845 -0.1534 -0.0845
vn -0.9837 -0.1718 -0.0530
vn -0.9785 -0.1932 -0.0720
vn -0.9789 -0.1794 -0.0973
vn -0.9220 0.3727 0.1055
vn -0.8989 0.4171 0.1340
vn -0.9277 0.3674 0.0658
vn -0.9389 0.3418 0.0410
vn -0.9577 0.0106 0.2876
vn -0.9250 0.1438 0.3516
vn -0.9155 0.1626 0.3679
vn -0.9737 0.2204 0.0575
vn -0.9778 0.1725 0.1189
vn -0.9641 0.2255 0.1405
vn -0.9636 0.2594 0.0650
vn -0.9966 0.0675 -0.0474
vn -0.9974 0.0674 -0.0266
vn -0.9979 -0.0448 -0.0475
vn -0.9963 -0.0259 -0.0819
vn -0.9538 -0.0570 0.2948
vn -0.9713 -0.0617 0.2296
vn -0.9562 -0.0692 0.2843
vn -0.9310 -0.0615 0.3598
vn -0.9133 0.1729 0.3687
vn -0.9025 0.2093 0.3763
vn -0.9758 -0.2185 0.0105
vn -0.9937 -0.1108 0.0149
vn -0.9988 -0.0369 -0.0330
vn -0.9989 -0.0342 -0.0323
vn -0.9930 -0.1155 -0.0256
vn -0.9918 -0.1249 -0.0252
vn -0.8797 -0.0411 0.4737
vn -0.8787 -0.1315 0.4589
vn -0.9110 -0.1346 0.3899
vn -0.9059 -0.0466 0.4208
vn -0.8963 0.2919 0.3338
vn -0.8890 0.3079 0.3388
vn -0.8820 0.4043 0.2421
vn -0.9027 0.3720 0.2164
vn -0.9610 0.2753 0.0246
vn -0.9728 0.2315 0.0111
vn -0.9615 0.2745 0.0112
vn -0.9541 0.2988 0.0226
vn -0.9495 -0.3065 0.0667
vn -0.8436 -0.5366 0.0184
vn -0.8717 -0.4901 -0.0037
vn -0.9915 -0.1125 -0.0647
vn -0.9900 -0.0846 -0.1128
vn -0.9403 0.3395 -0.0238
vn -0.9471 0.3205 -0.0140
vn -0.9091 0.4164 -0.0118
vn -0.8926 0.4498 -0.0295
vn -0.3137 -0.3494 -0.8829
vn -0.3255 -0.2013 -0.9239
vn -0.2191 0.1088 -0.9696
vn -0.1787 0.2021 -0.9629
vn -0.1813 0.1104 -0.9772
vn -0.9158 0.4013 0.0141
vn -0.9592 0.2826 0.0074
vn -0.9569 0.2905 0.0079
vn -0.9166 0.3995 0.0148
vn -0.1641 0.2157 -0.9626
vn -0.1777 0.1073 -0.9782
vn -0.1307 0.1036 -0.9860
vn -0.1058 0.1915 -0.9758
vn -0.9995 0.0286 -0.0097
vn -0.9980 -0.0587 -0.0221
vn -0.9566 0.2914 0.0087
vn -0.9273 0.3743 0.0041
vn -0.9832 -0.1239 -0.1342
vn -0.9909 -0.1307 -0.0330
vn -0.0553 -0.0000 -0.9985
vn -0.0597 -0.0000 -0.9982
vn -0.0571 0.0012 -0.9984
vn -0.0551 0.0088 -0.9984
vn -0.0127 0.1309 -0.9913
vn -0.0126 0.1093 -0.9939
vn -0.9904 -0.1380 0.0060
vn -0.9829 -0.1839 0.0022
vn -0.8826 -0.4700 -0.0051
vn -0.9080 -0.4189 -0.0046
vn -0.9575 0.2372 -0.1641
vn -0.9642 0.2105 -0.1612
vn -0.9571 0.1911 -0.2179
vn -0.9591 0.1872 -0.2123
vn -0.0410 0.5944 -0.8031
vn -0.0210 0.5663 -0.8239
vn -0.0203 0.4182 -0.9081
vn -0.0422 0.4178 -0.9075
vn -0.1474 -0.1985 -0.9690
vn -0.1403 -0.3480 -0.9269
vn -0.9802 -0.1977 0.0049
vn -0.9911 -0.1333 0.0003
vn -0.9928 -0.1200 0.0001
vn -0.9820 -0.1887 0.0039
vn 0.0010 -0.1456 -0.9893
vn 0.0012 -0.1414 -0.9900
vn -0.0014 -0.1340 -0.9910
vn -0.0145 -0.1392 -0.9902
vn -0.1470 -0.2484 -0.9574
vn -0.1317 -0.4083 -0.9033
vn -0.3074 -0.3304 -0.8924
vn -0.3228 -0.2189 -0.9208
vn 0.1139 -0.3574 -0.9270
vn 0.1220 -0.5215 -0.8445
vn 0.1494 -0.4749 -0.8673
vn 0.1410 -0.2832 -0.9486
vn -0.0058 -0.2572 -0.9664
vn -0.0079 -0.4606 -0.8876
vn -0.7390 -0.6737 -0.0089
vn -0.7708 -0.6370 -0.0088
vn -0.0338 0.1082 -0.9936
vn -0.0344 0.1301 -0.9909
vn -0.0241 0.1305 -0.9912
vn -0.0235 0.1087 -0.9938
vn -0.0126 0.0926 -0.9956
vn -0.7026 -0.0950 -0.7053
vn -0.6867 -0.0245 -0.7265
vn -0.7860 -0.0083 -0.6182
vn -0.8100 -0.0757 -0.5815
vn -0.7899 -0.6132 -0.0086
vn -0.9068 -0.4215 -0.0069
vn -0.9148 -0.4039 -0.0068
vn -0.9842 -0.1772 0.0038
vn -0.9870 -0.1605 0.0044
vn -0.9786 -0.2057 0.0070
vn -0.9750 -0.2221 0.0069
vn 0.0034 -0.4035 -0.9150
vn 0.0053 -0.5522 -0.8337
vn -0.4440 0.0531 -0.8945
vn -0.3902 0.0591 -0.9188
vn -0.3629 0.0481 -0.9306
vn -0.4296 0.0701 -0.9003
vn -0.0225 0.0297 -0.9993
vn -0.0119 0.0309 -0.9995
vn -0.0089 -0.1888 -0.9820
vn -0.0244 -0.1862 -0.9822
vn -0.0345 0.1305 -0.9908
vn -0.0246 0.1308 -0.9911
vn -0.9978 -0.0664 -0.0029
vn -0.9972 -0.0752 -0.0001
vn -0.8767 0.1227 -0.4650
vn -0.9166 0.1515 -0.3700
vn -0.9359 0.1108 -0.3343
vn -0.9024 0.0909 -0.4213
vn -0.7136 -0.0575 -0.6982
vn -0.5064 -0.0237 -0.8620
vn -0.5203 -0.0322 -0.8534
vn -0.7162 -0.0644 -0.6949
vn -0.2597 0.0463 -0.9646
vn -0.2300 0.0607 -0.9713
vn -0.2264 0.0905 -0.9698
vn -0.2621 0.0693 -0.9626
vn -0.9585 0.0764 -0.2747
vn -0.9560 0.0022 -0.2934
vn -0.9487 0.0302 -0.3147
vn -0.9610 0.0676 -0.2680
vn -0.5091 0.0177 -0.8605
vn -0.3297 0.0133 -0.9440
vn -0.8132 0.0010 -0.5820
vn -0.8683 -0.0512 -0.4933
vn -0.8720 -0.2156 -0.4394
vn -0.9354 -0.0565 -0.3491
vn -0.8801 0.0129 -0.4746
vn -0.1125 0.6467 -0.7544
vn -0.0547 0.6249 -0.7788
vn -0.0588 0.4175 -0.9068
vn -0.1326 0.4039 -0.9051
vn 0.1582 0.0961 -0.9827
vn 0.1073 0.1653 -0.9804
vn -0.0015 0.1785 -0.9839
vn -0.1562 0.1155 -0.9810
vn -0.0107 0.5514 -0.8342
vn -0.0054 0.5647 -0.8253
vn -0.1266 0.5522 -0.8241
vn -0.1259 0.5514 -0.8247
vn -0.2205 0.2669 -0.9382
vn -0.2635 0.1702 -0.9495
vn -0.9942 0.1041 0.0276
vn -0.9977 0.0683 0.0003
vn -0.3488 -0.0074 -0.9372
vn -0.3415 -0.0055 -0.9399
vn -0.2044 0.8057 -0.5559
vn -0.1975 0.7894 -0.5813
vn -0.1438 0.8240 -0.5480
vn -0.0316 -0.0000 -0.9995
vn -0.0297 -0.0125 -0.9995
vn -0.8391 -0.0694 -0.5395
vn -0.0551 0.0045 -0.9985
vn -0.1496 0.0025 -0.9888
vn -0.1476 0.0060 -0.9890
vn -0.3489 -0.0131 -0.9371
vn -0.0057 -0.3355 -0.9420
vn -0.0494 -0.3637 -0.9302
vn -0.0556 -0.3717 -0.9267
vn -0.9261 0.2560 -0.2772
vn -0.9184 0.2176 -0.3304
vn -0.9698 0.1198 -0.2124
vn -0.0373 0.0086 -0.9993
vn -0.0161 -0.0376 -0.9992
vn 0.0435 0.5060 -0.8614
vn -0.9427 0.1441 -0.3010
vn -0.9516 0.1130 -0.2857
vn -0.6575 0.0833 -0.7489
vn -0.6418 0.1471 -0.7526
vn -0.6127 0.3249 -0.7205
vn -0.3928 0.2706 -0.8789
vn -0.3615 0.4066 -0.8390
vn -0.5403 0.4987 -0.6778
vn -0.8701 0.2720 -0.4110
vn -0.8537 0.3203 -0.4106
vn -0.0257 -0.3298 -0.9437
vn -0.1152 0.5344 -0.8374
vn -0.0883 0.4252 -0.9008
vn -0.0743 0.5591 -0.8258
vn -0.0822 0.6893 -0.7198
vn -0.3346 0.2365 -0.9122
vn -0.3114 0.3562 -0.8810
vn 0.0031 0.4352 -0.9003
vn 0.0007 0.5661 -0.8243
vn 0.0791 0.3569 -0.9308
vn 0.0269 -0.0968 -0.9949
vn -0.1509 0.0229 -0.9883
vn -0.9995 0.0073 -0.0307
vn -0.9996 0.0036 -0.0293
vn -0.9538 0.2711 0.1294
vn -0.9826 0.1665 0.0818
vn -0.9790 0.1962 0.0545
vn -0.9566 0.2832 0.0692
vn -0.9827 0.1407 -0.1208
vn -0.9880 0.1474 -0.0453
vn -0.9732 0.2213 -0.0617
vn -0.9682 0.2014 -0.1486
vn -0.9782 -0.0158 -0.2069
vn -0.9805 -0.0358 -0.1934
vn -0.9836 0.0395 -0.1758
vn -0.9783 0.0498 -0.2010
vn -0.9747 0.2235 0.0014
vn -0.9881 0.1537 0.0014
vn -0.9909 0.0690 0.1154
vn -0.9961 0.0020 0.0880
vn -0.9901 0.0504 0.1312
vn -0.9785 0.1362 0.1548
vn -0.9778 -0.1558 -0.1398
vn -0.9989 0.0459 -0.0033
vn -0.9981 0.0612 -0.0038
vn -1.0000 -0.0048 -0.0026
vn -0.9996 -0.0267 -0.0028
vn -0.0445 -0.0753 -0.9962
vn -0.1531 0.0121 -0.9881
vn -0.1531 -0.0633 -0.9862
vn -0.3722 -0.0113 -0.9281
vn -0.3621 -0.0903 -0.9278
vn -0.0295 0.4071 -0.9129
vn -0.0315 0.4728 -0.8806
vn -0.2917 0.5645 -0.7722
vn -0.4260 0.5850 -0.6902
vn -0.4303 0.5850 -0.6875
vn -0.3024 0.5675 -0.7658
vn -0.5314 -0.0269 -0.8467
vn -0.5275 -0.0867 -0.8451
vn -0.0273 0.2527 -0.9672
vn -0.3373 0.0806 -0.9379
vn -0.9431 0.2472 -0.2226
vn -0.9394 0.2277 -0.2562
vn -0.8709 0.3070 -0.3838
vn -0.8812 0.3120 -0.3551
vn -0.9642 0.1855 -0.1896
vn -0.9765 0.1418 -0.1624
vn -0.4717 -0.3041 -0.8277
vn -0.4910 -0.2038 -0.8470
vn -0.4768 0.6841 -0.5521
vn -0.2614 0.7685 -0.5840
vn -0.2767 0.7758 -0.5671
vn -0.5020 0.6701 -0.5468
vn -0.5702 0.5678 -0.5937
vn -0.5808 0.5682 -0.5830
vn -0.7112 0.5000 -0.4942
vn -0.6966 0.5027 -0.5119
vn -0.9859 -0.1670 0.0074
vn -0.9792 -0.2026 -0.0105
vn -0.9805 -0.1962 -0.0122
vn -0.9923 -0.1198 0.0323
vn -0.8153 0.5487 -0.1850
vn -0.8303 0.5157 -0.2115
vn -0.8638 0.4794 -0.1552
vn -0.9539 0.1475 -0.2612
vn -0.9596 0.0981 -0.2636
vn -0.0000 -0.0784 -0.9969
vn -0.0250 -0.0615 -0.9978
vn -0.0118 0.5450 -0.8384
vn -0.0110 0.4184 -0.9082
vn -0.8759 0.3504 -0.3318
vn -0.8147 0.3714 -0.4454
vn -0.8629 0.2475 -0.4406
vn -0.9411 0.0650 -0.3320
vn -0.0516 0.7369 -0.6740
vn -0.0405 0.6936 -0.7192
vn -0.0133 0.6100 -0.7923
vn -0.8527 0.4057 -0.3292
vn -0.7321 0.5307 -0.4271
vn -0.7348 0.5195 -0.4361
vn -0.9255 0.2703 -0.2653
vn -0.7750 0.2992 -0.5566
vn -0.7313 0.4497 -0.5128
vn -0.2537 0.5335 -0.8069
vn -0.1578 0.6465 -0.7464
vn -0.2072 0.7840 -0.5851
vn -0.3016 0.3674 -0.8798
vn -0.4799 0.3325 -0.8119
vn -0.3764 0.6312 -0.6782
vn -0.2371 0.6723 -0.7013
vn -0.4782 0.6403 -0.6011
vn -0.4396 0.5810 -0.6850
vn -0.6166 0.6072 -0.5011
vn -0.5971 0.6421 -0.4808
vn -0.5393 0.3117 -0.7823
vn -0.3562 0.2802 -0.8914
vn -0.3460 0.1474 -0.9266
vn -0.5743 0.1355 -0.8073
vn -0.0214 0.4924 -0.8701
vn -0.0247 0.6166 -0.7869
vn -0.8719 0.4331 -0.2286
vn -0.8748 0.3647 -0.3188
vn -0.8922 0.2852 -0.3503
vn -0.8950 0.4402 -0.0718
vn -0.9115 0.4055 -0.0685
vn -0.9328 0.3562 -0.0551
vn -0.8694 0.4907 -0.0577
vn -0.7452 0.4980 -0.4434
vn -0.5286 0.4656 -0.7098
vn -0.2415 0.7405 -0.6271
vn -0.2683 0.6535 -0.7078
vn -0.2789 0.7624 -0.5840
vn -0.2464 0.0342 -0.9686
vn -0.2280 0.0428 -0.9727
vn -0.0127 0.1310 -0.9913
vn -0.6109 0.0799 -0.7877
vn -0.2597 0.0313 -0.9652
vn -0.0374 0.0927 -0.9950
vn -0.0354 0.0986 -0.9945
vn -0.0269 0.0992 -0.9947
vn -0.1606 0.0317 -0.9865
vn -0.0221 0.0910 -0.9956
vn -0.0326 0.0866 -0.9957
vn -0.0320 0.0883 -0.9956
vn -0.0122 0.0921 -0.9957
vn 0.0007 0.2162 -0.9763
vn -0.8083 0.1786 -0.5611
vn -0.7652 0.3741 -0.5239
vn -0.0126 0.0935 -0.9955
vn -0.0162 0.0926 -0.9956
vn -0.8840 0.4130 -0.2190
vn -0.8344 0.4673 -0.2922
vn -0.9412 0.3317 -0.0639
vn -0.9291 0.3532 -0.1094
vn -0.9069 0.4134 -0.0813
vn -0.7453 0.5874 -0.3154
vn -0.8735 0.4569 0.1681
vn -0.7698 0.6057 0.2015
vn -0.7721 0.6170 0.1520
vn -0.8926 0.4368 0.1120
vn -0.2578 0.1049 -0.9605
vn -0.2583 0.1909 -0.9470
vn -0.0666 0.9384 0.3391
vn -0.0278 0.9481 0.3168
vn -0.9980 0.0632 0.0039
vn -0.9609 0.2767 0.0053
vn -0.7277 0.6148 -0.3039
vn -0.9892 -0.1463 0.0048
vn -0.9984 -0.0563 0.0020
vn -0.9990 -0.0439 0.0023
vn -0.9907 -0.1362 0.0050
vn -0.8754 0.4151 0.2477
vn -0.8137 0.5198 0.2600
vn -0.0260 0.6647 -0.7466
vn -0.9046 0.2971 0.3057
vn -0.9084 0.3092 0.2814
vn -0.2784 0.7677 -0.5772
vn -0.2606 0.7713 -0.5807
vn -0.7761 0.6062 -0.1738
vn -0.7704 0.6105 -0.1839
vn -0.7911 0.6004 -0.1167
vn -0.8030 0.5887 -0.0924
vn -0.0031 0.0679 -0.9977
vn -0.0053 0.0701 -0.9975
vn -0.0091 0.1153 -0.9933
vn -0.0055 0.1116 -0.9937
vn -0.7928 0.1413 -0.5928
vn -0.9017 0.0426 -0.4302
vn -0.9245 0.3732 -0.0775
vn -0.3974 0.4176 -0.8171
vn -0.2937 0.6264 -0.7220
vn -0.3608 0.0926 -0.9280
vn -0.5892 0.0829 -0.8037
vn -0.8226 0.1518 -0.5480
vn -0.2572 0.0993 -0.9612
vn -0.0517 0.5139 -0.8563
vn -0.0560 0.6305 -0.7742
vn -0.2642 0.2503 -0.9314
vn -0.8802 0.4494 -0.1524
vn -0.8789 0.4527 -0.1502
vn -0.7775 0.5880 -0.2233
vn -0.9722 0.2238 -0.0684
vn -0.9755 0.1828 -0.1227
vn -0.2998 0.4856 -0.8212
vn -0.2875 0.3451 -0.8934
vn -0.1297 -0.0017 -0.9916
vn -0.9533 0.2871 -0.0942
vn -0.9926 -0.0978 0.0719
vn -0.9980 -0.0497 0.0397
vn -0.9521 0.3058 -0.0040
vn -0.9911 0.1198 -0.0577
vn -0.9908 0.1102 -0.0789
vn -0.9548 0.2970 -0.0129
vn -0.9134 0.4070 -0.0071
vn -0.9970 -0.0776 0.0014
vn -0.9947 -0.1025 0.0005
vn -0.9752 -0.2214 0.0075
vn -0.9732 -0.2298 0.0042
vn -0.9987 -0.0506 -0.0036
vn -0.9978 0.0621 -0.0232
vn -0.9979 0.0597 -0.0233
vn -0.9808 -0.1948 0.0094
vn -0.9761 -0.2173 0.0094
vn -0.9974 0.0712 -0.0058
vn -1.0000 0.0083 -0.0029
vn -0.9791 -0.2032 0.0033
vn -0.9798 -0.1999 -0.0001
vn -0.9579 0.2807 0.0609
vn -0.9544 0.2850 0.0889
vn -0.8774 0.4796 0.0151
vn -0.9162 0.4007 0.0110
vn -0.9181 0.3962 0.0121
vn -0.8853 0.4648 0.0153
vn -0.9835 -0.1805 -0.0115
vn -0.9728 -0.2315 0.0057
vn -0.9963 -0.0860 0.0045
vn -0.8914 -0.4531 -0.0072
vn -0.9376 -0.3477 -0.0038
vn -0.9972 -0.0754 -0.0031
vn -0.9999 -0.0109 -0.0063
vn -0.9992 0.0381 0.0103
vn -0.9999 -0.0094 0.0121
vn -0.9995 0.0267 0.0164
vn -0.9982 -0.0586 0.0104
vn -0.8680 -0.4965 -0.0076
vn -0.9247 -0.3806 -0.0042
vn -0.9895 -0.1273 -0.0685
vn -0.9999 -0.0120 0.0078
vn -0.9869 -0.1422 -0.0760
vn -0.9883 -0.1315 -0.0773
vn -0.8370 -0.5472 -0.0080
vn -0.9961 -0.0876 0.0067
vn -0.9999 0.0022 0.0161
vn -0.9999 -0.0100 0.0109
vn -0.9490 -0.3081 -0.0670
vn -0.9729 -0.2304 -0.0204
vn -0.1436 0.7725 -0.6186
vn -0.1807 0.7590 -0.6255
vn -0.0223 0.6480 -0.7614
vn -0.9649 0.2624 0.0027
vn -0.9624 0.2715 0.0053
vn -0.9998 0.0202 -0.0018
vn -0.9995 0.0304 -0.0040
vn -0.9767 0.0842 0.1976
vn -0.9627 0.1378 0.2330
vn -0.9972 0.0708 -0.0232
vn -0.9873 0.1580 -0.0186
vn -0.9734 0.2288 0.0107
vn -0.9666 0.2559 0.0157
vn -0.9827 0.1848 -0.0096
vn -0.9099 0.4131 -0.0373
vn -0.9941 0.0953 -0.0510
vn -0.9955 0.0135 -0.0940
vn -0.9773 0.2084 0.0384
vn -0.9844 0.1737 0.0282
vn -0.9560 0.2865 0.0626
vn -0.9764 -0.0667 -0.2056
vn -0.8904 0.4549 0.0170
vn -0.9026 0.4300 0.0205
vn -0.9099 0.4148 0.0037
vn -0.9329 0.3600 0.0120
vn -0.8801 0.4731 -0.0412
vn -0.9357 0.3514 -0.0322
vn -0.9997 0.0109 0.0209
vn -0.2154 0.2064 -0.9545
vn -0.1653 0.3278 -0.9302
vn -0.9704 -0.2370 -0.0458
vn -0.7992 0.5877 0.1259
vn -0.9066 0.4123 0.0900
vn -0.9773 -0.2118 -0.0038
vn -0.4012 0.0851 -0.9120
vn -0.1177 0.6674 -0.7353
vn -0.1591 0.6238 -0.7652
vn -0.1855 0.0353 -0.9820
vn -0.2345 0.0697 -0.9696
vn -0.1178 0.2399 -0.9636
vn -0.1658 0.1137 -0.9796
vn -0.2233 0.0182 -0.9746
vn -0.0886 0.6478 -0.7566
vn -0.0934 0.5286 -0.8437
vn -0.1259 0.5085 -0.8518
vn -0.1390 0.4551 -0.8795
vn -0.1034 0.7512 -0.6520
vn -0.1964 0.7826 -0.5908
vn -0.1489 0.8114 -0.5652
vn -0.7413 0.0373 -0.6701
vn -0.0957 0.7788 -0.6199
vn -0.9404 -0.0610 -0.3346
vn -0.9344 -0.1388 -0.3280
vn -0.9731 0.1287 -0.1910
vn -0.6256 0.5007 -0.5983
vn -0.7136 0.2865 -0.6393
vn -0.3419 -0.1802 0.9223
vn -0.2850 -0.2181 0.9334
vn -0.2865 -0.1152 0.9511
vn -0.3410 -0.1212 0.9322
vn -0.0652 0.2570 0.9642
vn -0.2252 0.2058 0.9523
vn -0.2286 0.2786 0.9328
vn -0.1920 -0.2841 0.9394
vn -0.2020 -0.1555 0.9670
vn -0.9711 -0.0291 0.2369
vn -0.9689 -0.0799 0.2342
vn -0.9647 -0.0443 0.2596
vn -0.9626 0.0147 0.2704
vn -0.9166 0.1901 0.3516
vn -0.9233 0.1599 0.3492
vn -0.7014 0.5431 0.4616
vn -0.4803 0.6955 0.5344
vn -0.4013 0.7963 0.4525
vn -0.6355 0.6384 0.4342
vn -0.0120 -0.0000 0.9999
vn -0.0122 0.0002 0.9999
vn 0.0313 0.8351 0.5492
vn 0.0403 0.8939 0.4465
vn 0.1118 0.9001 0.4210
vn 0.0672 0.8298 0.5539
vn -0.6213 -0.1686 0.7652
vn -0.4641 -0.1434 0.8741
vn -0.4658 -0.0959 0.8797
vn -0.6200 -0.1148 0.7761
vn -0.8848 0.0393 0.4643
vn -0.7643 0.0524 0.6427
vn -0.7752 -0.0586 0.6290
vn -0.8819 -0.0193 0.4711
vn -0.0600 0.1554 0.9860
vn -0.2136 0.1106 0.9706
vn -0.0131 0.0760 0.9970
vn -0.9338 -0.0339 0.3563
vn -0.9650 -0.0803 0.2496
vn -0.9579 -0.0467 0.2834
vn -0.9574 0.1784 0.2271
vn -0.9501 0.1996 0.2396
vn -0.9125 0.2388 0.3321
vn -0.9116 0.2277 0.3422
vn -0.4249 -0.2377 0.8735
vn -0.4763 -0.3892 0.7884
vn -0.4328 -0.1894 0.8814
vn -0.2561 0.7323 0.6310
vn -0.2294 0.7268 0.6474
vn -0.1561 0.8842 0.4403
vn -0.2151 0.8158 0.5368
vn -0.2419 0.4464 0.8615
vn -0.2613 0.5660 0.7819
vn -0.2976 0.4936 0.8172
vn -0.3031 0.4003 0.8648
vn -0.1520 -0.1698 0.9737
vn -0.2600 -0.1537 0.9533
vn -0.2411 -0.3801 0.8929
vn -0.1409 -0.4002 0.9055
vn -0.7848 0.4142 0.4611
vn -0.7535 0.4697 0.4600
vn -0.8716 0.2973 0.3897
vn -0.8991 0.1865 0.3961
vn -0.1235 0.6527 0.7475
vn -0.0559 0.6106 0.7900
vn -0.0142 0.9815 0.1912
vn -0.0374 0.9757 0.2161
vn -0.1961 0.7003 0.6864
vn -0.0861 0.9521 0.2934
vn -0.2892 0.7395 0.6079
vn -0.2387 0.8303 0.5036
vn -0.5338 0.8297 0.1632
vn -0.6271 0.7682 0.1291
vn -0.6973 0.7074 0.1155
vn -0.6142 0.7763 0.1418
vn -0.4132 0.8774 0.2437
vn -0.2264 0.9417 0.2489
vn -0.2578 0.9415 0.2172
vn -0.4344 0.8776 0.2027
vn -0.2321 0.4789 0.8466
vn -0.2439 0.6013 0.7609
vn -0.9152 0.2951 0.2745
vn -0.7775 0.5515 0.3024
vn -0.7728 0.5618 0.2952
vn -0.3294 0.9220 0.2034
vn -0.5053 0.8434 0.1828
vn -0.8184 0.5640 0.1097
vn -0.8328 0.5449 0.0973
vn -0.9263 0.3701 0.0710
vn -0.9185 0.3879 0.0773
vn -0.5427 0.8223 0.1710
vn -0.9638 0.2665 0.0028
vn -0.9615 0.2746 -0.0144
vn -0.9110 0.4122 -0.0106
vn -0.9807 0.1259 0.1495
vn -0.9935 0.0865 0.0736
vn -0.9687 0.1898 0.1601
vn -0.9995 0.0311 -0.0069
vn -0.9020 0.4317 -0.0060
vn -0.8951 0.4449 -0.0286
vn -0.9685 0.0848 -0.2340
vn 0.0034 0.8426 -0.5385
vn 0.0542 0.8693 -0.4912
vn 0.0226 0.8509 -0.5248
vn -0.3914 0.8515 0.3489
vn -0.1654 0.9263 0.3385
vn -0.1937 0.9254 0.3257
vn -0.4244 0.8432 0.3299
vn -0.4294 0.8544 0.2925
vn -0.2165 0.9317 0.2917
vn -0.1426 0.7842 0.6038
vn -0.1128 0.8755 0.4699
vn -0.1761 0.8685 0.4633
vn -0.2043 0.7934 0.5734
vn -0.2407 0.9172 0.3176
vn -0.1963 0.9297 0.3115
vn -0.1727 0.9248 0.3390
vn -0.2245 0.9076 0.3549
vn -0.3137 0.8745 0.3699
vn -0.2389 0.9268 0.2898
vn -0.1322 0.9669 0.2182
vn -0.1576 0.9642 0.2132
vn -0.0444 0.5915 0.8051
vn -0.0926 0.6017 0.7933
vn -0.0995 0.4394 0.8928
vn -0.0468 0.4368 0.8984
vn -0.1397 0.3470 0.9274
vn -0.1440 0.2519 0.9570
vn -0.1332 0.2911 0.9474
vn -0.0404 0.7655 0.6422
vn -0.0818 0.7762 0.6251
vn -0.0218 0.9653 0.2604
vn -0.0424 0.9670 0.2513
vn -0.0405 0.9509 0.3068
vn -0.0220 0.9520 0.3053
vn -0.3675 0.3196 0.8734
vn -0.3183 0.3255 0.8904
vn -0.0347 0.9469 0.3196
vn -0.0790 0.9382 0.3370
vn -0.0593 0.9614 0.2687
vn -0.0283 0.9617 0.2725
vn -0.3983 -0.0804 0.9137
vn -0.3392 -0.0766 0.9376
vn -0.0520 0.9231 0.3810
vn -0.0282 0.9249 0.3792
vn -0.4076 0.0289 0.9127
vn -0.5165 0.0189 0.8561
vn -0.5107 0.1623 0.8443
vn -0.3723 0.1106 0.9215
vn -0.0658 0.8806 0.4693
vn -0.0339 0.8819 0.4702
vn -0.1240 0.9674 0.2209
vn -0.2031 0.9460 0.2525
vn -0.1424 0.9646 0.2221
vn -0.1522 0.9642 0.2172
vn -0.1723 0.9633 0.2060
vn -0.1792 0.9524 0.2466
vn -0.2011 0.9511 0.2344
vn -0.1812 0.9568 0.2272
vn -0.1307 0.9644 0.2298
vn -0.1335 0.9711 0.1978
vn -0.1690 0.9654 0.1987
vn -0.2351 0.9208 0.3113
vn -0.1985 0.9211 0.3349
vn -0.2293 0.8808 0.4142
vn -0.3335 0.8251 0.4561
vn -0.4216 0.7780 0.4658
vn -0.2681 0.2064 0.9410
vn -0.2564 0.2161 0.9421
vn -0.2597 0.3162 0.9124
vn -0.2646 0.2952 0.9180
vn -0.5630 0.6218 0.5445
vn -0.5702 0.5632 0.5981
vn -0.5737 0.5600 0.5978
vn -0.5511 0.6157 0.5632
vn -0.8189 -0.0053 0.5739
vn -0.8642 0.1260 0.4871
vn -0.8954 0.1314 0.4254
vn -0.5691 0.5098 0.6451
vn -0.5381 0.5768 0.6146
vn -0.8081 0.0040 0.5890
vn -0.9199 -0.0713 0.3857
vn -0.9165 -0.0758 0.3927
vn -0.9152 -0.0864 0.3937
vn -0.9058 0.1619 0.3916
vn -0.0705 -0.1014 0.9923
vn -0.0716 -0.1683 0.9831
vn -0.9078 0.1901 0.3737
vn -0.9173 -0.0039 0.3983
vn -0.8936 -0.0234 0.4482
vn -0.8722 0.1850 0.4528
vn -0.7754 0.0432 0.6299
vn -0.7504 0.1490 0.6440
vn -0.6467 0.0940 0.7570
vn -0.6336 -0.0493 0.7721
vn -0.2533 0.3026 0.9188
vn -0.0632 -0.9782 0.1978
vn 0.0108 -0.9999 -0.0000
vn 0.0008 -1.0000 -0.0000
vn -0.0441 -0.9850 0.1670
vn -0.4490 -0.3470 0.8234
vn -0.4446 -0.4138 0.7944
vn -0.6279 -0.1128 0.7701
vn -0.6296 -0.1284 0.7662
vn -0.7850 -0.1473 0.6017
vn -0.7899 -0.1147 0.6025
vn -0.2580 -0.2363 0.9368
vn -0.3358 -0.1268 0.9334
vn -0.4339 -0.1665 0.8855
vn -0.4268 -0.0477 0.9031
vn -0.1974 0.0005 0.9803
vn -0.4133 0.0733 0.9076
vn -0.1751 0.1632 0.9709
vn -0.2688 -0.0686 0.9607
vn -0.2866 0.4226 0.8598
vn -0.1414 0.4360 0.8888
vn -0.1755 0.6107 0.7721
vn 0.0072 -1.0000 -0.0000
vn -0.8512 0.1232 0.5102
vn -0.9230 0.1404 0.3582
vn -0.1319 0.4407 0.8879
vn -0.0007 1.0000 -0.0000
vn -0.0030 0.9836 0.1805
vn 0.0728 0.1523 0.9857
vn 0.3283 0.1536 0.9320
vn -0.4803 -0.0859 0.8729
vn -0.3179 0.0713 0.9455
vn -0.3261 0.0433 0.9443
vn -0.3377 -0.1416 0.9305
vn -0.3169 -0.3730 0.8720
vn -0.4784 -0.0875 0.8738
vn -0.4878 -0.1153 0.8653
vn -0.4947 -0.1041 0.8628
vn -0.2168 0.0740 0.9734
vn -0.0680 -0.3992 0.9143
vn -0.3486 -0.0634 0.9351
vn -0.4499 -0.0708 0.8902
vn -0.0616 0.0765 0.9952
vn -0.0581 0.0012 0.9983
vn -0.1467 -0.1054 0.9835
vn -0.1904 -0.1516 0.9699
vn -0.1408 -0.1439 0.9795
vn -0.0327 -0.1692 0.9850
vn -0.0356 -0.1570 0.9870
vn -0.0930 -0.1422 0.9855
vn -0.0906 -0.1590 0.9831
vn -0.3643 -0.1088 0.9249
vn -0.3628 -0.1222 0.9238
vn -0.2923 -0.1436 0.9455
vn -0.3009 -0.1203 0.9460
vn -0.0389 -0.1445 0.9887
vn -0.1964 -0.0992 0.9755
vn -0.1951 -0.1298 0.9721
vn -0.0969 -0.1198 0.9881
vn -0.1453 0.4721 0.8695
vn -0.2174 0.4563 0.8628
vn -0.7866 -0.0362 0.6163
vn -0.1029 0.9601 0.2600
vn -0.1419 0.9185 0.3691
vn -0.1544 -0.1031 0.9826
vn -0.2643 -0.0895 0.9603
vn -0.0051 1.0000 -0.0000
vn 0.0192 0.9998 -0.0000
vn -0.1610 0.9390 0.3039
vn -0.1447 0.9310 0.3351
vn -0.0597 0.8980 0.4359
vn -0.0589 0.9139 0.4017
vn -0.0912 0.9135 0.3965
vn -0.0975 0.8963 0.4326
vn 0.0817 0.8818 -0.4644
vn 0.1187 0.8940 -0.4320
vn 0.3790 -0.5053 0.7753
vn -0.1342 0.8536 0.5033
vn -0.1343 0.8536 0.5034
vn -0.1845 0.8408 0.5090
vn -0.1846 0.8407 0.5090
vn -0.1150 0.8686 0.4820
vn -0.1065 0.8788 0.4651
vn -0.1504 0.8742 0.4616
vn -0.1643 0.8598 0.4836
vn -0.1018 0.8867 0.4509
vn -0.1445 0.8849 0.4429
vn -0.1469 0.8953 0.4206
vn -0.7534 0.6073 0.2523
vn -0.7200 0.6423 0.2629
vn -0.7629 0.6026 0.2342
vn -0.7902 0.5700 0.2251
vn -0.5894 0.7668 0.2541
vn -0.5778 0.7876 0.2138
vn -0.6335 0.7528 0.1786
vn -0.6469 0.7303 0.2193
vn -0.6066 0.7820 0.1432
vn -0.6435 0.7569 0.1140
vn -0.0724 0.8599 0.5052
vn -0.0723 0.8599 0.5052
vn -0.0670 0.8812 0.4679
vn -0.0689 0.8740 0.4811
vn -0.0631 0.8893 0.4530
vn -0.0388 0.8966 0.4412
vn -0.0384 0.8983 0.4378
vn -0.2090 0.8310 0.5156
vn -0.2089 0.8310 0.5156
vn -0.1837 0.8697 0.4582
vn -0.1954 0.8542 0.4819
vn -0.1791 0.8844 0.4310
vn -0.4148 0.7991 0.4352
vn -0.3883 0.8172 0.4260
vn -0.6517 0.7076 0.2732
vn -0.7045 0.6673 0.2418
vn -0.3478 0.8632 0.3659
vn -0.3291 0.8859 0.3270
vn -0.3291 0.8858 0.3270
vn 0.3394 0.8371 -0.4292
vn 0.3393 0.8371 -0.4292
vn 0.4623 0.8062 -0.3692
vn 0.2444 0.8622 -0.4438
vn 0.1954 0.8815 -0.4298
vn -0.0650 0.3398 0.9382
vn -0.0652 0.3397 0.9383
vn 0.1647 0.8954 -0.4136
vn -0.0308 0.9911 -0.1297
vn -0.0301 0.9864 -0.1616
vn -0.0594 0.9857 -0.1577
vn -0.0623 0.9899 -0.1274
vn -0.0583 0.9978 0.0311
vn -0.0559 0.9983 -0.0153
vn -0.0939 0.9955 -0.0163
vn -0.0960 0.9949 0.0316
vn -0.1394 0.9901 -0.0166
vn -0.1421 0.9894 0.0300
vn -0.3573 0.9338 0.0182
vn -0.3772 0.9260 -0.0160
vn -0.3772 0.9260 -0.0158
vn -0.0267 0.9992 0.0298
vn -0.0269 0.9995 -0.0146
vn -0.0293 0.9895 0.1418
vn -0.0286 0.9964 0.0797
vn -0.0649 0.9947 0.0801
vn -0.0706 0.9879 0.1384
vn -0.2880 0.9496 0.1235
vn -0.3144 0.9473 0.0608
vn -0.1126 0.9842 0.1369
vn -0.1020 0.9915 0.0807
vn -0.1453 0.9863 0.0780
vn -0.1589 0.9778 0.1363
vn -0.0594 0.9969 -0.0512
vn -0.0943 0.9941 -0.0535
vn -0.1362 0.9892 -0.0533
vn -0.3802 0.9236 -0.0498
vn -0.3802 0.9236 -0.0496
vn -0.0297 0.9984 -0.0486
vn -0.6195 0.7824 0.0639
vn -0.6828 0.7288 0.0513
vn -0.6745 0.7349 0.0703
vn -0.6297 0.7717 0.0891
vn -0.5948 0.8038 0.0060
vn -0.6653 0.7466 0.0039
vn -0.6747 0.7377 0.0250
vn -0.6026 0.7974 0.0318
vn -0.5870 0.8019 -0.1109
vn -0.6077 0.7858 -0.1150
vn -0.5707 0.8173 -0.0795
vn -0.5506 0.8308 -0.0820
vn -0.0992 0.3459 -0.9330
vn -0.0919 0.9880 -0.1240
vn -0.0902 0.9841 -0.1532
vn -0.1170 0.9815 -0.1514
vn -0.1392 0.9828 -0.1213
vn -0.3720 0.9242 -0.0863
vn -0.3719 0.9242 -0.0863
vn -0.7247 0.6880 0.0384
vn -0.7191 0.6931 0.0499
vn -0.7192 0.6930 0.0499
vn -0.8442 0.4994 0.1948
vn -0.8769 0.3395 0.3402
vn -0.7989 0.5980 0.0647
vn -0.7989 0.5980 0.0648
vn -0.7622 0.6451 0.0547
vn -0.7622 0.6450 0.0547
vn -0.6017 0.7403 0.2999
vn -0.5370 0.7947 0.2829
vn -0.9102 0.4131 -0.0300
vn -0.9341 0.3565 -0.0209
vn -0.9437 0.3307 -0.0105
vn -0.9268 0.3749 -0.0237
vn -0.5313 0.8470 -0.0195
vn -0.5805 0.8137 -0.0302
vn -0.5953 0.8035 -0.0041
vn -0.0723 0.9823 0.1726
vn -0.1198 0.9784 0.1687
vn -0.1698 0.9709 0.1690
vn -0.2870 0.9447 0.1587
vn -0.0294 0.9837 0.1776
vn -0.6858 0.7278 0.0084
vn -0.7192 0.6944 0.0244
vn -0.7191 0.6944 0.0244
vn -0.0942 0.9922 -0.0814
vn -0.1375 0.9871 -0.0821
vn -0.8273 0.5562 0.0782
vn -0.0312 0.9962 -0.0809
vn -0.0637 0.9946 -0.0816
vn -0.8735 0.4865 0.0170
vn -0.6651 0.7356 -0.1286
vn -0.6530 0.7515 -0.0941
vn -0.6282 0.7721 -0.0966
vn -0.6576 0.7408 -0.1370
vn -0.9798 0.2002 -0.0018
vn -0.9798 0.2002 -0.0019
vn -0.9615 0.2746 -0.0024
vn -0.6776 0.7354 -0.0069
vn -0.6776 0.7354 -0.0070
vn -0.8127 0.5824 0.0143
vn -0.8128 0.5824 0.0143
vn -0.8624 0.4977 0.0923
vn -0.1989 0.8675 0.4559
vn -0.2055 0.8528 0.4802
vn -0.6810 0.7309 -0.0450
vn -0.6551 0.7541 -0.0474
vn -0.6335 0.7706 -0.0695
vn -0.6618 0.7469 -0.0639
vn -0.6239 -0.0996 0.7751
vn -0.7868 -0.0752 0.6127
vn -0.7870 -0.2300 0.5724
vn -0.7923 -0.1782 0.5835
vn -0.1602 0.9548 0.2505
vn -0.4980 0.0472 0.8659
vn -0.4661 0.1265 0.8756
vn -0.4223 0.5971 0.6820
vn -0.3723 0.6940 0.6163
vn -0.3952 0.7296 0.5582
vn -0.4505 0.6429 0.6194
vn -0.5001 0.2972 0.8134
vn -0.3963 0.2547 0.8821
vn -0.3878 0.3213 0.8639
vn -0.4935 0.3670 0.7885
vn -0.7516 0.5677 -0.3359
vn -0.7293 0.5983 -0.3318
vn -0.8237 0.5110 -0.2458
vn -0.7954 0.5291 -0.2957
vn -0.8396 0.5405 -0.0540
vn -0.8077 0.5806 -0.1027
vn -0.9804 0.1962 -0.0174
vn -0.9282 0.3722 0.0039
vn -0.9347 0.3549 0.0186
vn -0.9395 0.3426 -0.0060
vn -0.8452 0.5243 0.1038
vn -0.8788 0.4660 0.1023
vn -0.7262 0.6821 0.0859
vn -0.8252 0.5617 0.0593
vn -0.9351 0.3535 0.0253
vn -0.9351 0.3535 0.0254
vn -0.8327 0.5537 0.0035
vn -0.9103 0.3941 -0.1266
vn -0.8327 0.5537 0.0034
vn -0.8987 0.4385 -0.0089
vn -0.9447 0.3278 0.0089
vn -0.8789 0.4770 -0.0056
vn -0.9880 0.1508 0.0336
vn -0.9190 0.3823 0.0965
vn -0.9221 0.3751 0.0948
vn -0.9837 0.1750 0.0405
vn -0.6980 0.7141 0.0540
vn -0.6437 0.7629 0.0611
vn -0.9634 0.1851 -0.1939
vn -0.8857 0.4618 -0.0487
vn -0.8850 0.4629 -0.0500
vn -0.8863 0.4626 -0.0212
vn -0.8823 0.4704 -0.0148
vn -0.9606 0.2733 -0.0505
vn -0.7776 0.6206 0.1011
vn -0.7337 0.6712 0.1059
vn -0.9261 0.3744 0.0474
vn -0.9000 0.4348 0.0312
vn -0.3951 0.8987 0.1904
vn -0.8778 0.2629 -0.4005
vn -0.8510 0.5188 -0.0814
vn -0.9295 0.0525 -0.3651
vn -0.9123 -0.0692 -0.4037
vn -0.9919 -0.0965 -0.0821
vn -0.9897 -0.1076 -0.0945
vn -0.9634 -0.1818 -0.1972
vn -0.9629 -0.1798 -0.2010
vn -0.7643 0.4532 -0.4587
vn -0.7178 0.5988 -0.3554
vn -0.7978 0.3164 -0.5132
vn -0.7447 0.5380 -0.3949
vn -0.6186 0.7529 -0.2247
vn -0.7647 0.5951 -0.2472
vn -0.9592 -0.1853 -0.2136
vn -0.9590 0.2786 0.0521
vn -0.9633 -0.1059 -0.2467
vn -0.9699 -0.0054 -0.2433
vn -0.9560 0.0068 -0.2932
vn -0.9618 0.0424 -0.2706
vn -0.9245 0.3191 -0.2086
vn -0.8693 0.4195 0.2617
vn -0.8692 0.4195 0.2616
vn -0.5321 0.8466 0.0078
vn -0.7225 0.6743 -0.1528
vn -0.7096 0.6835 -0.1712
vn -0.8299 0.5321 -0.1678
vn -0.7959 0.5801 -0.1732
vn -0.7915 0.5829 -0.1838
vn -0.8122 0.5527 -0.1864
vn -0.9003 0.4347 -0.0217
vn -0.9420 -0.3311 -0.0546
vn -0.9477 -0.2847 -0.1440
vn -0.9478 -0.2847 -0.1439
vn -0.8725 0.4887 -0.0014
vn -0.8747 0.4847 0.0047
vn -0.8734 0.4854 -0.0392
vn -0.8562 0.5155 -0.0353
vn -0.8687 0.4934 -0.0435
vn -0.8777 0.4767 -0.0499
vn -0.8919 0.4508 -0.0365
vn -0.8870 0.4608 -0.0308
vn -0.8827 0.4697 0.0142
vn -0.8792 0.4763 0.0081
vn -0.9116 0.4082 0.0485
vn -0.9266 0.3723 0.0532
vn -0.5843 0.8087 0.0681
vn -0.9961 0.0840 -0.0256
vn -0.6846 0.7205 0.1104
vn -0.9256 0.3668 0.0929
vn -0.8919 0.4522 0.0095
vn -0.9540 0.2883 -0.0829
vn -0.9431 0.3186 -0.0953
vn -0.8848 0.4640 -0.0414
vn -0.9331 0.3585 -0.0263
vn -0.9288 0.3695 -0.0272
vn -0.9568 0.2860 0.0521
vn -0.9568 0.2859 0.0521
vn -0.8390 0.4991 0.2168
vn -0.8389 0.4992 0.2168
vn -0.6943 0.7196 -0.0101
vn -0.9627 0.2706 0.0069
vn -0.9460 0.3240 0.0051
vn -0.9126 0.4088 -0.0036
vn -0.8706 0.4918 -0.0134
vn -0.8706 0.4917 -0.0134
vn -0.8422 0.5389 -0.0158
vn -0.4949 0.7433 -0.4501
vn -0.4296 0.7773 -0.4596
vn -0.3182 0.8261 -0.4652
vn -0.3692 0.7959 -0.4798
vn -0.9541 0.2989 -0.0188
vn -0.9601 0.2783 -0.0288
vn -0.9431 0.3311 -0.0301
vn -0.9378 0.3462 -0.0258
vn -0.5272 0.7007 -0.4807
vn -0.5102 0.7099 -0.4854
vn -0.5902 0.6915 -0.4164
vn -0.5997 0.6856 -0.4127
vn -0.8697 0.4922 -0.0369
vn -0.9043 0.4252 -0.0380
vn -0.9082 0.4171 -0.0341
vn -0.8713 0.4895 -0.0332
vn -0.6745 0.7204 -0.1614
vn -0.7803 0.5889 -0.2103
vn -0.3545 0.9274 -0.1192
vn -0.3547 0.9274 -0.1189
vn -0.7175 0.6384 -0.2787
vn -0.7159 0.6398 -0.2794
vn -0.8803 0.4556 -0.1320
vn -0.8577 0.4943 -0.1412
vn -0.8088 0.5459 -0.2185
vn -0.8311 0.5078 -0.2267
vn -0.9453 -0.2468 -0.2132
vn -0.9467 0.2926 0.1350
vn -0.9467 0.2925 0.1350
vn -0.9908 0.1337 -0.0190
vn -0.8437 0.4793 -0.2417
vn -0.8774 0.4532 -0.1572
vn -0.9028 0.3940 -0.1726
vn -0.5516 0.5391 -0.6364
vn -0.0786 0.1494 -0.9856
vn -0.0338 0.0918 -0.9952
vn -0.8885 0.4588 -0.0073
vn -0.9765 -0.2149 0.0155
vn -0.9765 -0.2148 0.0155
vn -0.1986 0.9126 0.3573
vn -0.1952 0.9274 0.3192
vn -0.2338 0.9228 0.3062
vn -0.2273 0.9132 0.3383
vn -0.0356 0.9081 0.4173
vn -0.0384 0.8967 0.4410
vn -0.7939 0.5444 -0.2710
vn -0.8056 0.5219 -0.2805
vn -0.0281 0.9558 -0.2927
vn -0.0526 0.9558 -0.2891
vn -0.0538 0.9726 -0.2264
vn -0.0287 0.9729 -0.2295
vn -0.0283 -0.1093 -0.9936
vn -0.5096 0.0877 -0.8559
vn -0.0576 0.6765 -0.7342
vn 0.0014 -0.1143 -0.9934
vn -0.0215 -0.0852 -0.9961
vn -0.1765 0.0370 -0.9836
vn -0.9069 -0.1116 -0.4063
vn -0.8817 -0.0177 -0.4714
vn -0.7854 0.4128 -0.4613
vn -0.7638 0.4207 -0.4896
vn -0.6665 -0.2778 -0.6918
vn -0.8045 -0.2592 -0.5343
vn -0.8200 -0.1690 -0.5469
vn -0.6902 -0.1802 -0.7008
vn -0.8533 -0.3322 -0.4020
vn -0.8555 -0.2268 -0.4655
vn -0.8757 -0.1073 -0.4708
vn -0.1467 -0.0006 -0.9892
vn -0.8852 0.0550 -0.4620
vn -0.8289 0.0631 -0.5558
vn -0.7080 0.0910 -0.7003
vn -0.0333 0.0897 -0.9954
vn -0.0348 0.2468 -0.9684
vn -0.0400 0.3132 -0.9488
vn -0.1049 0.7299 -0.6755
vn -0.1890 0.3036 -0.9339
vn -0.9219 0.1931 0.3359
vn -0.6675 -0.1099 0.7364
vn -0.8438 -0.0581 0.5334
vn -0.8070 -0.2100 0.5519
vn -0.6292 -0.3183 0.7091
vn -0.1245 0.5370 -0.8344
vn -0.1818 0.5668 -0.8036
vn -0.1668 0.6395 -0.7505
vn -0.1091 0.6438 -0.7574
vn -0.0324 0.5437 -0.8386
vn -0.0269 0.6551 -0.7551
vn -0.0837 0.9568 -0.2784
vn -0.0854 0.9726 -0.2163
vn -0.3323 0.6674 -0.6665
vn -0.4419 0.6525 -0.6156
vn -0.2746 0.6400 -0.7176
vn -0.2657 0.6266 -0.7326
vn -0.4002 0.7363 -0.5457
vn -0.1936 0.9392 -0.2835
vn -0.1949 0.9549 -0.2242
vn -0.1216 0.9706 -0.2078
vn -0.1196 0.9556 -0.2693
vn -0.9797 0.1976 -0.0324
vn -0.9588 0.2838 0.0111
vn -0.8135 0.1817 0.5525
vn -0.8754 -0.1152 0.4694
vn -0.8695 -0.2066 0.4486
vn -0.9122 -0.2187 0.3465
vn 0.6035 0.4083 0.6849
vn 0.8357 0.4932 0.2414
vn 0.9411 0.3189 0.1125
vn 0.7290 0.2710 0.6286
vn -0.0786 0.9678 0.2390
vn 0.0537 -0.9703 0.2359
vn 0.1584 -0.9874 0.0037
vn -0.4501 -0.1155 0.8855
vn -0.8206 0.2588 0.5096
vn -0.6432 0.2997 0.7047
vn -0.9198 -0.0003 0.3923
vn -0.8706 -0.1253 0.4758
vn -0.7910 -0.2453 0.5606
vn -0.1483 0.2749 0.9500
vn -0.0648 0.2705 0.9605
vn -0.6123 -0.3736 0.6968
vn -0.5442 0.4322 0.7190
vn -0.5648 0.4198 0.7105
vn -0.6802 0.4413 0.5853
vn -0.6817 0.4521 0.5752
vn -0.2631 0.2978 0.9177
vn -0.2866 0.2179 0.9329
vn -0.3179 0.2806 0.9057
vn -0.3038 0.3090 0.9012
vn 0.2243 0.8761 0.4267
vn 0.4059 0.7697 0.4928
vn 0.2704 0.6610 0.7000
vn 0.1325 0.7877 0.6017
vn -0.3164 0.2354 0.9190
vn -0.3132 0.3020 0.9004
vn -0.0955 0.0128 0.9953
vn -0.0731 -0.1448 0.9868
vn -0.0117 0.0063 0.9999
vn -0.4159 0.3022 0.8577
vn -0.8514 0.3107 0.4226
vn -0.8596 0.3185 0.3996
vn -0.9333 -0.1569 0.3230
vn -0.9310 -0.1149 0.3463
vn -0.9465 -0.1246 0.2977
vn -0.9486 -0.0978 0.3010
vn -0.9321 0.1888 0.3093
vn -0.9593 -0.1658 0.2284
vn -0.4431 0.3492 0.8256
vn -0.9514 -0.2133 0.2222
vn -0.9615 0.0214 0.2741
vn -0.9323 0.0266 0.3607
vn -0.4593 0.3434 0.8192
vn -0.9923 0.0797 0.0944
vn -0.9956 0.0934 -0.0048
vn -0.9999 -0.0141 -0.0053
vn -0.9954 -0.0051 0.0955
vn -0.3089 -0.0980 0.9460
vn -0.0015 0.0662 -0.9978
vn -0.0028 0.1088 -0.9941
vn -0.0078 0.0724 -0.9973
vn -0.0141 0.1249 -0.9921
vn -0.0725 0.5334 -0.8428
vn -0.0613 0.6500 -0.7574
vn -0.0378 0.9355 0.3512
vn -0.0263 0.9367 0.3492
vn -0.0299 0.9263 0.3757
vn -0.6122 0.7182 -0.3307
vn -0.6618 0.7121 -0.2342
vn -0.4995 0.8090 -0.3098
vn -0.6618 0.7491 -0.0305
vn -0.5751 0.8165 -0.0507
vn -0.6945 0.7188 -0.0324
vn -0.1654 0.0357 -0.9856
vn -0.0168 0.8578 -0.5138
vn -0.0160 0.8716 -0.4900
vn -0.5542 0.6525 -0.5168
vn -0.1860 0.9756 -0.1171
vn -0.1847 0.9724 -0.1428
vn -0.1782 0.9745 -0.1367
vn -0.0505 -0.0209 -0.9985
vn -0.7847 0.5674 -0.2495
vn -0.1687 0.9821 -0.0838
vn -0.1955 0.9714 0.1352
vn -0.2086 0.9632 0.1693
vn -0.1731 0.9845 0.0280
vn -0.1778 0.9812 0.0747
vn -0.1598 0.9857 -0.0527
vn -0.1672 0.9858 -0.0165
vn -0.1869 0.8978 0.3987
vn -0.2048 0.9014 0.3815
vn -0.1950 0.8850 0.4227
vn -0.3594 0.8405 0.4056
vn -0.3594 0.8404 0.4056
vn -0.2082 0.8303 0.5170
vn -0.2071 0.8372 0.5062
vn -0.0204 0.0830 -0.9963
vn -0.0268 0.1314 -0.9910
vn -0.3474 0.9280 -0.1343
vn -0.9264 -0.0815 -0.3676
vn -0.2819 -0.0706 0.9568
vn -0.5081 -0.0889 0.8567
vn -0.1427 0.9410 0.3070
vn -0.0791 0.9485 0.3068
vn 0.2660 0.9640 -0.0000
vn -0.0217 -0.9893 0.1444
vn -0.0092 -0.9912 0.1322
vn -0.2143 0.9257 0.3117
vn -0.2400 0.8948 0.3765
vn -0.1603 0.9103 0.3817
vn 0.8240 -0.4923 0.2804
vn 0.9588 -0.2828 0.0261
vn -0.5488 0.4158 0.7252
vn -0.5511 0.4431 0.7071
vn -0.3205 0.6413 0.6971
vn -0.2888 0.6969 0.6565
vn -0.3324 0.7509 0.5707
vn 0.0066 -1.0000 -0.0000
vn 0.0063 -1.0000 -0.0000
vn 0.0049 -1.0000 -0.0000
vn 0.0012 -0.7911 0.6116
vn -0.0105 -0.0162 0.9998
vn 0.0097 -1.0000 -0.0000
vn 0.5141 0.8577 -0.0000
vn -0.1488 0.9299 0.3363
vn -0.2114 0.9280 0.3067
vn -0.1484 0.9300 0.3364
vn -0.2959 0.9128 0.2816
vn -0.2904 0.9216 0.2573
vn -0.2958 0.9128 0.2816
vn -0.1491 0.9125 0.3810
vn -0.0549 0.9330 0.3556
vn -0.0582 0.9327 0.3559
vn -0.0856 0.9322 0.3516
vn -0.0351 0.9128 0.4070
vn -0.1447 0.9305 0.3366
vn -0.9193 0.3834 -0.0887
vn -0.9201 0.3725 -0.1212
vn -0.8876 0.4510 -0.0933
vn -0.2312 0.8663 0.4428
vn -0.2293 0.8344 0.5011
vn -0.2026 0.8971 0.3926
vn -0.1211 0.9276 0.3533
vn -0.0936 0.9188 0.3836
vn -0.2520 0.6339 0.7312
vn -0.4070 0.8311 0.3790
vn -0.3657 0.8822 0.2967
vn -0.5657 0.4989 0.6566
vn -0.4686 0.4728 0.7462
vn -0.5226 0.5202 0.6755
vn -0.3875 0.7676 0.5105
vn -0.4707 0.6702 0.5739
vn -0.3704 0.7913 0.4864
vn -0.4078 0.7835 0.4688
vn -0.5439 0.6764 0.4966
vn -0.5041 0.6779 0.5351
vn -0.3693 0.7711 0.5187
vn -0.3410 0.8171 0.4649
vn -0.3764 0.4189 0.8263
vn -0.2560 0.8644 0.4328
vn -0.1246 0.9422 0.3111
vn -0.1307 0.9373 0.3232
vn -0.3583 0.5367 0.7639
vn -0.5044 0.1030 0.8573
vn -0.5264 -0.0328 0.8496
vn -0.5445 0.0787 0.8350
vn -0.4641 0.1263 0.8767
vn -0.0921 0.9469 0.3081
vn -0.5748 0.8011 0.1670
vn -0.5912 0.7998 0.1043
vn -0.6555 0.7552 -0.0039
vn -0.5361 0.8433 0.0379
vn -0.5634 0.8228 0.0741
vn -0.5272 0.8142 0.2434
vn -0.7201 0.6372 0.2748
vn -0.6793 0.6752 0.2874
vn -0.4506 0.8723 0.1898
vn -0.5359 0.8428 -0.0506
vn -0.6116 0.7812 -0.1250
vn -0.6424 0.7550 -0.1312
vn -0.9719 0.0116 -0.2351
vn -0.0868 0.9325 0.3505
vn -0.0866 0.9325 0.3506
vn -0.0558 0.9335 0.3543
vn -0.0313 0.9348 0.3539
vn -0.2466 0.9264 0.2845
vn -0.2427 0.9256 0.2905
vn -0.2428 0.9256 0.2905
vn -0.1991 0.9080 0.3686
vn -0.1991 0.9080 0.3685
vn -0.1935 0.8868 0.4197
vn -0.1936 0.8867 0.4199
vn -0.1990 0.8679 0.4550
vn -0.1990 0.8679 0.4551
vn -0.2055 0.8375 0.5064
vn -0.2097 0.8390 0.5022
vn -0.1815 0.8389 0.5132
vn -0.1309 0.8481 0.5135
vn -0.0735 0.8587 0.5073
vn -0.9213 0.3885 0.0146
vn -0.9542 0.2991 0.0011
vn -0.9520 0.3061 0.0028
vn -0.9165 0.3986 0.0333
vn -0.9694 0.2453 -0.0108
vn -0.9534 0.3014 -0.0093
vn -0.9519 0.3063 -0.0067
vn -0.9673 0.2536 -0.0064
vn -0.9208 0.3901 -0.0067
vn -0.9199 0.3921 -0.0098
vn -0.7942 0.6071 0.0247
vn -0.7747 0.6318 0.0251
vn -0.8531 0.5216 0.0115
vn -0.9223 0.3864 -0.0007
vn -0.9547 0.2975 -0.0052
vn -0.8663 0.4986 0.0300
vn -0.8558 0.5173 0.0093
vn -0.8601 0.5098 0.0188
vn -0.8804 0.4702 0.0609
vn -0.8321 0.5496 0.0740
vn -0.8057 0.5914 0.0331
vn -0.8166 0.5754 0.0459
vn -0.9693 0.2456 -0.0075
vn -0.8014 0.5972 0.0323
vn -0.8007 0.5985 0.0275
vn -0.9667 0.2560 -0.0043
vn -0.7845 0.6199 0.0173
vn -0.9635 0.2677 -0.0078
vn -0.3786 0.5055 -0.7753
vn -0.3790 0.5053 -0.7753
vn -0.4136 0.4865 -0.7696
vn -0.3195 0.5350 -0.7821
vn -0.0361 0.8565 -0.5148
vn -0.0346 0.8698 -0.4921
vn -0.0901 0.7319 -0.6754
vn -0.1418 0.7231 -0.6760
vn -0.0556 0.8554 -0.5150
vn -0.0549 0.8688 -0.4921
vn -0.2616 0.7126 -0.6510
vn -0.4723 0.6833 -0.5567
vn -0.2448 0.7692 -0.5902
vn -0.4647 0.7214 -0.5135
vn -0.1183 0.7816 -0.6124
vn -0.0508 0.7379 -0.6730
vn -0.0728 0.7886 -0.6106
vn -0.0224 0.7403 -0.6719
vn -0.5941 0.6478 -0.4768
vn -0.0601 0.8267 -0.5594
vn -0.0970 0.8210 -0.5626
vn -0.2206 0.8034 -0.5530
vn -0.4344 0.7508 -0.4976
vn -0.0433 0.7931 -0.6076
vn -0.0196 0.7944 -0.6070
vn -0.1837 0.8413 -0.5084
vn -0.0826 0.8533 -0.5148
vn -0.0388 0.8288 -0.5582
vn -0.0181 0.8299 -0.5576
vn -0.0783 0.8692 -0.4883
vn -0.1634 0.8639 -0.4764
vn -0.5981 0.6661 -0.4456
vn -0.5669 0.6953 -0.4419
vn -0.3394 0.8706 -0.3562
vn -0.2563 0.9323 -0.2551
vn -0.7075 0.6662 -0.2360
vn -0.0588 0.1533 -0.9864
vn -0.0866 0.7008 -0.7081
vn -0.0171 0.2785 -0.9603
vn -0.0156 0.2069 -0.9782
vn -0.8614 0.4917 -0.1269
vn -0.8809 0.4613 -0.1060
vn -0.9067 0.3994 -0.1353
vn -0.8520 0.5091 -0.1223
vn -0.7520 0.6023 -0.2676
vn -0.8271 0.5398 -0.1568
vn -0.8719 0.4896 -0.0072
vn -0.8869 0.4620 -0.0024
vn -0.8964 0.4408 -0.0471
vn -0.8494 0.5269 -0.0298
vn -0.9770 -0.0707 0.2012
vn -0.9999 0.0148 0.0049
vn -0.8523 -0.0815 -0.5167
vn -0.9681 -0.0985 -0.2304
vn 0.0678 0.5287 -0.8461
vn -0.1415 -0.7795 0.6102
vn 0.4021 -0.6897 0.6021
vn 0.0108 0.6278 0.7783
vn -0.0134 0.6611 0.7502
vn 0.1467 0.5380 0.8301
vn 0.0124 0.6852 0.7282
vn -0.0359 0.9850 0.1689
vn -0.0360 0.9994 -0.0000
vn -0.0201 -0.0001 0.9998
vn -0.0580 -0.1678 0.9841
vn -0.3163 -0.0855 0.9448
vn -0.3652 -0.1008 0.9255
vn -0.3159 -0.0858 0.9449
vt 0.000000 0.000000
s 1
usemtl Material
f 1209/1/1 604/1/2 1089/1/3 39/1/4
f 110/1/5 1165/1/6 1168/1/7
f 154/1/8 146/1/9 1175/1/10 1176/1/11
f 27/1/12 38/1/13 37/1/14 26/1/15
f 1170/1/16 112/1/17 1096/1/18
f 162/1/19 154/1/8 1176/1/11 708/1/20
f 1166/1/21 110/1/5 1168/1/7
f 1091/1/22 1086/1/23 1174/1/24 1179/1/25
f 51/1/26 52/1/27 76/1/28 78/1/29
f 100/1/30 34/1/31 41/1/32 118/1/33
f 614/1/34 1178/1/35 1175/1/10 146/1/9
f 1116/1/36 595/1/37 128/1/38 1097/1/39
f 24/1/40 35/1/41 38/1/13 27/1/12
f 22/1/42 1081/1/43 1074/1/44 18/1/45
f 46/1/46 676/1/47 688/1/48 292/1/49
f 4/1/50 43/1/51 50/1/52 17/1/53
f 1194/1/54 1190/1/55 101/1/56 132/1/57
f 49/1/58 50/1/59 63/1/60 62/1/61
f 1048/1/62 1057/1/63 234/1/64 233/1/65
f 1052/1/66 1050/1/67 670/1/68
f 7/1/69 1047/1/70 1044/1/71 1/1/72
f 14/1/73 6/1/74 45/1/75 1055/1/76
f 1052/1/77 1248/1/78 48/1/79 1051/1/80
f 1050/1/67 285/1/81 618/1/82 670/1/68
f 72/1/83 37/1/14 254/1/84
f 55/1/85 59/1/86 318/1/87 316/1/88
f 293/1/89 1247/1/90 642/1/91 644/1/92
f 1046/1/93 1043/1/94 238/1/95 239/1/96
f 310/1/97 1054/1/98 1056/1/99 235/1/100
f 72/1/83 40/1/101 33/1/102 61/1/103
f 6/1/74 5/1/104 44/1/105 45/1/75
f 577/1/106 574/1/107 70/1/107 106/1/106
f 1029/1/108 232/1/109 319/1/110 1036/1/111
f 141/1/112 143/1/113 132/1/57 101/1/56
f 156/1/114 265/1/115 262/1/116
f 211/1/117 256/1/118 1063/1/119 1065/1/120
f 590/1/121 81/1/122 600/1/123 601/1/124
f 1060/1/125 1055/1/76 45/1/75 57/1/126
f 256/1/118 240/1/127 1062/1/128 1063/1/119
f 15/1/129 49/1/58 44/1/105 5/1/104
f 78/1/29 76/1/28 43/1/51 4/1/50
f 62/1/61 64/1/130 44/1/105 49/1/58
f 589/1/131 592/1/132 84/1/133 105/1/134
f 583/1/135 576/1/136 73/1/137 159/1/138
f 226/1/139 229/1/140 215/1/141 218/1/142
f 1087/1/143 1079/1/144 1171/1/145 1177/1/146
f 134/1/147 1098/1/148 1099/1/149 135/1/150
f 44/1/105 64/1/130 57/1/126 45/1/75
f 143/1/113 141/1/112 103/1/151 130/1/152
f 62/1/153 200/1/154 276/1/155 64/1/156
f 1160/1/157 1149/1/158 1185/1/159 1182/1/160
f 123/1/161 142/1/162 145/1/163 97/1/164
f 122/1/165 119/1/166 95/1/167 96/1/168
f 594/1/169 123/1/161 97/1/164 593/1/170
f 33/1/102 40/1/101 36/1/171 25/1/172
f 83/1/173 82/1/174 160/1/175 155/1/176
f 576/1/136 585/1/177 172/1/178 73/1/137
f 1206/1/179 67/1/180 1133/1/181 1203/1/182
f 36/1/171 40/1/101 215/1/141 217/1/183
f 42/1/184 52/1/27 51/1/26 3/1/185
f 26/1/15 37/1/14 72/1/83 61/1/103
f 204/1/186 210/1/187 214/1/188 206/1/189
f 579/1/190 122/1/165 96/1/168 575/1/191
f 165/1/192 603/1/193 602/1/194 161/1/195
f 1100/1/196 129/1/197 580/1/198 1114/1/199
f 160/1/175 150/1/200 149/1/201 155/1/176
f 201/1/202 57/1/203 64/1/156 276/1/155
f 30/1/204 1090/1/205 1077/1/206 20/1/207
f 1190/1/208 1196/1/209 90/1/210 101/1/211
f 161/1/212 602/1/213 599/1/214 163/1/215
f 591/1/216 1079/1/217 1078/1/218 125/1/219
f 143/1/113 1109/1/220 1106/1/221 132/1/57
f 1213/1/222 1209/1/1 39/1/4 1124/1/223
f 1207/1/224 1210/1/225 1119/1/226 118/1/33
f 136/1/227 1102/1/228 1115/1/229 596/1/230
f 1163/1/231 1127/1/232 119/1/166 122/1/165
f 1147/1/233 1131/1/234 123/1/161 594/1/169
f 1145/1/235 1135/1/236 1132/1/237 1146/1/238
f 599/1/214 602/1/213 53/1/239 86/1/240
f 614/1/34 615/1/241 1173/1/242 1178/1/35
f 144/1/243 141/1/244 101/1/211 90/1/210
f 270/1/245 268/1/246 109/1/247
f 105/1/134 84/1/133 85/1/248 104/1/249
f 1206/1/179 1196/1/209 89/1/250 67/1/180
f 592/1/132 88/1/251 1151/1/252 1161/1/253
f 88/1/251 144/1/243 1158/1/254 1151/1/252
f 580/1/198 577/1/255 106/1/256 127/1/257
f 595/1/37 589/1/258 105/1/259 128/1/38
f 275/1/260 1111/1/261 1108/1/262
f 1145/1/235 1187/1/263 1137/1/264 1144/1/265
f 21/1/266 20/1/207 1077/1/206 1080/1/267
f 1192/1/268 1199/1/269 603/1/193 165/1/192
f 1189/1/270 1191/1/271 117/1/272 93/1/273
f 79/1/274 1096/1/18 139/1/275
f 128/1/38 105/1/259 104/1/276 129/1/197
f 598/1/277 588/1/278 113/1/279 258/1/280
f 93/1/273 117/1/272 109/1/281 53/1/282
f 587/1/283 578/1/284 111/1/285 261/1/286
f 1188/1/287 1184/1/288 1185/1/159
f 1109/1/220 143/1/113 130/1/152 1101/1/289
f 56/1/290 55/1/85 316/1/88 317/1/291
f 1073/1/292 1082/1/293 1172/1/294 1167/1/295
f 29/1/296 1088/1/297 1085/1/298 28/1/299
f 274/1/300 1112/1/301 591/1/302 125/1/303
f 22/1/42 31/1/304 1092/1/305 1081/1/43
f 28/1/299 1085/1/298 1092/1/305 31/1/304
f 19/1/306 1075/1/307 1083/1/308 23/1/309
f 18/1/45 1074/1/44 1075/1/307 19/1/306
f 17/1/310 50/1/59 49/1/58 15/1/129
f 1066/1/311 203/1/312 241/1/313 1067/1/314
f 1162/1/315 1150/1/316 1136/1/317 1144/1/265
f 1150/1/316 1157/1/318 1142/1/319 1136/1/317
f 258/1/280 113/1/279 114/1/320 259/1/321
f 1140/1/322 1143/1/323 1138/1/324 1129/1/325
f 1142/1/319 1157/1/318 1156/1/326 1139/1/327
f 1135/1/236 1143/1/323 1140/1/322 1132/1/237
f 81/1/122 258/1/280 259/1/321 80/1/328
f 1131/1/234 1141/1/329 142/1/162 123/1/161
f 1118/1/330 1120/1/331 1123/1/332 1121/1/333
f 29/1/296 21/1/334 1080/1/335 1088/1/297
f 145/1/163 142/1/162 120/1/336 99/1/337
f 1191/1/338 1195/1/339 269/1/340 117/1/341
f 1202/1/342 1134/1/343 1126/1/344 1205/1/345
f 58/1/346 255/1/347 320/1/348 60/1/349
f 190/1/350 191/1/351 197/1/352
f 1171/1/145 1079/1/144 591/1/353 1095/1/354
f 574/1/107 85/1/248 1148/1/355 1159/1/356
f 1097/1/39 128/1/38 129/1/197 1100/1/196
f 581/1/357 1113/1/358 1093/1/359 133/1/360
f 272/1/361 1108/1/262 1103/1/362 137/1/363
f 596/1/230 1115/1/229 1098/1/148 134/1/147
f 1107/1/364 1112/1/301 274/1/300
f 588/1/365 596/1/230 134/1/147 113/1/366
f 578/1/367 581/1/357 133/1/360 111/1/368
f 139/1/369 272/1/361 271/1/370 116/1/371
f 139/1/369 112/1/372 275/1/260 272/1/361
f 94/1/373 79/1/274 139/1/275 116/1/374
f 86/1/240 53/1/239 109/1/375
f 109/1/375 268/1/376 260/1/377
f 1110/1/378 140/1/379 138/1/380 1105/1/381
f 140/1/379 270/1/245 269/1/340 138/1/380
f 189/1/382 187/1/383 195/1/384 196/1/385
f 1025/1/386 153/1/387 147/1/388 1018/1/389
f 1040/1/390 1013/1/391 961/1/392 963/1/393
f 1032/1/394 77/1/395 1016/1/396
f 191/1/397 253/1/398 1033/1/399 192/1/400
f 1028/1/401 1026/1/402 195/1/384
f 964/1/403 189/1/404 186/1/405
f 87/1/406 163/1/215 158/1/407
f 582/1/408 583/1/135 159/1/138 148/1/409
f 1192/1/268 165/1/192 91/1/410
f 65/1/411 161/1/212 163/1/215 87/1/406
f 600/1/123 81/1/122 80/1/328 171/1/412 166/1/413 169/1/414
f 600/1/123 169/1/414 168/1/415
f 167/1/416 169/1/417 166/1/418
f 584/1/419 171/1/412 80/1/328 573/1/420
f 152/1/421 1027/1/422 1016/1/396
f 585/1/177 167/1/416 171/1/423 584/1/424
f 1031/1/425 1015/1/426 197/1/352
f 1000/1/427 994/1/428 545/1/429
f 197/1/352 1015/1/426 198/1/430
f 514/1/431 513/1/432 176/1/433 175/1/434
f 156/1/435 151/1/436 147/1/388
f 324/1/437 337/1/438 805/1/439
f 235/1/100 236/1/440 245/1/441
f 198/1/430 195/1/384 187/1/383 188/1/442
f 243/1/443 59/1/444 55/1/445 279/1/446
f 515/1/447 514/1/431 175/1/434 173/1/448
f 963/1/393 961/1/392 178/1/449 586/1/450
f 1027/1/422 152/1/421 153/1/387 1025/1/386
f 516/1/451 515/1/447 173/1/448 386/1/452
f 184/1/453 189/1/404 964/1/403 183/1/454
f 998/1/455 990/1/456 190/1/457 185/1/458
f 612/1/459 974/1/460 971/1/461 608/1/462
f 164/1/463 91/1/410 92/1/464
f 190/1/457 990/1/456 253/1/398
f 192/1/400 1033/1/399 193/1/465
f 196/1/385 195/1/384 1026/1/402 1017/1/466
f 186/1/467 189/1/382 196/1/385
f 153/1/387 91/1/468 65/1/469 147/1/388
f 152/1/421 92/1/470 91/1/468 153/1/387
f 156/1/435 147/1/388 65/1/469 87/1/471
f 1019/1/472 1040/1/390 963/1/393 960/1/473
f 1018/1/389 147/1/388 151/1/436 1023/1/474
f 197/1/352 192/1/475 193/1/476
f 197/1/352 198/1/430 188/1/442 185/1/477
f 197/1/352 191/1/351 192/1/475
f 1034/1/478 146/1/9 1032/1/479
f 194/1/480 196/1/385 1017/1/466 1024/1/481
f 185/1/477 190/1/350 197/1/352
f 1016/1/396 77/1/395 92/1/470 152/1/421
f 156/1/435 87/1/471 158/1/482 157/1/482
f 1033/1/399 1031/1/483 193/1/465
f 37/1/14 38/1/13 108/1/484 255/1/347
f 107/1/485 108/1/484 38/1/13 35/1/41
f 236/1/486 240/1/127 246/1/487 245/1/488
f 1036/1/111 319/1/110 315/1/489 1071/1/490
f 241/1/313 203/1/312 278/1/491 279/1/446
f 200/1/154 204/1/186 277/1/492 276/1/155
f 63/1/493 199/1/494 200/1/154 62/1/153
f 207/1/495 201/1/202 276/1/155 277/1/492
f 203/1/312 207/1/495 277/1/492 278/1/491
f 110/1/5 1035/1/496 1072/1/497 317/1/291
f 210/1/187 227/1/498 205/1/499 214/1/188
f 1067/1/314 241/1/313 56/1/500 1069/1/501
f 199/1/494 210/1/187 204/1/186 200/1/154
f 214/1/188 205/1/499 68/1/502 242/1/503
f 521/1/504 490/1/505 898/1/505 914/1/504
f 204/1/186 206/1/189 278/1/491 277/1/492
f 470/1/506 208/1/507 209/1/508 237/1/509
f 199/1/494 63/1/493 74/1/510
f 69/1/511 227/1/498 210/1/187 199/1/494
f 218/1/142 72/1/83 254/1/84 216/1/512
f 218/1/142 215/1/141 40/1/101 72/1/83
f 219/1/513 220/1/514 52/1/27 42/1/184
f 221/1/515 222/1/516 43/1/51 76/1/28
f 216/1/512 54/1/517 68/1/518
f 205/1/519 257/1/520 216/1/512 68/1/518
f 223/1/521 224/1/522 220/1/514 219/1/513
f 76/1/28 52/1/27 220/1/514 221/1/515
f 222/1/516 69/1/523 66/1/524
f 66/1/524 74/1/525 43/1/51
f 43/1/51 222/1/516 66/1/524
f 50/1/52 43/1/51 74/1/525 63/1/526
f 228/1/527 229/1/140 224/1/522 223/1/521
f 221/1/515 220/1/514 224/1/522 225/1/528
f 227/1/529 230/1/530 257/1/520 205/1/519
f 217/1/183 215/1/141 229/1/140 228/1/527
f 225/1/528 224/1/522 229/1/140 226/1/139
f 218/1/142 216/1/512 257/1/520 226/1/139
f 54/1/531 58/1/532 68/1/502
f 216/1/512 254/1/84 54/1/517
f 180/1/533 183/1/454 266/1/534
f 113/1/366 134/1/147 135/1/150 114/1/535
f 1184/1/288 1163/1/231 122/1/165
f 206/1/189 214/1/188 242/1/503 243/1/443
f 237/1/509 209/1/508 1068/1/536 1070/1/537
f 209/1/508 211/1/117 1065/1/120 1068/1/536
f 201/1/202 207/1/495 1064/1/538 1061/1/539
f 1050/1/67 1046/1/93 239/1/96 285/1/81
f 1/1/72 1044/1/71 1045/1/540 2/1/541
f 1064/1/538 207/1/495 203/1/312 1066/1/311
f 317/1/291 1072/1/497 1069/1/542 56/1/290
f 13/1/543 1053/1/544 1058/1/545 16/1/546
f 7/1/69 16/1/546 1058/1/545 1047/1/70
f 246/1/487 240/1/127 248/1/547
f 245/1/488 246/1/487 202/1/548 251/1/549
f 235/1/100 245/1/441 251/1/550 250/1/551
f 235/1/100 250/1/551 312/1/552 310/1/97
f 246/1/487 248/1/547 252/1/553 202/1/548
f 191/1/397 190/1/457 253/1/398
f 212/1/554 213/1/555 256/1/118 211/1/117
f 252/1/553 248/1/547 249/1/556
f 249/1/556 247/1/557 252/1/553
f 989/1/558 1042/1/559 1033/1/399 253/1/398
f 1031/1/425 197/1/352 193/1/476
f 108/1/484 107/1/485 318/1/87 320/1/348
f 316/1/88 318/1/87 107/1/485 1164/1/560
f 151/1/561 262/1/116 1037/1/562
f 23/1/309 1083/1/308 35/1/41 24/1/40
f 255/1/347 108/1/484 320/1/348
f 254/1/84 37/1/14 255/1/347
f 254/1/84 255/1/347 58/1/346 54/1/517
f 74/1/510 66/1/563 199/1/494
f 66/1/563 69/1/511 199/1/494
f 513/1/432 519/1/564 314/1/565 176/1/433
f 243/1/443 242/1/503 60/1/566 59/1/444
f 208/1/507 212/1/554 211/1/117 209/1/508
f 91/1/410 165/1/192 161/1/195 65/1/567
f 112/1/17 1170/1/16 1171/1/145 1095/1/354
f 231/1/568 964/1/403 194/1/569
f 69/1/523 222/1/516 230/1/530 227/1/529
f 221/1/515 225/1/528 230/1/530 222/1/516
f 225/1/528 226/1/139 257/1/520 230/1/530
f 58/1/532 60/1/566 242/1/503 68/1/502
f 573/1/420 587/1/283 261/1/286 71/1/570
f 590/1/121 598/1/277 258/1/280 81/1/122
f 86/1/240 109/1/375 260/1/377
f 263/1/571 265/1/115 157/1/572
f 262/1/116 265/1/115 155/1/573 149/1/574
f 263/1/571 158/1/407 264/1/575
f 265/1/115 156/1/114 157/1/572
f 231/1/568 1038/1/576 1022/1/577 962/1/578
f 263/1/571 157/1/572 158/1/407
f 264/1/575 158/1/407 163/1/215
f 1024/1/579 1038/1/576 231/1/568
f 171/1/423 167/1/416 166/1/418
f 266/1/534 183/1/454 964/1/403
f 1024/1/579 231/1/568 194/1/569
f 151/1/561 156/1/114 262/1/116
f 194/1/480 186/1/467 196/1/385
f 260/1/377 267/1/580 115/1/581
f 260/1/377 268/1/376 267/1/580
f 268/1/246 270/1/245 267/1/582
f 1200/1/583 1194/1/54 132/1/57 1106/1/221
f 267/1/582 140/1/379 136/1/227 115/1/584
f 267/1/582 270/1/245 140/1/379
f 269/1/340 270/1/245 109/1/247 117/1/341
f 273/1/585 274/1/300 125/1/303 126/1/586
f 112/1/372 1095/1/587 1111/1/261 275/1/260
f 272/1/361 275/1/260 1108/1/262
f 1107/1/364 274/1/300 273/1/585
f 1193/1/588 1201/1/589 1105/1/381 138/1/380
f 206/1/189 243/1/443 279/1/446 278/1/491
f 56/1/500 241/1/313 279/1/446 55/1/445
f 280/1/590 681/1/591 683/1/592 283/1/593
f 707/1/594 678/1/595 700/1/596
f 283/1/593 683/1/592 677/1/597 282/1/598
f 8/1/599 1049/1/600 1051/1/601 9/1/602
f 2/1/541 1045/1/540 1049/1/600 8/1/599
f 517/1/603 516/1/451 386/1/452 287/1/604
f 651/1/605 365/1/606 296/1/607 626/1/608
f 739/1/609 288/1/610 289/1/611 740/1/611
f 1233/1/612 1230/1/613 381/1/614 382/1/615
f 368/1/616 689/1/617 828/1/618 818/1/619
f 703/1/620 638/1/621 637/1/622 702/1/623
f 680/1/624 707/1/594 700/1/596 699/1/625
f 289/1/611 288/1/610 1239/1/626 1245/1/627
f 1247/1/90 293/1/89 638/1/621 47/1/628
f 12/1/629 48/1/79 47/1/628 11/1/630
f 692/1/631 694/1/632 675/1/633 673/1/634
f 629/1/635 1227/1/636 1217/1/637
f 623/1/638 367/1/639 297/1/640 624/1/641
f 357/1/642 816/1/643 811/1/644 809/1/645
f 634/1/646 1222/1/647 1220/1/648 635/1/649
f 621/1/650 617/1/651 362/1/652 294/1/653
f 620/1/654 299/1/655 300/1/656 625/1/657
f 650/1/658 298/1/659 299/1/655 620/1/654
f 626/1/608 296/1/607 820/1/660 829/1/661
f 847/1/662 856/1/663 503/1/664 306/1/665
f 504/1/666 505/1/667 305/1/668 304/1/669
f 809/1/645 760/1/670 332/1/671 357/1/642
f 174/1/672 386/1/452 393/1/673 327/1/674
f 505/1/667 507/1/675 313/1/676 305/1/668
f 301/1/677 518/1/678 522/1/679 179/1/680
f 502/1/681 301/1/677 856/1/663
f 519/1/564 312/1/552 250/1/551 518/1/678
f 507/1/675 314/1/565 301/1/677 502/1/681
f 14/1/73 1055/1/76 1053/1/544 13/1/543
f 310/1/97 312/1/552 234/1/64
f 1056/1/99 1059/1/682 236/1/440 235/1/100
f 1071/1/490 315/1/489 237/1/683 1070/1/684
f 35/1/41 1084/1/685 1164/1/560 107/1/485
f 1084/1/685 1076/1/686 1169/1/687 1164/1/560
f 59/1/86 60/1/349 320/1/348 318/1/87
f 1035/1/496 110/1/5 616/1/688
f 319/1/110 999/1/689 321/1/690
f 77/1/691 154/1/8 162/1/19 92/1/464
f 1086/1/23 1087/1/143 1177/1/146 1174/1/24
f 616/1/688 110/1/5 1166/1/21
f 337/1/692 749/1/693 428/1/694 430/1/692
f 506/1/695 509/1/696 388/1/697 303/1/698
f 508/1/699 504/1/666 304/1/669 302/1/700
f 793/1/701 764/1/702 792/1/703 754/1/704
f 346/1/705 791/1/706 840/1/707 790/1/708
f 353/1/709 841/1/710 335/1/711 348/1/712
f 750/1/713 341/1/714 342/1/715 737/1/716
f 756/1/717 752/1/718 387/1/719
f 797/1/720 750/1/713 737/1/716 796/1/721
f 753/1/722 746/1/723 340/1/724 339/1/725
f 666/1/726 623/1/638 624/1/641 659/1/727
f 749/1/728 745/1/729 334/1/730 336/1/731
f 667/1/732 666/1/726 659/1/727 658/1/733
f 746/1/723 747/1/734 343/1/735 340/1/724
f 640/1/736 695/1/737 822/1/738 817/1/739
f 747/1/734 751/1/740 338/1/741 343/1/735
f 313/1/742 308/1/743 348/1/712 335/1/711
f 305/1/744 313/1/742 335/1/711 846/1/745
f 844/1/746 344/1/747 843/1/748 846/1/745
f 350/1/749 845/1/750 842/1/751 758/1/752
f 349/1/753 351/1/754 759/1/755 757/1/756
f 353/1/709 352/1/757 351/1/754 349/1/753
f 742/1/758 808/1/759 358/1/760 355/1/761
f 174/1/762 360/1/763 806/1/764 307/1/765
f 619/1/766 520/1/767 366/1/768
f 806/1/764 360/1/763 837/1/769 838/1/770
f 357/1/642 332/1/671 358/1/760 808/1/759
f 365/1/771 520/1/767 619/1/766
f 363/1/772 672/1/773 630/1/774
f 520/1/767 362/1/775 618/1/82
f 654/1/776 632/1/777 633/1/778 664/1/779
f 361/1/780 362/1/652 617/1/651
f 631/1/781 652/1/782 653/1/783
f 390/1/784 366/1/768 354/1/785
f 625/1/657 300/1/656 295/1/786 622/1/787
f 624/1/641 297/1/640 298/1/659 650/1/658
f 706/1/788 702/1/623 637/1/622 641/1/789
f 659/1/727 624/1/641 650/1/658 660/1/790
f 1219/1/791 1221/1/792 376/1/793 375/1/794
f 652/1/782 631/1/781 617/1/651
f 1217/1/637 819/1/795 826/1/796 629/1/635
f 645/1/797 643/1/798 648/1/799 364/1/800
f 389/1/801 384/1/802 755/1/803 356/1/804
f 297/1/805 367/1/806 384/1/802 389/1/801
f 355/1/807 387/1/719 391/1/808
f 777/1/611 778/1/611 775/1/611 765/1/611
f 332/1/809 794/1/810 748/1/811
f 341/1/812 311/1/813 768/1/813 769/1/812
f 298/1/659 297/1/640 767/1/814
f 300/1/656 299/1/655 777/1/814 765/1/814
f 366/1/768 287/1/604 307/1/815 834/1/816
f 355/1/807 358/1/817 756/1/717
f 1246/1/818 1238/1/819 371/1/820 372/1/814
f 1236/1/821 646/1/822 1217/1/823
f 698/1/824 695/1/737 640/1/736 1234/1/825
f 635/1/649 1220/1/648 1218/1/826 636/1/827
f 646/1/822 831/1/828 819/1/829 1217/1/830
f 699/1/625 698/1/824 1234/1/825 1231/1/831
f 633/1/778 1225/1/832 1222/1/647 634/1/646
f 632/1/777 1215/1/833 1225/1/832 633/1/778
f 1229/1/834 369/1/835 646/1/822 1236/1/821
f 288/1/610 1232/1/836 1240/1/837 1239/1/626
f 636/1/827 1218/1/826 1227/1/636 629/1/635
f 1244/1/838 382/1/839 381/1/840
f 371/1/841 1243/1/842 1252/1/843 1251/1/844
f 1255/1/845 1254/1/846 639/1/847 380/1/848
f 1251/1/844 378/1/849 373/1/850 1250/1/851
f 376/1/852 377/1/853 1252/1/843 1253/1/854
f 371/1/841 1251/1/844 1250/1/851 372/1/855
f 748/1/856 358/1/817 332/1/857
f 296/1/858 365/1/771 619/1/766 390/1/784
f 287/1/604 366/1/768 520/1/767 517/1/603
f 329/1/859 330/1/860 336/1/731 334/1/730
f 745/1/729 753/1/722 339/1/725 334/1/730
f 663/1/861 634/1/646 635/1/649 661/1/862
f 762/1/863 752/1/864 771/1/864 779/1/863
f 840/1/707 388/1/865 302/1/866 790/1/708
f 393/1/673 386/1/452 173/1/448
f 509/1/696 393/1/673 173/1/448 508/1/699
f 407/1/867 414/1/868 786/1/869 784/1/870
f 336/1/871 330/1/872 431/1/872 428/1/694
f 325/1/873 430/1/873 337/1/873 805/1/873
f 411/1/878 418/1/879 417/1/880 412/1/881
f 412/1/881 417/1/880 416/1/882 413/1/883
f 413/1/883 416/1/882 415/1/884 414/1/868
f 847/1/885 306/1/886 862/1/887 864/1/888
f 850/1/889 424/1/890 425/1/891 851/1/892
f 851/1/892 425/1/891 787/1/893 857/1/894
f 421/1/897 410/1/898 409/1/899 420/1/900
f 420/1/900 409/1/899 408/1/901 419/1/902
f 419/1/902 408/1/901 407/1/867 866/1/903 870/1/904 869/1/904 867/1/905
f 418/1/879 404/1/908 403/1/909 417/1/880
f 417/1/880 403/1/909 402/1/910 416/1/882
f 410/1/898 411/1/878 412/1/881 409/1/899
f 409/1/899 412/1/881 413/1/883 408/1/901
f 408/1/901 413/1/883 414/1/868 407/1/867
f 728/1/911 309/1/911 863/1/912 865/1/912
f 864/1/888 862/1/887 423/1/913 422/1/914
f 422/1/914 423/1/913 424/1/890 850/1/889
f 726/1/915 405/1/915 406/1/916 727/1/917
f 352/1/918 804/1/919 309/1/919 728/1/919 427/1/920
f 351/1/921 352/1/918 427/1/920 429/1/922
f 385/1/923 383/1/924 762/1/925 744/1/923
f 759/1/926 351/1/921 429/1/922
f 570/1/927 567/1/928 613/1/929 435/1/930
f 749/1/693 336/1/871 428/1/694
f 86/1/240 260/1/377 598/1/277 590/1/121
f 451/1/931 455/1/932 479/1/933 440/1/934
f 455/1/932 450/1/935 439/1/936 479/1/933
f 569/1/937 570/1/927 435/1/930 433/1/938
f 731/1/939 452/1/940 438/1/941 729/1/942
f 453/1/943 451/1/931 440/1/934 477/1/944
f 458/1/945 462/1/946 446/1/947 442/1/948
f 732/1/949 461/1/949 445/1/950 730/1/950
f 454/1/951 453/1/943 477/1/944 478/1/952
f 460/1/953 457/1/954 441/1/955 444/1/956
f 462/1/946 460/1/953 444/1/956 446/1/947
f 440/1/934 479/1/933 714/1/957 709/1/958
f 479/1/933 439/1/936 715/1/959 714/1/957
f 459/1/960 458/1/945 442/1/948 443/1/961
f 729/1/942 438/1/941 711/1/962 733/1/963
f 477/1/944 440/1/934 709/1/958 712/1/964
f 854/1/965 848/1/966 394/1/967 463/1/968
f 853/1/969 852/1/970 449/1/971 456/1/972
f 466/1/973 720/1/974 860/1/975 859/1/976
f 1037/1/562 262/1/116 149/1/574 1021/1/977
f 568/1/978 571/1/979 436/1/980 434/1/981
f 733/1/963 711/1/962 720/1/982 734/1/983
f 463/1/984 394/1/985 473/1/986 476/1/984
f 470/1/987 542/1/988 904/1/988 895/1/987
f 472/1/989 788/1/990 787/1/990 425/1/989
f 725/1/991 422/1/914 850/1/889 405/1/992
f 256/1/118 249/1/556 248/1/547 240/1/127
f 1003/1/993 1009/1/994 321/1/995 1004/1/996
f 438/1/997 855/1/998 858/1/999
f 442/1/948 446/1/947 451/1/931 453/1/943
f 730/1/950 445/1/950 452/1/940 731/1/939
f 478/1/952 477/1/944 712/1/964 710/1/1000
f 444/1/956 441/1/955 450/1/935 455/1/932
f 446/1/947 444/1/956 455/1/932 451/1/931
f 852/1/970 854/1/965 463/1/968 449/1/971
f 397/1/1001 399/1/1002 460/1/953 462/1/946
f 399/1/1002 400/1/1003 457/1/954 460/1/953
f 443/1/961 442/1/948 453/1/943 454/1/951
f 724/1/1004 395/1/1004 461/1/949 732/1/949
f 398/1/1005 397/1/1001 462/1/946 458/1/945
f 456/1/1006 449/1/1007 475/1/1007 468/1/1006
f 714/1/957 715/1/959 719/1/1008 718/1/1009
f 424/1/1010 471/1/1010 472/1/989 425/1/989
f 449/1/1007 463/1/984 476/1/984 475/1/1007
f 396/1/1011 398/1/1005 458/1/945 459/1/960
f 712/1/964 709/1/958 722/1/1012 723/1/1013
f 710/1/1000 712/1/964 723/1/1013 721/1/1014
f 470/1/506 237/1/509 177/1/1015
f 496/1/1016 546/1/1017 465/1/1018 494/1/1019
f 247/1/1020 213/1/1021 897/1/1021 896/1/1022
f 468/1/1006 469/1/1023 572/1/1023 456/1/1006
f 208/1/1024 470/1/987 895/1/987 893/1/1025
f 490/1/505 247/1/1020 896/1/1022 898/1/505
f 423/1/1026 474/1/1026 471/1/1010 424/1/1010
f 404/1/908 883/1/1027 882/1/1028 403/1/909
f 495/1/1029 717/1/1030 716/1/1031 713/1/1032
f 641/1/789 637/1/622 290/1/1033 370/1/1034
f 292/1/49 688/1/48 685/1/1035 284/1/1036
f 846/1/745 843/1/748 304/1/1037 305/1/744
f 384/1/802 367/1/806 820/1/1038 823/1/1039
f 812/1/1040 814/1/1041 801/1/1042 813/1/1043
f 480/1/1044 798/1/1045 800/1/1046 755/1/1047
f 563/1/1048 561/1/1049 562/1/1050 991/1/1051
f 1001/1/1052 990/1/456 1011/1/1053
f 483/1/1054 251/1/549 202/1/548
f 474/1/1055 484/1/1056 543/1/1057
f 486/1/1058 484/1/1059 862/1/1059 306/1/1058
f 503/1/1060 179/1/1061 485/1/1061 510/1/1060
f 179/1/1061 522/1/1062 523/1/1062 485/1/1061
f 512/1/1063 529/1/1064 530/1/1065 492/1/1066
f 486/1/1067 556/1/1068 550/1/1069 484/1/1056
f 483/1/1070 554/1/1071 552/1/1072 523/1/1073
f 510/1/1074 551/1/1075 556/1/1068 486/1/1067
f 492/1/1066 530/1/1065 527/1/1076 521/1/1077
f 1005/1/1078 532/1/1079 533/1/1080 1006/1/1081
f 999/1/689 1000/1/427 1004/1/1082 321/1/690
f 485/1/1083 553/1/1084 551/1/1075 510/1/1074
f 488/1/1085 487/1/1086 529/1/1064 512/1/1063
f 306/1/1058 503/1/1060 510/1/1060 486/1/1058
f 388/1/697 509/1/696 508/1/699 302/1/700
f 173/1/448 175/1/434 504/1/666 508/1/699
f 327/1/674 393/1/673 509/1/696 506/1/695
f 313/1/676 507/1/675 502/1/681 308/1/1087
f 308/1/1087 502/1/681 856/1/663
f 176/1/433 314/1/565 507/1/675 505/1/667
f 175/1/434 176/1/433 505/1/667 504/1/666
f 522/1/679 518/1/678 250/1/551 251/1/550
f 314/1/565 519/1/564 518/1/678 301/1/677
f 285/1/81 239/1/96 516/1/451 517/1/603
f 234/1/64 312/1/552 519/1/564 513/1/432
f 239/1/96 238/1/95 515/1/447 516/1/451
f 238/1/95 233/1/65 514/1/431 515/1/447
f 233/1/65 234/1/64 513/1/432 514/1/431
f 521/1/1077 527/1/1076 526/1/1088 490/1/1089
f 523/1/1073 552/1/1072 553/1/1084 485/1/1083
f 523/1/1062 522/1/1062 251/1/549 483/1/1054
f 525/1/1090 247/1/1091 490/1/1089
f 202/1/1092 252/1/1093 549/1/1094 555/1/1095
f 489/1/1096 528/1/1097 525/1/1097 526/1/1096
f 527/1/1098 530/1/1099 491/1/1099 524/1/1098
f 526/1/1096 527/1/1098 524/1/1098 489/1/1096
f 526/1/1088 525/1/1090 490/1/1089
f 530/1/1099 529/1/1100 511/1/1100 491/1/1099
f 529/1/1100 487/1/1101 511/1/1100
f 483/1/1070 202/1/1092 555/1/1095 554/1/1071
f 252/1/1093 247/1/1091 525/1/1090 528/1/1102 549/1/1094
f 492/1/1103 521/1/504 914/1/504 916/1/1103
f 788/1/1104 472/1/1105 909/1/1105 908/1/1104
f 474/1/1106 543/1/1107 911/1/1108
f 542/1/988 541/1/1109 918/1/1110 904/1/988
f 855/1/998 438/1/997 452/1/1111 853/1/969
f 497/1/1112 557/1/1113 546/1/1017 496/1/1016
f 498/1/1114 548/1/1115 985/1/1116 986/1/1117
f 1003/1/993 531/1/1118 532/1/1079 1005/1/1078
f 475/1/1119 476/1/1120 905/1/1121 907/1/1119
f 533/1/1080 498/1/1122 986/1/1123
f 534/1/1124 1007/1/1125 717/1/1126 495/1/1127
f 533/1/1080 497/1/1128 496/1/1129
f 532/1/1079 499/1/1130 565/1/1131
f 543/1/1107 488/1/1132 913/1/1132 912/1/1133
f 543/1/1057 550/1/1069 487/1/1086 488/1/1085
f 556/1/1068 551/1/1075 511/1/1134 487/1/1086
f 554/1/1071 555/1/1095 489/1/1135
f 553/1/1084 552/1/1072 524/1/1136 491/1/1137
f 212/1/1138 208/1/1024 893/1/1025 894/1/1138
f 555/1/1095 549/1/1094 528/1/1102 489/1/1135
f 550/1/1069 556/1/1068 487/1/1086
f 552/1/1072 554/1/1071 489/1/1135 524/1/1136
f 551/1/1075 553/1/1084 491/1/1137 511/1/1134
f 545/1/429 501/1/1139 493/1/1140
f 1007/1/1125 1006/1/1081 494/1/1141 717/1/1126
f 493/1/1142 501/1/1143 531/1/1118
f 488/1/1132 512/1/1144 915/1/1144 913/1/1132
f 541/1/1109 540/1/1145 917/1/1145 918/1/1110
f 572/1/1023 469/1/1023 467/1/1146 448/1/1146
f 177/1/1147 539/1/1148 542/1/1148 470/1/1147
f 539/1/1148 538/1/1149 541/1/1149 542/1/1148
f 538/1/1149 537/1/1150 540/1/1151 541/1/1149
f 469/1/1152 540/1/1151 537/1/1150 467/1/1152
f 532/1/1079 565/1/1131 533/1/1080
f 983/1/1153 957/1/1154 611/1/1155 965/1/1156
f 464/1/1157 536/1/1158 539/1/1159 177/1/1160
f 184/1/1161 992/1/1162 187/1/1163 189/1/1164
f 1082/1/293 1091/1/22 1179/1/25 1172/1/294
f 319/1/110 232/1/109 993/1/1165 999/1/689
f 565/1/1131 498/1/1122 533/1/1080
f 535/1/1166 534/1/1124 537/1/1167 538/1/1168
f 447/1/1169 557/1/1113 965/1/1170
f 718/1/1009 719/1/1008 571/1/979 568/1/978
f 734/1/983 720/1/982 466/1/1171 735/1/1172
f 722/1/1012 718/1/1009 568/1/978 567/1/928
f 723/1/1013 722/1/1012 567/1/928 570/1/927
f 721/1/1014 723/1/1013 570/1/927 569/1/937
f 996/1/1173 998/1/455 185/1/458 188/1/1174
f 544/1/1175 558/1/1176 982/1/1177 984/1/1178
f 476/1/1120 473/1/1179 906/1/1179 905/1/1121
f 540/1/1145 469/1/1180 902/1/1181 917/1/1145
f 512/1/1144 492/1/1103 916/1/1103 915/1/1144
f 615/1/241 1030/1/1182 1035/1/496 616/1/688
f 559/1/1183 987/1/1184 1010/1/1185 562/1/1050
f 965/1/1186 611/1/1187 977/1/1188
f 501/1/1143 500/1/1189 531/1/1118
f 531/1/1118 500/1/1189 499/1/1130 532/1/1079
f 469/1/1180 468/1/1190 903/1/1191 902/1/1181
f 473/1/1179 788/1/1104 908/1/1104 906/1/1179
f 785/1/1192 877/1/1193 879/1/1194 878/1/1194 876/1/1195
f 558/1/1176 559/1/1183 560/1/1200 564/1/1201
f 188/1/1174 187/1/1163 992/1/1162 996/1/1173
f 967/1/1202 435/1/1203 613/1/1204 975/1/1205
f 558/1/1176 544/1/1175 987/1/1184
f 1127/1/232 1147/1/233 594/1/169 119/1/166
f 260/1/377 115/1/581 588/1/278 598/1/277
f 1154/1/1206 1162/1/315 1144/1/265 1137/1/264
f 142/1/162 1141/1/329 1130/1/1207 120/1/336
f 115/1/584 136/1/227 596/1/230 588/1/365
f 80/1/328 259/1/321 587/1/283 573/1/420
f 960/1/473 963/1/393 586/1/450 181/1/1208
f 172/1/178 585/1/177 584/1/424 170/1/1209
f 170/1/1210 584/1/419 573/1/420 71/1/570
f 150/1/200 160/1/175 583/1/135 582/1/408
f 962/1/578 1022/1/577 1019/1/472 960/1/473
f 114/1/535 135/1/150 581/1/357 578/1/367
f 135/1/150 1099/1/149 1113/1/358 581/1/357
f 1183/1/1211 1184/1/288 122/1/165 579/1/190
f 259/1/321 114/1/320 578/1/284 587/1/283
f 129/1/197 104/1/276 577/1/255 580/1/198
f 1160/1/157 1182/1/160 1180/1/1212 1153/1/1213
f 1128/1/1214 1188/1/287 1185/1/159
f 124/1/1215 579/1/190 575/1/191 75/1/1216
f 82/1/174 167/1/416 585/1/177 576/1/136
f 1101/1/289 130/1/152 595/1/37 1116/1/36
f 160/1/175 82/1/174 576/1/136 583/1/135
f 104/1/249 85/1/248 574/1/107 577/1/106
f 119/1/166 594/1/169 593/1/170 95/1/167
f 86/1/240 590/1/121 601/1/124 599/1/214
f 163/1/215 597/1/1217 264/1/575
f 264/1/575 597/1/1217 263/1/571
f 599/1/214 601/1/124 597/1/1217 163/1/215
f 602/1/194 603/1/193 93/1/273 53/1/282
f 1193/1/588 1195/1/339 271/1/370 137/1/363
f 1122/1/1218 1124/1/223 39/1/4 32/1/1219
f 137/1/363 271/1/370 272/1/361
f 1211/1/1220 1212/1/1221 1123/1/332 1120/1/331
f 1158/1/254 144/1/243 90/1/210 1156/1/326
f 1197/1/1222 1198/1/1223 121/1/1224 98/1/1225
f 1208/1/1226 1207/1/224 118/1/33 41/1/32
f 70/1/107 574/1/107 1159/1/356 1152/1/1227
f 102/1/1228 131/1/1229 273/1/585 126/1/586
f 141/1/244 144/1/243 88/1/251 103/1/1230
f 273/1/585 131/1/1229 1104/1/1231 1107/1/364
f 140/1/379 1110/1/378 1102/1/228 136/1/227
f 103/1/1230 88/1/251 592/1/132 589/1/131
f 130/1/152 103/1/151 589/1/258 595/1/37
f 32/1/1219 39/1/4 1090/1/205 30/1/204
f 1198/1/1223 1204/1/1232 1125/1/1233 121/1/1224
f 169/1/417 167/1/416 168/1/1234
f 150/1/1235 1020/1/1236 1021/1/977 149/1/574
f 266/1/534 231/1/568 605/1/1237 180/1/533
f 1023/1/1238 151/1/561 1037/1/562
f 362/1/775 361/1/1239 618/1/82
f 656/1/1240 628/1/1241 649/1/1242 668/1/1243
f 520/1/767 618/1/82 285/1/81 517/1/603
f 182/1/1244 928/1/1245 929/1/1246 605/1/1247
f 178/1/1248 926/1/1249 927/1/1250 586/1/1251
f 975/1/1205 613/1/1204 434/1/1252 970/1/1253
f 183/1/1254 180/1/1255 930/1/1256 931/1/1257
f 183/1/1254 931/1/1257 184/1/1258
f 180/1/1255 605/1/1247 929/1/1246 930/1/1256
f 167/1/416 82/1/174 83/1/173 168/1/1234
f 981/1/1259 972/1/1260 436/1/1261 437/1/1262
f 989/1/558 253/1/398 990/1/456 1001/1/1052
f 614/1/34 1041/1/1263 1030/1/1182 615/1/241
f 232/1/109 1029/1/108 1042/1/559 989/1/558
f 236/1/486 1059/1/1264 1062/1/128 240/1/127
f 1170/1/16 1096/1/18 79/1/274 708/1/20
f 1076/1/686 1073/1/292 1167/1/295 1169/1/687
f 661/1/862 635/1/649 636/1/827 658/1/733
f 520/1/767 365/1/771 294/1/1265
f 390/1/784 619/1/766 366/1/768
f 520/1/767 294/1/1265 362/1/775
f 653/1/783 627/1/1266 630/1/774
f 291/1/1267 644/1/92 642/1/91 363/1/1268
f 1237/1/1269 1216/1/1270 374/1/1271 647/1/1272
f 328/1/1273 329/1/859 334/1/730 339/1/725
f 1226/1/1274 1219/1/791 375/1/794 379/1/1275
f 652/1/782 617/1/651 621/1/650
f 629/1/635 826/1/796 830/1/1276 667/1/732
f 669/1/1277 651/1/605 626/1/608 657/1/1278
f 652/1/782 621/1/650 651/1/605 669/1/1277
f 617/1/651 631/1/781 286/1/1279 361/1/780
f 649/1/1242 648/1/1280 291/1/1281 627/1/1266
f 660/1/790 650/1/658 620/1/654 662/1/1282
f 662/1/1282 620/1/654 625/1/657 665/1/1283
f 665/1/1283 625/1/657 622/1/787 655/1/1284
f 628/1/1241 364/1/1285 648/1/1280 649/1/1242
f 690/1/1286 686/1/1287 701/1/1288 705/1/1289
f 684/1/1290 682/1/1291 696/1/1292 697/1/1293
f 678/1/595 684/1/1290 697/1/1293 700/1/596
f 639/1/1294 1235/1/1295 1228/1/1296 380/1/1297
f 755/1/1047 800/1/1046 799/1/1298 356/1/1299
f 370/1/1034 290/1/1033 643/1/798 645/1/797
f 1228/1/1296 1237/1/1269 647/1/1272 380/1/1297
f 644/1/92 291/1/1267 648/1/799 643/1/798
f 680/1/624 699/1/625 1231/1/831 1232/1/1300
f 381/1/840 639/1/847 1254/1/846 1253/1/854
f 1249/1/1301 707/1/594 680/1/624 679/1/1302
f 1234/1/825 640/1/736 369/1/835 1229/1/834
f 1230/1/613 1235/1/1295 639/1/1294 381/1/614
f 658/1/733 636/1/827 629/1/635 667/1/732
f 657/1/1278 626/1/608 829/1/661 824/1/1303
f 284/1/1036 685/1/1035 689/1/617 368/1/616
f 686/1/1287 687/1/1304 704/1/1305 701/1/1288
f 293/1/89 644/1/92 643/1/798 290/1/1033
f 638/1/621 293/1/89 290/1/1033 637/1/622
f 630/1/774 627/1/1266 291/1/1281 363/1/772
f 621/1/650 294/1/653 365/1/606 651/1/605
f 630/1/774 631/1/781 653/1/783
f 665/1/1283 655/1/1284 654/1/776 664/1/779
f 659/1/727 660/1/790 661/1/862 658/1/733
f 660/1/790 662/1/1282 663/1/861 661/1/862
f 662/1/1282 665/1/1283 664/1/779 663/1/861
f 657/1/1278 824/1/1303 830/1/1276 656/1/1240
f 669/1/1277 657/1/1278 656/1/1240 668/1/1243
f 652/1/782 669/1/1277 668/1/1243 653/1/783
f 668/1/1243 649/1/1242 627/1/1266 653/1/783
f 48/1/79 1248/1/78 1247/1/90 47/1/628
f 1057/1/63 1054/1/98 310/1/97 234/1/64
f 642/1/91 671/1/1306 672/1/1307 363/1/1268
f 672/1/1307 671/1/1306 670/1/1308 286/1/1309
f 630/1/774 672/1/773 286/1/1279 631/1/781
f 286/1/1310 670/1/68 618/1/82 361/1/1239
f 687/1/1304 675/1/633 694/1/632 704/1/1305
f 673/1/634 675/1/633 676/1/47 674/1/1311
f 675/1/633 687/1/1304 688/1/48 676/1/47
f 684/1/1290 678/1/595 677/1/597 683/1/592
f 682/1/1291 684/1/1290 683/1/592 681/1/591
f 690/1/1286 825/1/1312 828/1/618 689/1/617
f 686/1/1287 690/1/1286 689/1/617 685/1/1035
f 687/1/1304 686/1/1287 685/1/1035 688/1/48
f 10/1/1313 674/1/1311 676/1/47 46/1/46
f 691/1/1314 693/1/1315 694/1/632 692/1/631
f 693/1/1315 703/1/620 704/1/1305 694/1/632
f 706/1/788 822/1/738 827/1/1316 705/1/1289
f 698/1/824 699/1/625 700/1/596 697/1/1293
f 695/1/737 698/1/824 697/1/1293 696/1/1292
f 702/1/623 706/1/788 705/1/1289 701/1/1288
f 703/1/620 702/1/623 701/1/1288 704/1/1305
f 678/1/595 707/1/594 1249/1/1301 677/1/597
f 11/1/630 47/1/628 693/1/1315 691/1/1314
f 1241/1/1317 1233/1/1318 382/1/1319 1244/1/1320
f 1253/1/854 1254/1/846 375/1/1321 376/1/852
f 607/1/1322 969/1/1323 966/1/1324 606/1/1325
f 608/1/462 971/1/461 973/1/1326 609/1/1327
f 586/1/1251 927/1/1250 925/1/1328 181/1/1329
f 1176/1/11 1170/1/16 708/1/20
f 1199/1/269 164/1/463 94/1/373 1189/1/270
f 79/1/274 94/1/373 164/1/463 162/1/19
f 976/1/1335 432/1/1336 566/1/1337
f 713/1/1032 861/1/1338 858/1/999 448/1/1339
f 495/1/1029 713/1/1032 448/1/1339 467/1/1340
f 716/1/1031 717/1/1030 494/1/1019 465/1/1018
f 709/1/958 714/1/957 718/1/1009 722/1/1012
f 716/1/1031 860/1/975 861/1/1338 713/1/1032
f 155/1/573 265/1/115 263/1/571 83/1/1341
f 168/1/415 83/1/1341 263/1/571 597/1/1217
f 597/1/1217 601/1/124 600/1/123 168/1/415
f 953/1/1342 607/1/1343 606/1/1344 955/1/1345
f 184/1/1258 931/1/1257 563/1/1346
f 735/1/1347 736/1/1348 437/1/1349
f 84/1/133 592/1/132 1161/1/253 1155/1/1350
f 437/1/1349 436/1/980 571/1/979
f 434/1/981 613/1/929 567/1/928 568/1/978
f 982/1/1177 558/1/1176 564/1/1201 983/1/1351
f 719/1/1008 734/1/1352 735/1/1347 571/1/979
f 400/1/1003 724/1/1353 732/1/1354 457/1/954
f 441/1/955 730/1/1355 731/1/1356 450/1/935
f 715/1/959 733/1/1357 734/1/1352 719/1/1008
f 439/1/936 729/1/1358 733/1/1357 715/1/959
f 457/1/954 732/1/1354 730/1/1355 441/1/955
f 450/1/935 731/1/1356 729/1/1358 439/1/936
f 402/1/910 881/1/1359 880/1/1360 401/1/1361
f 849/1/1362 725/1/1362 405/1/915 726/1/915
f 862/1/1059 484/1/1059 474/1/1026 423/1/1026
f 401/1/1361 880/1/1360 877/1/1193 785/1/1192
f 610/1/1365 609/1/1327 980/1/1366
f 466/1/1171 432/1/1367 736/1/1367 735/1/1172
f 604/1/2 126/1/1368 125/1/219 1078/1/218
f 391/1/808 742/1/1369 355/1/807
f 696/1/1292 682/1/1291 825/1/1312 827/1/1316
f 646/1/822 369/1/835 821/1/1370 831/1/828
f 763/1/1371 758/1/752 328/1/1273 331/1/1372
f 752/1/864 756/1/1373 772/1/1373 771/1/864
f 369/1/835 640/1/736 817/1/739 821/1/1370
f 753/1/722 745/1/729 324/1/437 326/1/1374
f 797/1/720 751/1/740 244/1/1375 795/1/1376
f 745/1/729 749/1/728 337/1/438 324/1/437
f 295/1/786 300/1/656 765/1/814 766/1/814
f 1223/1/1377 1224/1/1378 378/1/793 377/1/793
f 1221/1/792 1223/1/1377 377/1/793 376/1/793
f 341/1/714 750/1/713 738/1/1379 311/1/1380
f 751/1/740 747/1/734 322/1/1381 244/1/1375
f 664/1/779 633/1/778 634/1/646 663/1/861
f 743/1/1382 763/1/1371 761/1/1383 347/1/1384
f 752/1/718 762/1/925 383/1/924 387/1/719
f 1216/1/1385 1226/1/1274 379/1/1275 374/1/1386
f 756/1/717 358/1/817 748/1/856
f 794/1/810 737/1/716 342/1/715 748/1/811
f 758/1/752 842/1/751 329/1/859 328/1/1273
f 356/1/1299 799/1/1298 808/1/759 742/1/758
f 354/1/1387 359/1/1388 798/1/1045 480/1/1044
f 793/1/701 754/1/704 338/1/741 796/1/721
f 389/1/801 356/1/804 742/1/1369 391/1/808
f 769/1/611 779/1/611 771/1/611 770/1/611
f 757/1/756 759/1/755 330/1/860 329/1/859
f 813/1/1043 832/1/1389 345/1/1390 741/1/1391
f 387/1/1392 383/1/1393 775/1/1393 778/1/1394
f 766/1/611 765/1/611 775/1/611 776/1/611
f 773/1/1395 778/1/611 777/1/611 767/1/1396
f 770/1/611 771/1/611 772/1/611 780/1/611
f 774/1/611 779/1/611 769/1/611 768/1/611
f 389/1/801 773/1/1395 767/1/1396 297/1/805
f 389/1/801 391/1/1397 773/1/1395
f 756/1/1373 748/1/1398 780/1/1398 772/1/1373
f 744/1/814 762/1/863 779/1/863 774/1/814
f 342/1/812 341/1/812 769/1/812 770/1/812
f 383/1/1393 385/1/813 776/1/813 775/1/1393
f 748/1/812 342/1/812 770/1/812 780/1/812
f 391/1/1397 387/1/1392 778/1/1394 773/1/1395
f 299/1/655 298/1/659 767/1/814 777/1/814
f 387/1/719 355/1/807 756/1/717
f 330/1/872 759/1/926 429/1/922 431/1/872
f 415/1/884 416/1/882 402/1/910 401/1/1361
f 783/1/1402 789/1/1402 395/1/1403 724/1/1403
f 785/1/1192 782/1/1404 415/1/884 401/1/1361
f 784/1/870 786/1/869 871/1/1405 873/1/1406 872/1/1407
f 784/1/870 868/1/1408 866/1/903 407/1/867
f 786/1/869 782/1/1404 875/1/1409 871/1/1405
f 857/1/894 787/1/893 394/1/967 848/1/966
f 787/1/990 788/1/990 473/1/986 394/1/985
f 500/1/1410 501/1/1139 545/1/429 547/1/1411
f 499/1/1412 500/1/1410 547/1/1411 544/1/1175
f 786/1/869 414/1/868 415/1/884 782/1/1404
f 559/1/1183 562/1/1050 561/1/1049 560/1/1200
f 392/1/1413 792/1/703 764/1/702 345/1/1414
f 345/1/1414 832/1/1415 833/1/1416 392/1/1413
f 754/1/704 333/1/1417 343/1/735 338/1/741
f 794/1/810 760/1/1418 764/1/702 793/1/701
f 331/1/1372 328/1/1273 339/1/725 340/1/724
f 333/1/1417 331/1/1372 340/1/724 343/1/735
f 308/1/743 309/1/1419 804/1/1420 348/1/712
f 761/1/1383 333/1/1417 754/1/704 792/1/703
f 332/1/809 760/1/1418 794/1/810
f 750/1/713 797/1/720 795/1/1376 738/1/1379
f 751/1/740 797/1/720 796/1/721 338/1/741
f 794/1/810 793/1/701 796/1/721 737/1/716
f 307/1/765 806/1/764 838/1/770 834/1/1421
f 810/1/1422 481/1/1423 814/1/1041 812/1/1040
f 760/1/670 809/1/645 741/1/1391 345/1/1390
f 814/1/1041 836/1/1424 835/1/1425 801/1/1042
f 803/1/1426 802/1/1427 327/1/1428 506/1/1429
f 791/1/706 347/1/1384 833/1/1416
f 760/1/1418 345/1/1414 764/1/702
f 761/1/1383 763/1/1371 331/1/1372 333/1/1417
f 747/1/734 746/1/723 323/1/1430 322/1/1381
f 746/1/723 753/1/722 326/1/1374 323/1/1430
f 482/1/1431 801/1/1042 835/1/1425 839/1/1432
f 327/1/1428 802/1/1427 360/1/763 174/1/762
f 799/1/1298 800/1/1046 807/1/1433 816/1/643
f 805/1/439 325/1/1434 324/1/437
f 174/1/672 307/1/815 287/1/604 386/1/452
f 803/1/1426 506/1/1429 303/1/1435
f 808/1/759 799/1/1298 816/1/643 357/1/642
f 800/1/1046 798/1/1045 810/1/1422 807/1/1433
f 360/1/763 802/1/1427 836/1/1424 837/1/769
f 832/1/1389 813/1/1043 801/1/1042 482/1/1431
f 810/1/1422 798/1/1045 359/1/1388 481/1/1423
f 839/1/1436 303/1/1437 388/1/865 840/1/707
f 813/1/1043 741/1/1391 815/1/1438 812/1/1040
f 812/1/1040 815/1/1438 807/1/1433 810/1/1422
f 815/1/1438 741/1/1391 809/1/645 811/1/644
f 816/1/643 807/1/1433 815/1/1438 811/1/644
f 390/1/1439 354/1/1440 480/1/1441 823/1/1039
f 827/1/1316 825/1/1312 690/1/1286 705/1/1289
f 821/1/1370 817/1/739 641/1/789 370/1/1034
f 828/1/618 825/1/1312 682/1/1291 681/1/591
f 827/1/1316 822/1/738 695/1/737 696/1/1292
f 824/1/1303 829/1/661 623/1/638 666/1/726
f 819/1/829 831/1/828 645/1/797 364/1/800
f 826/1/796 819/1/795 364/1/1285 628/1/1241
f 830/1/1276 826/1/796 628/1/1241 656/1/1240
f 830/1/1276 824/1/1303 666/1/726 667/1/732
f 823/1/1039 820/1/1038 296/1/1442 390/1/1439
f 831/1/828 821/1/1370 370/1/1034 645/1/797
f 829/1/661 820/1/660 367/1/639 623/1/638
f 817/1/739 822/1/738 706/1/788 641/1/789
f 818/1/619 828/1/618 681/1/591 280/1/590
f 755/1/803 384/1/802 823/1/1039 480/1/1441
f 833/1/1416 832/1/1415 482/1/1443 791/1/706
f 834/1/1421 838/1/770 359/1/1388 354/1/1387
f 838/1/770 837/1/769 481/1/1423 359/1/1388
f 837/1/769 836/1/1424 814/1/1041 481/1/1423
f 835/1/1425 836/1/1424 802/1/1427 803/1/1426
f 839/1/1432 835/1/1425 803/1/1426 303/1/1435
f 834/1/816 354/1/785 366/1/768
f 482/1/1443 839/1/1436 840/1/707 791/1/706
f 347/1/1384 392/1/1413 833/1/1416
f 842/1/751 845/1/750 349/1/753 757/1/756
f 347/1/1384 791/1/706 346/1/705 743/1/1382
f 348/1/712 804/1/1420 352/1/757 353/1/709
f 841/1/710 353/1/709 349/1/753
f 329/1/859 842/1/751 757/1/756
f 790/1/708 843/1/748 344/1/747 346/1/705
f 844/1/746 841/1/710 349/1/753 845/1/750
f 846/1/745 335/1/711 841/1/710 844/1/746
f 304/1/1037 843/1/748 790/1/708 302/1/866
f 350/1/749 758/1/752 763/1/1371 743/1/1382
f 346/1/705 344/1/747 350/1/749 743/1/1382
f 344/1/747 844/1/746 845/1/750 350/1/749
f 792/1/703 392/1/1413 347/1/1384 761/1/1383
f 789/1/1444 857/1/894 848/1/966 395/1/1445
f 572/1/1446 855/1/998 853/1/969 456/1/972
f 865/1/912 863/1/912 725/1/1362 849/1/1362
f 445/1/1447 461/1/1448 854/1/965 852/1/970
f 452/1/1111 445/1/1447 852/1/970 853/1/969
f 461/1/1448 395/1/1445 848/1/966 854/1/965
f 406/1/1449 851/1/892 857/1/894 789/1/1444
f 405/1/992 850/1/889 851/1/892 406/1/1449
f 403/1/909 882/1/1028 881/1/1359 402/1/910
f 309/1/1450 847/1/885 864/1/888 863/1/1451
f 309/1/1452 308/1/1087 856/1/663 847/1/662
f 856/1/663 301/1/677 179/1/680 503/1/664
f 965/1/1170 548/1/1115 983/1/1351
f 858/1/999 855/1/998 572/1/1446 448/1/1339
f 859/1/976 860/1/975 716/1/1031 465/1/1018
f 859/1/976 465/1/1018 546/1/1017
f 858/1/999 861/1/1338 711/1/1453 438/1/997
f 861/1/1338 860/1/975 720/1/974 711/1/1453
f 859/1/976 566/1/1454 432/1/1455 466/1/973
f 213/1/555 247/1/557 249/1/556 256/1/118
f 863/1/1451 864/1/888 422/1/914 725/1/991
f 406/1/916 789/1/1402 783/1/1402 727/1/917
f 472/1/1105 471/1/1456 910/1/1456 909/1/1105
f 872/1/1407 874/1/1460 868/1/1408 784/1/870
f 876/1/1195 875/1/1409 782/1/1404 785/1/1192
f 884/1/1469 889/1/1470 888/1/1470 887/1/1470 886/1/1470 883/1/1027 404/1/908
f 885/1/1471 884/1/1469 404/1/908 418/1/879
f 891/1/1472 885/1/1471 418/1/879 411/1/878
f 892/1/1473 890/1/1474 410/1/898 421/1/897
f 890/1/1474 891/1/1472 411/1/878 410/1/898
f 919/1/1475 912/1/1476 913/1/1477 901/1/1478
f 893/1/1479 895/1/1480 904/1/1481 900/1/1482
f 924/1/1483 900/1/1482 904/1/1481 918/1/1484
f 906/1/1485 921/1/1486 905/1/1487
f 923/1/1488 899/1/1489 900/1/1482 924/1/1483
f 919/1/1475 923/1/1488 921/1/1486 920/1/1490
f 922/1/1491 924/1/1483 918/1/1484 917/1/1492
f 920/1/1490 910/1/1493 911/1/1494
f 921/1/1486 923/1/1488 924/1/1483 922/1/1491
f 903/1/1495 922/1/1491 917/1/1492 902/1/1496
f 919/1/1475 920/1/1490 911/1/1494 912/1/1476
f 899/1/1489 894/1/1497 893/1/1479 900/1/1482
f 921/1/1486 906/1/1485 908/1/1498 909/1/1499 920/1/1490
f 901/1/1478 899/1/1489 923/1/1488 919/1/1475
f 897/1/1500 894/1/1497 899/1/1489 901/1/1478
f 907/1/1501 922/1/1491 903/1/1495
f 921/1/1486 922/1/1491 907/1/1501
f 910/1/1493 920/1/1490 909/1/1499
f 905/1/1487 921/1/1486 907/1/1501
f 896/1/1502 897/1/1500 901/1/1478 913/1/1477 915/1/1502 916/1/1502 914/1/1502 898/1/1502
f 468/1/1190 475/1/1119 907/1/1119 903/1/1191
f 213/1/1021 212/1/1138 894/1/1138 897/1/1021
f 471/1/1456 474/1/1106 911/1/1108 910/1/1456
f 543/1/1057 484/1/1056 550/1/1069
f 911/1/1108 543/1/1107 912/1/1133
f 805/1/1503 337/1/1504 430/1/1505
f 325/1/1506 805/1/1503 430/1/1505
f 955/1/1345 606/1/1344 612/1/1507 954/1/1508
f 937/1/1509 938/1/1510 929/1/1246 928/1/1245
f 954/1/1508 612/1/1507 608/1/1511 958/1/1512
f 938/1/1510 935/1/1513 930/1/1256 929/1/1246
f 935/1/1513 936/1/1514 931/1/1257 930/1/1256
f 925/1/1328 928/1/1245 182/1/1244 181/1/1329
f 942/1/1515 943/1/1516 936/1/1514 935/1/1513
f 945/1/1517 942/1/1515 935/1/1513 938/1/1510
f 925/1/1328 933/1/1518 937/1/1509 928/1/1245
f 944/1/1519 945/1/1517 938/1/1510 937/1/1509
f 927/1/1250 934/1/1520 933/1/1518 925/1/1328
f 926/1/1249 932/1/1521 934/1/1520 927/1/1250
f 931/1/1257 936/1/1514 561/1/1522 563/1/1346
f 951/1/1523 952/1/1524 945/1/1517 944/1/1519
f 952/1/1524 949/1/1525 942/1/1515 945/1/1517
f 949/1/1525 950/1/1526 943/1/1516 942/1/1515
f 933/1/1518 940/1/1527 944/1/1519 937/1/1509
f 934/1/1520 941/1/1528 940/1/1527 933/1/1518
f 932/1/1521 939/1/1529 941/1/1528 934/1/1520
f 956/1/1530 957/1/1154 950/1/1526 949/1/1525
f 959/1/1531 956/1/1530 949/1/1525 952/1/1524
f 958/1/1512 959/1/1531 952/1/1524 951/1/1523
f 940/1/1527 947/1/1532 951/1/1523 944/1/1519
f 941/1/1528 948/1/1533 947/1/1532 940/1/1527
f 939/1/1529 946/1/1534 948/1/1533 941/1/1528
f 608/1/1511 609/1/1535 959/1/1531 958/1/1512
f 609/1/1535 610/1/1536 956/1/1530 959/1/1531
f 610/1/1536 611/1/1155 957/1/1154 956/1/1530
f 947/1/1532 954/1/1508 958/1/1512 951/1/1523
f 948/1/1533 955/1/1345 954/1/1508 947/1/1532
f 946/1/1534 953/1/1342 955/1/1345 948/1/1533
f 943/1/1516 950/1/1526 564/1/1537 560/1/1538
f 936/1/1514 943/1/1516 560/1/1538 561/1/1522
f 609/1/1327 973/1/1326 980/1/1366
f 968/1/1539 433/1/1540 435/1/1203 967/1/1202
f 606/1/1325 966/1/1324 974/1/460 612/1/459
f 970/1/1253 434/1/1252 436/1/1261 972/1/1260
f 978/1/1541 981/1/1259 437/1/1262 736/1/1542
f 976/1/1335 566/1/1337 447/1/1543
f 432/1/1336 978/1/1541 736/1/1542
f 611/1/1187 610/1/1365 979/1/1544 977/1/1188
f 557/1/1113 985/1/1116 965/1/1170
f 976/1/1335 978/1/1541 432/1/1336
f 605/1/1237 231/1/568 962/1/578 182/1/1545
f 182/1/1545 962/1/578 960/1/473 181/1/1208
f 1020/1/1236 150/1/1235 582/1/1546 1039/1/1547
f 1015/1/426 1028/1/401 195/1/384 198/1/430
f 964/1/403 186/1/405 194/1/569
f 964/1/403 231/1/568 266/1/534
f 975/1/1205 970/1/1253 971/1/461 974/1/460
f 967/1/1202 975/1/1205 974/1/460 966/1/1324
f 968/1/1539 967/1/1202 966/1/1324 969/1/1323
f 970/1/1253 972/1/1260 973/1/1326 971/1/461
f 981/1/1259 978/1/1541 979/1/1544 980/1/1366
f 972/1/1260 981/1/1259 980/1/1366 973/1/1326
f 978/1/1541 976/1/1335 977/1/1188 979/1/1544
f 976/1/1335 965/1/1186 977/1/1188
f 976/1/1335 447/1/1543 965/1/1186
f 571/1/979 735/1/1347 437/1/1349
f 979/1/1544 610/1/1365 980/1/1366
f 548/1/1115 982/1/1177 983/1/1351
f 564/1/1537 950/1/1526 957/1/1154 983/1/1153
f 544/1/1175 984/1/1178 565/1/1548 499/1/1412
f 984/1/1178 982/1/1177 548/1/1115
f 984/1/1178 548/1/1115 498/1/1114 565/1/1548
f 497/1/1128 533/1/1080 986/1/1123
f 965/1/1170 985/1/1116 548/1/1115
f 986/1/1117 985/1/1116 557/1/1113 497/1/1112
f 557/1/1113 447/1/1169 546/1/1017
f 859/1/976 546/1/1017 447/1/1169 566/1/1454
f 559/1/1183 558/1/1176 987/1/1184
f 1002/1/1549 1012/1/1550 1010/1/1185 988/1/1551
f 987/1/1184 544/1/1175 547/1/1411
f 232/1/109 989/1/558 1001/1/1052 993/1/1165
f 1041/1/1263 614/1/34 146/1/9 1034/1/478
f 77/1/691 1032/1/479 146/1/9 154/1/8
f 988/1/1551 987/1/1184 547/1/1411 545/1/429
f 562/1/1050 997/1/1552 995/1/1553
f 994/1/428 1002/1/1549 988/1/1551 545/1/429
f 237/1/683 315/1/489 464/1/1554 177/1/1555
f 1000/1/427 493/1/1140 1004/1/1082
f 315/1/489 319/1/110 321/1/690 464/1/1554
f 494/1/1141 1006/1/1081 533/1/1080 496/1/1129
f 991/1/1051 995/1/1553 996/1/1173 992/1/1162
f 995/1/1553 997/1/1552 998/1/455 996/1/1173
f 994/1/428 1000/1/427 999/1/689 993/1/1165
f 993/1/1165 1001/1/1052 1002/1/1549 994/1/428
f 997/1/1552 1012/1/1550 1011/1/1053 998/1/455
f 991/1/1051 562/1/1050 995/1/1553
f 991/1/1051 992/1/1162 184/1/1161 563/1/1048
f 1003/1/993 1004/1/996 493/1/1142 531/1/1118
f 1008/1/1556 1005/1/1078 1006/1/1081 1007/1/1125
f 1009/1/994 1003/1/993 1005/1/1078 1008/1/1556
f 536/1/1158 535/1/1166 538/1/1168 539/1/1159
f 536/1/1158 1009/1/994 1008/1/1556 535/1/1166
f 535/1/1166 1008/1/1556 1007/1/1125 534/1/1124
f 534/1/1124 495/1/1127 467/1/1557 537/1/1167
f 321/1/995 1009/1/994 536/1/1158 464/1/1157
f 1010/1/1185 997/1/1552 562/1/1050
f 1010/1/1185 987/1/1184 988/1/1551
f 1011/1/1053 990/1/456 998/1/455
f 1011/1/1053 1012/1/1550 1002/1/1549 1001/1/1052
f 1010/1/1185 1012/1/1550 997/1/1552
f 1040/1/390 1019/1/472 1020/1/1236 1039/1/1547
f 1024/1/481 1017/1/466 1018/1/389 1023/1/474
f 1028/1/401 1015/1/426 1016/1/396 1027/1/422
f 1038/1/576 1024/1/579 1023/1/1238 1037/1/562
f 1015/1/426 1031/1/425 1032/1/394 1016/1/396
f 1042/1/559 1029/1/108 1030/1/1182 1041/1/1263
f 1026/1/402 1028/1/401 1027/1/422 1025/1/386
f 1017/1/466 1026/1/402 1025/1/386 1018/1/389
f 1031/1/483 1033/1/399 1034/1/478 1032/1/479
f 1022/1/577 1038/1/576 1037/1/562 1021/1/977
f 1013/1/391 1040/1/390 1039/1/1547 1014/1/1558
f 1019/1/472 1022/1/577 1021/1/977 1020/1/1236
f 1035/1/496 1030/1/1182 1029/1/108 1036/1/111
f 1033/1/399 1042/1/559 1041/1/1263 1034/1/478
f 1039/1/1547 582/1/1546 148/1/1559 1014/1/1558
f 9/1/1560 1051/1/80 48/1/79 12/1/629
f 1058/1/545 1053/1/544 1054/1/98 1057/1/63
f 1053/1/544 1055/1/76 1056/1/99 1054/1/98
f 1051/1/601 1049/1/600 1050/1/67 1052/1/66
f 1044/1/71 1047/1/70 1048/1/62 1043/1/94
f 1049/1/600 1045/1/540 1046/1/93 1050/1/67
f 1045/1/540 1044/1/71 1043/1/94 1046/1/93
f 1057/1/63 1048/1/62 1047/1/70 1058/1/545
f 1059/1/682 1056/1/99 1055/1/76 1060/1/125
f 1043/1/94 1048/1/62 233/1/65 238/1/95
f 1035/1/496 1036/1/111 1071/1/490 1072/1/497
f 1068/1/536 1065/1/120 1066/1/311 1067/1/314
f 1065/1/120 1063/1/119 1064/1/538 1066/1/311
f 1063/1/119 1062/1/128 1061/1/539 1064/1/538
f 1070/1/537 1068/1/536 1067/1/314 1069/1/501
f 1071/1/490 1070/1/684 1069/1/542 1072/1/497
f 57/1/203 201/1/202 1061/1/539 1060/1/1561
f 1059/1/1264 1060/1/1561 1061/1/539 1062/1/128
f 1083/1/308 1084/1/685 35/1/41
f 1089/1/3 1090/1/205 39/1/4
f 1092/1/305 1085/1/298 1086/1/23 1091/1/22
f 1078/1/218 1079/1/217 1080/1/267 1077/1/206
f 1079/1/144 1087/1/143 1088/1/297 1080/1/335
f 1085/1/298 1088/1/297 1087/1/143 1086/1/23
f 1077/1/206 1090/1/205 1089/1/3 1078/1/218
f 1074/1/44 1081/1/43 1082/1/293 1073/1/292
f 1083/1/308 1075/1/307 1076/1/686 1084/1/685
f 1075/1/307 1074/1/44 1073/1/292 1076/1/686
f 1091/1/22 1082/1/293 1081/1/43 1092/1/305
f 1173/1/242 615/1/241 616/1/688 1166/1/21
f 1106/1/221 1109/1/220 1110/1/378 1105/1/381
f 1114/1/199 1094/1/1562 1093/1/359 1113/1/358
f 1116/1/36 1097/1/39 1098/1/148 1115/1/229
f 1112/1/301 1107/1/364 1108/1/262 1111/1/261
f 591/1/302 1112/1/301 1111/1/261 1095/1/587
f 1200/1/583 1106/1/221 1105/1/381 1201/1/589
f 1100/1/196 1114/1/199 1113/1/358 1099/1/149
f 1097/1/39 1100/1/196 1099/1/149 1098/1/148
f 1109/1/220 1101/1/289 1102/1/228 1110/1/378
f 1103/1/362 1108/1/262 1107/1/364 1104/1/1231
f 1101/1/289 1116/1/36 1115/1/229 1102/1/228
f 1114/1/199 580/1/198 127/1/257 1094/1/1562
f 1096/1/18 112/1/17 139/1/275
f 126/1/1368 604/1/2 89/1/250 102/1/1563
f 1120/1/331 1118/1/330 1117/1/1564 1119/1/226
f 1124/1/223 1122/1/1218 1121/1/333 1123/1/332
f 1127/1/232 1163/1/231 1188/1/287 1186/1/1565
f 1141/1/329 1131/1/234 1132/1/237 1140/1/322
f 1130/1/1207 1141/1/329 1140/1/322 1129/1/325
f 1186/1/1565 1187/1/263 1145/1/235 1146/1/238
f 1202/1/342 1138/1/324 1139/1/327 1203/1/182
f 1143/1/323 1135/1/236 1136/1/317 1142/1/319
f 1138/1/324 1143/1/323 1142/1/319 1139/1/327
f 1147/1/233 1127/1/232 1186/1/1565 1146/1/238
f 1210/1/225 1125/1/1233 1126/1/344 1211/1/1220
f 1135/1/236 1145/1/235 1144/1/265 1136/1/317
f 1131/1/234 1147/1/233 1146/1/238 1132/1/237
f 1204/1/1232 1130/1/1207 1129/1/325 1205/1/345
f 1212/1/1221 1134/1/343 1133/1/181 1213/1/222
f 1117/1/1564 100/1/30 118/1/33 1119/1/226
f 1160/1/157 1153/1/1213 1152/1/1227 1159/1/356
f 1162/1/315 1154/1/1206 1155/1/1350 1161/1/253
f 1156/1/326 1157/1/318 1158/1/254
f 1157/1/318 1150/1/316 1151/1/252 1158/1/254
f 1149/1/158 1160/1/157 1159/1/356 1148/1/355
f 1154/1/1206 1149/1/158 1148/1/355 1155/1/1350
f 1150/1/316 1162/1/315 1161/1/253 1151/1/252
f 85/1/248 84/1/133 1155/1/1350 1148/1/355
f 1128/1/1214 1149/1/158 1154/1/1206 1137/1/264
f 1149/1/158 1128/1/1214 1185/1/159
f 493/1/1140 1000/1/427 545/1/429
f 317/1/291 316/1/88 1165/1/6 110/1/5
f 1179/1/25 1174/1/24 1175/1/10 1178/1/35
f 1170/1/16 1176/1/11 1177/1/146 1171/1/145
f 1174/1/24 1177/1/146 1176/1/11 1175/1/10
f 1167/1/295 1172/1/294 1173/1/242 1166/1/21
f 1169/1/687 1167/1/295 1166/1/21 1168/1/7
f 1178/1/35 1173/1/242 1172/1/294 1179/1/25
f 1164/1/560 1169/1/687 1168/1/7 1165/1/6
f 316/1/88 1164/1/560 1165/1/6
f 1163/1/231 1184/1/288 1188/1/287
f 1183/1/1211 1181/1/1566 1180/1/1212 1182/1/160
f 1182/1/160 1185/1/159 1184/1/288 1183/1/1211
f 1181/1/1566 1183/1/1211 579/1/190 124/1/1215
f 1188/1/287 1187/1/263 1186/1/1565
f 1187/1/263 1188/1/287 1128/1/1214 1137/1/264
f 1125/1/1233 1204/1/1232 1205/1/345 1126/1/344
f 1134/1/343 1202/1/342 1203/1/182 1133/1/181
f 1104/1/1231 1200/1/583 1201/1/589 1103/1/362
f 603/1/193 1199/1/269 1189/1/270 93/1/273
f 120/1/336 1130/1/1207 1204/1/1232 1198/1/1223
f 99/1/337 120/1/336 1198/1/1223 1197/1/1222
f 138/1/380 269/1/340 1195/1/339 1193/1/588
f 137/1/363 1103/1/362 1201/1/589 1193/1/588
f 1104/1/1231 131/1/1229 1194/1/54 1200/1/583
f 1138/1/324 1202/1/342 1205/1/345 1129/1/325
f 116/1/371 271/1/370 1195/1/339 1191/1/338
f 94/1/373 116/1/374 1191/1/271 1189/1/270
f 164/1/463 1199/1/269 1192/1/268
f 1156/1/326 90/1/210 1196/1/209 1206/1/179
f 102/1/1563 89/1/250 1196/1/209 1190/1/208
f 1156/1/326 1206/1/179 1203/1/182 1139/1/327
f 131/1/1229 102/1/1228 1190/1/55 1194/1/54
f 164/1/463 1192/1/268 91/1/410
f 162/1/19 164/1/463 92/1/464
f 79/1/274 162/1/19 708/1/20
f 1123/1/332 1212/1/1221 1213/1/222 1124/1/223
f 1119/1/226 1210/1/225 1211/1/1220 1120/1/331
f 98/1/1225 121/1/1224 1207/1/224 1208/1/1226
f 1126/1/344 1134/1/343 1212/1/1221 1211/1/1220
f 121/1/1224 1125/1/1233 1210/1/225 1207/1/224
f 1133/1/181 67/1/180 1209/1/1 1213/1/222
f 1078/1/218 1089/1/3 604/1/2
f 604/1/2 1209/1/1 67/1/180 89/1/250
f 1225/1/832 1215/1/833 1214/1/1567 1224/1/1378
f 1227/1/1568 1218/1/826 1219/1/791 1226/1/1274
f 1218/1/826 1220/1/648 1221/1/792 1219/1/791
f 1217/1/1569 1227/1/1568 1226/1/1274 1216/1/1385
f 1235/1/1295 1230/1/613 1231/1/1570 1234/1/1571
f 1237/1/1269 1228/1/1296 1229/1/1572 1236/1/821
f 1230/1/613 1233/1/612 1232/1/1573 1231/1/1570
f 1216/1/1270 1237/1/1269 1236/1/821 1217/1/823
f 1228/1/1296 1235/1/1295 1234/1/1571 1229/1/1572
f 1220/1/648 1222/1/647 1223/1/1377 1221/1/792
f 1222/1/647 1225/1/832 1224/1/1378 1223/1/1377
f 1224/1/1378 1214/1/1567 373/1/813 378/1/793
f 1240/1/837 1241/1/1317 1242/1/1574
f 1242/1/1574 1238/1/819 1239/1/626 1240/1/837
f 1241/1/1317 1244/1/1320 1243/1/1575 1242/1/1574
f 1238/1/819 1246/1/818 1245/1/627 1239/1/626
f 1233/1/1318 1241/1/1317 1240/1/837 1232/1/836
f 1238/1/819 1242/1/1574 1243/1/1575 371/1/820
f 1248/1/78 1052/1/77 670/1/1308 671/1/1306
f 1247/1/90 1248/1/78 671/1/1306 642/1/91
f 703/1/620 693/1/1315 47/1/628 638/1/621
f 680/1/1576 1232/1/836 288/1/610
f 679/1/1302 680/1/1576 288/1/610 739/1/609
f 281/1/1577 679/1/1302 739/1/609
f 679/1/1302 281/1/1577 1249/1/1301
f 281/1/1577 282/1/598 677/1/597 1249/1/1301
f 1251/1/844 1252/1/843 377/1/853 378/1/849
f 380/1/848 647/1/1578 1255/1/845
f 381/1/840 1253/1/854 1252/1/843 1243/1/842
f 1244/1/838 381/1/840 1243/1/842
f 375/1/1321 1254/1/846 1255/1/845 379/1/1579
f 1255/1/845 647/1/1578 374/1/1580 379/1/1579
f 2391/1/1581 1294/1/1582 2277/1/1583 1820/1/1584
f 1360/1/1585 2352/1/1586 2349/1/1587
f 1399/1/1588 2360/1/1589 2359/1/1590 1392/1/1591
f 1282/1/1592 1281/1/1593 1292/1/1594 1293/1/1595
f 2354/1/1596 2282/1/1597 1361/1/1598
f 1406/1/1599 1919/1/1600 2360/1/1589 1399/1/1588
f 2350/1/1601 2352/1/1586 1360/1/1585
f 2279/1/1602 2363/1/1603 2358/1/1604 2274/1/1605
f 1306/1/1606 1329/1/1607 1327/1/1608 1307/1/1609
f 1351/1/1610 1367/1/1611 1296/1/1612 1289/1/1613
f 1829/1/1614 1392/1/1591 2359/1/1590 2362/1/1615
f 2302/1/1616 2283/1/1617 1375/1/1618 1811/1/1619
f 1279/1/1620 1282/1/1592 1293/1/1595 1290/1/1621
f 1277/1/1622 1273/1/1623 2262/1/1624 2269/1/1625
f 1301/1/1626 1530/1/1627 1899/1/1628 1887/1/1629
f 1259/1/1630 1272/1/1631 1305/1/1632 1298/1/1633
f 2376/1/1634 1379/1/1635 1352/1/1636 2372/1/1637
f 1304/1/1638 1317/1/1639 1318/1/1640 1305/1/1641
f 2236/1/1642 1474/1/1643 1475/1/1644 2245/1/1645
f 2240/1/1646 1881/1/1647 2238/1/1648
f 1262/1/1649 1256/1/1650 2232/1/1651 2235/1/1652
f 1269/1/1653 2243/1/1654 1300/1/1655 1261/1/1656
f 2240/1/1657 2239/1/1658 1303/1/1659 2426/1/1660
f 2238/1/1648 1881/1/1647 1833/1/1661 1524/1/1662
f 1325/1/1663 1494/1/1664 1292/1/1594
f 1310/1/1665 1552/1/1666 1554/1/1667 1314/1/1668
f 1531/1/1669 1857/1/1670 1855/1/1671 2425/1/1672
f 2234/1/1673 1480/1/1674 1479/1/1675 2231/1/1676
f 1547/1/1677 1476/1/1678 2244/1/1679 2242/1/1680
f 1325/1/1663 1316/1/1681 1288/1/1682 1295/1/1683
f 1261/1/1656 1300/1/1655 1299/1/1684 1260/1/1685
f 1793/1/106 106/1/106 70/1/107 1790/1/107
f 2217/1/1686 2224/1/1687 1555/1/1688 1473/1/1689
f 1387/1/1690 1352/1/1636 1379/1/1635 1389/1/1691
f 1401/1/1692 1501/1/1693 1504/1/1694
f 1452/1/1695 2253/1/1696 2251/1/1697 1496/1/1698
f 1806/1/1699 1817/1/1700 1816/1/1701 1332/1/1702
f 2248/1/1703 1312/1/1704 1300/1/1655 2243/1/1654
f 1496/1/1698 2251/1/1697 2250/1/1705 1481/1/1706
f 1270/1/1707 1260/1/1685 1299/1/1684 1304/1/1638
f 1329/1/1607 1259/1/1630 1298/1/1633 1327/1/1608
f 1317/1/1639 1304/1/1638 1299/1/1684 1319/1/1708
f 1805/1/1709 1356/1/1710 1335/1/1711 1808/1/1712
f 1799/1/1713 159/1/138 73/1/137 1792/1/1714
f 1467/1/1715 1459/1/1716 1456/1/1717 1470/1/1718
f 2275/1/1719 2361/1/1720 2355/1/1721 2267/1/1722
f 1380/1/1723 1381/1/1724 2285/1/1725 2284/1/1726
f 1299/1/1684 1300/1/1655 1312/1/1704 1319/1/1708
f 1389/1/1691 1377/1/1727 1354/1/1728 1387/1/1690
f 1317/1/1729 1319/1/1730 1515/1/1731 1441/1/1732
f 2344/1/1733 2364/1/1734 2367/1/1735 2335/1/1736
f 1372/1/1737 1348/1/1738 1391/1/1739 1388/1/1740
f 1371/1/1741 1347/1/1742 1346/1/1743 1368/1/1744
f 1810/1/1745 1809/1/1746 1348/1/1738 1372/1/1737
f 1288/1/1682 1280/1/1747 1291/1/1748 1295/1/1683
f 1334/1/1749 1400/1/1750 1404/1/1751 1333/1/1752
f 1792/1/1714 73/1/137 172/1/178 1801/1/1753
f 2388/1/1754 2385/1/1755 2319/1/1756 1322/1/1757
f 1291/1/1748 1458/1/1758 1456/1/1717 1295/1/1683
f 1297/1/1759 1258/1/1760 1306/1/1606 1307/1/1609
f 1281/1/1593 1316/1/1681 1325/1/1663 1292/1/1594
f 1445/1/1761 1447/1/1762 1455/1/1763 1451/1/1764
f 1795/1/1765 1791/1/1766 1347/1/1742 1371/1/1741
f 1409/1/1767 1405/1/1768 1818/1/1769 1819/1/1770
f 2286/1/1771 2300/1/1772 1796/1/1773 1376/1/1774
f 1404/1/1751 1400/1/1750 1394/1/1775 1395/1/1776
f 1442/1/1777 1515/1/1731 1319/1/1730 1312/1/1778
f 1285/1/1779 1275/1/1780 2265/1/1781 2278/1/1782
f 2372/1/1783 1352/1/1784 1341/1/1785 2378/1/1786
f 1405/1/1787 1407/1/1788 1815/1/1789 1818/1/1790
f 1807/1/1791 1373/1/1792 2266/1/1793 2267/1/1794
f 1389/1/1691 1379/1/1635 2292/1/1795 2295/1/1796
f 2395/1/1797 2310/1/1798 1294/1/1582 2391/1/1581
f 2389/1/1799 1367/1/1611 2305/1/1800 2392/1/1801
f 1382/1/1802 1812/1/1803 2301/1/1804 2288/1/1805
f 2347/1/1806 1371/1/1741 1368/1/1744 2313/1/1807
f 2333/1/1808 1810/1/1745 1372/1/1737 2317/1/1809
f 2331/1/1810 2332/1/1811 2318/1/1812 2321/1/1813
f 1815/1/1789 1337/1/1814 1308/1/1815 1818/1/1790
f 1829/1/1614 2362/1/1615 2357/1/1816 1830/1/1817
f 1390/1/1818 1341/1/1785 1352/1/1784 1387/1/1819
f 1509/1/1820 1359/1/1821 1507/1/1822
f 1356/1/1710 1355/1/1823 1336/1/1824 1335/1/1711
f 2388/1/1754 1322/1/1757 1340/1/1825 2378/1/1786
f 1808/1/1712 2345/1/1826 2337/1/1827 1339/1/1828
f 1339/1/1828 2337/1/1827 2342/1/1829 1390/1/1818
f 1796/1/1773 127/1/257 106/1/256 1793/1/1830
f 1811/1/1619 1375/1/1618 1356/1/1831 1805/1/1832
f 1514/1/1833 2294/1/1834 2297/1/1835
f 2331/1/1810 2330/1/1836 2323/1/1837 2369/1/1838
f 1276/1/1839 2268/1/1840 2265/1/1781 1275/1/1780
f 2374/1/1841 1409/1/1767 1819/1/1770 2381/1/1842
f 2371/1/1843 1344/1/1844 1366/1/1845 2373/1/1846
f 1330/1/1847 1385/1/1848 2282/1/1597
f 1375/1/1618 1376/1/1774 1355/1/1849 1356/1/1831
f 1814/1/1850 1498/1/1851 1362/1/1852 1804/1/1853
f 1344/1/1844 1308/1/1854 1359/1/1855 1366/1/1845
f 1803/1/1856 261/1/286 111/1/285 1794/1/1857
f 2370/1/1858 2367/1/1735 2366/1/1859
f 2295/1/1796 2287/1/1860 1377/1/1727 1389/1/1691
f 1311/1/1861 1553/1/1862 1552/1/1666 1310/1/1665
f 2261/1/1863 2351/1/1864 2356/1/1865 2270/1/1866
f 1284/1/1867 1283/1/1868 2273/1/1869 2276/1/1870
f 1513/1/1871 1373/1/1872 1807/1/1873 2298/1/1874
f 1277/1/1622 2269/1/1625 2280/1/1875 1286/1/1876
f 1283/1/1868 1286/1/1876 2280/1/1875 2273/1/1869
f 1274/1/1877 1278/1/1878 2271/1/1879 2263/1/1880
f 1273/1/1623 1274/1/1877 2263/1/1880 2262/1/1624
f 1272/1/1881 1270/1/1707 1304/1/1638 1305/1/1641
f 2254/1/1882 2255/1/1883 1482/1/1884 1444/1/1885
f 2346/1/1886 2330/1/1836 2322/1/1887 2336/1/1888
f 2336/1/1888 2322/1/1887 2328/1/1889 2341/1/1890
f 1498/1/1851 1499/1/1891 1363/1/1892 1362/1/1852
f 2326/1/1893 2315/1/1894 2324/1/1895 2329/1/1896
f 2328/1/1889 2325/1/1897 2340/1/1898 2341/1/1890
f 2321/1/1813 2318/1/1812 2326/1/1893 2329/1/1896
f 1332/1/1702 1331/1/1899 1499/1/1891 1498/1/1851
f 2317/1/1809 1372/1/1737 1388/1/1740 2327/1/1900
f 2304/1/1901 2307/1/1902 2309/1/1903 2306/1/1904
f 1284/1/1867 2276/1/1870 2268/1/1905 1276/1/1906
f 1391/1/1739 1350/1/1907 1369/1/1908 1388/1/1740
f 2373/1/1909 1366/1/1910 1508/1/1911 2377/1/1912
f 2384/1/1913 2387/1/1914 2312/1/1915 2320/1/1916
f 1313/1/1917 1315/1/1918 1556/1/1919 1495/1/1920
f 1431/1/1921 1438/1/1922 1432/1/1923
f 2355/1/1721 2281/1/1924 1807/1/1925 2267/1/1722
f 1790/1/107 2343/1/1926 2334/1/1927 1336/1/1824
f 2283/1/1617 2286/1/1771 1376/1/1774 1375/1/1618
f 1797/1/1928 133/1/360 1093/1/359 2299/1/1929
f 1511/1/1930 1383/1/1931 2289/1/1932 2294/1/1834
f 1812/1/1803 1380/1/1723 2284/1/1726 2301/1/1804
f 2293/1/1933 1513/1/1871 2298/1/1874
f 1804/1/1934 1362/1/1935 1380/1/1723 1812/1/1803
f 1794/1/1936 111/1/368 133/1/360 1797/1/1928
f 1385/1/1937 1365/1/1938 1510/1/1939 1511/1/1930
f 1385/1/1937 1511/1/1930 1514/1/1833 1361/1/1940
f 1345/1/1941 1365/1/1942 1385/1/1848 1330/1/1847
f 1337/1/1814 1359/1/1943 1308/1/1815
f 1359/1/1943 1500/1/1944 1507/1/1945
f 2296/1/1946 2291/1/1947 1384/1/1948 1386/1/1949
f 1386/1/1949 1384/1/1948 1508/1/1911 1509/1/1820
f 1430/1/1950 1437/1/1951 1436/1/1952 1428/1/1953
f 2213/1/1954 2206/1/1955 1393/1/1956 1398/1/1957
f 2228/1/1958 2155/1/1959 961/1/392 1013/1/391
f 2220/1/1960 2204/1/1961 1328/1/1962
f 1432/1/1963 1433/1/1964 2221/1/1965 1493/1/1966
f 2216/1/1967 1436/1/1952 2214/1/1968
f 2156/1/1969 1427/1/1970 1430/1/1971
f 1338/1/1972 1403/1/1973 1407/1/1788
f 1798/1/1974 148/1/409 159/1/138 1799/1/1713
f 2374/1/1841 1342/1/1975 1409/1/1767
f 1320/1/1976 1338/1/1972 1407/1/1788 1405/1/1787
f 1816/1/1701 1413/1/1977 1410/1/1978 1414/1/1979 1331/1/1899 1332/1/1702
f 1816/1/1701 1412/1/1980 1413/1/1977
f 1411/1/1981 1410/1/1982 1413/1/1983
f 1800/1/1984 1789/1/1985 1331/1/1899 1414/1/1979
f 1397/1/1986 2204/1/1961 2215/1/1987
f 1801/1/1753 1800/1/1988 1414/1/1989 1411/1/1981
f 2219/1/1990 1438/1/1922 2203/1/1991
f 2190/1/1992 1762/1/1993 2184/1/1994
f 1438/1/1922 1439/1/1995 2203/1/1991
f 1731/1/1996 1417/1/1997 1418/1/1998 1730/1/1999
f 1401/1/2000 1393/1/1956 1396/1/2001
f 324/1/437 2005/1/2002 1568/1/2003
f 1476/1/1678 1485/1/2004 1477/1/2005
f 1439/1/1995 1429/1/2006 1428/1/1953 1436/1/1952
f 1484/1/2007 1518/1/2008 1310/1/2009 1314/1/2010
f 1732/1/2011 1415/1/2012 1417/1/1997 1731/1/1996
f 2155/1/1959 1802/1/2013 178/1/449 961/1/392
f 2215/1/1987 2213/1/1954 1398/1/1957 1397/1/1986
f 1733/1/2014 1614/1/2015 1415/1/2012 1732/1/2011
f 1425/1/2016 1424/1/2017 2156/1/1969 1430/1/1971
f 2188/1/2018 1426/1/2019 1431/1/2020 2180/1/2021
f 1827/1/2022 1823/1/2023 2161/1/2024 2164/1/2025
f 1408/1/2026 1343/1/2027 1342/1/1975
f 1431/1/2020 1493/1/1966 2180/1/2021
f 1433/1/1964 1434/1/2028 2221/1/1965
f 1437/1/1951 2205/1/2029 2214/1/1968 1436/1/1952
f 1427/1/2030 1437/1/1951 1430/1/1950
f 1398/1/1957 1393/1/1956 1320/1/2031 1342/1/2032
f 1397/1/1986 1398/1/1957 1342/1/2032 1343/1/2033
f 1401/1/2000 1338/1/2034 1320/1/2031 1393/1/1956
f 2207/1/2035 2153/1/2036 2155/1/1959 2228/1/1958
f 2206/1/1955 2211/1/2037 1396/1/2001 1393/1/1956
f 1438/1/1922 1434/1/2038 1433/1/2039
f 1438/1/1922 1426/1/2040 1429/1/2006 1439/1/1995
f 1438/1/1922 1433/1/2039 1432/1/1923
f 2222/1/2041 2220/1/2042 1392/1/1591
f 1435/1/2043 2212/1/2044 2205/1/2029 1437/1/1951
f 1426/1/2040 1438/1/1922 1431/1/1921
f 2204/1/1961 1397/1/1986 1343/1/2033 1328/1/1962
f 1401/1/2000 1402/1/2045 1403/1/2045 1338/1/2034
f 2221/1/1965 1434/1/2028 2219/1/2046
f 1292/1/1594 1495/1/1920 1358/1/2047 1293/1/1595
f 1357/1/2048 1290/1/1621 1293/1/1595 1358/1/2047
f 1477/1/2049 1485/1/2050 1486/1/2051 1481/1/1706
f 2224/1/1687 2259/1/2052 1551/1/2053 1555/1/1688
f 1482/1/1884 1518/1/2008 1517/1/2054 1444/1/1885
f 1441/1/1732 1515/1/1731 1516/1/2055 1445/1/1761
f 1318/1/2056 1317/1/1729 1441/1/1732 1440/1/2057
f 1448/1/2058 1516/1/2055 1515/1/1731 1442/1/1777
f 1444/1/1885 1517/1/2054 1516/1/2055 1448/1/2058
f 1360/1/1585 1553/1/1862 2260/1/2059 2223/1/2060
f 1451/1/1764 1455/1/1763 1446/1/2061 1468/1/2062
f 2255/1/1883 2257/1/2063 1311/1/2064 1482/1/1884
f 1440/1/2057 1441/1/1732 1445/1/1761 1451/1/1764
f 1455/1/1763 1483/1/2065 1323/1/2066 1446/1/2061
f 1738/1/2067 2112/1/2067 2096/1/2068 1707/1/2068
f 1445/1/1761 1516/1/2055 1517/1/2054 1447/1/1762
f 1688/1/2069 1478/1/2070 1450/1/2071 1449/1/2072
f 1440/1/2057 1326/1/2073 1318/1/2056
f 1324/1/2074 1440/1/2057 1451/1/1764 1468/1/2062
f 1459/1/1716 1457/1/2075 1494/1/1664 1325/1/1663
f 1459/1/1716 1325/1/1663 1295/1/1683 1456/1/1717
f 1460/1/2076 1297/1/1759 1307/1/1609 1461/1/2077
f 1462/1/2078 1327/1/1608 1298/1/1633 1463/1/2079
f 1457/1/2075 1323/1/2080 1309/1/2081
f 1446/1/2082 1323/1/2080 1457/1/2075 1497/1/2083
f 1464/1/2084 1460/1/2076 1461/1/2077 1465/1/2085
f 1327/1/1608 1462/1/2078 1461/1/2077 1307/1/1609
f 1463/1/2079 1321/1/2086 1324/1/2087
f 1321/1/2086 1298/1/1633 1326/1/2088
f 1298/1/1633 1321/1/2086 1463/1/2079
f 1305/1/1632 1318/1/2089 1326/1/2088 1298/1/1633
f 1469/1/2090 1464/1/2084 1465/1/2085 1470/1/1718
f 1462/1/2078 1466/1/2091 1465/1/2085 1461/1/2077
f 1468/1/2092 1446/1/2082 1497/1/2083 1471/1/2093
f 1458/1/1758 1469/1/2090 1470/1/1718 1456/1/1717
f 1466/1/2091 1467/1/1715 1470/1/1718 1465/1/2085
f 1459/1/1716 1467/1/1715 1497/1/2083 1457/1/2075
f 1309/1/2094 1323/1/2066 1313/1/2095
f 1457/1/2075 1309/1/2081 1494/1/1664
f 1421/1/2096 1505/1/2097 1424/1/2017
f 1362/1/1935 1363/1/2098 1381/1/1724 1380/1/1723
f 2366/1/1859 1371/1/1741 2347/1/1806
f 1447/1/1762 1484/1/2007 1483/1/2065 1455/1/1763
f 1478/1/2070 2258/1/2099 2256/1/2100 1450/1/2071
f 1450/1/2071 2256/1/2100 2253/1/1696 1452/1/1695
f 1442/1/1777 2249/1/2101 2252/1/2102 1448/1/2058
f 2238/1/1648 1524/1/1662 1480/1/1674 2234/1/1673
f 1256/1/1650 1257/1/2103 2233/1/2104 2232/1/1651
f 2252/1/2102 2254/1/1882 1444/1/1885 1448/1/2058
f 1553/1/1862 1311/1/1861 2257/1/2105 2260/1/2059
f 1268/1/2106 1271/1/2107 2246/1/2108 2241/1/2109
f 1262/1/1649 2235/1/1652 2246/1/2108 1271/1/2107
f 1486/1/2051 1488/1/2110 1481/1/1706
f 1485/1/2050 1491/1/2111 1443/1/2112 1486/1/2051
f 1476/1/1678 1490/1/2113 1491/1/2114 1485/1/2004
f 1476/1/1678 1547/1/1677 1548/1/2115 1490/1/2113
f 1486/1/2051 1443/1/2112 1492/1/2116 1488/1/2110
f 1432/1/1963 1493/1/1966 1431/1/2020
f 1453/1/2117 1452/1/1695 1496/1/1698 1454/1/2118
f 1492/1/2116 1489/1/2119 1488/1/2110
f 1489/1/2119 1492/1/2116 1487/1/2120
f 2179/1/2121 1493/1/1966 2221/1/1965 2230/1/2122
f 2219/1/1990 1434/1/2038 1438/1/1922
f 1358/1/2047 1556/1/1919 1554/1/1667 1357/1/2048
f 1552/1/1666 2348/1/2123 1357/1/2048 1554/1/1667
f 1396/1/2124 2225/1/2125 1501/1/1693
f 1278/1/1878 1279/1/1620 1290/1/1621 2271/1/1879
f 1495/1/1920 1556/1/1919 1358/1/2047
f 1494/1/1664 1495/1/1920 1292/1/1594
f 1494/1/1664 1309/1/2081 1313/1/1917 1495/1/1920
f 1326/1/2073 1440/1/2057 1321/1/2126
f 1321/1/2126 1440/1/2057 1324/1/2074
f 1730/1/1999 1418/1/1998 1550/1/2127 1736/1/2128
f 1484/1/2007 1314/1/2010 1315/1/2129 1483/1/2065
f 1449/1/2072 1450/1/2071 1452/1/1695 1453/1/2117
f 1342/1/1975 1320/1/2130 1405/1/1768 1409/1/1767
f 1361/1/1598 2281/1/1924 2355/1/1721 2354/1/1596
f 1472/1/2131 1435/1/2132 2156/1/1969
f 1324/1/2087 1468/1/2092 1471/1/2093 1463/1/2079
f 1462/1/2078 1463/1/2079 1471/1/2093 1466/1/2091
f 1466/1/2091 1471/1/2093 1497/1/2083 1467/1/1715
f 1313/1/2095 1323/1/2066 1483/1/2065 1315/1/2129
f 1789/1/1985 71/1/570 261/1/286 1803/1/1856
f 1806/1/1699 1332/1/1702 1498/1/1851 1814/1/1850
f 1337/1/1814 1500/1/1944 1359/1/1943
f 1502/1/2133 1402/1/2134 1504/1/1694
f 1501/1/1693 1394/1/2135 1400/1/2136 1504/1/1694
f 1502/1/2133 1503/1/2137 1403/1/1973
f 1504/1/1694 1402/1/2134 1401/1/1692
f 1472/1/2131 2154/1/2138 2210/1/2139 2226/1/2140
f 1502/1/2133 1403/1/1973 1402/1/2134
f 1503/1/2137 1407/1/1788 1403/1/1973
f 2212/1/2141 1472/1/2131 2226/1/2140
f 1414/1/1989 1410/1/1982 1411/1/1981
f 1505/1/2097 2156/1/1969 1424/1/2017
f 2212/1/2141 1435/1/2132 1472/1/2131
f 1396/1/2124 1501/1/1693 1401/1/1692
f 1435/1/2043 1437/1/1951 1427/1/2030
f 1500/1/1944 1364/1/2142 1506/1/2143
f 1500/1/1944 1506/1/2143 1507/1/1945
f 1507/1/1822 1506/1/2144 1509/1/1820
f 2382/1/2145 2292/1/1795 1379/1/1635 2376/1/1634
f 1506/1/2144 1364/1/2146 1382/1/1802 1386/1/1949
f 1506/1/2144 1386/1/1949 1509/1/1820
f 1508/1/1911 1366/1/1910 1359/1/1821 1509/1/1820
f 1512/1/2147 1374/1/2148 1373/1/1872 1513/1/1871
f 1361/1/1940 1514/1/1833 2297/1/1835 2281/1/2149
f 1511/1/1930 2294/1/1834 1514/1/1833
f 2293/1/1933 1512/1/2147 1513/1/1871
f 2375/1/2150 1384/1/1948 2291/1/1947 2383/1/2151
f 1447/1/1762 1517/1/2054 1518/1/2008 1484/1/2007
f 1311/1/2064 1310/1/2009 1518/1/2008 1482/1/1884
f 1519/1/2152 1522/1/2153 1894/1/2154 1892/1/2155
f 1918/1/2156 1911/1/2157 1889/1/2158
f 1522/1/2153 1521/1/2159 1888/1/2160 1894/1/2154
f 1263/1/2161 1264/1/2162 2239/1/2163 2237/1/2164
f 1257/1/2103 1263/1/2161 2237/1/2164 2233/1/2104
f 1734/1/2165 1526/1/2166 1614/1/2015 1733/1/2014
f 1864/1/2167 1840/1/2168 1533/1/2169 1596/1/2170
f 1947/1/2171 740/1/611 289/1/611 1527/1/2172
f 2413/1/2173 1611/1/2174 1610/1/2175 2410/1/2176
f 1599/1/2177 2018/1/2178 2028/1/2179 1900/1/2180
f 1914/1/2181 1913/1/2182 1850/1/2183 1851/1/2184
f 1891/1/2185 1910/1/2186 1911/1/2157 1918/1/2156
f 289/1/611 1245/1/627 2419/1/2187 1527/1/2172
f 2425/1/1672 1302/1/2188 1851/1/2184 1531/1/1669
f 1267/1/2189 1266/1/2190 1302/1/2188 1303/1/1659
f 1903/1/2191 1884/1/2192 1886/1/2193 1905/1/2194
f 1843/1/2195 2397/1/2196 2407/1/2197
f 1837/1/2198 1838/1/2199 1534/1/2200 1598/1/2201
f 1588/1/2202 2009/1/2203 2011/1/2204 2016/1/2205
f 1847/1/2206 1848/1/2207 2400/1/2208 2402/1/2209
f 1836/1/2210 1532/1/2211 1593/1/2212 1832/1/2213
f 1835/1/2214 1839/1/2215 1537/1/2216 1536/1/2217
f 1863/1/2218 1835/1/2214 1536/1/2217 1535/1/2219
f 1840/1/2168 2029/1/2220 2020/1/2221 1533/1/2169
f 2047/1/2222 1543/1/2223 1720/1/2224 2056/1/2225
f 1721/1/2226 1541/1/2227 1542/1/2228 1722/1/2229
f 2009/1/2203 1588/1/2202 1563/1/2230 1966/1/2231
f 1416/1/2232 1558/1/2233 1621/1/2234 1614/1/2015
f 1722/1/2229 1542/1/2228 1549/1/2235 1724/1/2236
f 1538/1/2237 1420/1/2238 1739/1/2239 1735/1/2240
f 1719/1/2241 2056/1/2225 1538/1/2237
f 1736/1/2128 1735/1/2240 1490/1/2113 1548/1/2115
f 1724/1/2236 1719/1/2241 1538/1/2237 1550/1/2127
f 1269/1/1653 1268/1/2106 2241/1/2109 2243/1/1654
f 1547/1/1677 1475/1/1644 1548/1/2115
f 2244/1/1679 1476/1/1678 1477/1/2005 2247/1/2242
f 2259/1/2052 2258/1/2243 1478/1/2244 1551/1/2053
f 1290/1/1621 1357/1/2048 2348/1/2123 2272/1/2245
f 2272/1/2245 2348/1/2123 2353/1/2246 2264/1/2247
f 1314/1/1668 1554/1/1667 1556/1/1919 1315/1/1918
f 2223/1/2060 1831/1/2248 1360/1/1585
f 1555/1/1688 1557/1/2249 2189/1/2250
f 1328/1/2251 1343/1/2027 1406/1/1599 1399/1/1588
f 2274/1/1605 2358/1/1604 2361/1/1720 2275/1/1719
f 1831/1/2248 2350/1/1601 1360/1/1585
f 1568/1/2252 430/1/2252 1651/1/2253 1955/1/2254
f 1723/1/2255 1540/1/2256 1616/1/2257 1726/1/2258
f 1725/1/2259 1539/1/2260 1541/1/2227 1721/1/2226
f 1994/1/2261 1960/1/2262 1993/1/2263 1970/1/2264
f 1577/1/2265 1991/1/2266 2040/1/2267 1992/1/2268
f 1584/1/2269 1579/1/2270 1566/1/2271 2041/1/2272
f 1956/1/2273 1946/1/2274 1573/1/2275 1572/1/2276
f 1962/1/2277 1615/1/2278 1958/1/2279
f 1997/1/2280 1996/1/2281 1946/1/2274 1956/1/2273
f 1959/1/2282 1570/1/2283 1571/1/2284 1952/1/2285
f 1877/1/2286 1870/1/2287 1838/1/2199 1837/1/2198
f 1955/1/2288 1567/1/2289 1565/1/2290 1951/1/2291
f 1878/1/2292 1869/1/2293 1870/1/2287 1877/1/2286
f 1952/1/2285 1571/1/2284 1574/1/2294 1953/1/2295
f 1853/1/2296 2017/1/2297 2022/1/2298 1906/1/2299
f 1953/1/2295 1574/1/2294 1569/1/2300 1957/1/2301
f 1549/1/2302 1566/1/2271 1579/1/2270 1545/1/2303
f 1542/1/2304 2046/1/2305 1566/1/2271 1549/1/2302
f 2044/1/2306 2046/1/2305 2043/1/2307 1575/1/2308
f 1581/1/2309 1964/1/2310 2042/1/2311 2045/1/2312
f 1580/1/2313 1963/1/2314 1965/1/2315 1582/1/2316
f 1584/1/2269 1580/1/2313 1582/1/2316 1583/1/2317
f 1949/1/2318 1586/1/2319 1589/1/2320 2008/1/2321
f 1416/1/2322 1544/1/2323 2006/1/2324 1591/1/2325
f 1834/1/2326 1597/1/2327 1737/1/2328
f 2006/1/2324 2038/1/2329 2037/1/2330 1591/1/2325
f 1588/1/2202 2008/1/2321 1589/1/2320 1563/1/2230
f 1596/1/2331 1834/1/2326 1737/1/2328
f 1594/1/2332 1844/1/2333 1883/1/2334
f 1737/1/2328 1833/1/1661 1593/1/2335
f 654/1/776 1875/1/2336 1846/1/2337 632/1/777
f 1592/1/2338 1832/1/2213 1593/1/2212
f 1845/1/2339 1866/1/2340 1865/1/2341
f 1618/1/2342 1585/1/2343 1597/1/2327
f 1839/1/2215 622/1/787 295/1/786 1537/1/2216
f 1838/1/2199 1863/1/2218 1535/1/2219 1534/1/2200
f 1917/1/2344 1854/1/2345 1850/1/2183 1913/1/2182
f 1870/1/2287 1871/1/2346 1863/1/2218 1838/1/2199
f 2399/1/2347 1604/1/2348 1605/1/2349 2401/1/2350
f 1865/1/2341 1832/1/2213 1845/1/2339
f 2397/1/2196 1843/1/2195 2026/1/2351 2019/1/2352
f 1858/1/2353 1595/1/2354 1861/1/2355 1856/1/2356
f 1617/1/2357 1587/1/2358 1961/1/2359 1613/1/2360
f 1534/1/2361 1617/1/2357 1613/1/2360 1598/1/2362
f 1586/1/2363 1619/1/2364 1615/1/2278
f 1979/1/611 1971/1/611 1978/1/611 1980/1/611
f 1563/1/2365 1954/1/2366 1995/1/2367
f 1572/1/2368 1973/1/2368 768/1/813 311/1/813
f 1535/1/2219 1972/1/814 1534/1/2200
f 1537/1/2216 1971/1/814 1979/1/814 1536/1/2217
f 1597/1/2327 2034/1/2369 1544/1/2370 1526/1/2166
f 1586/1/2363 1962/1/2277 1589/1/2371
f 1246/1/818 372/1/814 1602/1/2372 2418/1/2373
f 2416/1/2374 2397/1/2375 1859/1/2376
f 1909/1/2377 2414/1/2378 1853/1/2296 1906/1/2299
f 1848/1/2207 1849/1/2379 2398/1/2380 2400/1/2208
f 1859/1/2376 2397/1/2381 2019/1/2382 2031/1/2383
f 1910/1/2186 2411/1/2384 2414/1/2378 1909/1/2377
f 1846/1/2337 1847/1/2206 2402/1/2209 2405/1/2385
f 632/1/777 1846/1/2337 2405/1/2385 1215/1/833
f 2409/1/2386 2416/1/2374 1859/1/2376 1600/1/2387
f 1527/1/2172 2419/1/2187 2420/1/2388 2412/1/2389
f 1849/1/2379 1843/1/2195 2407/1/2197 2398/1/2380
f 2424/1/2390 1610/1/2391 1611/1/2392
f 1602/1/2393 2428/1/2394 2429/1/2395 2423/1/2396
f 2432/1/2397 1609/1/2398 1852/1/2399 2431/1/2400
f 2428/1/2394 1250/1/851 373/1/850 1607/1/2401
f 1605/1/2402 2430/1/2403 2429/1/2395 1606/1/2404
f 1602/1/2393 372/1/855 1250/1/851 2428/1/2394
f 1954/1/2405 1563/1/2406 1589/1/2371
f 1533/1/2407 1618/1/2342 1834/1/2326 1596/1/2331
f 1526/1/2166 1734/1/2165 1737/1/2328 1597/1/2327
f 1560/1/2408 1565/1/2290 1567/1/2289 1561/1/2409
f 1951/1/2291 1565/1/2290 1570/1/2283 1959/1/2282
f 1874/1/2410 1872/1/2411 1848/1/2207 1847/1/2206
f 1968/1/2412 1981/1/2412 1975/1/2413 1958/1/2413
f 2040/1/2267 1991/1/2266 1539/1/2414 1616/1/2415
f 1621/1/2234 1415/1/2012 1614/1/2015
f 1726/1/2258 1725/1/2259 1415/1/2012 1621/1/2234
f 1634/1/2416 1985/1/2417 1987/1/2418 1641/1/2419
f 1567/1/2420 1651/1/2253 1653/1/2421 1561/1/2421
f 325/1/2422 2005/1/2422 1568/1/2422 430/1/2422
f 1638/1/2427 1639/1/2428 1644/1/2429 1645/1/2430
f 1639/1/2428 1640/1/2431 1643/1/2432 1644/1/2429
f 1640/1/2431 1641/1/2419 1642/1/2433 1643/1/2432
f 2047/1/2434 2064/1/2435 2062/1/2436 1543/1/2437
f 2050/1/2438 2051/1/2439 1649/1/2440 1648/1/2441
f 2051/1/2439 2057/1/2442 1988/1/2443 1649/1/2440
f 421/1/897 420/1/900 1636/1/2446 1637/1/2447
f 420/1/900 419/1/902 1635/1/2448 1636/1/2446
f 419/1/902 867/1/905 2068/1/2449 2069/1/2449 2066/1/2450 1634/1/2416 1635/1/2448
f 1645/1/2430 1644/1/2429 1630/1/2453 1631/1/2454
f 1644/1/2429 1643/1/2432 1629/1/2455 1630/1/2453
f 1637/1/2447 1636/1/2446 1639/1/2428 1638/1/2427
f 1636/1/2446 1635/1/2448 1640/1/2431 1639/1/2428
f 1635/1/2448 1634/1/2416 1641/1/2419 1640/1/2431
f 1937/1/2456 2065/1/2457 2063/1/2457 1546/1/2456
f 2064/1/2435 1646/1/2458 1647/1/2459 2062/1/2436
f 1646/1/2458 2050/1/2438 1648/1/2441 1647/1/2459
f 1935/1/2460 1936/1/2461 1633/1/2462 1632/1/2460
f 1583/1/2463 1650/1/2464 1937/1/2465 1546/1/2465 2004/1/2465
f 1582/1/2466 1652/1/2467 1650/1/2464 1583/1/2463
f 385/1/923 744/1/923 1968/1/2468 1612/1/2469
f 1965/1/2470 1652/1/2467 1582/1/2466
f 1786/1/2471 1656/1/2472 1828/1/2473 1784/1/2474
f 1955/1/2254 1651/1/2253 1567/1/2420
f 1337/1/1814 1806/1/1699 1814/1/1850 1500/1/1944
f 1671/1/2475 1661/1/2476 1696/1/2477 1674/1/2478
f 1674/1/2478 1696/1/2477 1660/1/2479 1670/1/2480
f 569/1/937 433/1/938 1656/1/2472 1786/1/2471
f 1940/1/2481 1938/1/2482 1659/1/2483 1672/1/2481
f 1673/1/2484 1695/1/2485 1661/1/2476 1671/1/2475
f 1677/1/2486 1663/1/2487 1666/1/2488 1680/1/2489
f 1941/1/2490 1939/1/2491 1665/1/2491 1679/1/2490
f 454/1/951 478/1/952 1695/1/2485 1673/1/2484
f 1678/1/2492 1664/1/2493 1662/1/2494 1676/1/2495
f 1680/1/2489 1666/1/2488 1664/1/2493 1678/1/2492
f 1661/1/2476 1920/1/2496 1924/1/2497 1696/1/2477
f 1696/1/2477 1924/1/2497 1925/1/2498 1660/1/2479
f 459/1/960 443/1/961 1663/1/2487 1677/1/2486
f 1938/1/2482 1942/1/2499 1921/1/2500 1659/1/2483
f 1695/1/2485 1922/1/2501 1920/1/2496 1661/1/2476
f 2054/1/2502 1681/1/2503 1622/1/2504 2048/1/2505
f 2053/1/2506 1675/1/2507 1669/1/2508 2052/1/2509
f 1684/1/2510 2059/1/2511 2060/1/2512 1930/1/2513
f 2225/1/2125 2209/1/2514 1394/1/2135 1501/1/1693
f 1785/1/2515 1655/1/2516 1657/1/2517 1787/1/2518
f 1942/1/2499 1943/1/2519 1930/1/2520 1921/1/2500
f 1681/1/2521 1694/1/2521 1691/1/2522 1622/1/2523
f 1688/1/2524 2093/1/2524 2102/1/2525 1759/1/2525
f 1690/1/2526 1649/1/2527 1988/1/2528 1989/1/2529
f 1934/1/2530 1632/1/2531 2050/1/2438 1646/1/2458
f 1496/1/1698 1481/1/1706 1488/1/2110 1489/1/2119
f 2193/1/2532 2194/1/2533 1557/1/2534 2199/1/2535
f 1659/1/2536 2058/1/2537 2055/1/2538
f 1663/1/2487 1673/1/2484 1671/1/2475 1666/1/2488
f 1939/1/2491 1940/1/2481 1672/1/2481 1665/1/2491
f 478/1/952 710/1/1000 1922/1/2501 1695/1/2485
f 1664/1/2493 1674/1/2478 1670/1/2480 1662/1/2494
f 1666/1/2488 1671/1/2475 1674/1/2478 1664/1/2493
f 2052/1/2509 1669/1/2508 1681/1/2503 2054/1/2502
f 1624/1/2539 1680/1/2489 1678/1/2492 1626/1/2540
f 1626/1/2540 1678/1/2492 1676/1/2495 1627/1/2541
f 443/1/961 454/1/951 1673/1/2484 1663/1/2487
f 1933/1/2542 1941/1/2490 1679/1/2490 1623/1/2542
f 1625/1/2543 1677/1/2486 1680/1/2489 1624/1/2539
f 1675/1/2544 1686/1/2544 1693/1/2545 1669/1/2546
f 1924/1/2497 1928/1/2547 1929/1/2548 1925/1/2498
f 1648/1/2549 1649/1/2527 1690/1/2526 1689/1/2549
f 1669/1/2546 1693/1/2545 1694/1/2521 1681/1/2521
f 396/1/1011 459/1/960 1677/1/2486 1625/1/2543
f 1922/1/2501 1932/1/2550 1931/1/2551 1920/1/2496
f 710/1/1000 721/1/1014 1932/1/2550 1922/1/2501
f 1688/1/2069 1419/1/2552 1478/1/2070
f 1713/1/2553 1711/1/2554 1683/1/2555 1763/1/2556
f 1487/1/2557 2094/1/2558 2095/1/2559 1454/1/2559
f 1686/1/2544 1675/1/2544 1788/1/2560 1687/1/2561
f 1449/1/2562 2091/1/2563 2093/1/2524 1688/1/2524
f 1707/1/2068 2096/1/2068 2094/1/2558 1487/1/2557
f 1647/1/2564 1648/1/2549 1689/1/2549 1692/1/2564
f 1631/1/2454 1630/1/2453 2081/1/2565 2082/1/2566
f 1712/1/2567 1923/1/2568 1926/1/2569 1927/1/2570
f 1854/1/2345 1601/1/2571 1528/1/2572 1850/1/2183
f 1530/1/1627 1523/1/2573 1896/1/2574 1899/1/1628
f 2046/1/2305 1542/1/2304 1541/1/2575 2043/1/2307
f 1613/1/2360 2023/1/2576 2020/1/2577 1598/1/2362
f 2012/1/2578 2013/1/2579 2001/1/2580 2014/1/2581
f 1697/1/2582 1961/1/2583 2000/1/2584 1998/1/2585
f 1780/1/2586 2181/1/2587 1779/1/2588 1778/1/2589
f 2191/1/2590 2201/1/2591 2180/1/2021
f 1700/1/2592 1443/1/2112 1491/1/2111
f 1692/1/2593 1760/1/2594 1701/1/2595
f 1703/1/2596 1543/1/2596 2062/1/2597 1701/1/2597
f 1720/1/2598 1727/1/2598 1702/1/2599 1420/1/2599
f 1420/1/2599 1702/1/2599 1740/1/2600 1739/1/2601
f 1729/1/2602 1709/1/2603 1747/1/2603 1746/1/2604
f 1703/1/2605 1701/1/2595 1767/1/2606 1773/1/2607
f 1700/1/2608 1740/1/2609 1769/1/2610 1771/1/2611
f 1727/1/2612 1703/1/2605 1773/1/2607 1768/1/2613
f 1709/1/2603 1738/1/2614 1744/1/2614 1747/1/2603
f 2195/1/2615 2196/1/2616 1750/1/2617 1749/1/2618
f 2189/1/2250 1557/1/2249 2194/1/2619 2190/1/1992
f 1702/1/2620 1727/1/2612 1768/1/2613 1770/1/2621
f 1705/1/2622 1729/1/2602 1746/1/2604 1704/1/2623
f 1543/1/2596 1703/1/2596 1727/1/2598 1720/1/2598
f 1616/1/2257 1539/1/2260 1725/1/2259 1726/1/2258
f 1415/1/2012 1725/1/2259 1721/1/2226 1417/1/1997
f 1558/1/2233 1723/1/2255 1726/1/2258 1621/1/2234
f 1549/1/2235 1545/1/2624 1719/1/2241 1724/1/2236
f 1545/1/2624 2056/1/2225 1719/1/2241
f 1418/1/1998 1722/1/2229 1724/1/2236 1550/1/2127
f 1417/1/1997 1721/1/2226 1722/1/2229 1418/1/1998
f 1739/1/2239 1491/1/2114 1490/1/2113 1735/1/2240
f 1550/1/2127 1538/1/2237 1735/1/2240 1736/1/2128
f 1524/1/1662 1734/1/2165 1733/1/2014 1480/1/1674
f 1475/1/1644 1730/1/1999 1736/1/2128 1548/1/2115
f 1480/1/1674 1733/1/2014 1732/1/2011 1479/1/1675
f 1479/1/1675 1732/1/2011 1731/1/1996 1474/1/1643
f 1474/1/1643 1731/1/1996 1730/1/1999 1475/1/1644
f 1738/1/2614 1707/1/2625 1743/1/2626 1744/1/2614
f 1740/1/2609 1702/1/2620 1770/1/2621 1769/1/2610
f 1740/1/2600 1700/1/2592 1491/1/2111 1739/1/2601
f 1742/1/2627 1707/1/2625 1487/1/2628
f 1443/1/2629 1772/1/2630 1766/1/2631 1492/1/2632
f 1706/1/2633 1743/1/2633 1742/1/2634 1745/1/2634
f 1744/1/2635 1741/1/2635 1708/1/2636 1747/1/2636
f 1743/1/2633 1706/1/2633 1741/1/2635 1744/1/2635
f 1743/1/2626 1707/1/2625 1742/1/2627
f 1747/1/2636 1708/1/2636 1728/1/2637 1746/1/2637
f 1746/1/2637 1728/1/2637 1704/1/2638
f 1700/1/2608 1771/1/2611 1772/1/2630 1443/1/2629
f 1492/1/2632 1766/1/2631 1745/1/2639 1742/1/2627 1487/1/2628
f 1709/1/2640 2114/1/2640 2112/1/2067 1738/1/2067
f 1989/1/2641 2106/1/2641 2107/1/2642 1690/1/2642
f 1692/1/2643 2109/1/2644 1760/1/2645
f 1759/1/2525 2102/1/2525 2116/1/2646 1758/1/2647
f 2055/1/2538 2053/1/2506 1672/1/2648 1659/1/2536
f 1714/1/2649 1713/1/2553 1763/1/2556 1774/1/2650
f 1715/1/2651 2176/1/2652 2175/1/2653 1765/1/2654
f 2193/1/2532 2195/1/2615 1749/1/2618 1748/1/2655
f 1693/1/2656 2105/1/2656 2103/1/2657 1694/1/2658
f 1750/1/2617 2176/1/2659 1715/1/2660
f 1751/1/2661 1712/1/2662 1927/1/2663 2197/1/2664
f 1750/1/2617 1713/1/2665 1714/1/2666
f 1749/1/2618 1782/1/2667 1716/1/2668
f 1760/1/2645 2110/1/2669 2111/1/2670 1705/1/2670
f 1760/1/2594 1705/1/2622 1704/1/2623 1767/1/2606
f 1773/1/2607 1704/1/2623 1728/1/2671 1768/1/2613
f 1771/1/2611 1706/1/2672 1772/1/2630
f 1770/1/2621 1708/1/2673 1741/1/2674 1769/1/2610
f 1453/1/2675 2092/1/2675 2091/1/2563 1449/1/2562
f 1772/1/2630 1706/1/2672 1745/1/2639 1766/1/2631
f 1767/1/2606 1704/1/2623 1773/1/2607
f 1769/1/2610 1741/1/2674 1706/1/2672 1771/1/2611
f 1768/1/2613 1728/1/2671 1708/1/2673 1770/1/2621
f 1762/1/1993 1710/1/2676 1718/1/2677
f 2197/1/2664 1927/1/2663 1711/1/2678 2196/1/2616
f 1710/1/2679 1748/1/2655 1718/1/2680
f 1705/1/2670 2111/1/2670 2113/1/2681 1729/1/2682
f 1758/1/2647 2116/1/2646 2115/1/2683 1757/1/2684
f 1788/1/2560 1668/1/2685 1685/1/2685 1687/1/2561
f 1419/1/2686 1688/1/2686 1759/1/2687 1756/1/2687
f 1756/1/2687 1759/1/2687 1758/1/2688 1755/1/2688
f 1755/1/2688 1758/1/2688 1757/1/2689 1754/1/2690
f 1687/1/2691 1685/1/2691 1754/1/2690 1757/1/2689
f 1749/1/2618 1750/1/2617 1782/1/2667
f 2173/1/2692 2157/1/2693 1826/1/2694 2150/1/2695
f 1682/1/2696 1419/1/2697 1756/1/2698 1753/1/2699
f 1425/1/2700 1430/1/2701 1428/1/2702 2182/1/2703
f 2270/1/1866 2356/1/1865 2363/1/1603 2279/1/1602
f 1555/1/1688 2189/1/2250 2183/1/2704 1473/1/1689
f 1782/1/2667 1750/1/2617 1715/1/2660
f 1752/1/2705 1755/1/2706 1754/1/2707 1751/1/2661
f 1667/1/2708 2157/1/2709 1774/1/2650
f 1928/1/2547 1785/1/2515 1787/1/2518 1929/1/2548
f 1943/1/2519 1944/1/2710 1684/1/2711 1930/1/2520
f 1931/1/2551 1784/1/2474 1785/1/2515 1928/1/2547
f 1932/1/2550 1786/1/2471 1784/1/2474 1931/1/2551
f 721/1/1014 569/1/937 1786/1/2471 1932/1/2550
f 2186/1/2712 1429/1/2713 1426/1/2019 2188/1/2018
f 1761/1/2714 2174/1/2715 2172/1/2716 1775/1/2717
f 1694/1/2658 2103/1/2657 2104/1/2718 1691/1/2718
f 1757/1/2684 2115/1/2683 2100/1/2719 1687/1/2720
f 1729/1/2682 2113/1/2681 2114/1/2640 1709/1/2640
f 1830/1/1817 1831/1/2248 2223/1/2060 2218/1/2721
f 1776/1/2722 1779/1/2588 2200/1/2723 2177/1/2724
f 2157/1/2725 2167/1/2726 1826/1/2727
f 1718/1/2680 1748/1/2655 1717/1/2728
f 1748/1/2655 1749/1/2618 1716/1/2668 1717/1/2728
f 1687/1/2720 2100/1/2719 2101/1/2729 1686/1/2730
f 1691/1/2718 2104/1/2718 2106/1/2641 1989/1/2641
f 1986/1/2731 2075/1/2732 2077/1/2733 2078/1/2733 2076/1/2734
f 1775/1/2717 1781/1/2737 1777/1/2738 1776/1/2722
f 1429/1/2713 2186/1/2712 2182/1/2703 1428/1/2702
f 2159/1/2739 2165/1/2740 1828/1/2741 1656/1/2742
f 1775/1/2717 2177/1/2724 1761/1/2714
f 2313/1/1807 1368/1/1744 1810/1/1745 2333/1/1808
f 1500/1/1944 1814/1/1850 1804/1/1853 1364/1/2142
f 2338/1/2743 2323/1/1837 2330/1/1836 2346/1/1886
f 1388/1/1740 1369/1/1908 2316/1/2744 2327/1/1900
f 1364/1/2146 1804/1/1934 1812/1/1803 1382/1/1802
f 1331/1/1899 1789/1/1985 1803/1/1856 1499/1/1891
f 2153/1/2036 1422/1/2745 1802/1/2013 2155/1/1959
f 172/1/178 170/1/1209 1800/1/1988 1801/1/1753
f 170/1/1210 71/1/570 1789/1/1985 1800/1/1984
f 1395/1/1776 1798/1/1974 1799/1/1713 1404/1/1751
f 2154/1/2138 2153/1/2036 2207/1/2035 2210/1/2139
f 1363/1/2098 1794/1/1936 1797/1/1928 1381/1/1724
f 1381/1/1724 1797/1/1928 2299/1/1929 2285/1/1725
f 2365/1/2746 1795/1/1765 1371/1/1741 2366/1/1859
f 1499/1/1891 1803/1/1856 1794/1/1857 1363/1/1892
f 1376/1/1774 1796/1/1773 1793/1/1830 1355/1/1849
f 2344/1/1733 1153/1/1213 1180/1/1212 2364/1/1734
f 2314/1/2747 2367/1/1735 2370/1/1858
f 124/1/1215 75/1/1216 1791/1/1766 1795/1/1765
f 1333/1/1752 1792/1/1714 1801/1/1753 1411/1/1981
f 2287/1/1860 2302/1/1616 1811/1/1619 1377/1/1727
f 1404/1/1751 1799/1/1713 1792/1/1714 1333/1/1752
f 1355/1/1823 1793/1/106 1790/1/107 1336/1/1824
f 1368/1/1744 1346/1/1743 1809/1/1746 1810/1/1745
f 1337/1/1814 1815/1/1789 1817/1/1700 1806/1/1699
f 1407/1/1788 1503/1/2137 1813/1/2748
f 1503/1/2137 1502/1/2133 1813/1/2748
f 1815/1/1789 1407/1/1788 1813/1/2748 1817/1/1700
f 1818/1/1769 1308/1/1854 1344/1/1844 1819/1/1770
f 2375/1/2150 1383/1/1931 1510/1/1939 2377/1/1912
f 2308/1/2749 1287/1/2750 1294/1/1582 2310/1/1798
f 1383/1/1931 1511/1/1930 1510/1/1939
f 2393/1/2751 2306/1/1904 2309/1/1903 2394/1/2752
f 2342/1/1829 2340/1/1898 1341/1/1785 1390/1/1818
f 2379/1/2753 1349/1/2754 1370/1/2755 2380/1/2756
f 2390/1/2757 1296/1/1612 1367/1/1611 2389/1/1799
f 70/1/107 1152/1/1227 2343/1/1926 1790/1/107
f 1353/1/2758 1374/1/2148 1512/1/2147 1378/1/2759
f 1387/1/1819 1354/1/2760 1339/1/1828 1390/1/1818
f 1512/1/2147 2293/1/1933 2290/1/2761 1378/1/2759
f 1386/1/1949 1382/1/1802 2288/1/1805 2296/1/1946
f 1354/1/2760 1805/1/1709 1808/1/1712 1339/1/1828
f 1377/1/1727 1811/1/1619 1805/1/1832 1354/1/1728
f 1287/1/2750 1285/1/1779 2278/1/1782 1294/1/1582
f 2380/1/2756 1370/1/2755 2311/1/2762 2386/1/2763
f 1413/1/1983 1412/1/2764 1411/1/1981
f 1395/1/2765 1394/1/2135 2209/1/2514 2208/1/2766
f 1505/1/2097 1421/1/2096 1821/1/2767 1472/1/2131
f 2211/1/2768 2225/1/2125 1396/1/2124
f 1593/1/2335 1833/1/1661 1592/1/2769
f 1867/1/2770 1879/1/2771 1862/1/2772 1842/1/2773
f 1737/1/2328 1734/1/2165 1524/1/1662 1833/1/1661
f 1423/1/2774 1821/1/2775 2126/1/2776 2125/1/2777
f 178/1/1248 1802/1/2778 2124/1/2779 926/1/1249
f 2165/1/2740 2160/1/2780 1655/1/2781 1828/1/2741
f 1424/1/2782 2128/1/2783 2127/1/2784 1421/1/2785
f 1424/1/2782 1425/1/2786 2128/1/2783
f 1421/1/2785 2127/1/2784 2126/1/2776 1821/1/2775
f 1411/1/1981 1412/1/2764 1334/1/1749 1333/1/1752
f 2171/1/2787 1658/1/2788 1657/1/2789 2162/1/2790
f 2179/1/2121 2191/1/2590 2180/1/2021 1493/1/1966
f 1829/1/1614 1830/1/1817 2218/1/2721 2229/1/2791
f 1473/1/1689 2179/1/2121 2230/1/2122 2217/1/1686
f 1477/1/2049 1481/1/1706 2250/1/1705 2247/1/2792
f 2354/1/1596 1919/1/1600 1330/1/1847 2282/1/1597
f 2264/1/2247 2353/1/2246 2351/1/1864 2261/1/1863
f 1872/1/2411 1869/1/2293 1849/1/2379 1848/1/2207
f 1737/1/2328 1532/1/2793 1596/1/2331
f 1618/1/2342 1597/1/2327 1834/1/2326
f 1737/1/2328 1593/1/2335 1532/1/2793
f 1866/1/2340 1844/1/2333 1841/1/2794
f 1529/1/2795 1594/1/2796 1855/1/1671 1857/1/1670
f 2417/1/2797 1860/1/2798 1603/1/2799 2396/1/2800
f 1559/1/2801 1570/1/2283 1565/1/2290 1560/1/2408
f 2406/1/2802 1608/1/2803 1604/1/2348 2399/1/2347
f 1865/1/2341 1836/1/2210 1832/1/2213
f 1843/1/2195 1878/1/2292 2030/1/2804 2026/1/2351
f 1880/1/2805 1868/1/2806 1840/1/2168 1864/1/2167
f 1865/1/2341 1880/1/2805 1864/1/2167 1836/1/2210
f 1832/1/2213 1592/1/2338 1525/1/2807 1845/1/2339
f 1862/1/2772 1841/1/2794 1529/1/2808 1861/1/2809
f 1871/1/2346 1873/1/2810 1835/1/2214 1863/1/2218
f 1873/1/2810 1876/1/2811 1839/1/2215 1835/1/2214
f 1876/1/2811 655/1/1284 622/1/787 1839/1/2215
f 1842/1/2773 1862/1/2772 1861/1/2809 1595/1/2812
f 1901/1/2813 1916/1/2814 1912/1/2815 1897/1/2816
f 1895/1/2817 1908/1/2818 1907/1/2819 1893/1/2820
f 1889/1/2158 1911/1/2157 1908/1/2818 1895/1/2817
f 1852/1/2821 1609/1/2822 2408/1/2823 2415/1/2824
f 1961/1/2583 1587/1/2825 1999/1/2826 2000/1/2584
f 1601/1/2571 1858/1/2353 1856/1/2356 1528/1/2572
f 2408/1/2823 1609/1/2822 1860/1/2798 2417/1/2797
f 1857/1/1670 1856/1/2356 1861/1/2355 1529/1/2795
f 1891/1/2185 2412/1/2827 2411/1/2384 1910/1/2186
f 1610/1/2391 2430/1/2403 2431/1/2400 1852/1/2399
f 2427/1/2828 1890/1/2829 1891/1/2185 1918/1/2156
f 2414/1/2378 2409/1/2386 1600/1/2387 1853/1/2296
f 2410/1/2176 1610/1/2175 1852/1/2821 2415/1/2824
f 1869/1/2293 1878/1/2292 1843/1/2195 1849/1/2379
f 1868/1/2806 2024/1/2830 2029/1/2220 1840/1/2168
f 1523/1/2573 1599/1/2177 1900/1/2180 1896/1/2574
f 1897/1/2816 1912/1/2815 1915/1/2831 1898/1/2832
f 1531/1/1669 1528/1/2572 1856/1/2356 1857/1/1670
f 1851/1/2184 1850/1/2183 1528/1/2572 1531/1/1669
f 1844/1/2333 1594/1/2332 1529/1/2808 1841/1/2794
f 1836/1/2210 1864/1/2167 1596/1/2170 1532/1/2211
f 1844/1/2333 1866/1/2340 1845/1/2339
f 1876/1/2811 1875/1/2336 654/1/776 655/1/1284
f 1870/1/2287 1869/1/2293 1872/1/2411 1871/1/2346
f 1871/1/2346 1872/1/2411 1874/1/2410 1873/1/2810
f 1873/1/2810 1874/1/2410 1875/1/2336 1876/1/2811
f 1868/1/2806 1867/1/2770 2030/1/2804 2024/1/2830
f 1880/1/2805 1879/1/2771 1867/1/2770 1868/1/2806
f 1865/1/2341 1866/1/2340 1879/1/2771 1880/1/2805
f 1879/1/2771 1866/1/2340 1841/1/2794 1862/1/2772
f 1303/1/1659 1302/1/2188 2425/1/1672 2426/1/1660
f 2245/1/1645 1475/1/1644 1547/1/1677 2242/1/1680
f 1855/1/1671 1594/1/2796 1883/1/2833 1882/1/2834
f 1883/1/2833 1525/1/2835 1881/1/2836 1882/1/2834
f 1844/1/2333 1845/1/2339 1525/1/2807 1883/1/2334
f 1525/1/2837 1592/1/2769 1833/1/1661 1881/1/1647
f 1898/1/2832 1915/1/2831 1905/1/2194 1886/1/2193
f 1884/1/2192 1885/1/2838 1887/1/1629 1886/1/2193
f 1886/1/2193 1887/1/1629 1899/1/1628 1898/1/2832
f 1895/1/2817 1894/1/2154 1888/1/2160 1889/1/2158
f 1893/1/2820 1892/1/2155 1894/1/2154 1895/1/2817
f 1901/1/2813 1900/1/2180 2028/1/2179 2025/1/2839
f 1897/1/2816 1896/1/2574 1900/1/2180 1901/1/2813
f 1898/1/2832 1899/1/1628 1896/1/2574 1897/1/2816
f 1265/1/2840 1301/1/1626 1887/1/1629 1885/1/2838
f 1902/1/2841 1903/1/2191 1905/1/2194 1904/1/2842
f 1904/1/2842 1905/1/2194 1915/1/2831 1914/1/2181
f 1917/1/2344 1916/1/2814 2027/1/2843 2022/1/2298
f 1909/1/2377 1908/1/2818 1911/1/2157 1910/1/2186
f 1906/1/2299 1907/1/2819 1908/1/2818 1909/1/2377
f 1913/1/2182 1912/1/2815 1916/1/2814 1917/1/2344
f 1914/1/2181 1915/1/2831 1912/1/2815 1913/1/2182
f 1889/1/2158 1888/1/2160 2427/1/2828 1918/1/2156
f 1266/1/2190 1902/1/2841 1904/1/2842 1302/1/2188
f 2421/1/2844 2424/1/2845 1611/1/2846 2413/1/2847
f 2430/1/2403 1605/1/2402 1604/1/2848 2431/1/2400
f 607/1/1322 1822/1/2849 2158/1/2850 969/1/1323
f 1823/1/2023 1824/1/2851 2163/1/2852 2161/1/2024
f 1802/1/2778 1422/1/2853 2123/1/2854 2124/1/2779
f 2360/1/1589 1919/1/1600 2354/1/1596
f 2381/1/1842 2371/1/1843 1345/1/1941 1408/1/2026
f 1330/1/1847 1406/1/1599 1408/1/2026 1345/1/1941
f 2166/1/2858 1783/1/2859 1654/1/2860
f 1923/1/2568 1668/1/2861 2058/1/2537 2061/1/2862
f 1712/1/2567 1685/1/2863 1668/1/2861 1923/1/2568
f 1926/1/2569 1683/1/2555 1711/1/2554 1927/1/2570
f 1920/1/2496 1931/1/2551 1928/1/2547 1924/1/2497
f 1926/1/2569 1923/1/2568 2061/1/2862 2060/1/2512
f 1400/1/2136 1334/1/2864 1502/1/2133 1504/1/1694
f 1412/1/1980 1813/1/2748 1502/1/2133 1334/1/2864
f 1813/1/2748 1412/1/1980 1816/1/1701 1817/1/1700
f 953/1/1342 2148/1/2865 1822/1/2866 607/1/1343
f 1425/1/2786 1780/1/2867 2128/1/2783
f 1944/1/2868 1658/1/2869 1945/1/2870
f 1335/1/1711 2339/1/2871 2345/1/1826 1808/1/1712
f 1658/1/2869 1787/1/2518 1657/1/2517
f 1655/1/2516 1785/1/2515 1784/1/2474 1828/1/2473
f 2172/1/2716 2173/1/2872 1781/1/2737 1775/1/2717
f 1929/1/2548 1787/1/2518 1944/1/2868 1943/1/2873
f 1627/1/2541 1676/1/2495 1941/1/2874 1933/1/2875
f 1662/1/2494 1670/1/2480 1940/1/2876 1939/1/2877
f 1925/1/2498 1929/1/2548 1943/1/2873 1942/1/2878
f 1660/1/2479 1925/1/2498 1942/1/2878 1938/1/2879
f 1676/1/2495 1662/1/2494 1939/1/2877 1941/1/2874
f 1670/1/2480 1660/1/2479 1938/1/2879 1940/1/2876
f 1629/1/2455 1628/1/2880 2079/1/2881 2080/1/2882
f 2049/1/2883 1935/1/2460 1632/1/2460 1934/1/2884
f 2062/1/2597 1647/1/2564 1692/1/2564 1701/1/2597
f 1628/1/2880 1986/1/2731 2076/1/2734 2079/1/2881
f 1825/1/2887 2170/1/2888 1824/1/2851
f 1684/1/2711 1944/1/2710 1945/1/2889 1654/1/2889
f 1820/1/1584 2266/1/1793 1373/1/1792 1374/1/2890
f 1619/1/2364 1586/1/2363 1949/1/2891
f 1907/1/2819 2027/1/2843 2025/1/2839 1893/1/2820
f 1859/1/2376 2031/1/2383 2021/1/2892 1600/1/2387
f 1969/1/2893 1562/1/2894 1559/1/2801 1964/1/2310
f 1958/1/2413 1975/1/2413 1976/1/2895 1962/1/2895
f 1600/1/2387 2021/1/2892 2017/1/2297 1853/1/2296
f 1959/1/2282 326/1/1374 324/1/437 1951/1/2291
f 1997/1/2280 795/1/1376 244/1/1375 1957/1/2301
f 1951/1/2291 324/1/437 1568/1/2003 1955/1/2288
f 295/1/786 766/1/814 1971/1/814 1537/1/2216
f 2403/1/2896 1606/1/2349 1607/1/2349 2404/1/2897
f 2401/1/2350 1605/1/2349 1606/1/2349 2403/1/2896
f 1572/1/2276 311/1/1380 738/1/1379 1956/1/2273
f 1957/1/2301 244/1/1375 322/1/1381 1953/1/2295
f 1875/1/2336 1874/1/2410 1847/1/2206 1846/1/2337
f 1950/1/2898 1578/1/2899 1967/1/2900 1969/1/2893
f 1958/1/2279 1615/1/2278 1612/1/2469 1968/1/2468
f 2396/1/2901 1603/1/2902 1608/1/2803 2406/1/2802
f 1962/1/2277 1954/1/2405 1589/1/2371
f 1995/1/2367 1954/1/2366 1573/1/2275 1946/1/2274
f 1964/1/2310 1559/1/2801 1560/1/2408 2042/1/2311
f 1587/1/2825 1949/1/2318 2008/1/2321 1999/1/2826
f 1585/1/2903 1697/1/2582 1998/1/2585 1590/1/2904
f 1994/1/2261 1996/1/2281 1569/1/2300 1960/1/2262
f 1617/1/2357 1619/1/2364 1949/1/2891 1587/1/2358
f 1973/1/611 1974/1/611 1975/1/611 1981/1/611
f 1963/1/2314 1560/1/2408 1561/1/2409 1965/1/2315
f 2013/1/2579 1948/1/2905 1576/1/2906 2032/1/2907
f 1615/1/2908 1980/1/2909 1978/1/2910 1612/1/2910
f 766/1/611 776/1/611 1978/1/611 1971/1/611
f 1977/1/2911 1972/1/2912 1979/1/611 1980/1/611
f 1974/1/611 1982/1/611 1976/1/611 1975/1/611
f 774/1/611 768/1/611 1973/1/611 1981/1/611
f 1617/1/2357 1534/1/2361 1972/1/2912 1977/1/2911
f 1617/1/2357 1977/1/2911 1619/1/2913
f 1962/1/2895 1976/1/2895 1982/1/2914 1954/1/2914
f 744/1/814 774/1/814 1981/1/2412 1968/1/2412
f 1573/1/2368 1974/1/2368 1973/1/2368 1572/1/2368
f 1612/1/2910 1978/1/2910 776/1/813 385/1/813
f 1954/1/2368 1982/1/2368 1974/1/2368 1573/1/2368
f 1619/1/2913 1977/1/2911 1980/1/2909 1615/1/2908
f 1536/1/2217 1979/1/814 1972/1/814 1535/1/2219
f 1615/1/2278 1962/1/2277 1586/1/2363
f 1561/1/2421 1653/1/2421 1652/1/2467 1965/1/2470
f 1642/1/2433 1628/1/2880 1629/1/2455 1643/1/2432
f 1984/1/2918 1933/1/2919 1623/1/2919 1990/1/2920
f 1986/1/2731 1628/1/2880 1642/1/2433 1983/1/2921
f 1985/1/2417 2071/1/2922 2072/1/2923 2070/1/2924 1987/1/2418
f 1985/1/2417 1634/1/2416 2066/1/2450 2067/1/2925
f 1987/1/2418 2070/1/2924 2074/1/2926 1983/1/2921
f 2057/1/2442 2048/1/2505 1622/1/2504 1988/1/2443
f 1988/1/2528 1622/1/2523 1691/1/2522 1989/1/2529
f 1717/1/2927 1764/1/2928 1762/1/1993 1718/1/2677
f 1716/1/2929 1761/1/2714 1764/1/2928 1717/1/2927
f 1987/1/2418 1983/1/2921 1642/1/2433 1641/1/2419
f 1776/1/2722 1777/1/2738 1778/1/2589 1779/1/2588
f 1620/1/2930 1576/1/2931 1970/1/2264 1993/1/2263
f 1576/1/2931 1620/1/2930 2033/1/2932 2032/1/2933
f 1960/1/2262 1569/1/2300 1574/1/2294 1564/1/2934
f 1995/1/2367 1994/1/2261 1970/1/2264 1966/1/2935
f 1562/1/2894 1571/1/2284 1570/1/2283 1559/1/2801
f 1564/1/2934 1574/1/2294 1571/1/2284 1562/1/2894
f 1545/1/2303 1579/1/2270 2004/1/2936 1546/1/2937
f 1967/1/2900 1993/1/2263 1960/1/2262 1564/1/2934
f 1563/1/2365 1995/1/2367 1966/1/2935
f 1956/1/2273 738/1/1379 795/1/1376 1997/1/2280
f 1957/1/2301 1569/1/2300 1996/1/2281 1997/1/2280
f 1995/1/2367 1946/1/2274 1996/1/2281 1994/1/2261
f 1544/1/2323 2034/1/2938 2038/1/2329 2006/1/2324
f 2010/1/2939 2012/1/2578 2014/1/2581 1698/1/2940
f 1966/1/2231 1576/1/2906 1948/1/2905 2009/1/2203
f 2014/1/2581 2001/1/2580 2035/1/2941 2036/1/2942
f 2003/1/2943 1723/1/2944 1558/1/2945 2002/1/2946
f 1992/1/2268 2033/1/2932 1578/1/2899
f 1966/1/2935 1970/1/2264 1576/1/2931
f 1967/1/2900 1564/1/2934 1562/1/2894 1969/1/2893
f 1953/1/2295 322/1/1381 323/1/1430 1952/1/2285
f 1952/1/2285 323/1/1430 326/1/1374 1959/1/2282
f 1699/1/2947 2039/1/2948 2035/1/2941 2001/1/2580
f 1558/1/2945 1416/1/2322 1591/1/2325 2002/1/2946
f 1999/1/2826 2016/1/2205 2007/1/2949 2000/1/2584
f 2005/1/2002 324/1/437 325/1/1434
f 1416/1/2232 1614/1/2015 1526/1/2166 1544/1/2370
f 2003/1/2943 1540/1/2950 1723/1/2944
f 2008/1/2321 1588/1/2202 2016/1/2205 1999/1/2826
f 2000/1/2584 2007/1/2949 2010/1/2939 1998/1/2585
f 1591/1/2325 2037/1/2330 2036/1/2942 2002/1/2946
f 2032/1/2907 1699/1/2947 2001/1/2580 2013/1/2579
f 2010/1/2939 1698/1/2940 1590/1/2904 1998/1/2585
f 2039/1/2951 2040/1/2267 1616/1/2415 1540/1/2952
f 2013/1/2579 2012/1/2578 2015/1/2953 1948/1/2905
f 2012/1/2578 2010/1/2939 2007/1/2949 2015/1/2953
f 2015/1/2953 2011/1/2204 2009/1/2203 1948/1/2905
f 2016/1/2205 2011/1/2204 2015/1/2953 2007/1/2949
f 1618/1/2954 2023/1/2576 1697/1/2955 1585/1/2956
f 2027/1/2843 1916/1/2814 1901/1/2813 2025/1/2839
f 2021/1/2892 1601/1/2571 1854/1/2345 2017/1/2297
f 2028/1/2179 1892/1/2155 1893/1/2820 2025/1/2839
f 2027/1/2843 1907/1/2819 1906/1/2299 2022/1/2298
f 2024/1/2830 1877/1/2286 1837/1/2198 2029/1/2220
f 2019/1/2382 1595/1/2354 1858/1/2353 2031/1/2383
f 2026/1/2351 1842/1/2773 1595/1/2812 2019/1/2352
f 2030/1/2804 1867/1/2770 1842/1/2773 2026/1/2351
f 2030/1/2804 1878/1/2292 1877/1/2286 2024/1/2830
f 2023/1/2576 1618/1/2954 1533/1/2957 2020/1/2577
f 2031/1/2383 1858/1/2353 1601/1/2571 2021/1/2892
f 2029/1/2220 1837/1/2198 1598/1/2201 2020/1/2221
f 2017/1/2297 1854/1/2345 1917/1/2344 2022/1/2298
f 2018/1/2178 1519/1/2152 1892/1/2155 2028/1/2179
f 1961/1/2359 1697/1/2955 2023/1/2576 1613/1/2360
f 2033/1/2932 1992/1/2268 1699/1/2958 2032/1/2933
f 2034/1/2938 1585/1/2903 1590/1/2904 2038/1/2329
f 2038/1/2329 1590/1/2904 1698/1/2940 2037/1/2330
f 2037/1/2330 1698/1/2940 2014/1/2581 2036/1/2942
f 2035/1/2941 2003/1/2943 2002/1/2946 2036/1/2942
f 2039/1/2948 1540/1/2950 2003/1/2943 2035/1/2941
f 2034/1/2369 1597/1/2327 1585/1/2343
f 1699/1/2958 1992/1/2268 2040/1/2267 2039/1/2951
f 1578/1/2899 2033/1/2932 1620/1/2930
f 2042/1/2311 1963/1/2314 1580/1/2313 2045/1/2312
f 1578/1/2899 1950/1/2898 1577/1/2265 1992/1/2268
f 1579/1/2270 1584/1/2269 1583/1/2317 2004/1/2936
f 2041/1/2272 1580/1/2313 1584/1/2269
f 1560/1/2408 1963/1/2314 2042/1/2311
f 1991/1/2266 1577/1/2265 1575/1/2308 2043/1/2307
f 2044/1/2306 2045/1/2312 1580/1/2313 2041/1/2272
f 2046/1/2305 2044/1/2306 2041/1/2272 1566/1/2271
f 1541/1/2575 1539/1/2414 1991/1/2266 2043/1/2307
f 1581/1/2309 1950/1/2898 1969/1/2893 1964/1/2310
f 1577/1/2265 1950/1/2898 1581/1/2309 1575/1/2308
f 1575/1/2308 1581/1/2309 2045/1/2312 2044/1/2306
f 1993/1/2263 1967/1/2900 1578/1/2899 1620/1/2930
f 1990/1/2959 1623/1/2960 2048/1/2505 2057/1/2442
f 1788/1/2961 1675/1/2507 2053/1/2506 2055/1/2538
f 2065/1/2457 2049/1/2883 1934/1/2884 2063/1/2457
f 1665/1/2962 2052/1/2509 2054/1/2502 1679/1/2963
f 1672/1/2648 2053/1/2506 2052/1/2509 1665/1/2962
f 1679/1/2963 2054/1/2502 2048/1/2505 1623/1/2960
f 1633/1/2964 1990/1/2959 2057/1/2442 2051/1/2439
f 1632/1/2531 1633/1/2964 2051/1/2439 2050/1/2438
f 1630/1/2453 1629/1/2455 2080/1/2882 2081/1/2565
f 1546/1/2965 2063/1/2966 2064/1/2435 2047/1/2434
f 1546/1/2967 2047/1/2222 2056/1/2225 1545/1/2624
f 2056/1/2225 1720/1/2224 1420/1/2238 1538/1/2237
f 2157/1/2709 2173/1/2872 1765/1/2654
f 2058/1/2537 1668/1/2861 1788/1/2961 2055/1/2538
f 2059/1/2511 1683/1/2555 1926/1/2569 2060/1/2512
f 2059/1/2511 1763/1/2556 1683/1/2555
f 2058/1/2537 1659/1/2536 1921/1/2968 2061/1/2862
f 2061/1/2862 1921/1/2968 1930/1/2513 2060/1/2512
f 2059/1/2511 1684/1/2510 1654/1/2969 1783/1/2970
f 1454/1/2118 1496/1/1698 1489/1/2119 1487/1/2120
f 2063/1/2966 1934/1/2530 1646/1/2458 2064/1/2435
f 1633/1/2462 1936/1/2461 1984/1/2918 1990/1/2920
f 1690/1/2642 2107/1/2642 2108/1/2971 1689/1/2971
f 2071/1/2922 1985/1/2417 2067/1/2925 2073/1/2975
f 2075/1/2732 1986/1/2731 1983/1/2921 2074/1/2926
f 2083/1/2985 1631/1/2454 2082/1/2566 2085/1/2986 2086/1/2986 2087/1/2986 2088/1/2986
f 2084/1/2987 1645/1/2430 1631/1/2454 2083/1/2985
f 2090/1/2988 1638/1/2427 1645/1/2430 2084/1/2987
f 892/1/1473 421/1/897 1637/1/2447 2089/1/2989
f 2089/1/2989 1637/1/2447 1638/1/2427 2090/1/2988
f 2117/1/2990 2099/1/2991 2111/1/2992 2110/1/2993
f 2091/1/2994 2098/1/2995 2102/1/2996 2093/1/2997
f 2122/1/2998 2116/1/2999 2102/1/2996 2098/1/2995
f 2104/1/3000 2103/1/3001 2119/1/3002
f 2121/1/3003 2122/1/2998 2098/1/2995 2097/1/3004
f 2117/1/2990 2118/1/3005 2119/1/3002 2121/1/3003
f 2120/1/3006 2115/1/3007 2116/1/2999 2122/1/2998
f 2118/1/3005 2109/1/3008 2108/1/3009
f 2119/1/3002 2120/1/3006 2122/1/2998 2121/1/3003
f 2101/1/3010 2100/1/3011 2115/1/3007 2120/1/3006
f 2117/1/2990 2110/1/2993 2109/1/3008 2118/1/3005
f 2097/1/3004 2098/1/2995 2091/1/2994 2092/1/3012
f 2119/1/3002 2118/1/3005 2107/1/3013 2106/1/3014 2104/1/3000
f 2099/1/2991 2117/1/2990 2121/1/3003 2097/1/3004
f 2095/1/3015 2099/1/2991 2097/1/3004 2092/1/3012
f 2105/1/3016 2101/1/3010 2120/1/3006
f 2119/1/3002 2105/1/3016 2120/1/3006
f 2108/1/3009 2107/1/3013 2118/1/3005
f 2103/1/3001 2105/1/3016 2119/1/3002
f 2094/1/3017 2096/1/3017 2112/1/3017 2114/1/3017 2113/1/3017 2111/1/2992 2099/1/2991 2095/1/3015
f 1686/1/2730 2101/1/2729 2105/1/2656 1693/1/2656
f 1454/1/2559 2095/1/2559 2092/1/2675 1453/1/2675
f 1689/1/2971 2108/1/2971 2109/1/2644 1692/1/2643
f 1760/1/2594 1767/1/2606 1701/1/2595
f 2109/1/2644 2110/1/2669 1760/1/2645
f 2005/1/3018 430/1/3019 1568/1/3020
f 325/1/3021 430/1/3019 2005/1/3018
f 2148/1/2865 2147/1/3022 1827/1/3023 1822/1/2866
f 2133/1/3024 2125/1/2777 2126/1/2776 2134/1/3025
f 2147/1/3022 2151/1/3026 1823/1/3027 1827/1/3023
f 2134/1/3025 2126/1/2776 2127/1/2784 2131/1/3028
f 2131/1/3028 2127/1/2784 2128/1/2783 2132/1/3029
f 2123/1/2854 1422/1/2853 1423/1/2774 2125/1/2777
f 2137/1/3030 2131/1/3028 2132/1/3029 2138/1/3031
f 2140/1/3032 2134/1/3025 2131/1/3028 2137/1/3030
f 2123/1/2854 2125/1/2777 2133/1/3024 2129/1/3033
f 2139/1/3034 2133/1/3024 2134/1/3025 2140/1/3032
f 2124/1/2779 2123/1/2854 2129/1/3033 2130/1/3035
f 926/1/1249 2124/1/2779 2130/1/3035 932/1/1521
f 2128/1/2783 1780/1/2867 1778/1/3036 2132/1/3029
f 2145/1/3037 2139/1/3034 2140/1/3032 2146/1/3038
f 2146/1/3038 2140/1/3032 2137/1/3030 2143/1/3039
f 2143/1/3039 2137/1/3030 2138/1/3031 2144/1/3040
f 2129/1/3033 2133/1/3024 2139/1/3034 2135/1/3041
f 2130/1/3035 2129/1/3033 2135/1/3041 2136/1/3042
f 932/1/1521 2130/1/3035 2136/1/3042 939/1/1529
f 2149/1/3043 2143/1/3039 2144/1/3040 2150/1/2695
f 2152/1/3044 2146/1/3038 2143/1/3039 2149/1/3043
f 2151/1/3026 2145/1/3037 2146/1/3038 2152/1/3044
f 2135/1/3041 2139/1/3034 2145/1/3037 2141/1/3045
f 2136/1/3042 2135/1/3041 2141/1/3045 2142/1/3046
f 939/1/1529 2136/1/3042 2142/1/3046 946/1/1534
f 1823/1/3027 2151/1/3026 2152/1/3044 1824/1/3047
f 1824/1/3047 2152/1/3044 2149/1/3043 1825/1/3048
f 1825/1/3048 2149/1/3043 2150/1/2695 1826/1/2694
f 2141/1/3045 2145/1/3037 2151/1/3026 2147/1/3022
f 2142/1/3046 2141/1/3045 2147/1/3022 2148/1/2865
f 946/1/1534 2142/1/3046 2148/1/2865 953/1/1342
f 2138/1/3031 1777/1/3049 1781/1/3050 2144/1/3040
f 2132/1/3029 1778/1/3036 1777/1/3049 2138/1/3031
f 1824/1/2851 2170/1/2888 2163/1/2852
f 968/1/1539 2159/1/2739 1656/1/2742 433/1/1540
f 1822/1/2849 1827/1/2022 2164/1/2025 2158/1/2850
f 2160/1/2780 2162/1/2790 1657/1/2789 1655/1/2781
f 2168/1/3051 1945/1/3052 1658/1/2788 2171/1/2787
f 2166/1/2858 1667/1/3053 1783/1/2859
f 1654/1/2860 1945/1/3052 2168/1/3051
f 1826/1/2727 2167/1/2726 2169/1/3054 1825/1/2887
f 1774/1/2650 2157/1/2709 2175/1/2653
f 2166/1/2858 1654/1/2860 2168/1/3051
f 1821/1/2767 1423/1/3055 2154/1/2138 1472/1/2131
f 1423/1/3055 1422/1/2745 2153/1/2036 2154/1/2138
f 2208/1/2766 2227/1/3056 1798/1/3057 1395/1/2765
f 2203/1/1991 1439/1/1995 1436/1/1952 2216/1/1967
f 2156/1/1969 1435/1/2132 1427/1/1970
f 2156/1/1969 1505/1/2097 1472/1/2131
f 2165/1/2740 2164/1/2025 2161/1/2024 2160/1/2780
f 2159/1/2739 2158/1/2850 2164/1/2025 2165/1/2740
f 968/1/1539 969/1/1323 2158/1/2850 2159/1/2739
f 2160/1/2780 2161/1/2024 2163/1/2852 2162/1/2790
f 2171/1/2787 2170/1/2888 2169/1/3054 2168/1/3051
f 2162/1/2790 2163/1/2852 2170/1/2888 2171/1/2787
f 2168/1/3051 2169/1/3054 2167/1/2726 2166/1/2858
f 2166/1/2858 2167/1/2726 2157/1/2725
f 2166/1/2858 2157/1/2725 1667/1/3053
f 1787/1/2518 1658/1/2869 1944/1/2868
f 2169/1/3054 2170/1/2888 1825/1/2887
f 1765/1/2654 2173/1/2872 2172/1/2716
f 1781/1/3050 2173/1/2692 2150/1/2695 2144/1/3040
f 1761/1/2714 1716/1/2929 1782/1/3058 2174/1/2715
f 2174/1/2715 1765/1/2654 2172/1/2716
f 2174/1/2715 1782/1/3058 1715/1/2651 1765/1/2654
f 1714/1/2666 2176/1/2659 1750/1/2617
f 2157/1/2709 1765/1/2654 2175/1/2653
f 2176/1/2652 1714/1/2649 1774/1/2650 2175/1/2653
f 1774/1/2650 1763/1/2556 1667/1/2708
f 2059/1/2511 1783/1/2970 1667/1/2708 1763/1/2556
f 1776/1/2722 2177/1/2724 1775/1/2717
f 2192/1/3059 2178/1/3060 2200/1/2723 2202/1/3061
f 2177/1/2724 1764/1/2928 1761/1/2714
f 1473/1/1689 2183/1/2704 2191/1/2590 2179/1/2121
f 2229/1/2791 2222/1/2041 1392/1/1591 1829/1/1614
f 1328/1/2251 1399/1/1588 1392/1/1591 2220/1/2042
f 2178/1/3060 1762/1/1993 1764/1/2928 2177/1/2724
f 1779/1/2588 2185/1/3062 2187/1/3063
f 2184/1/1994 1762/1/1993 2178/1/3060 2192/1/3059
f 1478/1/2244 1419/1/3064 1682/1/3065 1551/1/2053
f 2190/1/1992 2194/1/2619 1710/1/2676
f 1551/1/2053 1682/1/3065 1557/1/2249 1555/1/1688
f 1711/1/2678 1713/1/2665 1750/1/2617 2196/1/2616
f 2181/1/2587 2182/1/2703 2186/1/2712 2185/1/3062
f 2185/1/3062 2186/1/2712 2188/1/2018 2187/1/3063
f 2184/1/1994 2183/1/2704 2189/1/2250 2190/1/1992
f 2183/1/2704 2184/1/1994 2192/1/3059 2191/1/2590
f 2187/1/3063 2188/1/2018 2201/1/2591 2202/1/3061
f 2181/1/2587 2185/1/3062 1779/1/2588
f 2181/1/2587 1780/1/2586 1425/1/2700 2182/1/2703
f 2193/1/2532 1748/1/2655 1710/1/2679 2194/1/2533
f 2198/1/3066 2197/1/2664 2196/1/2616 2195/1/2615
f 2199/1/2535 2198/1/3066 2195/1/2615 2193/1/2532
f 1753/1/2699 1756/1/2698 1755/1/2706 1752/1/2705
f 1753/1/2699 1752/1/2705 2198/1/3066 2199/1/2535
f 1752/1/2705 1751/1/2661 2197/1/2664 2198/1/3066
f 1751/1/2661 1754/1/2707 1685/1/3067 1712/1/2662
f 1557/1/2534 1682/1/2696 1753/1/2699 2199/1/2535
f 2200/1/2723 1779/1/2588 2187/1/3063
f 2200/1/2723 2178/1/3060 2177/1/2724
f 2201/1/2591 2188/1/2018 2180/1/2021
f 2201/1/2591 2191/1/2590 2192/1/3059 2202/1/3061
f 2200/1/2723 2187/1/3063 2202/1/3061
f 2228/1/1958 2227/1/3056 2208/1/2766 2207/1/2035
f 2212/1/2044 2211/1/2037 2206/1/1955 2205/1/2029
f 2216/1/1967 2215/1/1987 2204/1/1961 2203/1/1991
f 2226/1/2140 2225/1/2125 2211/1/2768 2212/1/2141
f 2203/1/1991 2204/1/1961 2220/1/1960 2219/1/1990
f 2230/1/2122 2229/1/2791 2218/1/2721 2217/1/1686
f 2214/1/1968 2213/1/1954 2215/1/1987 2216/1/1967
f 2205/1/2029 2206/1/1955 2213/1/1954 2214/1/1968
f 2219/1/2046 2220/1/2042 2222/1/2041 2221/1/1965
f 2210/1/2139 2209/1/2514 2225/1/2125 2226/1/2140
f 1013/1/391 1014/1/1558 2227/1/3056 2228/1/1958
f 2207/1/2035 2208/1/2766 2209/1/2514 2210/1/2139
f 2223/1/2060 2224/1/1687 2217/1/1686 2218/1/2721
f 2221/1/1965 2222/1/2041 2229/1/2791 2230/1/2122
f 2227/1/3056 1014/1/1558 148/1/1559 1798/1/3057
f 1264/1/3068 1267/1/2189 1303/1/1659 2239/1/1658
f 2246/1/2108 2245/1/1645 2242/1/1680 2241/1/2109
f 2241/1/2109 2242/1/1680 2244/1/1679 2243/1/1654
f 2239/1/2163 2240/1/1646 2238/1/1648 2237/1/2164
f 2232/1/1651 2231/1/1676 2236/1/1642 2235/1/1652
f 2237/1/2164 2238/1/1648 2234/1/1673 2233/1/2104
f 2233/1/2104 2234/1/1673 2231/1/1676 2232/1/1651
f 2245/1/1645 2246/1/2108 2235/1/1652 2236/1/1642
f 2247/1/2242 2248/1/1703 2243/1/1654 2244/1/1679
f 2231/1/1676 1479/1/1675 1474/1/1643 2236/1/1642
f 2223/1/2060 2260/1/2059 2259/1/2052 2224/1/1687
f 2256/1/2100 2255/1/1883 2254/1/1882 2253/1/1696
f 2253/1/1696 2254/1/1882 2252/1/2102 2251/1/1697
f 2251/1/1697 2252/1/2102 2249/1/2101 2250/1/1705
f 2258/1/2099 2257/1/2063 2255/1/1883 2256/1/2100
f 2259/1/2052 2260/1/2059 2257/1/2105 2258/1/2243
f 1312/1/1778 2248/1/3069 2249/1/2101 1442/1/1777
f 2247/1/2792 2250/1/1705 2249/1/2101 2248/1/3069
f 2271/1/1879 1290/1/1621 2272/1/2245
f 2277/1/1583 1294/1/1582 2278/1/1782
f 2280/1/1875 2279/1/1602 2274/1/1605 2273/1/1869
f 2266/1/1793 2265/1/1781 2268/1/1840 2267/1/1794
f 2267/1/1722 2268/1/1905 2276/1/1870 2275/1/1719
f 2273/1/1869 2274/1/1605 2275/1/1719 2276/1/1870
f 2265/1/1781 2266/1/1793 2277/1/1583 2278/1/1782
f 2262/1/1624 2261/1/1863 2270/1/1866 2269/1/1625
f 2271/1/1879 2272/1/2245 2264/1/2247 2263/1/1880
f 2263/1/1880 2264/1/2247 2261/1/1863 2262/1/1624
f 2279/1/1602 2280/1/1875 2269/1/1625 2270/1/1866
f 2357/1/1816 2350/1/1601 1831/1/2248 1830/1/1817
f 2292/1/1795 2291/1/1947 2296/1/1946 2295/1/1796
f 2300/1/1772 2299/1/1929 1093/1/359 1094/1/1562
f 2302/1/1616 2301/1/1804 2284/1/1726 2283/1/1617
f 2298/1/1874 2297/1/1835 2294/1/1834 2293/1/1933
f 1807/1/1873 2281/1/2149 2297/1/1835 2298/1/1874
f 2382/1/2145 2383/1/2151 2291/1/1947 2292/1/1795
f 2286/1/1771 2285/1/1725 2299/1/1929 2300/1/1772
f 2283/1/1617 2284/1/1726 2285/1/1725 2286/1/1771
f 2295/1/1796 2296/1/1946 2288/1/1805 2287/1/1860
f 2289/1/1932 2290/1/2761 2293/1/1933 2294/1/1834
f 2287/1/1860 2288/1/1805 2301/1/1804 2302/1/1616
f 2300/1/1772 1094/1/1562 127/1/257 1796/1/1773
f 2282/1/1597 1385/1/1848 1361/1/1598
f 1374/1/2890 1353/1/3070 1340/1/1825 1820/1/1584
f 2306/1/1904 2305/1/1800 2303/1/3071 2304/1/1901
f 2310/1/1798 2309/1/1903 2307/1/1902 2308/1/2749
f 2313/1/1807 2368/1/3072 2370/1/1858 2347/1/1806
f 2327/1/1900 2326/1/1893 2318/1/1812 2317/1/1809
f 2316/1/2744 2315/1/1894 2326/1/1893 2327/1/1900
f 2368/1/3072 2332/1/1811 2331/1/1810 2369/1/1838
f 2384/1/1913 2385/1/1755 2325/1/1897 2324/1/1895
f 2329/1/1896 2328/1/1889 2322/1/1887 2321/1/1813
f 2324/1/1895 2325/1/1897 2328/1/1889 2329/1/1896
f 2333/1/1808 2332/1/1811 2368/1/3072 2313/1/1807
f 2392/1/1801 2393/1/2751 2312/1/1915 2311/1/2762
f 2321/1/1813 2322/1/1887 2330/1/1836 2331/1/1810
f 2317/1/1809 2318/1/1812 2332/1/1811 2333/1/1808
f 2386/1/2763 2387/1/1914 2315/1/1894 2316/1/2744
f 2394/1/2752 2395/1/1797 2319/1/1756 2320/1/1916
f 2303/1/3071 2305/1/1800 1367/1/1611 1351/1/1610
f 2344/1/1733 2343/1/1926 1152/1/1227 1153/1/1213
f 2346/1/1886 2345/1/1826 2339/1/2871 2338/1/2743
f 2340/1/1898 2342/1/1829 2341/1/1890
f 2341/1/1890 2342/1/1829 2337/1/1827 2336/1/1888
f 2335/1/1736 2334/1/1927 2343/1/1926 2344/1/1733
f 2338/1/2743 2339/1/2871 2334/1/1927 2335/1/1736
f 2336/1/1888 2337/1/1827 2345/1/1826 2346/1/1886
f 1336/1/1824 2334/1/1927 2339/1/2871 1335/1/1711
f 2314/1/2747 2323/1/1837 2338/1/2743 2335/1/1736
f 2335/1/1736 2367/1/1735 2314/1/2747
f 1710/1/2676 1762/1/1993 2190/1/1992
f 1553/1/1862 1360/1/1585 2349/1/1587 1552/1/1666
f 2363/1/1603 2362/1/1615 2359/1/1590 2358/1/1604
f 2354/1/1596 2355/1/1721 2361/1/1720 2360/1/1589
f 2358/1/1604 2359/1/1590 2360/1/1589 2361/1/1720
f 2351/1/1864 2350/1/1601 2357/1/1816 2356/1/1865
f 2353/1/2246 2352/1/1586 2350/1/1601 2351/1/1864
f 2362/1/1615 2363/1/1603 2356/1/1865 2357/1/1816
f 2348/1/2123 2349/1/1587 2352/1/1586 2353/1/2246
f 1552/1/1666 2349/1/1587 2348/1/2123
f 2347/1/1806 2370/1/1858 2366/1/1859
f 2365/1/2746 2364/1/1734 1180/1/1212 1181/1/1566
f 2364/1/1734 2365/1/2746 2366/1/1859 2367/1/1735
f 1181/1/1566 124/1/1215 1795/1/1765 2365/1/2746
f 2370/1/1858 2368/1/3072 2369/1/1838
f 2369/1/1838 2323/1/1837 2314/1/2747 2370/1/1858
f 2311/1/2762 2312/1/1915 2387/1/1914 2386/1/2763
f 2320/1/1916 2319/1/1756 2385/1/1755 2384/1/1913
f 2290/1/2761 2289/1/1932 2383/1/2151 2382/1/2145
f 1819/1/1770 1344/1/1844 2371/1/1843 2381/1/1842
f 1369/1/1908 2380/1/2756 2386/1/2763 2316/1/2744
f 1350/1/1907 2379/1/2753 2380/1/2756 1369/1/1908
f 1384/1/1948 2375/1/2150 2377/1/1912 1508/1/1911
f 1383/1/1931 2375/1/2150 2383/1/2151 2289/1/1932
f 2290/1/2761 2382/1/2145 2376/1/1634 1378/1/2759
f 2324/1/1895 2315/1/1894 2387/1/1914 2384/1/1913
f 1365/1/1938 2373/1/1909 2377/1/1912 1510/1/1939
f 1345/1/1941 2371/1/1843 2373/1/1846 1365/1/1942
f 1408/1/2026 2374/1/1841 2381/1/1842
f 2340/1/1898 2388/1/1754 2378/1/1786 1341/1/1785
f 1353/1/3070 2372/1/1783 2378/1/1786 1340/1/1825
f 2340/1/1898 2325/1/1897 2385/1/1755 2388/1/1754
f 1378/1/2759 2376/1/1634 2372/1/1637 1353/1/2758
f 1408/1/2026 1342/1/1975 2374/1/1841
f 1406/1/1599 1343/1/2027 1408/1/2026
f 1330/1/1847 1919/1/1600 1406/1/1599
f 2309/1/1903 2310/1/1798 2395/1/1797 2394/1/2752
f 2305/1/1800 2306/1/1904 2393/1/2751 2392/1/1801
f 1349/1/2754 2390/1/2757 2389/1/1799 1370/1/2755
f 2312/1/1915 2393/1/2751 2394/1/2752 2320/1/1916
f 1370/1/2755 2389/1/1799 2392/1/1801 2311/1/2762
f 2319/1/1756 2395/1/1797 2391/1/1581 1322/1/1757
f 2266/1/1793 1820/1/1584 2277/1/1583
f 1820/1/1584 1340/1/1825 1322/1/1757 2391/1/1581
f 2405/1/2385 2404/1/2897 1214/1/1567 1215/1/833
f 2407/1/3073 2406/1/2802 2399/1/2347 2398/1/2380
f 2398/1/2380 2399/1/2347 2401/1/2350 2400/1/2208
f 2397/1/3074 2396/1/2901 2406/1/2802 2407/1/3073
f 2415/1/2824 2414/1/3075 2411/1/3076 2410/1/2176
f 2417/1/2797 2416/1/2374 2409/1/3077 2408/1/2823
f 2410/1/2176 2411/1/3076 2412/1/3078 2413/1/2173
f 2396/1/2800 2397/1/2375 2416/1/2374 2417/1/2797
f 2408/1/2823 2409/1/3077 2414/1/3075 2415/1/2824
f 2400/1/2208 2401/1/2350 2403/1/2896 2402/1/2209
f 2402/1/2209 2403/1/2896 2404/1/2897 2405/1/2385
f 2404/1/2897 1607/1/2349 373/1/813 1214/1/1567
f 2420/1/2388 2422/1/3079 2421/1/2844
f 2422/1/3079 2420/1/2388 2419/1/2187 2418/1/2373
f 2421/1/2844 2422/1/3079 2423/1/3080 2424/1/2845
f 2418/1/2373 2419/1/2187 1245/1/627 1246/1/818
f 2413/1/2847 2412/1/2389 2420/1/2388 2421/1/2844
f 2418/1/2373 1602/1/2372 2423/1/3080 2422/1/3079
f 2426/1/1660 1882/1/2834 1881/1/2836 2240/1/1657
f 2425/1/1672 1855/1/1671 1882/1/2834 2426/1/1660
f 1914/1/2181 1851/1/2184 1302/1/2188 1904/1/2842
f 1891/1/3081 1527/1/2172 2412/1/2389
f 1890/1/2829 1947/1/2171 1527/1/2172 1891/1/3081
f 1520/1/3082 1947/1/2171 1890/1/2829
f 1890/1/2829 2427/1/2828 1520/1/3082
f 1520/1/3082 2427/1/2828 1888/1/2160 1521/1/2159
f 2428/1/2394 1607/1/2401 1606/1/2404 2429/1/2395
f 1609/1/2398 2432/1/2397 1860/1/3083
f 1610/1/2391 2423/1/2396 2429/1/2395 2430/1/2403
f 2424/1/2390 2423/1/2396 1610/1/2391
f 1604/1/2848 1608/1/3084 2432/1/2397 2431/1/2400
f 2432/1/2397 1608/1/3084 1603/1/3085 1860/1/3083
usemtl windshield
f 431/1/874 429/1/875 885/1/876 891/1/877
f 430/1/895 428/1/896 890/1/896 892/1/895
f 429/1/875 427/1/906 884/1/907 885/1/876
f 428/1/896 431/1/874 891/1/877 890/1/896
f 867/1/1196 869/1/1197 870/1/1197 866/1/1198 426/1/1199
f 396/1/1330 781/1/1331 868/1/1332 874/1/1333 872/1/1334 398/1/1334
f 427/1/906 728/1/1363 865/1/1364 883/1/1364 886/1/1363 887/1/1363 888/1/1363 889/1/1363 884/1/907
f 399/1/1399 875/1/1400 876/1/1401 400/1/1401
f 866/1/1198 868/1/1332 781/1/1331 426/1/1199
f 872/1/1334 873/1/1457 871/1/1458 397/1/1459 398/1/1334
f 871/1/1458 875/1/1400 399/1/1399 397/1/1459
f 876/1/1401 878/1/1461 879/1/1461 877/1/1462 783/1/1462 724/1/1461 400/1/1401
f 880/1/1463 881/1/1464 726/1/1465 727/1/1466
f 877/1/1462 880/1/1463 727/1/1466 783/1/1462
f 881/1/1464 882/1/1467 849/1/1468 726/1/1465
f 882/1/1467 883/1/1364 865/1/1364 849/1/1468
f 1653/1/2423 2090/1/2424 2084/1/2425 1652/1/2426
f 430/1/895 892/1/895 2089/1/2444 1651/1/2445
f 1652/1/2426 2084/1/2425 2083/1/2451 1650/1/2452
f 1651/1/2445 2089/1/2444 2090/1/2424 1653/1/2423
f 867/1/1196 426/1/1199 2066/1/2735 2069/1/2736 2068/1/2736
f 396/1/1330 1625/1/2855 2071/1/2855 2073/1/2856 2067/1/2857 781/1/1331
f 1650/1/2452 2083/1/2451 2088/1/2885 2087/1/2885 2086/1/2885 2085/1/2885 2082/1/2886 2065/1/2886 1937/1/2885
f 1626/1/2915 1627/1/2916 2075/1/2916 2074/1/2917
f 2066/1/2735 426/1/1199 781/1/1331 2067/1/2857
f 2071/1/2855 1625/1/2855 1624/1/2972 2070/1/2973 2072/1/2974
f 2070/1/2973 1624/1/2972 1626/1/2915 2074/1/2917
f 2075/1/2916 1627/1/2916 1933/1/2976 1984/1/2977 2076/1/2978 2078/1/2976 2077/1/2976
f 2079/1/2979 1936/1/2980 1935/1/2981 2080/1/2982
f 2076/1/2978 1984/1/2977 1936/1/2980 2079/1/2979
f 2080/1/2982 1935/1/2981 2049/1/2983 2081/1/2984
f 2081/1/2984 2049/1/2983 2065/1/2886 2082/1/2886
