# Blender 5.1.1
# www.blender.org
mtllib PlayerScene.mtl
o TMR_497_151_-_Buildings
v -27.703114 14.718765 103.022873
v -27.240015 14.081042 104.190796
v -30.650654 14.079471 102.264854
v -30.545624 14.666835 101.441315
v -35.996952 11.969168 81.925209
v -22.962427 12.926783 89.285576
v -23.029009 10.613369 89.248001
v -35.998127 8.529430 81.924530
v -26.397272 16.707571 100.659210
v -25.538506 16.698652 101.176720
v -35.083374 17.044968 94.800697
v -35.462952 17.070309 95.197456
v -42.213989 11.629699 91.673378
v -41.410671 11.944755 91.489433
v -22.213421 12.675010 88.561577
v -23.733345 12.545284 91.470192
v -24.159927 12.805013 91.456833
v -30.120937 16.952858 85.243317
v -29.762150 16.979858 84.298935
v -26.637342 17.003004 86.063461
v -27.184830 16.993422 86.901291
v -39.893589 14.151330 88.810135
v -36.989899 14.851096 90.678482
v -40.401474 13.977930 88.511070
v -36.620529 11.969150 83.030609
v -33.792137 14.855639 85.024223
v -37.109871 11.804223 82.714241
v -21.882597 12.677096 92.720924
v -19.340225 9.745469 90.184013
v -23.779924 16.744114 97.349884
v -24.654251 16.779428 96.887115
v -30.486609 7.671003 101.175285
v -27.653320 5.277129 102.927475
v -36.015808 11.655849 80.767578
v -36.025169 11.804360 80.763359
v -29.771509 17.128368 84.294716
v -30.608961 17.094002 97.144836
v -32.916229 17.087227 96.589706
v -40.364822 11.958899 89.635963
v -37.090282 14.163893 83.857285
v -22.520430 9.674677 88.315834
v -37.571594 13.991695 83.524826
v -21.913696 5.212459 92.709511
v -21.900103 8.366603 92.714500
v -41.411846 8.505016 91.488754
v -30.611998 8.105877 97.143097
v -23.118446 8.405180 89.143066
v -37.580799 14.140206 83.520325
v -37.100510 11.655711 82.718460
v -42.223351 11.778210 91.669159
v -40.944710 11.793298 89.437439
v -40.935349 11.644787 89.441658
v -22.222780 12.823521 88.557358
v -23.742704 12.693795 91.465973
v -23.789284 16.892624 97.345665
v -25.547865 16.847162 101.172501
v -40.410675 14.126441 88.506569
v -32.925591 17.235737 96.585487
v -35.472313 17.218819 95.193237
v -22.529789 9.823188 88.311615
v -19.349585 9.893980 90.179794
v -30.660013 14.227982 102.260635
v -26.646702 17.151514 86.059242
v -29.175552 18.522875 86.719261
v -24.068539 12.801976 91.264595
v -33.391449 18.522900 94.192459
v -25.860132 18.526371 98.445297
v -27.249374 14.229552 104.186577
v -20.519995 8.359851 90.567833
v -21.073563 8.337598 88.094261
v -22.576115 9.895417 91.085564
v -22.468559 9.641558 90.979782
v -20.733566 5.141676 90.538651
v -20.726673 8.360332 90.541176
v -23.229721 5.189007 88.991226
v -21.306479 5.108339 88.330017
v -21.271502 5.184566 88.746002
v -21.215666 7.464382 88.579552
v -15.482824 4.829084 86.915909
v -15.493258 4.829979 86.722412
v -21.223753 7.463059 88.383919
v -21.808435 8.381389 92.954178
v -21.207579 7.465703 88.775185
v -21.194778 8.336586 88.765793
v -15.505551 4.524137 87.102562
v -15.528980 4.525345 86.719719
v -15.472389 4.828189 87.109398
v -23.344257 8.356674 88.539597
v -18.900959 11.162086 98.895386
v -17.851618 10.605610 98.524315
v -17.621758 7.803873 94.092995
v -18.500851 7.769697 104.496811
v -17.994116 10.592731 100.206261
v -24.207476 11.109084 96.437408
v -21.731916 7.696392 92.205116
v -17.651564 7.657144 94.089951
v -17.881424 10.458879 98.521271
v -18.930765 11.015358 98.892342
v -26.683037 7.835108 100.669701
v -18.023922 10.446003 100.203217
v -18.530657 7.622968 104.493767
v -24.216883 11.255813 96.430054
v -21.702110 7.843121 92.208160
v -26.653231 7.981837 100.672745
v -19.345339 6.140800 103.478172
v -19.345337 5.290711 103.478165
v -19.207687 5.290712 103.537361
v -19.207838 6.216791 103.537315
v -18.500881 8.041500 103.678345
v -18.564503 8.041500 103.813950
v -18.564503 7.891711 103.813950
v -18.500881 7.891711 103.678345
v -26.368196 8.041281 100.475731
v -26.368196 7.891492 100.475731
v -26.230583 7.891492 100.534912
v -21.774153 7.891426 92.728500
v -18.189333 7.891653 94.426247
v -18.252956 7.891653 94.561867
v -21.837774 7.891426 92.864105
v -19.281715 7.891711 103.342567
v -19.281715 7.741850 103.342567
v -19.345337 7.891711 103.478165
v -26.368198 6.214300 100.475731
v -26.368196 5.289579 100.475731
v -26.230583 5.289578 100.534912
v -26.230585 6.139307 100.534912
v -18.894056 7.891688 100.010437
v -18.901031 7.741691 100.070053
v -17.771013 8.041441 94.631042
v -17.834635 8.041441 94.766655
v -17.834635 7.891653 94.766655
v -17.771013 7.891653 94.631042
v -21.972404 8.041214 92.798203
v -21.972404 7.891426 92.798203
v -21.805962 6.139224 92.796303
v -21.805958 5.288017 92.796303
v -21.774147 5.288017 92.728500
v -21.774151 6.139224 92.728500
v -18.185738 8.041441 94.594780
v -18.122114 8.041441 94.459160
v -21.908783 8.041214 92.662598
v -18.118519 7.891652 94.627686
v -18.054893 7.891652 94.492065
v -18.221151 6.140854 94.494057
v -18.221155 5.290621 94.494057
v -18.252968 5.290621 94.561867
v -18.252962 6.140615 94.561874
v -18.118526 6.140615 94.627693
v -18.118530 5.290621 94.627686
v -18.054905 5.290621 94.492065
v -18.054899 6.216017 94.492073
v -21.908783 7.891426 92.662598
v -18.189344 5.290621 94.426247
v -18.189341 6.141093 94.426247
v -18.252954 7.741533 94.561859
v -21.972401 6.214299 92.798210
v -21.972399 5.288017 92.798203
v -21.837769 5.288017 92.864105
v -21.837770 6.139224 92.864105
v -21.908777 5.288017 92.662598
v -21.908781 6.214299 92.662598
v -18.118519 7.741533 94.627686
v -26.304575 6.214574 100.340126
v -26.304575 5.289579 100.340126
v -22.325289 7.891713 102.033730
v -22.388906 7.891713 102.169350
v -26.166962 7.891492 100.399300
v -19.276512 8.041500 103.507759
v -19.207687 7.891712 103.537361
v -19.212891 8.041500 103.372162
v -22.390923 8.041503 102.005501
v -22.457998 8.041503 102.139641
v -19.144064 7.741850 103.401756
v -19.144066 7.891711 103.401756
v -26.304575 8.041281 100.340126
v -26.304575 7.891492 100.340126
v -22.495281 6.142755 102.042114
v -22.495283 5.292060 102.042107
v -22.527090 5.292060 102.109924
v -22.527090 6.142755 102.109932
v -22.357824 6.141963 102.101227
v -22.357098 5.292060 102.101540
v -22.325289 5.292060 102.033730
v -22.326015 6.141963 102.033417
v -26.198774 6.139536 100.467117
v -26.198772 5.289579 100.467102
v -26.166962 5.289579 100.399300
v -26.166964 6.139765 100.399315
v -22.463474 5.292060 101.974297
v -22.463472 6.142755 101.974297
v -22.463474 7.891713 101.974297
v -22.527090 7.891713 102.109924
v -19.212969 6.141254 103.372139
v -19.212893 5.290711 103.372169
v -19.281715 5.290711 103.342567
v -19.281715 6.140800 103.342583
v -19.144068 5.290711 103.401764
v -19.144222 6.141709 103.401695
v -18.707064 7.891678 98.403084
v -18.562105 7.891677 98.422783
v -18.306299 7.891654 94.958290
v -19.313528 6.140800 103.410378
v -19.313526 5.290711 103.410362
v -22.388906 5.292060 102.169350
v -22.389631 6.141963 102.169037
v -18.185743 6.140615 94.594780
v -18.185749 5.290621 94.594780
v -18.749945 7.891688 100.029839
v -18.756985 7.741731 100.090088
v -22.327377 7.739465 102.032829
v -22.463472 7.741743 101.974297
v -20.640379 7.740294 99.064682
v -20.771338 7.741659 98.995369
v -18.306393 7.741442 94.958244
v -19.737316 7.891676 97.477608
v -19.870115 7.891675 97.408806
v -19.780584 7.742280 97.544975
v -26.166962 7.741168 100.399307
v -23.649269 7.741289 95.717484
v -21.972404 7.741366 92.798203
v -21.837774 7.741366 92.864105
v -23.514381 7.741289 95.777946
v -18.700151 7.741606 98.343185
v -18.555136 7.741669 98.363197
v -20.808369 7.891688 99.060555
v -26.304575 7.741168 100.340118
v -24.437378 7.741247 97.385513
v -24.473690 7.891466 97.452057
v -24.610138 7.891466 97.390274
v -18.713564 6.214321 98.463097
v -18.713247 5.289611 98.463173
v -18.568228 5.289672 98.482582
v -18.568544 6.214380 98.482506
v -18.887159 7.741684 99.950798
v -18.714087 7.741611 98.462967
v -18.569067 7.741673 98.482376
v -18.742901 7.741725 99.969597
v -18.554296 5.289669 98.363403
v -18.554590 6.139555 98.363342
v -20.734316 7.891687 98.930191
v -19.903820 7.741616 97.468147
v -19.944304 7.891676 97.539413
v -18.699604 6.139493 98.343323
v -18.699312 5.289607 98.343391
v -18.828470 6.140400 100.080208
v -18.828188 5.289457 100.080269
v -18.756165 5.289477 100.090286
v -18.756447 6.140419 100.090225
v -18.627096 6.139524 98.353333
v -18.626804 5.289638 98.353401
v -18.742392 6.215093 99.969727
v -18.742083 5.289474 99.969803
v -18.886339 5.289433 99.950996
v -18.886648 6.215052 99.950920
v -18.900211 5.289438 100.070259
v -18.900496 6.140380 100.070190
v -24.637148 10.298357 97.208282
v -24.637148 10.448781 97.208282
v -18.121572 10.448997 100.104614
v -18.121572 10.298575 100.104614
v -18.183580 10.448997 100.241653
v -18.183580 10.298575 100.241653
v -24.699156 10.448781 97.345337
v -24.699156 10.298357 97.345337
v -23.742882 10.298375 95.575012
v -23.742882 10.448799 95.575012
v -17.972427 10.490515 98.371422
v -17.972427 10.340092 98.371422
v -18.034435 10.490515 98.508469
v -18.034435 10.340092 98.508469
v -23.804890 10.448799 95.712067
v -23.804890 10.298375 95.712067
v -20.676050 7.891689 99.130257
v -20.602198 7.891688 99.000229
v -20.670618 10.302093 99.125023
v -20.796026 10.302092 99.058952
v -20.725842 10.302091 98.935402
v -20.600620 10.302092 99.001785
v -23.551306 7.891453 95.842117
v -23.686205 7.891453 95.781792
v -24.536106 7.891465 97.261383
v -24.401068 7.891465 97.318962
v -19.877825 10.332598 97.431480
v -19.753674 10.332599 97.495804
v -19.811497 7.891676 97.608200
v -19.823025 10.332599 97.617889
v -19.947184 10.332599 97.553581
v -24.573116 7.741247 97.325821
v -24.471439 10.299941 97.446968
v -24.606329 10.299941 97.385887
v -23.477455 7.891452 95.713776
v -24.399734 10.152058 97.315605
v -24.399647 10.299941 97.315392
v -24.533144 10.299941 97.258469
v -24.533325 10.152058 97.258652
v -23.475641 10.302866 95.709282
v -23.548895 10.302866 95.836578
v -23.549042 10.154949 95.836922
v -23.612339 7.891452 95.653198
v -23.682919 10.154949 95.777046
v -23.682703 10.302866 95.776733
v -23.609436 10.302866 95.649185
v -26.344210 5.293160 100.486565
v -19.161249 5.293392 103.558014
v -18.051462 5.293383 94.489670
v -21.894915 5.293154 92.663101
v -19.198534 5.005393 103.543282
v -18.051462 5.042653 94.489670
v -21.894915 5.005165 92.663101
v -26.340630 5.005171 100.479843
v -19.144207 6.291873 103.401703
v -19.345339 6.291048 103.478172
v -18.756498 6.289773 100.090210
v -18.900543 6.289733 100.070175
v -18.699656 6.289135 98.343307
v -18.554642 6.289197 98.363327
v -18.189341 6.290941 94.426247
v -18.118526 6.290388 94.627693
v -21.774151 6.289373 92.728500
v -21.837770 6.289373 92.864105
v -22.527090 6.292459 102.109932
v -22.389759 6.291529 102.168983
v -22.326143 6.291529 102.033371
v -22.463472 6.292459 101.974297
v -26.166964 6.289382 100.399315
v -26.230585 6.289293 100.534912
v -18.252962 6.290388 94.561874
v -19.281715 6.291048 103.342583
v -21.054461 8.635584 90.894554
v -20.985018 8.635584 90.761429
v -20.985018 10.872115 90.761429
v -21.054461 10.996367 90.894554
v -21.118134 8.787847 90.691994
v -21.187574 8.787846 90.825119
v -21.187574 10.996367 90.825119
v -21.118134 10.872116 90.691994
v -20.735029 5.317469 93.264709
v -19.295830 5.188914 90.332855
v -19.295830 5.088778 90.332855
v -20.735029 5.217334 93.264709
v -18.405285 5.077517 90.204857
v -20.004704 5.241832 93.608055
v -18.304581 5.078828 90.190323
v -19.922087 5.247184 93.646820
v -18.304581 4.978784 90.190323
v -19.922087 5.147140 93.646820
v -17.418423 4.953531 90.060349
v -19.194126 5.157338 93.985718
v -17.318474 4.955432 90.053741
v -19.115835 5.163641 94.032455
v -17.318474 4.855475 90.053741
v -19.115835 5.063684 94.032455
v -19.429008 5.204982 88.163460
v -19.429008 5.104847 88.163460
v -18.282597 5.076978 87.824280
v -18.152971 5.076412 87.785980
v -18.152971 4.976367 87.785980
v -17.012764 4.934612 87.451035
v -16.882437 4.934571 87.405350
v -16.882437 4.834614 87.405350
v -19.556519 5.203577 88.201248
v -19.394871 5.185660 90.347031
v -20.816223 5.310236 93.226463
v -15.482825 5.698632 86.915909
v -21.215666 8.334616 88.579552
v -21.234356 8.334738 88.394157
v -16.161655 6.332620 83.467445
v -14.108699 4.558654 84.870865
v -15.145313 4.558653 86.581245
v -19.579662 7.829476 83.385963
v -18.543047 7.829476 81.675568
v -17.123833 6.316873 82.828812
v -18.543047 7.534472 81.675568
v -17.123833 6.021870 82.828812
v -18.160444 6.316872 84.539192
v -17.198271 6.332620 85.177834
v -17.198271 6.037616 85.177834
v -18.160444 6.021869 84.539192
v -16.161655 6.037617 83.467445
v -15.145313 4.263650 86.581245
v -14.108699 4.263650 84.870865
v -19.579552 7.534492 83.386032
v 38.849716 6.328490 108.276619
v 44.571373 6.236164 113.514580
v 45.059566 6.224856 101.257263
v 50.861115 6.236166 106.567673
v 42.169445 10.217251 110.232910
v 47.285900 10.217253 104.330475
v 44.538666 1.834060 112.540771
v 47.095791 9.110002 103.104218
v 47.097824 9.259830 103.105682
v 40.940163 9.286312 110.172363
v 45.057533 6.075028 101.255798
v 44.569340 6.086336 113.513115
v 42.404385 9.285622 111.378273
v 48.449696 9.285624 104.476601
v 40.938129 9.136484 110.170898
v 42.402351 9.135794 111.376808
v 48.447662 9.135796 104.475136
v 39.676521 2.121591 108.089661
v 38.847683 6.178662 108.275154
v 50.859081 6.086339 106.566208
v 41.513287 9.130038 109.744102
v 42.757553 9.129452 110.768860
v 47.894733 9.129454 104.903961
v 46.745941 9.107534 103.738983
v 39.736870 6.579583 108.133141
v 44.599014 6.538085 112.584251
v 49.943909 6.538088 106.680916
v 45.013874 6.491518 102.168236
v 49.883560 1.834062 106.637436
v 44.953526 2.033525 102.124756
v 15.419182 5.223019 66.007584
v 15.419182 5.223019 71.007721
v 17.920574 5.601519 66.056747
v 17.920574 5.601519 70.958557
v 15.468372 5.473930 70.958557
v 20.372774 5.473930 70.958557
v 15.468372 5.473930 66.056747
v 20.372774 5.473930 66.056747
v 20.421965 5.223019 66.007584
v 20.421965 5.223019 71.007721
v 15.670842 5.223019 66.259109
v 15.670842 5.223019 70.756195
v 20.170303 5.223019 66.259109
v 20.170303 5.223019 70.756195
v 15.670842 2.238191 70.756195
v 15.670842 2.238191 66.259109
v 20.170303 2.238191 70.756195
v 20.170303 2.238191 66.259109
v 65.831665 10.619778 143.574814
v 71.307320 10.609305 145.451996
v 68.300316 10.407797 136.580185
v 73.775970 10.397324 138.457367
v 66.976173 14.212002 140.147095
v 72.008873 14.202377 141.872391
v 104.921394 10.313587 85.492104
v 98.938782 10.231837 86.162186
v 105.591705 10.321863 91.477600
v 99.609093 10.240113 92.147682
v 102.265244 11.978432 88.819893
v 105.592323 10.270046 91.477592
v 104.922012 10.261770 85.492096
v 98.939400 10.180020 86.162178
v 99.609711 10.188296 92.147675
v 104.211540 10.952939 90.374405
v 103.819473 10.948097 86.873428
v 100.320183 10.900281 87.265366
v 100.712257 10.905122 90.766342
v 104.258186 7.535474 90.373909
v 103.866119 7.530633 86.872932
v 100.366829 7.482817 87.264870
v 100.758904 7.487658 90.765846
v 70.900681 10.211498 145.832352
v 75.950722 10.211498 147.378525
v 72.159912 11.776660 141.721893
v 77.209961 11.776660 143.268066
v 71.806038 13.166582 142.880646
v 76.856071 13.166581 144.426819
v 88.618561 11.277808 147.862503
v 78.357079 10.183185 137.725403
v 90.440582 10.183577 140.985413
v 76.533951 11.277907 144.606537
v 77.080803 13.181420 142.578217
v 90.436661 10.084964 140.999771
v 89.763527 13.059654 143.572327
v 89.769363 13.158277 143.558609
v 103.532394 13.052395 147.587082
v 104.148689 11.898270 149.012512
v 89.165413 13.181320 145.834167
v 104.728325 11.897750 146.829742
v 88.404442 10.396105 146.234970
v 103.727043 10.377567 150.663284
v 105.209686 10.182405 145.270294
v 103.554741 13.150187 147.589661
v 104.720512 11.997828 146.831177
v 104.151375 11.996122 149.010071
v 88.400406 10.298311 146.237701
v 105.199005 10.084612 145.272263
v 103.718941 10.279774 150.665588
v 91.553833 10.972134 146.238678
v 91.625839 11.121964 146.259705
v 91.595825 10.972134 146.094849
v 91.595825 11.121964 146.094849
v 103.331284 11.121964 149.677673
v 103.403084 10.972133 149.698639
v 103.445076 10.972133 149.554825
v 103.445076 11.121964 149.554825
v 92.795540 11.134166 142.617828
v 92.723755 10.984335 142.596878
v 92.681763 11.134166 142.740707
v 92.681763 10.984335 142.740707
v 104.530571 11.134165 146.200531
v 104.530571 10.984334 146.200531
v 104.572563 10.984334 146.056717
v 104.500778 11.134165 146.035767
v 92.867325 10.984335 142.638794
v 96.624924 10.984334 143.736008
v 96.769073 10.984334 143.778107
v 100.527832 10.984334 144.875656
v 100.670822 10.984334 144.917419
v 104.428993 10.984334 146.014801
v 100.670815 11.134165 144.917404
v 100.527817 11.134164 144.875641
v 96.696991 11.134164 143.757050
v 104.387009 11.134165 146.158615
v 100.628822 11.134165 145.061218
v 100.485832 11.134164 145.019455
v 96.727074 11.134165 143.921906
v 96.582932 11.134164 143.879837
v 92.825333 11.134166 142.782623
v 92.825333 10.984335 142.782623
v 96.582939 10.984334 143.879868
v 96.727081 10.984334 143.921936
v 100.485840 10.984334 145.019470
v 100.628830 10.984334 145.061234
v 104.387009 10.984334 146.158615
v 103.301476 11.121964 149.512894
v 99.543327 11.121964 148.415512
v 99.399399 11.121964 148.373474
v 95.641579 11.121964 147.276199
v 95.497803 11.121964 147.234207
v 91.739838 11.121964 146.136902
v 91.739838 10.972134 146.136902
v 95.497818 10.972134 147.234222
v 95.641586 10.972134 147.276215
v 99.399406 10.972134 148.373489
v 99.543335 10.972134 148.415527
v 103.301476 10.972134 149.512894
v 99.429367 11.121964 148.538315
v 95.527702 11.121964 147.399017
v 91.697845 10.972134 146.280731
v 95.455826 10.972134 147.378067
v 95.599594 10.972134 147.420044
v 99.357414 10.972134 148.517334
v 99.501343 10.972134 148.559341
v 103.259483 10.972134 149.656708
v 89.329941 10.972134 145.433304
v 89.287949 10.972134 145.577133
v 89.287949 11.121964 145.577133
v 89.329941 11.121964 145.433304
v 89.590965 10.984335 141.682236
v 89.548973 10.984335 141.826065
v 89.590965 11.134165 141.682236
v 89.548973 11.134165 141.826065
v 91.595825 7.875114 146.094849
v 91.553833 7.875114 146.238678
v 103.403084 7.875114 149.698639
v 103.445076 7.875114 149.554825
v 103.301476 7.875115 149.512894
v 103.259483 7.875115 149.656708
v 104.428993 7.887315 146.014801
v 104.572563 7.887315 146.056717
v 104.530571 7.887315 146.200531
v 92.723755 7.887315 142.596878
v 92.681763 7.887315 142.740707
v 104.387009 7.887315 146.158615
v 92.867325 7.887315 142.638794
v 96.624924 7.887315 143.736008
v 96.769073 7.887315 143.778107
v 100.527832 7.887315 144.875656
v 100.670822 7.887315 144.917419
v 92.825333 7.887315 142.782623
v 96.582939 7.887315 143.879868
v 96.727081 7.887315 143.921936
v 100.485840 7.887315 145.019470
v 100.628830 7.887315 145.061234
v 91.739838 7.875114 146.136902
v 95.497818 7.875114 147.234222
v 95.641586 7.875114 147.276215
v 99.399406 7.875114 148.373489
v 99.543335 7.875114 148.415527
v 91.697845 7.875114 146.280731
v 95.455826 7.875114 147.378067
v 95.599594 7.875114 147.420044
v 99.357414 7.875114 148.517334
v 99.501343 7.875114 148.559341
v 103.714500 11.124992 148.722244
v 104.261360 11.131139 147.032440
v 103.737640 10.975422 148.650742
v 104.238312 10.981050 147.103668
v 104.117783 11.131139 146.990509
v 103.570915 11.124992 148.680328
v 104.094727 10.981050 147.061737
v 103.594055 10.975423 148.608826
v 100.359161 11.131135 145.894501
v 99.812576 11.124990 147.583511
v 100.215942 11.131133 145.852661
v 99.668877 11.124990 147.541534
v 100.192696 10.981043 145.924469
v 99.691925 10.975419 147.470398
v 100.335945 10.981043 145.966324
v 99.835602 10.975419 147.512360
v 96.457535 11.131135 144.754822
v 95.911049 11.124992 146.443512
v 96.313492 11.131135 144.712769
v 95.767181 11.124992 146.401489
v 96.290352 10.981044 144.784332
v 95.790207 10.975422 146.330399
v 96.434387 10.981044 144.826385
v 95.934067 10.975422 146.372406
v 92.009163 11.124991 145.304672
v 92.555908 11.130666 143.615189
v 91.865257 11.124991 145.262650
v 92.412224 11.130666 143.573242
v 91.888367 10.975420 145.191284
v 92.389755 10.981054 143.642624
v 92.532516 10.981047 143.686264
v 92.032265 10.975421 145.233292
v 103.547775 10.974902 148.751831
v 103.691360 10.974902 148.793747
v 104.284409 10.981567 146.961212
v 104.140831 10.981567 146.919281
v 99.645828 10.974901 147.612701
v 99.789551 10.974901 147.654663
v 100.239197 10.981565 145.780884
v 100.382408 10.981565 145.822723
v 95.744186 10.974904 146.472641
v 95.888039 10.974904 146.514633
v 96.336639 10.981565 144.641251
v 96.480698 10.981565 144.683304
v 91.986061 10.974902 145.376022
v 91.842148 10.974900 145.334015
v 92.436241 10.981576 143.499039
v 92.578377 10.981565 143.543808
v 103.403076 10.096898 149.698639
v 103.445084 10.022084 149.554825
v 103.445076 10.171712 149.554810
v 103.301476 10.022085 149.512878
v 103.301476 10.171713 149.512878
v 103.259476 10.096899 149.656708
v 104.387009 10.184219 146.158615
v 104.387009 10.034310 146.158615
v 104.530563 10.034312 146.200546
v 104.530571 10.184220 146.200546
v 104.572571 10.109265 146.056717
v 104.429001 10.109266 146.014801
v 100.485840 10.184137 145.019470
v 100.485840 10.034549 145.019470
v 100.628830 10.034550 145.061234
v 100.628830 10.184138 145.061234
v 100.527832 10.109344 144.875656
v 100.670822 10.109344 144.917419
v 99.399414 10.172133 148.373489
v 99.399414 10.022235 148.373489
v 99.357414 10.097184 148.517319
v 99.501343 10.097184 148.559341
v 99.543327 10.022235 148.415527
v 99.543327 10.172133 148.415527
v 95.497818 10.172154 147.234222
v 95.497818 10.022397 147.234222
v 95.455826 10.097276 147.378067
v 95.599594 10.097276 147.420044
v 95.641586 10.022397 147.276215
v 95.641586 10.172154 147.276215
v 96.582939 10.183917 143.879868
v 96.582939 10.033504 143.879868
v 96.727081 10.033504 143.921936
v 96.727081 10.183917 143.921936
v 96.624924 10.108710 143.736008
v 96.769073 10.108710 143.778107
v 92.825333 10.184757 142.782608
v 92.825333 10.034517 142.782608
v 92.867325 10.109638 142.638794
v 92.723747 10.109638 142.596863
v 92.681763 10.184757 142.740707
v 92.681763 10.034517 142.740692
v 91.553833 10.097187 146.238678
v 91.697853 10.097187 146.280731
v 91.739838 10.172139 146.136902
v 91.739838 10.022235 146.136902
v 91.595825 10.022235 146.094849
v 91.595825 10.172139 146.094849
v 103.661163 10.972133 149.774002
v 103.703156 10.972133 149.630188
v 103.703156 11.121964 149.630188
v 103.661163 11.121964 149.774002
v 104.791252 11.134165 146.120575
v 104.791252 10.984334 146.120575
v 104.749260 10.984334 146.264389
v 104.749260 11.134165 146.264389
v 77.076881 13.082808 142.592575
v 76.530029 11.179295 144.620895
v 77.680496 13.061217 140.318268
v 89.161491 13.082707 145.848526
v 88.614639 11.179195 147.876862
v 78.352051 10.085063 137.743805
v 77.684418 13.159830 140.303909
v 78.374748 14.420540 141.633942
v 88.521980 14.420455 144.367920
v 78.355972 10.183676 137.729446
v 89.141281 13.066066 143.510635
v 89.654861 10.812497 141.444046
v 77.705391 13.143481 142.627487
v 77.318741 11.797938 144.142746
v 78.249496 13.131993 140.577393
v 88.211945 11.797849 147.077713
v 88.598595 13.088832 145.562424
v 78.761658 10.812586 138.509079
v 89.678574 7.695040 141.451492
v 77.359604 7.764423 144.084229
v 78.785370 7.695129 138.516525
v 88.252808 7.764333 147.019196
v 89.159927 13.077846 143.427292
v 89.165764 13.165423 143.413574
v 79.182579 7.662508 137.065323
v 81.716751 7.698515 139.305069
v 82.075745 7.665891 137.848526
v 79.183495 7.862745 137.061050
v 78.786285 7.895366 138.512253
v 81.717667 7.898752 139.300797
v 82.076660 7.866127 137.844254
v 71.483849 7.685877 136.518219
v 72.651115 7.670794 136.057709
v 71.484764 7.886114 136.513947
v 72.652107 7.871031 136.053482
v 78.983978 7.678819 137.790924
v 81.896248 7.682203 138.576797
v 81.897163 7.882440 138.572525
v 78.984894 7.879056 137.786652
v 71.636482 7.673342 135.960571
v 71.637398 7.873579 135.956284
v 72.899399 5.613715 136.122131
v 78.983978 5.620976 137.790924
v 72.849800 7.654484 135.332138
v 72.452591 7.687104 136.783340
v 72.453506 7.887341 136.779068
v 72.850716 7.854721 135.327866
v 72.700783 7.687418 136.851273
v 72.899399 7.671557 136.122131
v 72.700783 5.629516 136.851273
v 43.055046 3.794395 111.179642
v 41.196709 3.904290 109.478401
v 41.219772 6.205526 109.495018
v 43.078110 6.189665 111.196259
v -31.494427 15.881758 98.845428
v -31.466438 7.889781 98.711540
v -30.609730 14.818304 97.144394
v -37.880928 14.789957 93.336655
v -35.403076 17.065613 95.131165
v -30.765528 17.094213 97.593315
v -30.766296 14.818516 97.592873
v -38.225769 14.789748 93.653778
v -37.308910 14.792187 93.636208
v -37.299751 8.353043 93.641670
v -32.263123 8.493398 84.017845
v -25.673340 8.429828 87.711159
v -25.687969 14.818299 87.746521
v -32.278259 14.792067 84.025047
v -24.921495 14.813582 88.179337
v -32.673538 14.787889 83.801895
v -29.794744 16.974985 84.382164
v -26.681662 17.002787 86.132950
v -32.374660 14.788194 82.929970
v -24.437340 14.813585 87.395409
v -37.299213 8.420698 93.643600
v -30.611460 8.173532 97.145027
v -32.262585 8.561053 84.019775
v -25.672802 8.497483 87.713089
v -20.355724 7.829038 82.751740
v -19.319109 7.829038 81.041344
v -20.355614 7.534054 82.751808
v -19.318998 7.534054 81.041412
v 100.350479 8.680596 87.265045
v 103.849770 8.728414 86.873108
v 100.742554 8.685438 90.766022
v 104.241837 8.733254 90.374084
v 103.665657 10.945995 86.890656
v 100.450874 10.901895 88.432358
v 100.500580 8.682648 87.248230
v 103.695961 8.726312 86.890335
v 100.497520 7.484431 88.431862
v 100.628929 7.486053 89.605263
v 100.519684 7.484905 87.247749
v 103.712311 7.528531 86.890160
v 100.481171 8.682211 88.432037
v 102.039101 8.703670 87.075912
v 100.337341 10.900493 87.418610
v 100.433907 10.901685 88.280838
v 103.729446 7.528743 87.043190
v 102.157448 8.705287 87.062653
v 100.534088 7.485080 87.401299
v 100.383987 7.483029 87.418114
v 100.480553 7.484221 88.280342
v 100.367645 8.680808 87.418289
v 100.464203 8.682001 88.280518
v 104.241264 7.535265 90.222824
v 103.883255 7.530845 87.025963
v 104.224922 8.733046 90.223000
v 103.866905 8.728625 87.026138
v 104.195274 10.952738 90.229111
v 100.644257 7.486242 89.742088
v 100.627907 8.684024 89.742264
v 100.695045 10.904910 90.612671
v 100.741692 7.487445 90.612167
v 100.725342 8.685226 90.612350
v 100.863586 10.907189 90.749390
v 100.910233 7.489726 90.748894
v 100.893890 8.687506 90.749069
v 100.597610 10.903707 89.742584
v 100.870056 7.489200 90.596802
v 104.061653 10.950891 90.391190
v 104.108299 7.533426 90.390694
v 104.091949 8.731206 90.390869
v 100.582283 10.903517 89.605759
v 100.612579 8.683834 89.605438
v 104.045387 10.950689 90.245895
v 104.092033 7.533225 90.245399
v 104.075684 8.731005 90.245575
v 100.695435 10.904915 90.616119
v 100.846764 10.906982 90.599167
v 100.893410 7.489518 90.598671
v 100.877068 8.687299 90.598846
v 100.734940 10.905603 89.588654
v 100.750267 10.905793 89.725479
v 100.781586 7.488140 89.588158
v 100.796913 7.488329 89.724983
v 100.765236 8.685921 89.588333
v 100.780563 8.686110 89.725159
v 100.584175 10.903738 88.264008
v 100.601143 10.903948 88.415527
v 100.630821 7.486274 88.263512
v 100.647789 7.486484 88.415031
v 100.614471 8.684054 88.263687
v 100.631439 8.684264 88.415207
v 100.470284 10.902332 87.248550
v 100.487442 10.902544 87.401794
v 100.517746 8.682859 87.401474
v 103.713097 8.726523 87.043365
v 103.836609 10.948309 87.026459
v 103.682793 10.946207 87.043686
v 101.976257 7.504293 90.629494
v 102.189461 7.507206 90.605614
v 102.451462 7.510787 90.576271
v 102.551788 7.512158 90.565033
v 102.435104 8.708567 90.576447
v 102.535431 8.709938 90.565208
v 102.535431 10.983371 90.565208
v 102.435104 10.981999 90.576447
v 102.056870 7.505910 87.075577
v 102.175110 7.507525 87.062332
v 104.067886 7.533124 88.674675
v 104.056595 7.532985 88.573792
v 102.157448 10.933300 87.062653
v 102.039101 10.931683 87.075912
v 104.051544 8.730904 88.674850
v 104.040245 8.730764 88.573975
v 104.040245 10.963748 88.573975
v 104.051544 10.963887 88.674850
v 74.441154 14.242496 133.278778
v 74.441154 14.242496 133.278778
v 74.441154 14.242496 133.278778
v 74.441154 14.242496 133.278778
v 73.321968 5.618217 136.234421
v 73.316055 7.617493 136.232849
v 75.250961 5.615366 136.764923
v 75.245049 7.614642 136.763351
v 79.183968 7.666105 137.059387
v 82.077133 7.669487 137.842590
v 72.651192 7.674381 136.050812
v 71.637611 7.676925 135.954010
v 72.850060 7.658085 135.325806
v 79.183968 8.669713 137.059387
v 71.637611 8.680532 135.954010
v 72.651192 8.677988 136.050812
v 82.077133 8.673095 137.842590
v 72.850060 8.661693 135.325806
v -27.700544 14.231562 103.017952
v -22.871651 14.178476 94.260521
vn 0.3085 -0.7844 -0.5380
vn 0.4977 0.0036 -0.8673
vn 0.2819 -0.8009 -0.5284
vn 0.4123 -0.7973 0.4407
vn -0.5356 -0.7794 -0.3251
vn 0.0172 -0.9998 -0.0118
vn 0.0176 -0.9998 -0.0108
vn 0.0165 -0.9998 -0.0105
vn -0.3210 -0.7728 0.5475
vn -0.5140 -0.0226 0.8575
vn 0.4879 0.0060 -0.8729
vn 0.4886 0.0066 -0.8725
vn 0.4870 0.0064 -0.8734
vn 0.8794 0.2405 0.4109
vn -0.8708 0.0003 -0.4916
vn -0.8710 0.0004 -0.4913
vn -0.8711 0.0009 -0.4912
vn -0.0089 -0.9994 0.0344
vn -0.8702 0.0005 -0.4927
vn -0.8701 0.0004 -0.4929
vn -0.3221 -0.7599 0.5646
vn 0.8760 -0.0330 0.4813
vn -0.5608 -0.7662 -0.3137
vn 0.1299 -0.8381 -0.5298
vn 0.0497 -0.9144 0.4018
vn 0.8840 0.0590 0.4638
vn 0.8390 -0.0044 0.5441
vn 0.8390 -0.0045 0.5441
vn 0.8754 -0.0003 0.4834
vn -0.8701 0.0002 -0.4928
vn -0.8702 -0.0001 -0.4928
vn -0.8704 0.0002 -0.4924
vn -0.8709 0.0004 -0.4914
vn -0.9357 -0.0148 0.3525
vn 0.4890 0.0216 -0.8720
vn 0.4893 0.0219 -0.8718
vn 0.3698 -0.0052 -0.9291
vn -0.8719 -0.0687 -0.4848
vn -0.8654 -0.0686 -0.4963
vn 0.8829 0.0688 0.4645
vn 0.9062 0.0690 0.4172
vn -0.8676 -0.0687 -0.4926
vn -0.4797 -0.0053 0.8774
vn 0.5064 0.0074 -0.8623
vn -0.9363 -0.0491 0.3477
vn -0.4604 -0.0038 0.8877
vn 0.4923 0.0071 -0.8704
vn 0.4913 0.0072 -0.8710
vn 0.4923 0.0050 -0.8704
vn 0.4904 0.0062 -0.8715
vn 0.4169 -0.8786 0.2328
vn 0.4171 -0.8785 0.2331
vn 0.2473 -0.9591 0.1376
vn 0.4044 -0.8868 0.2238
vn 0.5689 -0.7994 0.1933
vn 0.5681 -0.7998 0.1939
vn 0.2933 0.7958 -0.5298
vn 0.2925 0.7953 -0.5310
vn 0.2924 0.7958 -0.5303
vn 0.3109 0.7795 -0.5438
vn 0.5391 0.7687 0.3442
vn 0.5379 0.7696 0.3440
vn -0.2830 0.8106 0.5126
vn 0.5543 0.7713 0.3127
vn 0.3436 0.7622 -0.5486
vn -0.5898 0.7796 -0.2106
vn -0.5097 0.8001 -0.3164
vn -0.5091 0.8001 -0.3173
vn -0.5283 0.7967 -0.2937
vn -0.5250 0.8092 -0.2636
vn -0.1533 0.9845 -0.0851
vn 0.6859 0.6521 0.3230
vn -0.2932 0.7937 0.5329
vn -0.2769 0.8227 0.4964
vn -0.5250 0.7979 -0.2962
vn 0.4965 0.0081 -0.8680
vn 0.4979 0.0064 -0.8672
vn 0.4966 0.0067 -0.8679
vn 0.8767 0.0688 0.4760
vn -0.4917 -0.0063 0.8707
vn 0.8422 0.0683 0.5348
vn -0.3736 -0.3822 0.8452
vn 0.5257 -0.4067 -0.7471
vn -0.8843 0.0060 -0.4669
vn 0.5708 0.8099 -0.1350
vn 0.9495 -0.0084 -0.3138
vn 0.9494 -0.0084 -0.3139
vn 0.8792 -0.0034 0.4764
vn 0.8792 -0.0035 0.4764
vn 0.4126 0.9107 -0.0206
vn 0.4133 0.9103 -0.0219
vn -0.9426 0.0169 0.3335
vn 0.6170 0.7160 0.3267
vn -0.9540 -0.2563 0.1555
vn -0.9540 -0.2563 0.1554
vn 0.9620 -0.0108 -0.2728
vn 0.1927 0.0077 0.9812
vn 0.9669 -0.0170 -0.2547
vn -0.3373 0.0465 -0.9402
vn 0.9919 -0.1135 -0.0574
vn 0.9918 -0.1139 -0.0577
vn 0.9919 -0.1128 -0.0587
vn 0.2702 -0.0236 0.9625
vn 0.2714 -0.0244 0.9622
vn -0.2650 0.0323 -0.9637
vn 0.8395 -0.0042 0.5434
vn 0.8395 -0.0041 0.5433
vn -0.0899 0.8641 -0.4952
vn 0.0287 -0.9994 0.0216
vn 0.0287 -0.9994 0.0215
vn -0.8470 -0.2804 0.4516
vn -0.0134 -0.9992 0.0383
vn 0.0156 -0.9999 0.0071
vn -0.4639 0.0001 0.8859
vn 0.2589 0.8218 -0.5075
vn 0.2571 0.8228 -0.5069
vn 0.2566 0.8223 -0.5079
vn -0.2271 0.8249 0.5177
vn -0.2280 0.8255 0.5163
vn -0.2278 0.8244 0.5181
vn 0.4810 0.8754 0.0475
vn 0.4822 0.8747 0.0491
vn -0.2499 -0.8219 0.5119
vn 0.2221 -0.8281 -0.5147
vn -0.4810 -0.8754 -0.0475
vn 0.2488 0.8221 -0.5122
vn 0.2492 0.8208 -0.5139
vn 0.2495 0.8214 -0.5129
vn 0.9800 -0.1986 -0.0132
vn 0.9799 -0.1988 -0.0150
vn 0.9764 -0.2000 0.0812
vn 0.4190 -0.0658 -0.9056
vn 0.4179 -0.0661 -0.9061
vn -0.4223 0.0670 0.9040
vn -0.4215 0.0686 0.9042
vn -0.2217 0.8281 0.5149
vn -0.2201 0.8279 0.5158
vn -0.2236 0.8281 0.5140
vn 0.9639 -0.1995 0.1761
vn 0.9643 -0.1986 0.1753
vn -0.3951 -0.0000 0.9186
vn 0.9053 -0.0000 0.4247
vn 0.0001 -1.0000 -0.0000
vn -0.9053 -0.0000 -0.4248
vn -0.3951 -0.0000 0.9187
vn -0.9933 0.0001 -0.1156
vn -0.4397 -0.0000 0.8981
vn -0.0000 1.0000 -0.0000
vn -0.4397 -0.0000 0.8982
vn 0.4397 -0.0000 -0.8982
vn -0.9054 -0.0000 -0.4247
vn 0.4396 -0.0000 -0.8982
vn 0.4397 -0.0000 -0.8981
vn -0.9053 -0.0000 -0.4247
vn -0.9053 0.0003 -0.4247
vn 0.9054 -0.0000 0.4246
vn -0.0000 -1.0000 -0.0000
vn 0.9053 -0.0000 0.4248
vn 0.3950 -0.0000 -0.9187
vn -0.3950 -0.0000 0.9187
vn -0.3915 0.0010 0.9202
vn 0.3915 -0.0009 -0.9202
vn 0.3951 -0.0000 -0.9186
vn 0.9053 0.0009 0.4247
vn 0.3951 -0.0000 -0.9187
vn 0.9053 0.0002 0.4247
vn 0.4283 -0.0031 -0.9036
vn -0.4283 0.0031 0.9036
vn 0.4398 -0.0000 -0.8981
vn 0.9932 -0.0000 0.1161
vn 0.9052 -0.0149 0.4247
vn -0.9054 -0.0000 -0.4246
vn -0.0128 -0.9999 -0.0048
vn -0.0107 -0.9999 -0.0062
vn 0.0001 -1.0000 -0.0001
vn 0.0002 -1.0000 -0.0006
vn 0.0004 -1.0000 -0.0001
vn 0.8691 -0.0147 0.4945
vn 0.8693 -0.0166 0.4941
vn 0.8690 -0.0143 0.4946
vn -0.0010 -1.0000 0.0012
vn 0.0006 -1.0000 0.0001
vn 0.0009 -1.0000 -0.0001
vn 0.0006 -1.0000 0.0002
vn -0.8695 -0.0000 -0.4939
vn 0.0001 -1.0000 0.0001
vn 0.8672 -0.0055 0.4979
vn -0.1327 -0.0000 0.9912
vn 0.0003 -1.0000 0.0001
vn 0.9932 0.0004 0.1161
vn 0.9932 0.0001 0.1161
vn -0.8695 -0.0000 -0.4940
vn -0.9933 0.0005 -0.1156
vn -0.9933 0.0006 -0.1152
vn -0.9933 0.0004 -0.1156
vn -0.9933 0.0003 -0.1156
vn -0.9933 -0.0004 -0.1155
vn -0.1377 -0.0000 0.9905
vn 0.1367 -0.0000 -0.9906
vn 0.1293 -0.0000 -0.9916
vn -0.9933 -0.0003 -0.1155
vn 0.9932 0.0003 0.1161
vn 0.4062 -0.0000 -0.9138
vn 0.9111 -0.0000 0.4122
vn -0.4062 -0.0000 0.9138
vn 0.4361 -0.0000 -0.8999
vn -0.4361 -0.0000 0.8999
vn 0.0059 -1.0000 0.0027
vn 0.8694 -0.0120 0.4940
vn 0.8685 -0.0103 0.4956
vn 0.8692 -0.0116 0.4943
vn 0.8694 -0.0095 0.4941
vn 0.8698 -0.0066 0.4934
vn 0.8690 -0.0073 0.4948
vn -0.0001 1.0000 -0.0006
vn -0.4661 0.0030 0.8847
vn -0.4657 0.0033 0.8850
vn -0.0005 -1.0000 -0.0001
vn -0.0032 -1.0000 -0.0037
vn -0.0018 -1.0000 -0.0017
vn 0.0011 -1.0000 0.0012
vn -0.0001 -1.0000 0.0022
vn 0.0015 -1.0000 0.0010
vn 0.0014 -1.0000 0.0013
vn -0.8695 0.0041 -0.4939
vn 0.4672 -0.0013 -0.8841
vn 0.4684 0.0003 -0.8835
vn 0.8697 -0.0014 0.4936
vn 0.8703 0.0004 0.4925
vn 0.8695 -0.0009 0.4939
vn -0.0016 1.0000 -0.0002
vn -0.8697 -0.0000 -0.4936
vn 0.4600 0.0097 -0.8879
vn 0.8705 0.0028 0.4922
vn 0.8695 0.0021 0.4939
vn 0.0020 1.0000 -0.0003
vn -0.0021 1.0000 -0.0004
vn 0.8688 -0.0196 0.4947
vn 0.8710 -0.0182 0.4910
vn 0.8706 -0.0177 0.4917
vn 0.8688 -0.0198 0.4947
vn -0.8695 0.0018 -0.4939
vn 0.8697 -0.0308 0.4926
vn 0.8701 -0.0297 0.4920
vn 0.8691 -0.0291 0.4937
vn -0.4599 -0.0057 0.8879
vn -0.4605 -0.0037 0.8877
vn 0.8677 0.0065 0.4971
vn 0.8663 0.0051 0.4996
vn 0.8670 0.0057 0.4983
vn 0.8778 -0.0000 0.4790
vn -0.4125 0.0023 0.9110
vn 0.8674 -0.0007 0.4976
vn 0.8667 -0.0000 0.4988
vn 0.8672 -0.0012 0.4980
vn 0.8778 0.0002 0.4790
vn -0.8671 0.0005 -0.4981
vn 0.8667 0.0003 0.4988
vn 0.0012 -1.0000 0.0010
vn 0.8668 -0.0000 0.4987
vn 0.8668 -0.0016 0.4986
vn -0.8671 0.0002 -0.4981
vn 0.3922 -0.0016 -0.9199
vn -0.4087 0.0040 0.9127
vn -0.4083 0.0025 0.9129
vn 0.4097 -0.0020 -0.9122
vn 0.8675 0.0007 0.4974
vn 0.8668 0.0002 0.4987
vn 0.0007 -1.0000 -0.0016
vn -0.0007 1.0000 0.0016
vn 0.9898 -0.0719 0.1231
vn -0.8693 0.0004 -0.4944
vn 0.4292 -0.0000 -0.9032
vn -0.3937 -0.0112 0.9192
vn 0.9053 -0.0001 0.4247
vn -0.4396 -0.0000 0.8982
vn 0.3952 -0.0000 -0.9186
vn -0.3949 -0.0000 0.9187
vn -0.9933 -0.0004 -0.1156
vn -0.9052 0.0002 -0.4250
vn -0.4397 -0.0003 0.8981
vn -0.4398 -0.0000 0.8981
vn 0.9053 -0.0001 0.4248
vn 0.9086 0.0001 0.4177
vn 0.0032 -1.0000 0.0006
vn -0.9933 -0.0002 -0.1157
vn -0.0028 1.0000 -0.0008
vn 0.9932 0.0001 0.1163
vn -0.0003 -1.0000 -0.0001
vn 0.0001 1.0000 0.0001
vn 0.0013 -1.0000 -0.0011
vn 0.3914 -0.0000 -0.9202
vn -0.3914 -0.0000 0.9202
vn -0.0008 1.0000 -0.0001
vn 0.0003 -1.0000 -0.0003
vn 0.9933 0.0002 0.1160
vn -0.0003 1.0000 0.0003
vn -0.9931 -0.0002 -0.1173
vn 0.0010 -1.0000 -0.0013
vn 0.4280 -0.0000 -0.9038
vn -0.0011 1.0000 0.0015
vn -0.4280 -0.0000 0.9038
vn 0.0032 -1.0000 0.0007
vn -0.9932 -0.0002 -0.1160
vn -0.9932 -0.0002 -0.1166
vn 0.0011 -1.0000 -0.0013
vn -0.0003 -1.0000 -0.0002
vn 0.8866 -0.0000 0.4625
vn -0.8866 -0.0000 -0.4625
vn -0.4625 -0.0000 0.8866
vn 0.4624 -0.0000 -0.8866
vn 0.8977 -0.0000 0.4407
vn -0.0019 0.9989 -0.0471
vn -0.0281 0.9977 -0.0616
vn 0.9057 -0.0000 0.4238
vn 0.0149 0.9989 -0.0435
vn -0.0310 0.9973 -0.0660
vn 0.9113 -0.0000 0.4117
vn 0.9981 -0.0000 -0.0613
vn 0.0200 0.9998 0.0034
vn -0.0034 1.0000 -0.0008
vn 0.9980 -0.0000 0.0629
vn 0.0329 0.9995 -0.0006
vn -0.0102 0.9999 -0.0092
vn 0.9867 -0.0000 0.1625
vn -0.0154 0.9998 0.0116
vn -0.0185 0.9998 0.0091
vn -0.0490 0.9965 -0.0675
vn -0.0505 0.9964 -0.0686
vn -0.0494 0.9967 -0.0640
vn -0.0486 0.9967 -0.0657
vn -0.0162 0.9997 0.0183
vn -0.0186 0.9996 0.0214
vn 0.9928 -0.1071 -0.0540
vn 0.9926 -0.1085 -0.0542
vn 0.9929 -0.1061 -0.0529
vn 0.4127 0.9106 -0.0206
vn 0.4115 0.9112 -0.0212
vn -0.2787 -0.0000 -0.9604
vn 0.0340 0.9994 -0.0086
vn -0.3692 0.0064 -0.9293
vn 0.9973 -0.0012 -0.0729
vn 0.4971 0.8137 0.3013
vn 0.5481 0.7676 0.3322
vn -0.0117 0.9999 -0.0071
vn 0.6284 -0.0014 -0.7779
vn 0.6307 -0.0032 -0.7760
vn 0.6306 -0.0000 -0.7761
vn -0.5513 -0.0025 0.8343
vn -0.5549 -0.0023 0.8319
vn -0.5530 -0.0000 0.8332
vn 0.5530 -0.0000 -0.8332
vn 0.5506 -0.0014 -0.8348
vn 0.5549 -0.0022 -0.8319
vn -0.4971 -0.8137 -0.3013
vn -0.5482 -0.7676 -0.3322
vn -0.5456 -0.7695 -0.3321
vn -0.5480 -0.7689 -0.3293
vn 0.0085 -0.9999 0.0077
vn 0.0121 -0.9999 0.0039
vn 0.0117 -0.9999 0.0071
vn -0.5643 -0.0000 0.8255
vn 0.5643 -0.0000 -0.8255
vn -0.6306 -0.0000 0.7761
vn -0.6296 -0.0029 0.7770
vn -0.6330 -0.0009 0.7741
vn 0.8552 -0.0000 0.5183
vn -0.0004 1.0000 -0.0002
vn -0.6245 -0.6943 -0.3576
vn -0.4229 -0.7156 -0.5559
vn -0.0061 -1.0000 0.0069
vn -0.5471 0.6810 -0.4867
vn 0.7412 -0.0166 0.6711
vn 0.5274 0.7145 0.4597
vn -0.5295 0.7117 -0.4617
vn 0.5586 0.6097 -0.5624
vn 0.4294 -0.8136 0.3919
vn 0.5224 0.7146 0.4653
vn -0.4452 -0.7996 -0.4031
vn 0.0148 -0.9999 0.0043
vn -0.4989 0.6194 0.6062
vn -0.6357 0.0011 0.7719
vn -0.7002 0.0025 0.7139
vn 0.7121 -0.0028 -0.7021
vn -0.7487 0.0167 -0.6626
vn -0.6733 0.0019 0.7394
vn 0.6733 -0.0019 -0.7394
vn 0.6541 -0.0015 -0.7564
vn 0.6825 0.0126 -0.7308
vn -0.7487 0.0166 -0.6626
vn -0.6674 0.0212 0.7444
vn 0.7412 -0.0157 0.6711
vn 0.6702 -0.6566 0.3461
vn 0.4176 -0.6782 0.6047
vn -0.0520 0.9986 -0.0000
vn 0.0520 0.9986 -0.0000
vn 0.9813 0.1924 -0.0000
vn -0.0101 0.1942 0.9809
vn -0.9813 0.1924 -0.0000
vn -0.0101 0.1942 -0.9809
vn -0.0000 0.1288 -0.9917
vn 0.0101 0.1942 0.9809
vn -0.0000 0.1288 0.9917
vn 0.0101 0.1942 -0.9809
vn -0.0000 -0.0000 -1.0000
vn -1.0000 -0.0000 -0.0000
vn 1.0000 -0.0000 -0.0000
vn -0.0000 -0.0000 1.0000
vn 0.2305 0.7071 -0.6685
vn -0.2274 0.7092 0.6673
vn -0.0666 0.8701 -0.4884
vn 0.0429 0.8711 0.4893
vn 0.4799 0.8756 -0.0550
vn -0.4980 0.8654 0.0546
vn -0.9937 -0.0116 0.1113
vn 0.9937 0.0119 -0.1113
vn 0.1113 0.0012 0.9938
vn -0.1113 -0.0012 -0.9938
vn 0.0136 -0.9999 -0.0001
vn -0.9937 -0.0136 0.1113
vn 0.2207 0.6571 -0.7208
vn -0.2024 0.7224 0.6612
vn 0.2565 -0.1701 -0.9514
vn 0.9657 -0.0005 0.2598
vn -0.9645 0.0101 -0.2638
vn -0.7427 -0.6400 -0.1971
vn -0.1945 0.7197 0.6665
vn 0.2079 0.6675 -0.7150
vn 0.2073 0.6755 -0.7076
vn -0.1900 0.7283 0.6584
vn 0.7510 0.6303 0.1967
vn -0.2774 0.0419 0.9598
vn 0.9513 -0.0129 0.3079
vn 0.2277 -0.1559 -0.9612
vn 0.2769 -0.1001 -0.9557
vn 0.9667 0.0263 0.2546
vn 0.9776 -0.0489 0.2046
vn 0.1901 -0.7277 -0.6591
vn -0.2063 -0.6771 0.7064
vn -0.2074 -0.6669 0.7157
vn 0.1940 -0.7197 -0.6666
vn -0.0010 1.0000 0.0033
vn -0.2803 -0.0000 0.9599
vn 0.9514 -0.0000 0.3079
vn 0.2802 -0.0000 -0.9599
vn 0.2804 -0.0000 -0.9599
vn 0.9599 -0.0000 0.2803
vn -0.2804 -0.0000 0.9599
vn -0.9599 -0.0000 -0.2803
vn 0.9599 -0.0000 0.2802
vn 0.2803 -0.0000 -0.9599
vn 0.2803 -0.0001 -0.9599
vn 0.2805 -0.0001 -0.9599
vn -0.9514 -0.0000 -0.3080
vn -0.2803 0.0001 0.9599
vn -0.9515 -0.0002 -0.3078
vn -0.9513 -0.0001 -0.3082
vn -0.2802 -0.0000 0.9599
vn -0.9599 -0.0000 -0.2802
vn -0.0011 1.0000 0.0038
vn -0.2802 0.0002 0.9600
vn -0.2803 0.0002 0.9599
vn -0.2800 0.0001 0.9600
vn -0.9514 -0.0000 -0.3079
vn 0.0010 -1.0000 -0.0033
vn 0.9514 0.0001 0.3079
vn -0.9514 -0.0001 -0.3079
vn -0.9600 -0.0000 -0.2802
vn 0.9514 0.0001 0.3078
vn -0.9513 -0.0000 -0.3081
vn -0.9513 -0.0000 -0.3082
vn -0.9514 -0.0000 -0.3078
vn -0.9515 -0.0000 -0.3078
vn 0.9519 -0.0032 0.3064
vn 0.9515 -0.0011 0.3078
vn -0.0009 1.0000 0.0031
vn -0.9514 0.0001 -0.3079
vn 0.9514 -0.0000 0.3080
vn -0.9515 -0.0001 -0.3078
vn 0.9514 0.0002 0.3079
vn 0.9514 -0.0001 0.3080
vn 0.9513 -0.0021 0.3082
vn 0.9599 0.0001 0.2803
vn 0.9599 -0.0001 0.2803
vn 0.1980 0.7079 -0.6780
vn -0.1986 0.7056 0.6802
vn 0.1986 -0.7058 -0.6800
vn -0.2801 -0.0000 0.9600
vn -0.1985 0.7059 0.6799
vn -0.9599 0.0001 -0.2802
vn -0.1986 0.7055 0.6803
vn -0.1981 -0.7079 0.6780
vn 0.1987 -0.7055 -0.6803
vn 0.1980 0.7083 -0.6776
vn -0.1979 -0.7088 0.6771
vn -0.9514 0.0001 -0.3078
vn 0.1978 0.7081 -0.6778
vn -0.1979 -0.7081 0.6778
vn 0.9514 -0.0001 0.3079
vn -0.9514 -0.0001 -0.3080
vn 0.1985 -0.7057 -0.6802
vn 0.2051 0.7079 -0.6759
vn -0.9514 -0.0000 -0.3081
vn -0.2023 -0.7079 0.6767
vn 0.9516 0.0010 0.3074
vn -0.9657 0.0006 -0.2598
vn -0.9672 0.0014 -0.2540
vn -0.9665 0.0011 -0.2565
vn 0.1007 -0.9943 0.0343
vn -0.2572 0.1493 0.9547
vn -0.1833 0.7097 0.6802
vn -0.7509 0.6277 -0.2053
vn -0.1747 0.7410 0.6483
vn 0.1957 0.6590 -0.7262
vn 0.7572 0.6235 0.1947
vn 0.9666 -0.0114 0.2562
vn 0.1940 0.6665 -0.7199
vn 0.2127 -0.7530 -0.6227
vn 0.1769 -0.7331 -0.6567
vn 0.2602 -0.0003 -0.9656
vn -0.9682 -0.0030 -0.2503
vn -0.2601 -0.0166 0.9654
vn 0.1570 -0.7482 -0.6446
vn -0.0127 -0.9999 0.0072
vn -0.1565 -0.6752 0.7209
vn -0.1964 -0.6560 0.7288
vn -0.2003 -0.6708 0.7141
vn 0.9682 0.0033 0.2501
vn -0.9727 -0.0080 -0.2319
vn 0.9724 0.0080 0.2330
vn 0.9677 0.0061 0.2521
vn -0.9676 -0.0061 -0.2524
vn -0.1526 0.7256 0.6710
vn 0.1408 -0.7227 -0.6767
vn -0.0046 -0.9998 0.0212
vn 0.0046 0.9998 -0.0212
vn -0.0026 -0.9998 0.0218
vn -0.2597 0.0218 0.9654
vn 0.9709 0.0007 0.2393
vn 0.2613 -0.0218 -0.9650
vn 0.0953 -0.0216 -0.9952
vn -0.2639 0.0218 0.9643
vn -0.9645 -0.0010 -0.2640
vn 0.0045 0.9998 -0.0212
vn -0.9645 -0.0012 -0.2640
vn -0.0035 -0.9998 0.0212
vn -0.2645 -0.0000 0.9644
vn -0.2640 0.0218 0.9643
vn 0.2639 -0.0218 -0.9643
vn -0.0045 -0.9998 0.0212
vn -0.0047 -0.9998 0.0216
vn -0.0045 -0.9998 0.0209
vn 0.9648 -0.0000 0.2628
vn 0.6752 -0.0019 -0.7377
vn -0.5487 0.4151 0.7257
vn 0.2836 0.3634 -0.8874
vn -0.9352 -0.0687 -0.3474
vn -0.7835 -0.0671 -0.6177
vn -0.6752 0.0019 0.7376
vn -0.6752 0.0014 0.7376
vn 0.1014 -0.8696 -0.4833
vn -0.8871 0.0004 -0.4616
vn 0.4677 -0.0032 -0.8839
vn 0.4916 0.0001 -0.8708
vn -0.8826 0.0028 -0.4702
vn -0.4638 0.0001 0.8860
vn -0.8859 0.0005 -0.4639
vn 0.4903 0.0041 -0.8715
vn 0.4898 0.0013 -0.8718
vn 0.4899 0.0018 -0.8718
vn 0.8860 0.0016 0.4637
vn 0.4890 0.0210 -0.8721
vn 0.4917 0.0059 -0.8707
vn 0.4916 0.0022 -0.8708
vn -0.5521 -0.7620 -0.3385
vn -0.5531 -0.7610 -0.3389
vn 0.5674 -0.7989 0.1996
vn 0.5666 -0.7995 0.1993
vn -0.5348 -0.7653 -0.3582
vn -0.5340 -0.7662 -0.3574
vn 0.5619 -0.8007 0.2076
vn -0.4903 -0.0002 0.8716
vn 0.4917 -0.0000 -0.8708
vn 0.0079 0.9996 0.0285
vn -0.8859 0.0203 -0.4634
vn -0.4644 -0.0216 0.8854
vn 0.8860 -0.0202 0.4632
vn 0.4103 -0.7969 0.4434
vn -0.6328 -0.0001 0.7743
vn 0.0004 -1.0000 0.0002
vn 0.6328 -0.0000 -0.7743
vn -0.8552 -0.0004 -0.5183
vn -0.0136 0.9999 0.0001
vn 0.1113 0.0014 0.9938
vn -0.1113 -0.0014 -0.9938
vn 0.9937 0.0136 -0.1113
vn -0.1114 -0.0000 -0.9938
vn -0.1495 -0.0019 -0.9888
vn -0.1114 -0.0014 -0.9938
vn -0.1304 -0.0003 -0.9915
vn -0.0999 -0.0004 -0.9950
vn -0.0887 -0.0011 -0.9961
vn 0.1114 0.0014 0.9938
vn 0.0137 -0.9999 -0.0001
vn -0.0137 0.9999 0.0001
vn 0.9946 0.0148 -0.1024
vn 0.1112 0.0014 0.9938
vn 0.1114 -0.0000 0.9938
vn 0.9938 -0.0000 -0.1113
vn -0.2652 -0.0000 0.9642
vn -0.2613 -0.0000 0.9653
vn 0.9644 -0.0000 0.2645
vn -0.0951 -0.0000 0.9955
vn -0.2640 -0.0000 0.9645
vn -0.3351 -0.7454 0.5763
vn 0.8736 0.0044 0.4866
vn -0.3523 -0.7699 0.5321
vn -0.4860 -0.0114 0.8739
vn 0.3247 -0.7679 -0.5521
vn -0.7085 -0.6223 -0.3330
vt 0.000000 0.000000
vt 3.688868 0.524339
vt 0.851508 4.009165
vt 0.870946 -2.397454
vt -2.917845 8.206639
vt -3.239301 -7.206639
vt -2.166739 8.206639
vt 0.412527 0.757990
vt 0.038628 0.300675
vt 0.756857 0.300803
vt -0.032311 0.645096
vt 0.445127 -0.217909
vt 1.277302 0.994629
vt 0.126040 0.994629
vt 1.128879 1.379405
vt 0.857774 -0.325768
vt 1.468402 -0.294990
vt 1.468402 0.947426
vt 0.041321 0.585990
vt 1.232862 0.518627
vt 1.009947 0.897415
vt -0.177039 0.897415
vt -0.468402 1.377926
vt -0.032311 -0.813951
vt 0.458221 -0.811992
vt 1.258848 1.465123
vt 1.023447 0.356223
vt 1.626765 1.129518
vt -0.159837 0.356223
vt -0.304145 1.465123
vt -0.635745 1.063334
vt -0.635745 -0.568972
vt -0.229143 -0.568972
vt 1.626765 -0.568972
vt 1.178766 -0.568972
vt 1.005066 0.855478
vt -0.118767 0.854253
vt -0.224750 0.144522
vt 1.173284 0.144522
vt 0.870762 0.449722
vt 0.532886 0.847542
vt 0.101519 0.448377
vt 0.697871 -0.079299
vt 1.235411 -0.076923
vt -0.356946 0.578616
vt -0.125986 0.100545
vt 0.983781 0.101644
vt -0.124889 1.246254
vt -0.016891 0.054832
vt 1.057164 0.054832
vt 0.488350 0.919626
vt 1.025525 1.142914
vt 0.248624 -0.015416
vt 1.122754 -0.013623
vt -0.378307 1.771258
vt -0.735109 1.357695
vt -0.031249 -0.856743
vt 2.402235 -0.918600
vt 1.798481 1.175996
vt 1.211056 1.573775
vt 0.830039 0.274914
vt 0.569734 0.890407
vt -0.076164 0.250813
vt 2.209924 1.771258
vt 1.953804 -0.856743
vt -1.402235 -0.918601
vt -1.264238 1.573775
vt 0.989082 0.464888
vt 0.997094 0.014763
vt 3.504573 0.014763
vt 3.510763 0.464888
vt 4.350492 0.006321
vt 4.341303 0.510933
vt 1.079905 0.510933
vt 1.079905 0.006321
vt -0.120828 0.464888
vt -0.122507 0.014763
vt 2.112457 0.978905
vt -1.112459 0.978905
vt -1.112231 -0.368544
vt 2.112459 -0.368544
vt -0.887313 0.995746
vt -0.887410 0.004210
vt 0.887864 0.004210
vt 0.887960 0.995788
vt -0.857489 0.935104
vt 1.825311 0.935104
vt 1.620212 1.320478
vt -0.639480 1.320478
vt 1.843723 1.441466
vt -0.843849 1.441466
vt 0.545284 0.824244
vt 0.223638 0.400423
vt 0.907584 0.402201
vt 0.093859 -2.523159
vt 0.543753 -2.064273
vt 0.543748 3.033926
vt 0.093859 3.476284
vt -0.857489 -0.327246
vt 1.825311 -0.325418
vt 0.093190 3.475451
vt -0.388302 3.021950
vt -0.388297 -2.075555
vt 0.093190 -2.523159
vt -0.329701 0.510933
vt -0.329701 0.006321
vt 0.491503 0.759140
vt 0.130774 0.324797
vt 0.824785 0.325435
vt 0.001317 0.993310
vt 0.000028 0.000032
vt 0.506495 0.000028
vt 0.507784 0.993310
vt 1.824130 0.993108
vt 1.800494 0.006289
vt 0.000088 0.006289
vt 0.023725 0.993108
vt 0.536546 0.941823
vt 0.535720 0.058177
vt 0.180733 0.058177
vt 0.181559 0.941800
vt -0.883643 0.993725
vt -0.883933 0.006277
vt 0.884194 0.006275
vt 0.884483 0.993678
vt -0.672328 0.978004
vt -0.737235 0.019614
vt 1.672315 0.019594
vt 1.737235 0.978125
vt 1.863755 0.993229
vt 1.790746 0.000015
vt -0.863755 0.000020
vt -0.790758 0.993229
vt -1.465014 0.994717
vt -1.557689 0.000016
vt 2.465008 0.000017
vt 2.557689 0.994718
vt 0.321359 0.410012
vt 0.683109 0.003730
vt 0.683109 0.980557
vt 0.321359 0.648863
vt 0.000351 0.999607
vt 0.000351 0.000655
vt 2.005905 0.000655
vt 2.005905 0.999607
vt 0.622909 0.624199
vt 0.449120 0.981943
vt 0.446648 -0.006350
vt 0.622305 0.382537
vt 0.000596 0.999831
vt 0.000596 0.000185
vt 2.007217 0.000185
vt 2.007217 0.999833
vt -3.345068 0.510933
vt -3.350492 0.006321
vt -2.510763 0.464888
vt -2.510039 0.014763
vt 1.671971 0.001175
vt -0.445135 0.001175
vt 0.621544 1.218182
vt 1.666757 0.006516
vt 0.618293 1.223251
vt -0.446383 0.006518
vt 0.618033 1.224021
vt -0.449241 0.006409
vt 1.685293 0.004951
vt 1.661672 0.004297
vt 0.614344 1.214811
vt -0.434616 0.004295
vt -0.878750 0.990916
vt -0.878957 0.009018
vt 0.879302 0.009017
vt 0.879507 0.990983
vt -0.868557 0.985108
vt -0.868284 0.014826
vt 0.869107 0.014893
vt 0.868832 0.985176
vt -0.360790 0.976576
vt -0.361014 0.014990
vt 1.360790 0.014990
vt 1.361014 0.976576
vt 1.376374 0.008652
vt 1.376052 0.987216
vt -0.376374 0.987216
vt -0.376052 0.008652
vt 1.055129 0.997822
vt 1.055126 0.000866
vt 1.139564 0.000872
vt 1.139563 0.997816
vt 0.999970 0.415034
vt 0.999970 0.507069
vt 0.350489 0.507074
vt 0.350489 0.415039
vt 1.802957 -0.001417
vt 1.802504 0.008337
vt -0.802957 0.008337
vt -0.802496 -0.001416
vt -1.009787 0.824224
vt 2.124867 0.484582
vt 1.926185 0.824228
vt -1.047967 0.809772
vt 2.055505 0.495577
vt 2.062623 -0.000985
vt -1.062623 -0.000986
vt 1.870910 0.812844
vt -1.123733 -0.002205
vt 2.136646 0.003892
vt 0.437988 0.795734
vt 0.202724 0.511882
vt 0.634037 0.510722
vt -0.609427 -0.003975
vt -0.610589 0.004992
vt 1.619569 0.004576
vt 1.622333 -0.004395
vt 0.062803 0.000145
vt 0.061516 0.008560
vt -0.519710 0.008560
vt -0.521601 0.000145
vt 3.028060 0.000083
vt 3.024291 0.011481
vt -1.920362 0.011481
vt -1.919610 0.000082
vt 0.865747 0.000145
vt 0.866751 0.008560
vt 1.473216 0.000145
vt 1.474571 0.008560
vt 0.036269 0.004982
vt -0.640972 0.005355
vt -0.636411 -0.003310
vt 0.040830 -0.003683
vt 1.673491 0.005781
vt 0.800804 0.005112
vt 0.805365 -0.003553
vt 1.678050 -0.002887
vt -1.068652 0.819430
vt 2.068650 0.819430
vt 1.817239 1.152092
vt -0.817097 1.152092
vt 0.427030 0.842624
vt 0.129690 0.451650
vt 0.691722 0.466185
vt -1.068652 0.000549
vt 2.068652 0.000549
vt -0.769655 0.811282
vt -0.566028 1.151579
vt 1.566187 1.151579
vt 1.769655 0.811282
vt 0.426941 0.842793
vt 0.129845 0.459396
vt 0.693883 0.459309
vt 1.769655 0.001517
vt -0.769655 0.001517
vt -1.934054 -0.167376
vt 2.923354 -0.167376
vt 2.934054 1.174867
vt -1.923348 1.174867
vt 1.053860 2.286930
vt 0.154767 2.290877
vt -0.770480 -0.004718
vt 1.665895 0.000671
vt 2.970088 1.770490
vt -1.980737 1.770483
vt -1.970085 0.000178
vt 2.980737 0.000184
vt 0.999936 0.149085
vt 0.878639 0.367406
vt 0.492651 0.213120
vt 0.508418 0.111352
vt -0.758108 1.316698
vt 0.695984 0.000064
vt 0.675039 0.411413
vt 1.711081 1.710075
vt -1.136646 0.820682
vt -1.148076 1.035640
vt -1.149312 -0.039839
vt 2.148075 -0.039838
vt 2.149311 1.035640
vt 0.998046 0.829949
vt 0.998046 0.000673
vt 0.001523 0.000673
vt 0.001523 0.829949
vt 0.124296 0.164674
vt 0.076159 0.660805
vt 0.922437 0.128534
vt 0.317232 0.509477
vt 1.119695 0.473438
vt 0.287512 0.996844
vt 0.000084 0.007829
vt 0.999916 0.007829
vt 0.999916 0.838777
vt 0.000670 0.838777
vt 0.000377 0.000260
vt 0.999916 0.000260
vt 0.999916 0.998966
vt 0.000377 0.998966
vt 0.999963 1.083632
vt 0.000037 1.083625
vt 0.000037 0.954906
vt 0.999963 0.954906
vt 0.350495 0.233492
vt 0.350496 0.138600
vt 0.999970 0.138595
vt 0.999970 0.233492
vt 1.112460 0.999578
vt 0.522508 0.999575
vt 0.521999 -0.004805
vt 1.112460 -0.004805
vt 0.000030 0.233492
vt 0.000030 0.138600
vt -0.171490 -0.004805
vt -0.113882 -0.004805
vt -0.112826 0.999572
vt -0.171490 0.999578
vt -0.055365 0.997822
vt -0.055365 0.000872
vt 0.418380 0.000866
vt 0.418380 0.997822
vt 0.350495 0.777502
vt 0.350495 0.678208
vt 0.999970 0.678203
vt 0.999970 0.777502
vt 0.999963 0.521326
vt 0.000037 0.521331
vt 0.000037 0.412486
vt 0.999963 0.416654
vt 0.753405 0.007540
vt 0.753404 0.992489
vt 0.722151 0.992487
vt 0.722154 0.007538
vt 0.000789 1.058306
vt 0.000046 0.844681
vt 0.999211 0.843353
vt 0.999954 1.056978
vt 0.350488 0.602097
vt 0.000029 0.602078
vt 0.000030 0.507060
vt 0.577068 0.997809
vt 0.577069 0.000866
vt 0.350496 0.985940
vt 0.350495 0.851557
vt 0.999971 0.851563
vt 0.999971 0.985933
vt 0.477127 0.999575
vt 0.476579 -0.004805
vt 0.350503 0.604253
vt 0.350503 0.744399
vt 0.000029 0.744406
vt 0.000030 0.604253
vt 0.999971 1.106356
vt 0.350495 1.106369
vt 0.501890 0.997809
vt 0.501890 0.000866
vt 0.999971 0.602025
vt 0.000032 0.415024
vt 0.999970 0.820976
vt 0.999969 0.944007
vt 0.350501 0.944014
vt 0.350501 0.820945
vt 0.000030 0.944020
vt 0.000030 0.820951
vt 0.350501 1.066137
vt 0.999969 1.066125
vt 0.000030 1.066137
vt 0.350502 0.870011
vt 0.000029 0.870011
vt 0.999971 0.744413
vt 0.999971 0.870011
vt 0.000029 0.985940
vt 0.000029 0.851563
vt 0.999971 0.604260
vt 0.999970 0.042924
vt 0.350495 0.042928
vt 0.000030 0.042919
vt 0.999970 0.919165
vt 0.999969 1.013381
vt 0.350491 1.013367
vt 0.350492 0.919151
vt 0.000030 1.013362
vt 0.000030 0.919146
vt 0.350495 0.576843
vt 0.000031 0.678208
vt 0.000030 0.576833
vt 0.999970 0.576843
vt 0.999963 0.674260
vt 0.999962 0.759593
vt 0.000037 0.759585
vt 0.000038 0.674252
vt 0.000031 0.777502
vt 0.999970 0.803703
vt 0.999954 0.926668
vt 0.350500 0.926060
vt 0.350515 0.803108
vt 0.000046 0.925738
vt 0.000061 0.802779
vt 0.350485 1.048381
vt 0.999939 1.048977
vt 0.000030 1.048059
vt 0.999963 0.873652
vt 0.999963 0.972242
vt 0.000038 0.972242
vt 0.000037 0.873652
vt 0.029250 0.007511
vt 0.060903 0.007512
vt 0.060900 0.992461
vt 0.029247 0.992461
vt 0.000037 0.000041
vt 0.999963 0.000037
vt 0.999963 0.069762
vt 0.000037 0.069762
vt 1.171487 -0.004805
vt 1.171490 0.999578
vt 0.000038 0.587139
vt 0.999962 0.587143
vt -0.139564 0.997816
vt -0.139564 0.000872
vt 0.350492 0.824155
vt 0.999970 0.824169
vt 0.501632 0.000872
vt 0.501632 0.997822
vt -0.009995 0.994010
vt -0.009992 0.008264
vt 0.034118 0.008265
vt 0.034118 0.994010
vt 0.000037 0.828123
vt 0.999962 0.828136
vt 0.966306 0.008265
vt 1.009993 0.008264
vt 1.009995 0.994009
vt 0.966304 0.994010
vt 0.000037 0.629324
vt 0.999963 0.629319
vt 0.531284 0.994010
vt 0.531285 0.008265
vt 0.344848 0.008265
vt 0.406994 0.008265
vt 0.469139 0.008265
vt 0.469138 0.994010
vt 0.000045 0.198659
vt 0.000719 0.000045
vt 0.999955 0.000045
vt 0.999281 0.198674
vt 0.000118 0.728641
vt 0.000043 0.546832
vt 0.999882 0.545712
vt 0.999957 0.727507
vt 0.407269 0.992475
vt 0.407273 0.007526
vt 0.375781 0.992474
vt 0.375784 0.007524
vt 0.000792 0.999613
vt 0.999823 0.999613
vt 0.999823 0.000102
vt 0.000792 0.000102
vt 2.587529 0.000098
vt 6.095603 -0.000085
vt 6.097005 0.999599
vt 2.588930 0.999790
vt 1.586080 0.000725
vt 1.586068 0.997929
vt 0.663698 0.997929
vt 0.663710 0.000725
vt -0.586080 0.997929
vt -0.586080 0.000725
vt -5.095603 0.999592
vt -5.097005 -0.000093
s 0
usemtl None.001
f 1/1/1 2/1/1 3/1/1 4/1/1
f 750/1/2 6/1/2 7/1/2 747/1/2
f 9/1/3 10/1/3 2/1/3 1/1/3
f 12/1/4 13/1/4 14/1/4 739/1/4
f 6/1/5 15/1/5 16/1/5 17/1/5
f 18/1/6 19/1/7 20/1/8 21/1/6
f 869/1/9 30/1/9 31/1/9
f 4/1/10 32/1/10 33/1/10 868/1/10
f 34/1/11 35/1/11 36/1/12 19/1/13
f 67/2/14 9/3/14 31/4/14
f 25/1/15 5/1/16 8/1/17
f 37/1/18 38/1/18 12/1/18 11/1/18
f 25/1/19 39/1/20 22/1/20 40/1/20
f 7/1/21 41/1/21 29/1/21 28/1/21
f 6/1/22 17/1/22 7/1/22
f 750/1/23 15/1/23 6/1/23
f 736/1/24 38/1/24 37/1/24
f 26/1/25 40/1/25 42/1/25
f 31/4/26 9/3/26 868/5/26 869/6/26
f 44/1/27 869/1/28 43/1/28
f 9/3/29 1/7/29 868/5/29
f 39/1/30 25/1/31 8/1/32 45/1/30
f 14/1/33 39/1/33 45/1/33
f 4/1/34 736/1/34 737/1/34 32/1/34
f 7/1/35 47/1/35 747/1/36
f 26/1/37 42/1/37 48/1/37
f 49/1/38 27/1/38 35/1/38 34/1/38
f 13/1/39 50/1/39 51/1/39 52/1/39
f 15/1/40 53/1/40 54/1/40 16/1/40
f 30/1/41 55/1/41 56/1/41 10/1/41
f 42/1/42 24/1/42 57/1/42 48/1/42
f 38/1/43 58/1/43 59/1/43 12/1/43
f 41/1/44 60/1/44 61/1/44 29/1/44
f 3/1/45 62/1/45 58/1/45 38/1/45
f 12/1/46 59/1/46 50/1/46 13/1/46
f 19/1/47 36/1/48 63/1/49 20/1/50
f 25/1/51 49/1/52 34/1/52 5/1/52
f 40/1/53 22/1/53 24/1/53 42/1/53
f 14/1/54 13/1/54 52/1/54 39/1/54
f 751/1/55 19/1/56 18/1/55
f 64/8/57 63/9/58 36/10/59
f 55/11/60 65/12/60 66/13/60 67/14/60
f 64/15/61 54/16/61 53/17/61 63/18/62
f 58/19/63 56/20/63 67/21/63 66/22/63
f 64/15/64 66/23/64 54/16/64
f 61/24/65 60/25/65 65/12/65 55/11/65
f 66/26/66 23/27/66 59/28/66
f 26/29/67 64/30/67 36/31/68 35/32/67
f 27/33/69 26/29/69 35/32/69
f 50/34/70 59/28/70 23/27/70 51/35/70
f 23/36/71 26/37/71 48/38/71 57/39/71
f 55/40/72 67/41/72 56/42/72
f 62/43/73 68/44/73 56/20/73 58/19/73
f 58/19/74 66/22/74 59/45/74
f 23/27/75 66/26/75 64/30/75 26/29/75
f 20/1/76 63/1/77 53/1/78 15/1/78
f 29/1/79 61/1/79 55/1/79 30/1/79
f 2/1/80 68/1/80 62/1/80 3/1/80
f 10/1/81 56/1/81 68/1/81 2/1/81
f 25/1/82 40/1/82 42/1/82 49/1/82
f 22/1/83 39/1/83 52/1/83 24/1/83
f 17/1/84 65/1/84 60/1/84 41/1/84 7/1/84
f 69/46/85 70/47/85 71/48/85
f 7/1/86 28/1/86 44/1/87 72/1/86 47/1/86
f 43/1/88 73/1/88 74/1/88 44/1/89
f 78/1/90 79/1/91 80/1/90 81/1/90
f 47/1/92 75/1/92 43/1/92
f 82/49/93 69/50/93 71/51/93
f 44/1/94 82/1/95 71/1/95 72/1/95
f 83/1/96 74/1/96 73/1/96 77/1/96
f 84/1/97 47/1/97 83/1/97
f 84/1/98 74/1/98 83/1/98
f 75/1/99 47/1/99 81/1/99 76/1/99
f 79/1/100 85/1/101 86/1/102 80/1/102
f 77/1/103 85/1/104 87/1/103 83/1/103
f 81/1/105 80/1/105 86/1/105 76/1/105
f 28/1/106 869/1/106 44/1/107
f 71/52/108 70/53/108 88/54/108
f 74/1/109 69/1/109 82/1/109 44/1/110
f 72/1/111 71/1/111 88/1/111 47/1/111
f 47/1/112 88/1/112 70/1/112 84/1/112
f 84/1/113 70/1/113 69/1/113 74/1/113
f 745/1/114 744/1/114 739/1/114
f 89/55/115 90/56/116 91/57/117
f 92/58/118 93/59/119 89/60/120
f 90/61/121 89/62/122 93/63/121
f 94/1/123 95/1/123 96/1/123 97/1/123 98/1/123
f 99/1/124 94/1/124 98/1/124 100/1/124 101/1/124
f 97/1/125 100/1/125 98/1/125
f 102/64/126 89/55/127 91/57/128 103/65/126
f 92/1/129 101/1/130 100/1/130 93/1/130
f 93/1/131 100/1/131 97/1/131 90/1/131
f 91/1/132 96/1/133 95/1/133 103/1/133
f 104/1/134 99/1/134 101/1/134 92/1/135
f 104/66/136 92/58/137 89/60/138 102/67/136
f 90/1/139 97/1/139 96/1/139 91/1/140
f 105/1/141 106/1/141 107/1/141 108/1/141
f 109/1/142 110/1/142 111/1/142 112/1/142
f 113/1/141 114/1/141 115/1/141
f 116/1/143 117/1/143 118/1/143 119/1/143
f 120/1/144 121/1/144 122/1/144
f 123/1/145 124/1/145 125/1/145 126/1/145
f 127/1/146 128/1/146 121/1/146 120/1/146
f 129/1/142 130/1/142 131/1/142 132/1/142
f 133/1/147 134/1/147 119/1/147
f 135/1/142 136/1/142 137/1/142 138/1/142
f 133/1/148 139/1/148 140/1/148 141/1/148
f 130/1/149 139/1/149 142/1/149 131/1/149
f 143/1/150 140/1/150 129/1/150 132/1/150
f 144/1/151 145/1/151 146/1/151 147/1/151
f 148/1/142 149/1/142 150/1/142 151/1/142
f 141/1/152 116/1/152 152/1/152
f 151/1/153 150/1/153 153/1/153 154/1/153
f 117/1/154 155/1/155 118/1/154
f 156/1/149 157/1/149 158/1/149 159/1/149
f 138/1/150 137/1/150 160/1/150 161/1/150
f 161/1/154 160/1/154 157/1/154 156/1/154
f 142/1/142 162/1/156 143/1/142
f 139/1/148 130/1/148 129/1/148 140/1/148
f 163/1/144 164/1/144 124/1/144 123/1/144
f 122/1/157 166/1/157 165/1/157 120/1/157
f 192/1/157 115/1/157 167/1/157 191/1/157
f 111/1/145 110/1/145 168/1/145 169/1/145
f 170/1/148 171/1/148 172/1/148 168/1/148
f 169/1/158 173/1/158 174/1/158
f 171/1/148 175/1/148 113/1/148 172/1/148
f 112/1/159 174/1/159 170/1/159 109/1/159
f 168/1/160 172/1/160 166/1/160 122/1/160
f 172/1/160 192/1/160 166/1/160
f 172/1/161 113/1/161 115/1/161 192/1/161
f 175/1/159 167/1/159 176/1/159
f 175/1/162 171/1/162 191/1/162 167/1/162
f 171/1/163 165/1/163 191/1/163
f 177/1/154 178/1/154 179/1/154 180/1/154
f 181/1/164 182/1/164 183/1/164 184/1/164
f 185/1/142 186/1/142 187/1/142 188/1/142
f 184/1/163 183/1/163 189/1/163 190/1/163
f 110/1/148 109/1/148 170/1/148 168/1/148
f 188/1/165 187/1/165 164/1/165 163/1/165
f 171/1/165 170/1/165 120/1/165 165/1/165
f 170/1/163 174/1/163 120/1/163
f 193/1/159 194/1/159 195/1/159 196/1/159
f 168/1/160 122/1/160 169/1/160
f 108/1/166 107/1/166 197/1/166 198/1/166
f 199/1/148 200/1/148 142/1/148 201/1/148
f 111/1/157 169/1/157 174/1/157 112/1/157
f 202/1/144 203/1/144 106/1/144 105/1/144
f 180/1/160 179/1/160 204/1/160 205/1/160
f 143/1/157 132/1/157 131/1/157 142/1/157
f 116/1/167 141/1/167 140/1/167 117/1/167
f 119/1/168 118/1/168 139/1/168 133/1/168
f 206/1/149 207/1/149 149/1/149 148/1/149
f 117/1/169 140/1/169 143/1/169
f 118/1/147 142/1/147 139/1/147
f 208/1/170 174/1/170 173/1/170 209/1/170
f 166/1/171 210/1/171 165/1/171
f 191/1/172 211/1/172 192/1/172
f 201/1/148 142/1/148 118/1/148
f 212/1/173 210/1/174 211/1/174 213/1/174
f 162/1/175 214/1/176 155/1/177
f 215/1/148 201/1/148 118/1/148 216/1/148
f 215/1/178 217/1/179 214/1/180 201/1/178
f 115/1/142 218/1/142 167/1/142
f 219/1/157 220/1/157 221/1/157 222/1/181
f 223/1/182 214/1/183 162/1/184 224/1/182
f 213/1/185 211/1/185 191/1/185 225/1/185
f 176/1/154 226/1/154 114/1/154
f 121/1/186 128/1/186 209/1/186 173/1/186
f 152/1/144 220/1/144 134/1/144
f 227/1/187 228/1/187 167/1/187 218/1/187
f 119/1/142 221/1/142 116/1/142
f 228/1/148 229/1/148 176/1/148 167/1/148
f 230/1/188 231/1/188 232/1/188 233/1/188
f 234/1/189 235/1/189 236/1/189 237/1/189
f 233/1/190 232/1/190 238/1/190 239/1/190
f 142/1/170 200/1/170 224/1/170 162/1/191
f 200/1/170 236/1/170 224/1/170
f 200/1/170 208/1/170 237/1/170 236/1/170
f 208/1/170 209/1/170 237/1/170
f 120/1/148 174/1/148 208/1/148 127/1/148
f 213/1/192 225/1/192 240/1/192
f 127/1/148 208/1/148 200/1/148 199/1/148
f 241/1/185 213/1/185 240/1/185 242/1/185
f 201/1/193 214/1/194 223/1/193 199/1/193
f 199/1/195 223/1/195 235/1/195
f 199/1/196 235/1/196 234/1/196 127/1/196
f 127/1/196 234/1/196 128/1/196
f 243/1/197 244/1/197 231/1/197 230/1/197
f 245/1/198 246/1/198 247/1/198 248/1/198
f 249/1/199 250/1/199 244/1/199 243/1/199
f 251/1/200 252/1/200 253/1/200 254/1/200
f 254/1/201 253/1/201 255/1/201 256/1/201
f 248/1/202 247/1/202 252/1/202 251/1/202
f 257/1/203 258/1/203 259/1/203 260/1/203
f 260/1/204 259/1/204 261/1/204 262/1/204
f 262/1/205 261/1/205 263/1/205 264/1/205
f 257/1/157 260/1/157 262/1/157 264/1/157
f 259/1/148 258/1/148 263/1/148 261/1/148
f 265/1/206 266/1/206 267/1/206 268/1/206
f 268/1/204 267/1/204 269/1/204 270/1/204
f 270/1/207 269/1/207 271/1/207 272/1/207
f 265/1/208 268/1/208 270/1/208 272/1/208
f 165/1/209 210/1/209 212/1/210 273/1/211
f 273/1/212 212/1/213 274/1/214
f 165/1/148 273/1/215 225/1/148 191/1/148
f 225/1/216 273/1/217 275/1/216 276/1/216
f 217/1/218 212/1/219 213/1/220 241/1/220
f 214/1/221 217/1/222 241/1/223 155/1/224
f 240/1/225 225/1/225 276/1/225 277/1/225
f 274/1/226 240/1/227 277/1/227 278/1/227
f 273/1/228 274/1/229 278/1/230 275/1/230
f 279/1/231 280/1/148 281/1/148 282/1/148
f 155/1/232 241/1/185 216/1/185 118/1/185
f 241/1/185 242/1/185 216/1/185
f 215/1/233 216/1/233 283/1/233 284/1/233
f 285/1/234 215/1/235 284/1/235 286/1/235
f 274/1/236 285/1/237 242/1/148 240/1/148
f 274/1/238 212/1/239 217/1/240 285/1/241
f 216/1/242 242/1/242 287/1/242 283/1/242
f 285/1/243 217/1/244 215/1/245
f 242/1/246 285/1/247 286/1/246 287/1/246
f 222/1/248 279/1/249 282/1/250 227/1/250
f 227/1/251 282/1/251 228/1/251
f 226/1/157 288/1/157 227/1/157 218/1/157
f 228/1/252 289/1/252 290/1/252 229/1/252
f 222/1/253 291/1/254 279/1/255
f 292/1/256 293/1/256 289/1/256
f 290/1/257 294/1/257 295/1/257
f 296/1/258 297/1/258 298/1/258
f 288/1/157 219/1/157 222/1/259 227/1/157
f 119/1/148 134/1/148 299/1/148 291/1/148
f 221/1/260 119/1/260 291/1/260 222/1/261
f 229/1/257 290/1/257 295/1/257 281/1/257
f 282/1/256 292/1/256 289/1/256 228/1/256
f 300/1/262 301/1/262 302/1/262
f 281/1/263 295/1/263 292/1/263 282/1/263
f 280/1/262 300/1/262 302/1/262 299/1/262
f 279/1/264 298/1/265 300/1/265 280/1/265
f 299/1/266 302/1/266 296/1/266 291/1/266
f 291/1/258 296/1/258 298/1/258 279/1/267
f 298/1/268 297/1/268 293/1/268 292/1/268
f 295/1/269 300/1/269 298/1/269 292/1/269
f 294/1/270 293/1/270 297/1/270 301/1/270
f 303/1/148 304/1/148 305/1/148 306/1/148
f 304/1/271 307/1/271 308/1/271 305/1/271
f 306/1/272 309/1/272 310/1/272 303/1/272
f 305/1/273 308/1/273 309/1/273 306/1/273
f 303/1/274 310/1/274 307/1/274 304/1/274
f 108/1/275 198/1/275 311/1/275
f 312/1/141 105/1/141 108/1/141
f 313/1/202 248/1/202 251/1/202
f 254/1/201 256/1/201 314/1/201
f 315/1/201 243/1/201 230/1/201
f 233/1/202 239/1/202 316/1/202
f 151/1/153 154/1/153 317/1/153
f 318/1/158 148/1/158 151/1/158
f 319/1/152 138/1/152 161/1/152
f 156/1/276 159/1/276 320/1/276
f 321/1/160 180/1/160 205/1/160 322/1/160
f 323/1/163 184/1/163 190/1/163 324/1/163
f 325/1/277 188/1/277 163/1/277
f 123/1/278 126/1/278 326/1/278
f 128/1/198 314/1/198 313/1/198 209/1/198
f 237/1/200 251/1/200 254/1/200 234/1/200
f 234/1/201 254/1/201 314/1/201 128/1/201
f 209/1/202 313/1/202 251/1/202 237/1/202
f 235/1/188 230/1/188 233/1/188 236/1/188
f 236/1/202 233/1/202 316/1/202 224/1/202
f 223/1/279 315/1/279 230/1/279 235/1/279
f 224/1/199 316/1/199 315/1/199 223/1/199
f 117/1/154 317/1/154 327/1/154 155/1/280
f 162/1/275 318/1/142 151/1/142 143/1/142
f 143/1/153 151/1/153 317/1/153 117/1/153
f 155/1/281 327/1/147 318/1/147 162/1/282
f 221/1/142 320/1/142 319/1/142 116/1/142
f 220/1/276 156/1/276 320/1/276 221/1/276
f 116/1/152 319/1/152 161/1/152 152/1/152
f 152/1/154 161/1/154 156/1/154 220/1/154
f 122/1/141 312/1/141 108/1/141 169/1/141
f 173/1/165 311/1/165 328/1/165 121/1/165
f 169/1/283 108/1/283 311/1/283 173/1/283
f 121/1/144 328/1/144 312/1/144 122/1/144
f 211/1/154 324/1/154 321/1/154 192/1/154
f 166/1/284 322/1/284 323/1/284 210/1/284
f 210/1/163 323/1/163 324/1/163 211/1/163
f 192/1/145 321/1/145 322/1/145 166/1/145
f 114/1/141 123/1/141 326/1/141 115/1/141
f 226/1/154 163/1/154 123/1/154 114/1/154
f 115/1/142 326/1/142 325/1/142 218/1/142
f 218/1/163 325/1/163 163/1/163 226/1/163
f 193/1/285 196/1/285 256/1/285 245/1/285
f 328/1/286 314/1/286 256/1/286 196/1/286
f 311/1/287 313/1/287 314/1/287 328/1/287
f 198/1/288 248/1/288 313/1/288 311/1/288
f 202/1/289 105/1/289 205/1/289 181/1/289
f 322/1/145 205/1/145 105/1/145 312/1/145
f 323/1/165 328/1/165 196/1/165 184/1/165
f 328/1/290 323/1/290 322/1/290 312/1/290
f 185/1/291 188/1/291 190/1/291 177/1/291
f 188/1/292 325/1/292 324/1/292 190/1/292
f 326/1/293 126/1/293 180/1/293 321/1/293
f 326/1/294 321/1/294 324/1/294 325/1/294
f 206/1/295 148/1/295 239/1/295 249/1/295
f 316/1/296 239/1/296 148/1/296 318/1/296
f 327/1/297 315/1/297 316/1/297 318/1/297
f 243/1/298 315/1/298 327/1/298 147/1/298
f 144/1/299 147/1/299 159/1/299 135/1/299
f 138/1/300 319/1/300 317/1/300 154/1/300
f 317/1/301 319/1/301 320/1/301 327/1/301
f 320/1/302 159/1/302 147/1/302 327/1/302
f 198/1/303 193/1/303 245/1/303 248/1/303
f 256/1/198 255/1/198 246/1/198 245/1/198
f 198/1/163 197/1/163 194/1/163 193/1/163
f 246/1/304 194/1/304 193/1/304 245/1/304
f 147/1/295 206/1/295 249/1/295 243/1/295
f 239/1/199 238/1/199 250/1/199 249/1/199
f 147/1/149 146/1/149 207/1/149 206/1/149
f 207/1/305 250/1/305 249/1/305 206/1/305
f 154/1/306 144/1/306 135/1/306 138/1/306
f 154/1/154 153/1/154 145/1/154 144/1/154
f 159/1/158 158/1/158 136/1/158 135/1/158
f 136/1/302 145/1/302 144/1/302 135/1/302
f 196/1/307 202/1/307 181/1/307 184/1/307
f 196/1/144 195/1/144 203/1/144 202/1/144
f 205/1/164 204/1/164 182/1/164 181/1/164
f 182/1/145 203/1/145 202/1/145 181/1/145
f 126/1/291 185/1/291 177/1/291 180/1/291
f 126/1/158 125/1/158 186/1/158 185/1/158
f 190/1/172 189/1/172 178/1/172 177/1/172
f 178/1/292 186/1/292 185/1/292 177/1/292
f 329/1/308 330/1/308 331/1/308 332/1/308
f 333/1/309 334/1/309 335/1/309 336/1/309
f 334/1/310 329/1/310 332/1/310 335/1/310
f 330/1/311 333/1/311 336/1/311 331/1/311
f 337/1/312 340/1/312 339/1/312 338/1/312
f 340/1/313 342/1/313 341/1/313 339/1/313
f 342/1/314 344/1/314 343/1/314 341/1/314
f 344/1/315 346/1/315 345/1/315 343/1/315
f 346/1/316 348/1/316 347/1/316 345/1/316
f 348/1/317 350/1/317 349/1/317 347/1/317
f 350/1/318 352/1/318 351/1/318 349/1/318
f 353/1/319 338/1/319 339/1/319 354/1/319
f 354/1/320 339/1/320 341/1/320 355/1/320
f 355/1/321 341/1/321 343/1/321 356/1/321
f 356/1/322 343/1/322 345/1/322 357/1/322
f 357/1/323 345/1/323 347/1/323 358/1/323
f 358/1/324 347/1/324 349/1/324 359/1/324
f 359/1/325 349/1/325 351/1/325 360/1/325
f 361/1/326 362/1/327 338/1/327 353/1/327
f 363/1/328 337/1/328 338/1/328 362/1/329
f 43/1/330 363/1/330 362/1/331 73/1/330
f 77/1/332 73/1/332 362/1/332 361/1/333
f 87/1/334 85/1/335 79/1/336
f 83/1/337 87/1/337 79/1/338 78/1/337
f 78/1/339 365/1/339 364/1/339 79/1/339
f 366/1/340 47/1/340 84/1/340
f 81/1/341 47/1/341 366/1/341
f 83/1/342 78/1/342 81/1/342 366/1/342 84/1/342
f 376/1/343 369/1/343 368/1/343 367/1/343
f 370/1/344 375/1/344 372/1/344 371/1/344
f 375/1/345 376/1/345 367/1/345 372/1/345
f 372/1/346 374/1/347 373/1/348 371/1/348
f 375/1/349 378/1/350 377/1/351 376/1/351
f 367/1/352 379/1/352 374/1/353 372/1/354
f 377/1/355 379/1/355 381/1/355 380/1/355
f 382/1/356 373/1/356 374/1/357 378/1/358
f 378/1/359 374/1/360 379/1/361 377/1/361
f 376/1/362 377/1/362 380/1/362 369/1/362
f 368/1/363 381/1/363 379/1/363 367/1/363
f 370/1/364 382/1/364 378/1/365 375/1/366
f 369/1/367 380/1/367 381/1/367 368/1/367
f 371/1/368 761/1/368 760/1/368 370/1/368
f 435/1/409 436/1/409 434/1/409 433/1/409
f 431/1/410 432/1/410 436/1/410 435/1/410
f 437/158/411 438/159/411 441/160/411
f 439/161/412 441/162/412 440/163/412
f 441/164/413 439/165/413 437/166/413
f 440/167/414 441/168/414 438/169/414
f 438/170/415 444/171/415 445/172/415 440/173/415
f 439/174/416 442/175/416 443/176/416 437/177/416
f 440/178/417 445/179/417 442/180/417 439/181/417
f 437/182/418 443/183/418 444/184/418 438/185/418
f 780/1/419 775/1/419 451/1/419 788/1/419
f 796/186/420 795/187/420 453/188/420 766/189/420
f 802/190/420 807/191/420 809/192/420 804/193/420
f 458/1/421 459/1/421 457/1/421 456/1/421
f 454/1/422 455/1/422 459/1/422 458/1/422
f 462/194/423 465/195/423 687/196/423 461/197/423
f 460/1/424 686/1/424 685/1/424 470/1/424
f 467/1/425 462/1/425 465/1/425 466/1/425
f 468/1/426 471/1/426 469/1/426
f 467/198/427 477/199/427 475/200/427
f 467/201/428 476/202/428 474/203/428 462/204/428
f 467/201/429 475/205/429 476/202/429
f 472/206/430 473/207/430 477/199/430 467/198/430
f 475/208/431 477/209/431 476/210/431
f 472/211/432 478/212/432 480/213/432 473/214/432
f 476/215/433 471/216/433 479/217/433 474/218/433
f 467/1/434 466/1/434 704/1/434 705/1/434
f 474/219/435 479/220/435 465/221/435 462/222/435
f 477/223/436 469/224/436 471/216/436 476/215/436
f 473/225/437 480/226/437 469/224/437 477/223/437
f 478/1/438 466/1/438 469/1/438 480/1/438
f 466/1/439 471/1/439 468/1/439
f 466/1/440 465/1/440 479/1/440 471/1/440
f 466/1/441 468/1/441 469/1/441
f 482/1/148 484/1/148 541/1/148 540/1/148
f 485/1/148 488/1/148 518/1/148
f 583/1/442 518/1/442 488/1/442 578/1/442
f 486/1/157 487/1/157 675/1/157 674/1/157
f 537/1/443 486/1/443 485/1/443
f 506/1/148 493/1/148 496/1/148
f 494/1/157 495/1/157 679/1/157 680/1/157
f 612/1/444 494/1/444 493/1/444 579/1/444
f 496/1/445 495/1/445 502/1/445
f 629/1/446 627/1/446 549/1/446 550/1/446
f 648/1/447 647/1/447 577/1/447 572/1/447
f 640/1/448 639/1/448 566/1/448 567/1/448
f 497/1/157 498/1/157 513/1/157 512/1/157
f 646/1/449 645/1/449 571/1/449 576/1/449
f 499/1/157 500/1/157 515/1/157 514/1/157
f 654/1/450 653/1/450 575/1/450 570/1/450
f 501/1/157 502/1/157 517/1/157 516/1/157
f 489/1/445 497/1/445 490/1/445
f 489/1/451 505/1/451 498/1/451 497/1/451
f 505/1/446 499/1/446 498/1/446
f 505/1/452 504/1/452 500/1/452 499/1/452
f 504/1/453 503/1/453 501/1/453 500/1/453
f 503/1/451 496/1/451 502/1/451 501/1/451
f 491/1/148 511/1/148 489/1/148
f 511/1/148 510/1/148 505/1/148 489/1/148
f 510/1/148 509/1/148 505/1/148
f 509/1/148 508/1/148 504/1/148 505/1/148
f 508/1/148 507/1/148 503/1/148 504/1/148
f 507/1/148 506/1/148 496/1/148 503/1/148
f 605/1/454 491/1/454 492/1/454 624/1/454
f 512/1/455 513/1/455 510/1/455 511/1/455
f 618/1/456 525/1/456 522/1/456 597/1/456
f 514/1/455 515/1/455 508/1/455 509/1/455
f 614/1/457 527/1/457 520/1/457 589/1/457
f 516/1/455 517/1/455 506/1/455 507/1/455
f 627/1/447 626/1/447 548/1/447 549/1/447
f 524/1/157 525/1/157 533/1/157 532/1/157
f 658/1/458 657/1/458 564/1/458 565/1/458
f 526/1/157 527/1/157 535/1/157 534/1/157
f 652/1/459 651/1/459 569/1/459 574/1/459
f 528/1/157 529/1/157 537/1/157 536/1/157
f 605/1/460 603/1/460 511/1/460 491/1/460
f 523/1/451 522/1/451 525/1/451 524/1/451
f 597/1/442 522/1/442 521/1/442 595/1/442
f 521/1/452 520/1/452 527/1/452 526/1/452
f 589/1/442 520/1/442 519/1/442 587/1/442
f 519/1/451 518/1/451 529/1/451 528/1/451
f 481/1/443 532/1/443 482/1/443
f 532/1/455 533/1/455 531/1/455 482/1/455
f 533/1/461 534/1/461 531/1/461
f 534/1/462 535/1/462 530/1/462 531/1/462
f 535/1/463 536/1/463 530/1/463
f 536/1/443 537/1/443 485/1/443 530/1/443
f 482/1/148 523/1/148 484/1/148
f 482/1/148 531/1/148 522/1/148 523/1/148
f 531/1/148 521/1/148 522/1/148
f 531/1/148 530/1/148 520/1/148 521/1/148
f 530/1/148 519/1/148 520/1/148
f 530/1/148 485/1/148 518/1/148 519/1/148
f 610/1/464 529/1/464 518/1/464 583/1/464
f 483/1/157 481/1/157 539/1/157 538/1/157
f 491/1/148 489/1/148 544/1/148 545/1/148
f 490/1/157 492/1/157 543/1/157 542/1/157
f 484/1/451 483/1/451 538/1/451 541/1/451
f 481/1/443 482/1/443 540/1/443 539/1/443
f 492/1/443 491/1/443 545/1/443 543/1/443
f 489/1/451 490/1/451 542/1/451 544/1/451
f 612/1/465 613/1/465 517/1/465 494/1/465
f 615/1/466 587/1/466 519/1/466 528/1/466
f 615/1/465 528/1/465 527/1/465 614/1/465
f 619/1/466 595/1/466 521/1/466 526/1/466
f 619/1/465 526/1/465 525/1/465 618/1/465
f 622/1/444 602/1/444 523/1/444 524/1/444
f 622/1/465 524/1/465 483/1/465 623/1/465
f 582/1/442 583/1/442 578/1/442 579/1/442
f 580/1/444 581/1/444 579/1/444 578/1/444
f 611/1/444 580/1/444 578/1/444
f 584/1/467 585/1/467 583/1/467 582/1/467
f 613/1/464 584/1/464 582/1/464
f 580/1/465 585/1/465 584/1/465 581/1/465
f 631/1/449 629/1/449 550/1/449 551/1/449
f 634/1/443 633/1/443 557/1/443 554/1/443
f 664/1/447 663/1/447 563/1/447 558/1/447
f 657/1/468 660/1/468 559/1/468 564/1/468
f 626/1/443 631/1/443 551/1/443 548/1/443
f 669/1/443 668/1/443 547/1/443 573/1/443
f 661/1/450 658/1/450 565/1/450 560/1/450
f 665/1/446 664/1/446 558/1/446 555/1/446
f 639/1/449 642/1/449 561/1/449 566/1/449
f 672/1/451 671/1/451 568/1/451 546/1/451
f 653/1/443 652/1/443 574/1/443 575/1/443
f 643/1/447 640/1/447 567/1/447 562/1/447
f 637/1/451 636/1/451 553/1/451 552/1/451
f 660/1/451 661/1/451 560/1/451 559/1/451
f 633/1/459 637/1/459 552/1/459 557/1/459
f 651/1/446 654/1/446 570/1/446 569/1/446
f 668/1/459 672/1/459 546/1/459 547/1/459
f 647/1/458 646/1/458 576/1/458 577/1/458
f 642/1/446 643/1/446 562/1/446 561/1/446
f 645/1/446 648/1/446 572/1/446 571/1/446
f 636/1/447 634/1/447 554/1/447 553/1/447
f 663/1/443 667/1/443 556/1/443 563/1/443
f 671/1/450 669/1/450 573/1/450 568/1/450
f 667/1/459 665/1/459 555/1/459 556/1/459
f 592/1/465 593/1/465 591/1/465 590/1/465
f 617/1/469 586/1/469 592/1/469
f 592/1/444 586/1/444 587/1/444 593/1/444
f 588/1/442 589/1/442 587/1/442 586/1/442
f 616/1/470 590/1/470 588/1/470
f 590/1/471 591/1/471 589/1/471 588/1/471
f 599/1/472 651/1/472 650/1/472 618/1/472
f 600/1/465 601/1/465 599/1/465 598/1/465
f 621/1/466 594/1/466 600/1/466
f 600/1/466 594/1/466 595/1/466 601/1/466
f 596/1/442 597/1/442 595/1/442 594/1/442
f 620/1/473 598/1/473 596/1/473
f 598/1/456 599/1/456 597/1/456 596/1/456
f 608/1/465 609/1/465 606/1/465 607/1/465
f 625/1/474 603/1/474 608/1/474
f 608/1/475 603/1/475 602/1/475 609/1/475
f 604/1/476 602/1/476 603/1/476 605/1/476
f 604/1/454 606/1/454 623/1/454
f 604/1/454 605/1/454 607/1/454 606/1/454
f 487/1/465 529/1/465 610/1/465 611/1/465
f 487/1/466 611/1/466 578/1/466 488/1/466
f 585/1/464 610/1/464 583/1/464
f 517/1/477 613/1/477 582/1/477 506/1/477
f 506/1/442 582/1/442 579/1/442 493/1/442
f 584/1/464 613/1/464 632/1/464 633/1/464
f 581/1/444 612/1/444 579/1/444
f 593/1/478 587/1/478 615/1/478
f 591/1/471 614/1/471 589/1/471
f 515/1/471 616/1/471 588/1/471 508/1/471
f 508/1/442 588/1/442 586/1/442 507/1/442
f 516/1/466 507/1/466 586/1/466 617/1/466
f 516/1/465 617/1/465 616/1/465 515/1/465
f 619/1/444 655/1/444 654/1/444 601/1/444
f 601/1/444 595/1/444 619/1/444
f 599/1/456 618/1/456 597/1/456
f 513/1/479 620/1/479 596/1/479 510/1/479
f 510/1/442 596/1/442 594/1/442 509/1/442
f 514/1/480 509/1/480 594/1/480 621/1/480
f 514/1/465 621/1/465 620/1/465 513/1/465
f 484/1/454 604/1/454 623/1/454 483/1/454
f 484/1/442 523/1/442 602/1/442 604/1/442
f 609/1/481 602/1/481 622/1/481
f 512/1/482 511/1/482 603/1/482 625/1/482
f 512/1/465 625/1/465 624/1/465 492/1/465
f 605/1/477 624/1/477 607/1/477
f 486/1/458 537/1/458 631/1/458 626/1/458
f 537/1/449 529/1/449 630/1/449 631/1/449
f 631/1/449 630/1/449 629/1/449
f 487/1/447 486/1/447 626/1/447 628/1/447
f 628/1/483 626/1/483 627/1/483
f 529/1/451 487/1/451 628/1/451 630/1/451
f 495/1/447 494/1/447 635/1/447 636/1/447
f 636/1/484 635/1/484 634/1/484
f 517/1/449 502/1/449 637/1/449 632/1/449
f 632/1/449 637/1/449 633/1/449
f 502/1/451 495/1/451 636/1/451 637/1/451
f 494/1/458 517/1/458 632/1/458 635/1/458
f 612/1/485 635/1/485 632/1/485 613/1/485
f 500/1/446 501/1/446 643/1/446 642/1/446
f 501/1/447 516/1/447 641/1/447 643/1/447
f 643/1/447 641/1/447 640/1/447
f 515/1/449 500/1/449 642/1/449 638/1/449
f 638/1/449 642/1/449 639/1/449
f 516/1/448 515/1/448 638/1/448 641/1/448
f 591/1/470 645/1/470 644/1/470 614/1/470
f 527/1/446 528/1/446 649/1/446 644/1/446
f 614/1/486 644/1/486 649/1/486 615/1/486
f 536/1/458 535/1/458 646/1/458 647/1/458
f 535/1/449 527/1/449 644/1/449 646/1/449
f 646/1/449 644/1/449 645/1/449
f 528/1/447 536/1/447 647/1/447 649/1/447
f 649/1/450 647/1/450 648/1/450
f 525/1/446 526/1/446 655/1/446 650/1/446
f 599/1/487 601/1/487 654/1/487 651/1/487
f 534/1/443 533/1/443 652/1/443 653/1/443
f 533/1/459 525/1/459 650/1/459 652/1/459
f 652/1/459 650/1/459 651/1/459
f 526/1/447 534/1/447 653/1/447 655/1/447
f 655/1/450 653/1/450 654/1/450
f 498/1/451 499/1/451 661/1/451 660/1/451
f 499/1/447 514/1/447 659/1/447 661/1/447
f 661/1/447 659/1/447 658/1/447
f 513/1/468 498/1/468 660/1/468 656/1/468
f 656/1/459 660/1/459 657/1/459
f 514/1/488 513/1/488 656/1/488 659/1/488
f 618/1/489 650/1/489 655/1/489 619/1/489
f 492/1/459 490/1/459 665/1/459 666/1/459
f 666/1/490 665/1/490 667/1/490
f 512/1/443 492/1/443 666/1/443 662/1/443
f 490/1/451 497/1/451 664/1/451 665/1/451
f 497/1/447 512/1/447 662/1/447 664/1/447
f 664/1/450 662/1/450 663/1/450
f 524/1/450 532/1/450 669/1/450 670/1/450
f 670/1/450 669/1/450 671/1/450
f 481/1/459 483/1/459 673/1/459 668/1/459
f 668/1/449 673/1/449 672/1/449
f 483/1/451 524/1/451 670/1/451 673/1/451
f 532/1/443 481/1/443 668/1/443 669/1/443
f 610/1/491 630/1/491 628/1/491 611/1/491
f 610/1/467 585/1/467 629/1/467 630/1/467
f 585/1/487 580/1/487 627/1/487 629/1/487
f 611/1/444 628/1/444 627/1/444 580/1/444
f 581/1/492 584/1/492 633/1/492 634/1/492
f 612/1/444 581/1/444 634/1/444 635/1/444
f 675/1/447 676/1/447 677/1/447 674/1/447
f 488/1/148 485/1/148 677/1/148 676/1/148
f 487/1/451 488/1/451 676/1/451 675/1/451
f 485/1/443 486/1/443 674/1/443 677/1/443
f 679/1/447 678/1/447 681/1/447 680/1/447
f 493/1/443 494/1/443 680/1/443 681/1/443
f 495/1/451 496/1/451 678/1/451 679/1/451
f 496/1/148 493/1/148 681/1/148 678/1/148
f 591/1/493 593/1/493 648/1/493 645/1/493
f 615/1/444 649/1/444 648/1/444 593/1/444
f 590/1/471 616/1/471 638/1/471 639/1/471
f 617/1/494 641/1/494 638/1/494 616/1/494
f 592/1/495 590/1/495 639/1/495 640/1/495
f 617/1/466 592/1/466 640/1/466 641/1/466
f 598/1/496 620/1/496 656/1/496 657/1/496
f 621/1/497 659/1/497 656/1/497 620/1/497
f 600/1/498 598/1/498 657/1/498 658/1/498
f 621/1/499 600/1/499 658/1/499 659/1/499
f 623/1/486 673/1/486 670/1/486 622/1/486
f 609/1/466 622/1/466 670/1/466 671/1/466
f 623/1/500 606/1/500 672/1/500 673/1/500
f 606/1/501 609/1/501 671/1/501 672/1/501
f 625/1/502 662/1/502 666/1/502 624/1/502
f 607/1/503 624/1/503 666/1/503 667/1/503
f 608/1/504 607/1/504 667/1/504 663/1/504
f 608/1/505 663/1/505 662/1/505 625/1/505
f 682/227/506 683/228/506 463/229/506 464/230/506
f 687/231/507 684/232/507 688/233/507 691/234/507
f 684/232/508 682/227/508 464/230/508 688/233/508
f 682/1/509 684/1/509 696/1/509 694/1/509
f 683/1/510 686/1/510 460/1/510 463/1/510
f 464/235/511 470/236/511 690/237/511 689/238/511
f 689/239/512 688/240/512 464/241/512
f 463/242/513 460/243/513 470/236/513 464/235/513
f 688/244/514 689/245/514 690/246/514 467/247/514
f 690/248/515 470/249/515 467/250/515
f 685/1/516 466/1/516 467/1/516 470/1/516
f 467/247/517 462/251/517 691/252/517 688/244/517
f 685/1/518 686/1/518 697/1/518 698/1/518
f 686/1/519 683/1/519 695/1/519 697/1/519
f 699/253/520 693/254/520 700/255/520 702/256/520
f 694/257/521 696/258/521 702/259/521 701/260/521
f 697/261/522 695/262/522 701/263/522 703/264/522
f 683/1/523 682/1/523 694/1/523 695/1/523
f 466/1/524 685/1/524 698/1/524 692/1/524
f 465/1/525 466/1/525 692/1/525 693/1/525
f 687/1/526 465/1/526 693/1/526 699/1/526
f 684/1/527 687/1/527 699/1/527 696/1/527
f 692/265/528 698/266/528 703/267/528 700/268/528
f 696/258/529 699/269/529 702/259/529
f 693/270/530 692/265/530 700/268/530
f 698/266/531 697/271/531 703/267/531
f 695/272/532 694/257/532 701/260/532
f 472/206/533 467/198/533 705/273/533
f 466/1/534 478/1/534 704/1/534
f 717/1/535 706/1/535 708/1/535 718/1/535
f 720/1/536 719/1/536 712/1/536 709/1/536
f 730/1/537 714/1/537 725/1/537
f 707/1/538 711/1/538 710/1/538 702/1/538
f 718/1/539 719/1/539 711/1/539 707/1/539
f 706/1/540 709/1/540 712/1/540 708/1/540
f 721/1/541 722/1/541 716/1/541 714/1/541
f 727/1/542 715/1/542 713/1/542 726/1/542
f 725/1/543 714/1/543 716/1/543 728/1/543
f 716/1/544 722/1/544 715/1/544 727/1/544
f 720/1/544 716/1/544 727/1/544 710/1/544
f 713/1/545 715/1/545 722/1/545 721/1/545
f 708/1/539 712/1/539 719/1/539 718/1/539
f 729/1/546 726/1/546 714/1/546 730/1/546
f 710/1/536 711/1/536 719/1/536 720/1/536
f 702/1/535 717/1/535 718/1/535 707/1/535
f 730/274/547 723/275/547 724/276/547 717/277/547
f 727/1/548 726/1/548 729/1/548
f 706/1/549 725/1/549 728/1/549 709/1/549
f 710/1/542 727/1/542 729/1/542 702/1/542
f 726/1/550 713/1/550 721/1/550 714/1/550
f 709/1/544 728/1/544 716/1/544 720/1/544
f 717/1/551 730/1/551 725/1/551 706/1/551
f 702/1/552 729/1/552 730/1/552 717/1/552
f 729/1/553 731/1/553 723/1/553 730/1/553
f 57/282/555 51/283/555 23/284/555
f 48/285/556 26/286/556 27/287/556
f 49/1/557 42/1/557 48/1/557 27/1/557
f 52/1/558 51/1/558 57/1/558 24/1/558
f 4/1/561 3/1/561 38/1/561 736/1/561
f 736/1/562 37/1/562 738/1/562
f 741/1/563 742/1/563 743/1/563 740/1/563
f 751/1/564 18/1/564 749/1/564
f 737/1/565 736/1/565 738/1/565 46/1/565
f 45/1/566 745/1/566 739/1/566 14/1/566
f 46/1/567 738/1/567 748/1/567 747/1/567
f 749/1/568 748/1/568 747/1/568 746/1/568
f 5/1/569 751/1/569 746/1/569 8/1/570
f 744/1/571 745/1/571 746/1/571 749/1/571
f 747/1/572 746/1/572 758/1/572 759/1/572
f 748/1/573 750/1/573 747/1/573
f 751/1/574 749/1/574 746/1/574
f 20/1/575 15/1/576 750/1/576
f 34/1/577 19/1/578 751/1/577
f 21/1/579 20/1/580 750/1/579
f 5/1/581 34/1/581 751/1/581
f 752/1/582 754/1/582 755/1/582 753/1/582
f 21/1/583 750/1/583 748/1/583
f 21/1/583 748/1/583 749/1/583 18/1/583
f 756/1/584 757/1/584 759/1/584 758/1/584
f 746/1/585 745/1/585 756/1/585 758/1/585
f 745/1/586 46/1/586 757/1/586 756/1/586
f 46/1/587 747/1/587 759/1/587 757/1/587
f 11/1/588 12/1/588 739/1/588
f 370/1/589 760/1/589 762/1/589 382/1/589
f 373/1/590 382/1/590 762/1/590 763/1/590
f 761/1/591 371/1/591 373/1/591 763/1/591
f 760/1/592 761/1/592 763/1/592 762/1/592
f 446/1/593 791/1/593 807/1/593 802/1/593
f 794/296/420 796/297/420 766/298/420 449/299/420
f 776/300/594 825/301/594 821/302/594 769/303/594
f 775/304/595 841/305/595 781/306/595 771/307/595
f 768/1/593 831/1/593 830/1/593 447/1/593
f 772/308/594 823/309/594 825/301/594 776/300/594
f 783/1/419 452/1/419 774/1/419 782/1/419
f 764/310/595 770/311/595 774/312/595 452/313/595
f 785/314/420 783/315/420 784/316/420 786/317/420
f 785/318/594 828/319/594 827/320/594 778/321/594
f 446/322/596 767/323/596 789/324/596 791/325/596
f 767/326/596 450/327/596 787/328/596 789/329/596
f 781/330/597 777/331/597 845/332/597 844/333/597
f 809/192/598 789/334/598 787/335/598 808/336/598
f 793/337/420 792/338/420 795/187/420 796/186/420
f 453/1/419 795/1/419 801/1/419 798/1/419
f 793/339/594 819/340/594 815/341/594 800/342/594
f 781/306/595 841/305/595 840/343/595 777/344/595
f 806/345/599 818/346/599 816/347/599 773/348/599
f 800/342/420 805/349/420 806/350/420 793/339/420
f 792/338/420 793/337/420 806/351/420 773/352/420
f 807/191/600 791/353/600 789/334/600 809/192/600
f 804/193/420 809/192/420 808/336/420 803/354/420
f 803/1/419 808/1/419 787/1/419 450/1/419
f 810/355/601 811/356/601 813/357/601 796/358/601
f 796/358/602 813/357/602 812/359/602 795/360/602
f 799/361/596 813/357/596 811/356/596 797/362/596
f 797/1/593 811/1/593 810/1/593 449/1/593
f 798/363/596 812/359/596 813/357/596 799/361/596
f 453/1/419 795/1/419 812/1/419 798/1/419
f 818/346/596 819/364/596 817/365/596 816/347/596
f 814/366/596 815/367/596 819/364/596 818/346/596
f 792/368/603 817/369/603 819/340/603 793/339/603
f 773/1/604 816/1/604 817/1/604 792/1/604
f 805/370/595 814/366/595 818/346/595 806/345/595
f 800/1/605 815/1/605 814/1/605 805/1/605
f 820/371/596 821/302/596 825/301/596 824/372/596
f 824/372/596 825/301/596 823/309/596 822/373/596
f 784/1/419 822/1/419 823/1/419 772/1/419
f 779/374/595 820/375/595 824/376/595 786/377/595
f 769/1/593 821/1/593 820/1/593 779/1/593
f 786/377/595 824/376/595 822/378/595 784/379/595
f 770/380/606 828/319/606 782/381/606 774/382/606
f 826/383/596 827/320/596 828/319/596 770/380/596
f 448/384/595 826/385/595 770/386/595 764/387/595
f 783/388/594 782/381/594 828/319/594 785/318/594
f 778/1/593 827/1/593 826/1/593 448/1/593
f 830/389/594 831/390/594 829/391/594 790/392/594
f 790/392/594 829/391/594 780/393/594 788/394/594
f 771/395/420 829/391/420 831/390/420 768/396/420
f 775/397/420 780/393/420 829/391/420 771/395/420
f 447/398/596 830/399/596 790/400/596 765/401/596
f 765/402/596 790/403/596 788/404/596 451/405/596
f 771/406/595 768/407/595 447/408/595 765/409/595
f 775/304/595 771/307/595 765/410/595 451/411/595
f 764/387/420 785/412/420 778/413/420 448/384/420
f 764/414/420 452/415/420 783/315/420 785/314/420
f 779/374/420 786/377/420 776/416/420 769/417/420
f 784/316/420 772/418/420 776/419/420 786/317/420
f 766/420/594 453/421/594 798/422/594 799/423/594
f 449/299/594 766/298/594 799/424/594 797/425/594
f 803/426/607 450/427/607 767/428/607 804/429/607
f 804/430/607 767/323/607 446/322/607 802/431/607
f 840/343/595 774/312/595 770/311/595 777/344/595
f 803/426/594 804/429/594 837/432/594 835/433/594
f 799/423/594 798/422/594 832/434/594 833/435/594 834/436/594 836/437/594
f 836/437/607 834/436/607 835/433/607 837/432/607
f 836/438/608 837/439/608 838/440/608 839/441/608
f 846/442/609 847/443/609 848/444/609 849/445/609
f 789/329/596 787/328/596 842/446/596 846/447/596
f 846/447/596 842/446/596 843/448/596 847/449/596
f 847/449/596 843/448/596 788/404/596 790/403/596
f 850/1/408 851/1/408 853/1/408 852/1/408
f 857/450/610 855/451/610 854/452/610 856/453/610
f 858/454/611 859/455/611 866/456/611 863/457/611
f 862/458/612 867/459/612 865/460/612 860/461/612
f 860/461/613 865/460/613 864/462/613 861/463/613
f 858/454/614 863/457/614 867/464/614 862/465/614
f 31/1/615 30/1/615 67/1/615
f 869/1/616 868/1/616 33/1/616 43/1/616
f 28/1/617 29/1/617 30/1/617 869/1/617
f 1/1/618 4/1/618 868/1/618
f 9/1/619 67/1/619 10/1/619
f 30/1/620 10/1/620 67/1/620
usemtl None
f 398/68/369 404/69/369 408/70/369 394/71/369
f 402/72/370 409/73/370 405/74/370 399/75/370
f 397/76/371 403/77/371 404/69/371 398/68/371
f 392/78/372 391/79/372 385/80/372 383/81/372
f 384/82/373 394/83/373 402/84/373 386/85/373
f 395/86/374 396/87/374 388/88/374 387/89/374
f 387/90/375 388/91/375 391/79/375 392/78/375
f 388/92/376 396/93/376 391/94/376
f 393/95/377 410/96/377 407/97/377 401/98/377
f 384/99/378 386/100/378 396/87/378 395/86/378
f 394/101/379 408/102/379 409/103/379 402/104/379
f 399/75/380 405/74/380 406/105/380 390/106/380
f 387/107/381 392/108/381 395/109/381
f 392/110/382 397/111/382 398/112/382 395/113/382
f 395/114/383 398/115/383 394/116/383 384/117/383
f 396/118/384 399/119/384 390/120/384 391/121/384
f 385/122/385 393/123/385 401/124/385 383/125/385
f 383/126/386 401/127/386 397/128/386 392/129/386
f 391/130/387 390/131/387 393/132/387 385/133/387
f 386/134/388 402/135/388 399/136/388 396/137/388
f 405/138/389 409/139/389 410/140/389 406/141/389
f 410/142/390 412/143/390 400/144/390 407/145/390
f 403/146/391 407/147/391 408/148/391 404/149/391
f 408/150/392 389/151/392 411/152/392 409/153/392
f 390/106/393 406/105/393 410/154/393 393/155/393
f 401/156/394 407/157/394 403/77/394 397/76/394
f 417/1/395 416/1/395 415/1/395 419/1/395
f 416/1/396 418/1/396 420/1/396 415/1/396
f 418/1/397 422/1/397 421/1/397 420/1/397
f 417/1/398 414/1/398 416/1/398
f 413/1/157 423/1/157 424/1/157 414/1/157
f 419/1/399 413/1/399 414/1/399 417/1/399
f 415/1/400 413/1/400 419/1/400
f 415/1/401 421/1/401 413/1/401
f 416/1/402 422/1/402 418/1/402
f 414/1/403 422/1/403 416/1/403
f 420/1/404 421/1/404 415/1/404
f 413/1/157 421/1/157 425/1/157 423/1/157
f 425/1/405 430/1/405 428/1/405 423/1/405
f 423/1/406 428/1/406 427/1/406 424/1/406
f 426/1/407 429/1/407 430/1/407 425/1/407
f 424/1/408 427/1/408 429/1/408 426/1/408
f 421/1/157 422/1/157 426/1/157 425/1/157
f 422/1/157 414/1/157 424/1/157 426/1/157
f 409/278/554 411/279/554 412/280/554 410/281/554
f 400/288/559 389/289/559 408/290/559 407/291/559
f 733/292/560 732/293/560 735/294/560 734/295/560
l 11 740
o TMR_497_151_-_Terrain
v -11.991079 -10.918574 -28.174402
v -11.554083 -10.051129 -21.804934
v -5.317939 -10.107361 -21.967010
v -5.787632 -10.975101 -28.420006
v -6.236558 -11.855409 -35.529011
v -12.465965 -11.804294 -35.165810
v -6.665310 -12.759867 -43.084240
v -12.972424 -12.714371 -42.778446
v -6.879745 -13.347116 -48.284470
v -13.240059 -13.278126 -48.176590
v -7.233076 -14.026599 -55.444611
v -13.732594 -13.946823 -55.279358
v -7.655796 -14.690458 -63.190735
v -14.137528 -14.626019 -62.886940
v -8.031467 -15.291686 -69.485794
v -14.502284 -15.212022 -69.249863
v -8.528145 -15.985755 -75.904762
v -14.938629 -15.820715 -75.775131
v -8.978010 -16.643883 -82.949097
v -15.456250 -16.499516 -83.021431
v -9.416698 -17.083607 -89.143723
v -15.763208 -17.034340 -89.369354
v -16.028629 -17.409231 -94.855354
v -9.496399 -17.464413 -95.301025
v -16.516760 -17.564463 -96.864944
v -8.639330 -17.847345 -100.956116
v -16.290161 -17.799471 -102.246262
v -7.102238 -18.238935 -106.036545
v -15.554504 -18.094105 -108.859573
v -18.510660 -17.556332 -97.638191
v -18.278366 -17.689989 -101.782539
v -21.894041 -17.333042 -104.863358
v -22.823381 -17.266502 -98.551453
v -4.656628 -18.695276 -112.192093
v -12.887947 -18.514360 -114.809448
v -2.011936 -19.198126 -117.896057
v -9.947744 -19.048864 -120.975235
v 1.119148 -19.755243 -123.471573
v -6.653629 -19.655607 -127.124702
v 3.846489 -21.447384 -145.363815
v 0.323048 -20.855618 -139.352753
v 4.617458 -21.077997 -136.921600
v 9.160575 -21.873161 -144.070740
v -17.940474 -18.064220 -108.081100
v -14.751086 -18.678089 -115.570587
v -14.911014 -18.509142 -115.647339
v -18.093382 -17.953632 -108.083679
v -8.441437 -19.883966 -128.006653
v -4.873134 -20.432573 -133.874649
v -5.010464 -20.278635 -133.953522
v -8.642470 -19.701057 -128.113266
v -11.868078 -19.271622 -121.786423
v -12.020847 -19.087934 -121.889420
v -11.349604 -17.698505 -129.074890
v -7.125304 -18.097692 -135.045593
v -11.860468 -15.253762 -137.393982
v -15.273501 -15.355482 -130.634125
v -14.807779 -17.087160 -123.414734
v -18.019264 -15.444314 -125.053360
v -19.866798 -16.482626 -112.234123
v -17.731813 -16.712692 -116.717514
v -20.148756 -15.552299 -119.767029
v -21.933655 -15.660452 -114.425156
v -16.686287 -15.415121 -131.375931
v -13.504614 -15.243057 -138.247330
v -19.808889 -15.102408 -141.315659
v -23.103800 -15.222984 -134.410141
v -21.517078 -15.586988 -120.403641
v -19.170975 -15.519634 -125.859619
v -25.488720 -15.291628 -128.668793
v -27.775528 -15.433279 -122.517784
v -23.304935 -15.653141 -116.453964
v -29.160946 -15.552624 -118.258156
v -29.932240 -14.863722 -145.423248
v -33.517857 -14.921917 -139.240356
v -35.843872 -15.045069 -132.736389
v -36.852859 -15.177786 -125.668381
v -36.894794 -15.331722 -120.535103
v -5.436706 -20.107584 -134.302765
v -0.992009 -20.875200 -140.201401
v -1.516249 -20.692163 -140.680710
v -8.115349 -15.174518 -143.806015
v -10.024010 -15.153987 -144.770493
v -16.310139 -14.985385 -147.625000
v -26.013157 -14.768740 -151.478485
v -5.249608 -15.141307 -148.707794
v 0.283164 -18.279123 -146.479202
v 3.803291 -18.431570 -151.561600
v -2.010630 -15.270137 -153.917984
v 2.239973 -21.215891 -143.901703
v 3.097363 -21.296705 -145.873764
v -13.453520 -14.838883 -152.411591
v -22.206619 -14.612610 -156.780182
v -7.218571 -15.076675 -149.590073
v 14.784656 -22.437126 -140.511429
v 16.987064 -22.952076 -142.804245
v 11.852027 -22.402231 -146.318695
v 10.265321 -22.075966 -144.652283
v -9.470374 -14.753345 -158.419052
v -17.409615 -14.503765 -162.910522
v -3.774549 -15.051072 -155.337509
v 1.569781 -21.090714 -145.436905
v 5.658258 -21.626797 -149.789108
v 4.947754 -21.399643 -150.157913
v -3.322693 -20.263287 -133.075882
v 9.249764 -21.180105 -134.360687
v 5.224476 -20.449080 -129.212708
v 13.033341 -21.398924 -132.157196
v 18.108143 -22.543091 -137.629379
v -1.135194 -18.684725 -110.770020
v 1.607267 -19.201040 -116.168419
v -3.754762 -12.713914 -43.245094
v -4.146471 -13.316854 -48.483337
v -6.277072 -16.029142 -75.899323
v -6.620249 -16.646757 -82.910912
v -2.835902 -11.039735 -28.522301
v -3.213316 -11.898080 -35.620068
v -5.107204 -14.637952 -63.085030
v -5.633711 -15.390636 -69.550446
v -6.496230 -17.722261 -94.695877
v -5.347583 -17.888527 -100.125954
v 4.810534 -19.670738 -121.332123
v 21.332943 -23.383121 -141.828629
v -4.630508 -14.055523 -55.690979
v -6.760377 -17.228901 -88.857285
v -4.003700 -18.252806 -104.957581
v -2.684814 -10.064558 -21.976578
v 8.882018 -20.473270 -127.203445
v -16.782663 -16.138029 -82.972145
v -16.152918 -15.275583 -75.764313
v -14.918250 -12.979157 -48.246292
v -14.870104 -12.284574 -42.464081
v -15.696074 -14.803452 -69.108994
v -15.192721 -14.166681 -62.911880
v -17.095163 -16.588049 -89.425262
v -14.916839 -13.362315 -55.431099
v -17.529633 -17.326693 -96.161758
v -17.105280 -17.204214 -94.698242
v -25.037804 -16.849192 -105.770271
v -27.556335 -16.829861 -100.156822
v -27.358883 -16.418186 -107.938110
v -31.941418 -16.386156 -102.993134
v -28.935658 -16.052658 -110.315475
v -34.789513 -15.988945 -107.571831
v -29.796188 -15.776607 -113.027489
v -36.213531 -15.655304 -113.137825
v -29.718079 -15.629244 -115.109154
v -23.713062 -14.407403 -157.562210
v -27.565388 -14.499364 -152.174789
v -38.190575 -14.924507 -126.127182
v -38.204079 -15.003132 -120.835472
v -31.405006 -14.906896 -146.207825
v -34.907322 -14.763326 -139.801834
v -37.053783 -14.915387 -133.244522
v -18.729414 -13.977877 -163.682571
v -27.080971 -11.063046 -168.135971
v -31.919811 -11.081864 -161.791260
v -35.438313 -11.327985 -156.409836
v -39.050426 -11.132901 -150.542862
v -42.410542 -11.102762 -143.669006
v -44.496159 -10.925756 -136.717972
v -45.663700 -11.315166 -129.142395
v -45.554577 -11.312135 -121.630035
v -42.517269 -3.219716 -176.041077
v -50.477734 -2.183446 -167.655014
v -59.401043 -1.194890 -156.789810
v -67.857712 -0.334874 -144.670776
v -71.815300 0.874789 -133.639725
v -71.041031 7.231257 -165.257706
v -79.878860 9.410449 -153.926132
v -86.601974 11.427730 -140.508438
v -51.546383 3.518130 -182.457840
v -60.189381 5.332202 -175.236923
v -4.163544 -14.930111 -62.988686
v -4.816905 -15.884279 -69.447189
v 0.923763 -18.692026 -109.429588
v 3.463791 -19.239244 -114.641068
v -5.452009 -16.654953 -75.795776
v -0.343039 -11.114133 -21.887266
v -0.835252 -11.595819 -28.560654
v 5.813576 -20.210989 -119.849716
v -5.720677 -17.142691 -82.837791
v -1.132014 -11.915037 -35.699547
v 10.359340 -20.907125 -126.371506
v -5.838294 -17.705917 -88.682381
v -1.698471 -13.090471 -43.138973
v 14.260196 -21.757685 -131.221451
v -5.551567 -18.363987 -94.459999
v -2.392612 -13.985486 -48.434952
v 19.657158 -23.043190 -136.363419
v -4.397367 -18.450939 -99.808655
v -3.644315 -14.770776 -55.764683
v 22.799412 -23.833662 -140.611908
v -2.962888 -18.564346 -104.409653
v -0.553268 -20.682814 -75.481812
v -0.701532 -21.475927 -81.869675
v 1.410012 -19.089302 -62.921169
v 0.041431 -19.722078 -68.900665
v 7.495299 -16.192017 -49.071125
v 3.903047 -18.403702 -56.070713
v -0.432149 -21.910583 -87.555267
v -0.134905 -22.249540 -93.120926
v 28.392704 -27.944572 -129.964615
v 29.991795 -28.243134 -134.339096
v 15.999629 -25.379377 -115.572922
v 19.884991 -25.958021 -120.514542
v 4.502773 -23.803556 -101.992218
v 8.311072 -24.064024 -107.050262
v 23.095921 -27.058081 -124.726608
v 12.268191 -25.053076 -110.849792
v 1.696396 -22.432390 -97.928314
v 8.628528 -15.508027 -41.931007
v 6.455869 -14.899727 -35.547493
v 8.454986 -15.238902 -35.516609
v 6.195586 -14.156826 -28.592018
v 9.570510 -14.564227 -28.633190
v 5.562336 -13.761216 -21.951502
v 11.293300 -14.055589 -21.851786
v 9.130725 -21.926596 -154.547318
v 8.553416 -21.629309 -154.781693
v 19.955891 -23.684557 -145.616287
v 15.303306 -23.166111 -149.686081
v 30.941807 -28.251076 -140.839523
v 26.218578 -24.786886 -145.646683
v 6.397247 -21.841225 -149.398911
v 10.648051 -22.019138 -147.015396
v 13.721282 -22.447266 -150.991379
v 9.779834 -22.318014 -154.081512
v -21.469582 -16.190647 -112.292610
v -21.723045 -16.819553 -106.615189
v -20.306314 -17.105116 -106.645981
v -28.738564 -15.597903 -116.685074
v -27.331898 -15.604442 -117.262627
v -18.742889 -17.542631 -107.028252
v -17.464972 -17.772066 -111.139816
v 4.803091 -18.801464 -150.283218
v -25.193495 -15.967919 -112.694580
v -23.091724 -16.042311 -112.600571
v -25.318106 -15.357280 -114.366684
v -37.688583 -15.179652 -113.006447
v -36.270905 -15.715990 -106.775238
v -33.754456 -16.136976 -102.332970
v -22.561754 -10.756486 -69.723076
v -24.115841 -10.639404 -76.310432
v -25.502117 -10.540965 -76.448776
v -24.170261 -10.608499 -69.701225
v -19.175827 -10.730738 -48.898296
v -18.782633 -10.537140 -45.126835
v -18.109594 -17.073942 -94.608910
v -18.470163 -17.348051 -95.815887
v -23.000000 -15.532978 -94.000000
v -26.229031 -10.489818 -48.701019
v -27.258186 -10.456615 -55.668106
v -36.482754 -10.256119 -54.939445
v -35.369652 -10.307704 -47.934891
v -30.809093 -10.275674 -75.948303
v -31.931644 -10.269910 -83.067162
v -40.531948 -10.080053 -81.572807
v -39.549400 -10.110883 -75.064339
v -28.609413 -10.359849 -62.915344
v -37.637638 -10.176244 -62.158493
v -29.589745 -10.359198 -69.105446
v -38.460438 -10.154159 -68.032341
v -24.819839 -10.689980 -42.376335
v -33.620270 -10.372103 -41.512257
v -25.959053 -10.699020 -83.511917
v -26.988247 -10.485600 -83.871468
v -28.024292 -16.648581 -99.076492
v -29.048462 -15.070898 -95.871498
v -22.993967 -16.930367 -96.991737
v -32.633389 -16.241615 -101.312424
v -37.251255 -13.702456 -98.997963
v -34.387077 -14.364074 -97.477104
v -19.958147 -10.640549 -55.990517
v -21.153965 -10.718802 -63.359634
v -22.914616 -10.552428 -63.349037
v -21.542088 -10.581070 -56.072163
v -30.158478 -12.326845 -89.050499
v -23.351231 -13.557219 -89.521721
v -41.203270 -10.666756 -85.024628
v -45.128777 -11.464535 -114.855255
v -42.496494 -12.289548 -104.872795
v -74.120552 2.284678 -121.395523
v -76.938377 2.338578 -108.455750
v -91.862343 13.752284 -126.926102
v -96.961189 14.866878 -114.457809
v -13.893084 -11.743084 -35.071594
v -14.238630 -12.437572 -40.785484
v -16.014771 -12.098447 -39.530998
v -15.684554 -11.638895 -34.991940
v -13.538631 -11.200016 -30.398911
v -15.485087 -11.252760 -31.188446
v -18.516830 -11.712711 -38.830734
v -18.436670 -11.436499 -35.006058
v -18.374163 -11.177217 -31.717974
v -21.026493 -11.371428 -38.950924
v -21.556467 -11.194127 -35.588966
v -22.040140 -10.991226 -32.536865
v -22.910606 -11.073706 -39.791470
v -24.430557 -10.976822 -36.819450
v -25.795521 -10.786031 -33.774437
v -24.129028 -10.866525 -41.033432
v -26.762291 -10.753106 -38.672279
v -29.429863 -10.608794 -36.164467
v -28.309978 -10.622442 -40.479530
v -31.820004 -10.462569 -38.557594
v -15.917209 -12.027725 -40.935543
v -22.434954 -10.966246 -40.566196
v -23.400429 -10.626313 -41.581848
v -16.665783 -11.855542 -40.322952
v -18.732441 -11.610799 -39.763924
v -23.762466 -10.488008 -42.485413
v -20.856514 -11.295515 -39.813858
v -20.070518 -10.633050 -42.843483
v -20.321762 -10.662695 -49.087608
v -21.503384 -10.396908 -44.348770
v -23.562483 -10.370572 -43.270462
v -23.099415 -10.370963 -43.676544
v -23.914196 -10.616854 -44.727676
v -24.687489 -10.617975 -43.731781
v -21.913521 -10.627289 -45.354179
v -46.173878 -10.111608 -81.324837
v -44.070343 -9.842516 -75.141579
v -43.052990 -9.445795 -67.835800
v -42.406891 -9.227359 -61.812321
v -41.664009 -9.056268 -54.513935
v -40.720264 -8.683420 -48.143185
v -39.423946 -8.328404 -41.967468
v 35.371082 5.658078 -63.392357
v 38.206944 2.800632 -33.764816
v 37.593769 4.585351 -49.118984
v 27.936085 0.591952 -82.175270
v 37.916248 2.495456 -22.204523
v 33.745281 5.814075 -76.690346
v -101.302200 17.092232 -100.733948
v -81.274361 3.607806 -93.373573
v -54.356030 -8.591542 -74.344818
v -88.305763 6.550456 -80.569733
v -65.062775 -6.273992 -64.846138
v -107.813560 19.037819 -85.502701
v -50.448860 -8.650681 -61.899841
v -50.448277 -8.123618 -54.903996
v -49.893063 -9.136716 -67.930130
v -48.463341 -9.712554 -74.980408
v -98.911758 8.004321 -62.080063
v -75.383728 -2.909307 -49.999489
v -116.773872 21.399254 -67.342758
v -102.783257 9.877604 -43.432625
v -79.514893 -0.453740 -37.157066
v -122.810043 24.361076 -47.809753
v -100.438919 8.161952 -21.800268
v -76.778000 2.887607 -21.156485
v -130.688919 28.311974 -25.081522
v -65.814133 -4.587968 -48.264862
v -50.096073 -7.447010 -47.678211
v -33.091061 -9.840429 -37.564190
v -36.895523 -8.337285 -36.288918
v -33.379570 -8.583731 -32.810223
v 6.734597 8.665715 129.828400
v 14.592753 7.051753 138.054932
v 10.280463 7.557836 128.821014
v -50.741283 -3.585196 -21.884846
v -47.014698 -6.197816 -34.263824
v -65.320061 -2.897513 -35.184196
v -63.452938 -0.305826 -21.591576
v -32.688110 -5.899834 -22.605198
v -18.589462 -10.777555 -30.070524
v -15.850414 -10.824689 -29.462885
v -14.393428 -10.913778 -28.940359
v -13.153080 -10.928483 -27.913160
v -12.849308 -9.888806 -21.813482
v -30.546795 -10.021570 -34.999767
v -22.461811 -10.728400 -30.932568
v -26.498154 -10.447269 -32.426094
v -18.303560 -9.603047 -26.579435
v -23.395988 -9.181787 -27.233332
v -23.480963 -7.776582 -21.331795
v -18.015348 -8.643631 -21.780260
v -27.916912 -8.907465 -29.125193
v -15.246020 -11.009755 -28.481256
v -16.143421 -10.413886 -28.191767
v -13.521183 -11.483899 -27.670504
v -13.590178 -10.156823 -21.815695
v 28.936085 -1.977994 -88.737762
v 31.678539 -6.220319 -94.341583
v -1.561365 -15.395361 -158.603027
v -6.545001 -14.627695 -161.923767
v -13.981443 -12.789349 -167.460754
v -34.120064 -4.666661 -183.087082
v -39.915760 0.882533 -188.608246
v -21.695063 -10.498508 -173.298080
v 2.185442 -16.093010 -160.001297
v 12.537219 -22.282400 -158.883469
v -9.725758 -11.723870 -170.880615
v -15.637114 -8.580083 -177.107895
v -3.489005 -14.563667 -164.953476
v -25.915577 -2.696065 -187.776642
v -28.771271 -0.356374 -191.230530
v 17.203884 -22.981529 -154.545334
v 13.385554 -22.787746 -158.102859
v 23.116745 -24.411306 -148.594223
v 18.863857 -23.935957 -152.778397
v -3.442581 -11.153931 -174.803314
v -8.303743 -7.640134 -180.654526
v 1.733257 -14.689382 -169.269501
v 9.899463 -15.897275 -174.722153
v 5.274036 -12.091870 -179.732437
v 0.326576 -8.021459 -185.091583
v 6.388973 -16.989111 -164.740128
v 13.759604 -18.298107 -170.537537
v -7.484608 -0.328938 -194.937714
v -17.508400 -0.731603 -191.285843
v 19.757191 -23.536238 -164.041824
v 23.622311 -23.768208 -159.842773
v 30.507362 -24.497269 -164.113724
v 26.690792 -24.183844 -168.668991
v 15.169353 -13.245015 -184.711563
v 19.284634 -16.968840 -179.876877
v 27.391438 -18.457975 -183.897842
v 23.842960 -14.763906 -189.443665
v 21.896797 -19.780199 -175.696548
v 30.378277 -20.839033 -179.805740
v 11.063884 -9.116101 -190.837784
v 20.397999 -9.504415 -195.758789
v 5.335651 -0.689305 -200.043213
v 16.917698 -0.861897 -205.564941
v 50.079746 -20.826513 -118.898300
v 53.871632 -22.624723 -124.887756
v 43.606777 -19.253717 -110.942764
v 36.998585 -14.581685 -102.903427
v 23.814991 -9.597066 -197.549896
v 28.357174 -15.602681 -191.927689
v 36.214458 -16.593681 -194.751740
v 32.538414 -10.133984 -201.266830
v 29.497330 -1.297669 -211.955490
v 36.306507 -21.414122 -182.744888
v 40.923130 -25.593641 -176.200821
v 48.707108 -26.228090 -178.932816
v 43.645103 -22.487282 -185.821884
v 44.585217 -25.835003 -171.098007
v 51.179745 -26.565226 -173.443573
v 67.384956 -28.780952 -138.756638
v 77.920151 -29.062309 -143.028290
v 59.783077 -33.239182 -156.067627
v 54.281605 -33.382214 -155.158096
v 19.097919 -23.154173 -164.757004
v 26.236164 -24.054060 -169.201981
v 51.809498 -29.145424 -159.094833
v 57.834660 -29.584469 -160.330032
v 57.525051 -29.540115 -161.054077
v 51.429268 -28.846169 -159.888443
v 33.136761 -19.557692 -186.713547
v 40.527412 -20.663490 -189.321991
v 47.196682 -28.265923 -167.130142
v 50.249451 -28.877930 -161.822418
v 56.653660 -29.585587 -163.250366
v 54.563931 -29.243740 -168.877975
v 1.611372 -21.207458 -144.266525
v 12.336410 -21.785196 -137.829330
v -8.939976 -4.192016 22.219624
v -9.143787 -4.716205 18.184540
v -10.392565 -4.393456 19.512154
v -12.049836 -4.102732 20.381458
v -11.689915 -4.140706 18.655724
v -12.852045 -3.925336 19.359039
v -19.874166 -17.567013 -105.011131
v -18.134312 -17.810984 -105.703140
v -17.531094 -17.936966 -107.890984
v -24.383432 -16.549345 -107.194275
v -26.393795 -16.031263 -108.979263
v -27.661674 -15.791780 -110.954361
v -28.104351 -15.657472 -113.037231
v -7.937407 -19.695292 -127.774475
v -11.335835 -19.085400 -121.562820
v -8.180761 -19.888071 -127.858513
v -11.495619 -19.267422 -121.615891
v -14.320034 -18.526363 -115.403786
v -14.481277 -18.689466 -115.439766
v -4.472084 -20.297581 -133.634644
v -4.614728 -20.453938 -133.724335
v -17.655645 -18.048666 -107.987175
v -0.356692 -20.882906 -139.827957
v -0.550348 -21.050415 -139.921066
v 2.016958 -21.442373 -143.946838
v 1.759544 -21.433439 -144.101242
v -0.803338 -21.039347 -140.081284
v -2.961019 -18.348007 -141.630356
v -15.436753 -18.184826 -115.874779
v -12.478174 -18.768969 -122.185257
v -9.287113 -19.433672 -128.301453
v 6.414847 -20.185677 -156.470749
v -18.668718 -17.318029 -96.730499
v -19.532661 -17.308012 -96.237762
v -22.873425 -17.031290 -97.557953
v -17.365662 -17.181433 -94.659828
v -17.445728 -16.563662 -89.489182
v 0.076836 -9.557883 -15.093651
v 6.021394 -12.294437 -14.579365
v 1.317577 -7.159073 6.006836
v 1.052129 -7.347382 -0.822113
v -1.476079 -7.230391 -0.901997
v -1.122119 -6.486176 5.976822
v 19.521320 -5.292025 42.045090
v 12.206866 -2.716588 42.031609
v 11.175174 -1.347730 45.129997
v 1.385132 -6.675023 12.665108
v -1.568670 -5.409162 12.479942
v 2.364759 -5.336332 22.273888
v 3.011005 -5.023625 24.348190
v 7.628596 -8.158437 23.943817
v 4.269249 -4.757160 26.001225
v 1.631335 -6.327454 17.491352
v -1.151794 -4.839747 17.105148
v 20.439274 -4.602612 45.320305
v 26.947662 -5.057992 43.641434
v -14.397017 -11.516793 -28.458326
v -14.849342 -11.468785 -28.254404
v -14.595003 -11.432805 -27.674021
v 24.991726 -24.499043 -146.804123
v 0.491274 -8.585654 -8.160059
v -1.722627 -8.223412 -8.200871
v -2.302717 -9.097435 -15.220306
v 6.634078 -9.631734 18.104156
v 6.782916 -4.023659 28.424606
v 9.132113 -3.260182 37.025597
v 15.248530 -6.677831 37.755821
v 10.481944 -7.636540 27.743179
v 2.263341 -3.498533 27.283554
v 4.682677 -3.504826 28.626274
v 5.375983 -2.279906 37.312691
v 36.595486 -3.659726 49.599609
v 49.335377 -3.753751 45.154144
v 28.170063 -7.596259 34.312149
v -18.938913 -17.358007 -96.503387
v -17.854956 -17.458033 -95.962341
v -11.119868 -9.140976 -14.921947
v -4.850277 -9.218606 -15.134167
v -11.485950 -5.431922 6.080097
v -12.012081 -6.706099 -0.579586
v -13.627485 -6.275229 -0.400303
v -12.706285 -4.785275 6.261925
v -15.168607 -5.925181 -0.276516
v -18.865650 -4.126528 1.681480
v -29.705841 -3.828555 -12.294716
v -28.037033 -3.540977 -8.133373
v -22.684397 -3.641393 -0.792225
v -25.679840 -6.640870 -16.017191
v -33.622517 -3.337537 -15.795124
v -12.470321 -7.885115 -7.918037
v -12.821607 -8.827652 -14.786327
v -14.383165 -9.054349 -14.531532
v -14.357505 -7.703153 -7.516666
v 6.532322 -10.414903 12.987770
v 14.499187 -10.761807 9.517197
v 15.684161 -9.434842 22.006615
v 35.535961 2.987872 13.571396
v 7.405005 -10.717461 6.473076
v 13.395267 -12.729848 -11.365211
v 7.338639 -11.648239 -8.003889
v 36.464794 3.042346 -6.266373
v 13.804072 -11.932973 -1.002346
v 7.983623 -10.390431 -0.367554
v -9.421639 -5.489277 12.660885
v -9.871457 -6.392402 6.176594
v -11.085602 -4.631085 12.699677
v -20.387468 -3.089709 28.137230
v -15.968956 -3.085713 28.618656
v -15.564992 -3.485695 27.171585
v -18.844919 -3.380356 25.975304
v -10.300150 -7.325480 -0.679111
v -3.195112 -5.568923 12.546227
v -2.847700 -4.891169 17.199409
v -10.738975 -8.213628 -7.917921
v -3.642929 -6.479495 5.974541
v -4.033421 -7.364867 -0.843872
v -4.452072 -8.322868 -8.158268
v 5.093215 3.726592 88.475647
v 12.507314 2.763621 75.337952
v 2.169447 2.652803 75.215523
v 2.193320 3.695275 87.345734
v 0.523354 3.722638 87.120392
v -6.428515 2.833737 76.359505
v -29.352077 -15.597292 -116.084808
v -8.389928 -3.289184 29.914856
v -8.681024 -3.633200 26.741291
v -12.374965 -3.590074 26.848541
v -12.509254 -3.447268 28.165653
v -8.804544 -3.889652 24.558109
v -12.137893 -3.962687 22.291584
v -14.204247 -3.834192 21.870052
v -13.951817 -3.888080 20.834339
v -10.836182 -4.303601 17.598877
v -14.066858 -3.746591 19.442863
v -17.497633 -3.586274 6.462589
v -12.964162 -3.330510 12.868820
v -13.772520 -3.666365 16.849731
v -13.812056 -3.207631 12.802357
v -18.297783 -3.620466 7.090408
v -25.248190 -3.378724 13.165413
v -19.998512 -3.491026 17.660995
v -16.710180 -3.677517 20.112518
v -15.010255 -3.789241 20.767960
v -25.652100 -3.243242 23.379860
v -21.239441 -3.299266 25.135483
v -17.336779 -3.617690 19.556427
v -17.024639 -3.504912 17.748779
v -15.745730 -3.522315 16.117935
v -15.309384 -3.581021 19.245224
v -16.298021 -3.452817 19.030052
v -15.091801 -3.502599 16.753487
v -23.494324 -3.530681 -0.029469
v -28.970127 -3.461913 -7.311123
v -34.638988 -3.328166 -15.085346
v -36.817135 -3.168287 -0.506783
v -31.056965 -3.287734 6.656895
v -42.701290 -3.099946 -8.130482
v -50.082539 -2.864610 -2.032787
v -46.158833 -2.847041 7.138763
v -33.172318 -3.086658 19.985226
v -40.155754 -2.943277 14.541245
v -44.683941 -3.057140 -10.593086
v -50.075420 -2.892785 -6.104530
v -39.320312 -3.214355 -14.831818
v -50.288383 -0.561823 11.994240
v -57.850658 0.904445 8.058998
v -60.696373 2.441871 11.954304
v -52.712368 1.156093 15.014275
v -42.607376 -1.413373 17.252087
v -36.134014 -1.117612 23.044563
v -27.295658 -2.600221 24.516144
v -44.467442 -0.016706 19.804771
v -54.465809 1.250055 19.682884
v -45.694530 -0.055926 23.369461
v -61.462315 2.318478 18.866425
v -27.911659 -2.500886 28.529793
v -36.880245 -1.215117 26.869301
v 0.321024 -3.651938 25.458710
v -2.337238 -3.911826 24.288071
v -1.294575 -3.656610 26.268818
v -0.432667 -3.847915 23.850460
v -2.564045 -4.238532 21.915298
v -0.819838 -4.161633 21.823616
v -50.462788 -2.941342 -13.915600
v -55.062408 -1.631106 -5.298729
v 3.413660 -2.212540 37.530617
v 4.134200 -0.997893 46.009338
v 6.012867 -0.787195 45.742287
v 5.884400 1.181346 62.238663
v 8.303107 2.063817 69.890900
v 10.205558 2.183930 69.255280
v 7.762767 1.291577 61.878693
v 4.943707 0.147263 54.288422
v 6.685019 0.235103 54.082726
v 2.692679 -3.459666 28.871956
v 1.534261 -3.476564 28.186138
v 14.011317 2.811315 73.875244
v -7.911328 -2.220157 38.090302
v -9.688913 -3.094510 30.918030
v -9.571332 -2.051136 38.098694
v -7.007090 0.038986 54.818352
v -7.432967 -1.092527 46.702408
v -9.047848 -0.846509 46.663185
v -8.655529 0.251399 54.813179
v -6.269666 2.090444 70.652344
v -7.899775 2.316516 70.662758
v -8.670500 3.288745 76.137398
v -6.643296 1.103869 62.795441
v -8.298172 1.384227 62.662598
v -12.790846 -3.136222 29.768135
v 11.552112 -0.360616 53.460312
v 12.800036 1.673121 61.119591
v 17.891457 2.811045 72.336426
v 15.080997 2.472009 67.704636
v -28.158051 -0.544551 31.609970
v -20.710480 -1.811888 31.463768
v -55.393486 2.710820 22.485237
v -45.980396 1.791930 26.548691
v -37.017509 1.002060 29.947548
v -61.942818 3.939146 21.487442
v -10.459908 2.160531 62.596848
v -10.363157 3.232455 70.618225
v -11.073283 -0.156657 46.721458
v -10.728989 1.162344 54.794403
v -11.562534 -1.329100 38.030083
v -10.798336 4.123050 75.718994
v -13.154346 -2.325106 31.609772
v -17.031122 -2.266202 31.422951
v -28.658276 -0.230772 36.661713
v -20.707884 -1.306260 36.248283
v -47.095673 2.979210 31.925400
v -40.306351 2.302365 34.541367
v -56.612011 3.363028 28.116501
v -17.360653 3.269458 62.599380
v -17.143517 3.711635 70.060539
v -18.169315 2.029683 54.846260
v -19.029003 0.688243 46.917442
v -34.703194 2.806834 45.077629
v -25.245968 2.635334 51.690376
v -17.555454 5.221047 99.474838
v -17.053425 4.930018 94.225250
v -18.629311 5.068460 93.732361
v -18.996130 5.198085 99.724609
v -23.909698 4.921176 61.879349
v -23.780125 5.910815 69.758621
v -58.885899 4.892322 39.272171
v -49.677967 5.054065 42.911995
v -42.745316 4.736304 46.072906
v -14.952388 4.497619 89.256927
v -11.604555 3.920463 84.217239
v -12.464559 4.026469 83.706451
v -17.712795 4.889497 87.350159
v -36.257481 4.059772 50.328979
v -28.125618 5.206466 57.047653
v -1.005308 -2.126223 37.684166
v -0.324381 -0.950418 46.241219
v 0.360470 0.179810 54.532562
v 17.323708 3.536742 84.410454
v 7.765996 3.864599 90.623161
v 9.478286 4.053122 93.368042
v 19.035316 3.898824 90.308311
v -1.801215 -3.208044 29.314072
v -5.438318 4.005543 88.384796
v -9.090321 3.458463 80.726250
v -7.204655 4.139990 89.338730
v -9.986322 4.423577 92.243164
v -11.357351 4.750607 95.654449
v -11.394375 5.058167 99.196899
v -16.348778 5.368377 103.898666
v -10.809148 5.235761 101.877090
v -10.310217 5.302272 103.229553
v -15.472299 5.428239 105.976608
v -12.986044 5.560744 109.734314
v -8.749782 5.386361 105.692780
v -8.113250 4.959218 96.854202
v -7.304851 4.765872 94.407288
v -6.467801 5.407853 102.954468
v -8.009349 5.166963 99.393860
v -5.718393 4.514279 92.421547
v -7.538110 5.312917 101.291107
v 10.491878 4.365563 98.271835
v 18.602516 4.414493 99.577484
v 6.276635 4.422084 94.127472
v 7.215003 4.704598 98.607010
v -3.463727 4.347535 91.098587
v 1.053663 4.228486 90.556778
v 4.743216 4.269563 92.253586
v 3.029728 4.193225 91.060371
v -9.382781 5.707961 113.513123
v -6.360041 5.471513 107.694611
v -4.888123 5.633597 114.323059
v -3.473406 5.479062 108.917175
v -0.779379 5.574149 115.172577
v -0.337096 5.419421 109.174591
v 3.697492 5.512490 114.735031
v 2.505722 5.320771 108.765289
v 7.846137 5.318528 113.184784
v 5.331529 5.157186 107.536896
v 11.409791 5.066846 110.414490
v 7.319966 5.018188 105.960449
v 13.997115 4.901856 107.646027
v 8.902738 4.830041 104.016479
v 15.636287 4.736661 106.090546
v 9.996676 4.624646 101.521210
v 16.985767 4.611695 104.065796
v 22.527359 4.400147 101.562302
v 3.123711 5.258397 104.568695
v 1.123371 5.374204 105.291870
v -0.976488 5.454837 105.532623
v 6.632477 4.911916 100.773895
v -3.073812 5.472852 105.211121
v -4.985737 5.473411 104.308609
v 5.904719 5.062928 102.234344
v 4.551200 5.179149 103.603104
v -0.584126 5.173499 100.722443
v 1.119835 5.058324 100.177856
v 67.224075 -0.040746 71.794983
v 54.823093 -0.884404 77.112457
v 57.893467 3.095281 82.354721
v 67.383133 4.376449 78.736954
v -2.314810 5.178296 100.210358
v 2.047668 4.814527 97.474365
v 1.855377 4.919408 98.894318
v -1.962898 4.840579 95.945038
v 0.921831 4.747022 96.023804
v -3.230986 5.079635 98.680969
v -3.123480 4.930898 97.047256
v -0.537333 4.964843 97.785995
v -26.130917 7.064340 106.978622
v -21.519970 6.794326 108.229767
v -21.031483 5.784213 106.309036
v -24.550053 5.803082 104.385895
v -62.491581 2.329364 8.398369
v -60.752430 0.734941 -5.788977
v -70.841858 5.265841 -4.652035
v -15.452312 6.099978 112.568573
v -15.041404 5.943662 109.469818
v -17.380838 6.378327 109.056839
v -17.927107 6.349977 112.156464
v -13.171249 5.925054 112.972748
v 1.115253 1.163208 62.463783
v 1.768630 2.085835 70.282814
v -21.945980 6.754796 111.536499
v -26.712063 7.118878 110.809906
v -17.037977 5.877032 108.041092
v -14.839499 5.779511 108.963623
v -14.715214 5.695359 108.565063
v -20.677891 5.437205 105.580261
v -16.936882 5.697917 107.770523
v -22.023664 6.975286 111.972626
v -26.588638 7.265811 111.326370
v -27.109791 8.798482 114.158768
v -22.623192 8.584958 115.124054
v -17.892294 6.602803 112.685547
v -18.287962 8.311435 115.924545
v -15.486942 6.454980 113.065277
v -14.872532 8.143178 116.462845
v 2.457012 5.994346 118.087372
v 6.184779 5.940793 118.203506
v 0.211353 5.702830 116.611038
v -9.588095 6.254060 114.011200
v -13.241228 6.355912 113.420868
v -11.292521 8.097497 117.481506
v -5.235637 6.261666 115.130615
v -7.549497 8.073056 118.872162
v 22.286915 3.466521 83.178001
v 20.913559 3.175447 77.216927
v 23.704437 3.768504 89.266350
v 44.129246 2.838267 22.445778
v 61.012318 4.611667 32.377823
v -5.204409 9.445447 130.765472
v -12.465862 9.381007 127.720428
v -18.638264 10.855487 137.389252
v -10.669703 10.539577 139.933640
v 21.016186 -2.230069 52.623642
v 22.781261 -2.493230 58.327103
v 25.857975 -0.456510 64.337418
v 62.572788 -2.110845 54.446487
v 74.534462 6.226604 44.721443
v 44.252659 -1.000241 60.266068
v 29.341511 0.439532 68.899948
v -10.062427 8.587407 123.408859
v 33.843838 0.987231 73.174377
v 67.634079 -1.265241 63.920609
v 79.426239 6.526240 58.740746
v 47.164082 -0.845342 69.530304
v 39.931385 0.999408 77.710632
v 80.075584 6.284305 76.407730
v 45.226162 1.331169 88.127411
v 52.881832 -1.033170 74.632217
v -89.590416 15.675715 -1.795551
v -124.766212 29.976967 3.507637
v -87.816833 13.892926 11.058640
v -65.477180 3.349776 13.280487
v -68.829575 3.560010 18.190063
v -64.110031 2.975200 20.719284
v -66.499893 2.918483 10.331711
v -129.783173 32.157528 20.347435
v -96.875679 15.217769 31.824730
v -136.038223 34.398052 30.964622
v -112.124603 23.419411 38.337517
v -71.806320 5.174396 28.290627
v -73.046272 6.145717 28.179451
v -76.291069 7.521373 41.063034
v -74.786148 6.962169 41.365540
v -68.082550 4.713695 28.817902
v -65.605339 5.420499 29.426979
v -64.818924 2.652466 1.929039
v -66.987976 3.616969 9.199020
v -70.594925 5.366206 12.042915
v -68.333267 3.370563 12.268517
v -72.036118 5.575778 19.302185
v -34.240570 7.663478 61.930832
v -40.957638 7.227462 55.851028
v -46.444118 7.519626 63.444519
v -39.998798 7.637752 68.978355
v -71.206863 6.761912 41.753853
v -69.313240 6.898189 42.325996
v -10.949787 3.766121 79.876259
v -12.691936 4.500165 79.401199
v -16.055645 5.578565 78.609840
v -23.701097 7.695662 77.276741
v -17.291061 6.088758 85.315666
v -17.742659 5.696496 87.412621
v -23.786955 8.424050 80.742462
v -27.121944 7.723790 68.964935
v -26.895023 8.332606 78.084656
v -30.182468 7.517070 65.605118
v -53.865284 6.501565 50.519150
v -45.584431 6.907865 52.642876
v -61.533306 6.546626 46.292160
v -99.190834 12.752604 46.699677
v -87.785950 10.159404 42.055634
v -79.497993 8.162974 46.237968
v -78.023201 8.029254 46.822121
v -75.006622 8.083217 48.902428
v -70.139923 6.941615 44.071167
v -73.660614 7.855258 49.448822
v -86.455421 9.786052 50.595856
v -85.283546 9.728259 51.576927
v -82.179291 9.616649 54.032784
v -81.094498 9.553241 55.059143
v -94.220306 11.426467 55.323029
v -93.234459 11.512523 56.097343
v -89.736549 11.124116 58.619339
v -88.566010 11.139813 59.346611
v -103.001968 14.008494 63.460869
v -101.794144 13.089168 64.249390
v -98.024910 13.188952 66.431519
v -96.583359 13.079381 66.867798
v -107.784843 15.383807 70.441872
v -106.264389 14.429473 70.633575
v -101.619232 14.325694 72.639755
v -100.525612 14.226634 73.075539
v -110.188919 16.231895 78.527863
v -108.979790 15.615367 79.075974
v -104.398125 15.367061 80.378601
v -103.181137 15.296245 80.594772
v -34.553280 7.892627 72.383636
v -62.743587 6.287776 48.115791
v -55.488773 6.296588 53.169327
v -51.122433 6.965129 59.202049
v -60.197201 6.979014 57.250191
v -52.058224 8.112018 65.986130
v -67.205750 6.978000 52.451691
v -41.027218 8.406054 76.327454
v -36.272999 8.531358 81.771233
v -63.481449 9.262952 73.828407
v -47.747227 8.740542 86.167419
v -123.208374 25.736755 43.400604
v -146.929565 34.484028 44.711388
v -137.716507 28.160324 49.697281
v -80.930962 10.155299 61.306099
v -72.031380 9.494021 67.302765
v -41.960381 8.508733 91.775299
v -112.701027 16.875069 52.846298
v -91.938919 12.231898 69.387238
v -83.179222 11.564105 75.212494
v -126.981430 20.465004 58.365913
v -74.685661 11.159701 81.563721
v -67.667931 10.893886 86.891342
v -51.431374 9.810506 96.521179
v -70.454597 11.741939 96.495651
v -56.136234 10.553393 105.850189
v -97.325432 13.323764 74.772522
v -79.057869 12.185351 89.134552
v -88.332680 12.809772 81.053864
v -143.750076 29.921844 56.401657
v -138.831284 26.287392 64.533920
v -100.137764 14.447536 82.272705
v -82.320129 12.857509 98.294739
v -72.866600 12.186877 106.525253
v -92.001419 13.481898 88.934113
v -60.207172 11.307750 114.509796
v -106.473480 17.267769 93.729340
v -105.502609 17.059616 93.838654
v -84.515755 13.724559 111.041138
v -75.338722 13.085597 116.937973
v -102.706963 15.805957 95.269592
v -94.449173 14.631305 101.895599
v -111.962555 17.564339 91.772293
v -110.774620 17.014267 92.457520
v -64.126411 12.348475 123.298035
v -139.108246 28.920784 79.291687
v -149.081497 32.049404 57.883972
v -145.915939 30.208450 69.848587
v -31.009571 7.433486 109.604645
v -29.145638 7.415521 105.614807
v -27.475040 6.276746 102.479156
v -32.149311 9.192393 112.752228
v -35.054989 8.074655 107.535950
v -36.622795 9.561376 110.585419
v -30.426929 7.778926 102.048523
v -45.133865 8.982144 100.909256
v -0.799142 6.262189 117.051590
v -1.721025 6.204110 116.341339
v -45.515450 9.771821 105.600739
v 4.298062 6.870143 123.987122
v 1.886879 7.814301 129.571686
v 3.238620 7.755036 128.421738
v 23.940243 4.265813 97.926758
v -59.740376 11.356044 126.099457
v -56.310596 10.175540 116.904312
v -52.444233 10.007945 109.155945
v -49.369793 9.972323 105.263489
v -38.881775 10.610690 122.368347
v -25.652267 9.938457 124.725037
v -45.024101 10.009675 117.526566
v 104.622162 7.869884 56.719719
v 110.453079 8.119731 72.815910
v 113.424187 9.332280 69.702751
v 107.100349 8.443295 56.308105
v -49.785759 9.994123 112.688110
v -48.232056 9.768207 121.987747
v -44.840298 9.838771 127.023285
v -53.559383 10.075915 118.009766
v -52.530666 9.002040 130.209808
v -2.978697 9.110984 126.547913
v -3.639776 8.414323 131.781235
v -1.388942 7.787507 127.697845
v -1.093699 7.458179 122.322495
v 0.324747 6.864715 123.122345
v 0.536049 6.146159 118.440231
v -0.403257 6.608872 118.637024
v -43.788136 12.596622 132.934814
v -31.325115 11.660510 134.810501
v -0.041445 8.457932 133.238968
v -9.079725 9.867288 140.912247
v -5.932322 10.016942 142.942154
v -37.311111 13.069758 143.073242
v -26.204174 12.211116 145.573929
v -18.841314 12.251315 147.499542
v -51.595844 14.197772 141.089203
v -17.245701 11.534236 149.068741
v -14.644062 11.950297 152.365982
v -60.498844 14.013743 136.825943
v -68.697914 14.168971 132.310120
v -133.491882 27.020844 93.995926
v -113.316765 18.816460 102.140060
v -87.039619 15.459140 121.936417
v -78.059624 14.555186 126.639252
v -112.401581 18.577042 102.775238
v -108.063919 18.951927 104.777863
v -95.657669 15.851893 113.887238
v -107.104057 18.475197 105.518112
v -104.869934 17.119713 107.109894
v -19.431046 5.269469 103.392563
v -19.895931 5.282395 104.280975
v -16.412971 5.591708 106.843781
v 24.138271 4.491458 105.333191
v 34.194336 2.886771 96.641266
v 25.332043 4.166450 96.900009
v -20.207399 5.331241 104.923080
v -16.549948 5.574542 107.130417
v -24.100655 5.352460 103.608154
v -27.055302 5.760610 101.790634
v -23.739895 5.286723 102.857422
v -23.399879 5.274930 102.211395
v -26.307301 5.269158 100.505219
v -22.372728 5.257224 100.418777
v -25.439976 5.152728 98.963806
v 46.940105 0.409030 90.060883
v 49.258228 3.111979 91.891205
v 37.176914 1.516093 98.476746
v 28.489964 1.834582 106.664398
v 31.847233 4.325038 109.444321
v 40.195957 3.266665 100.175888
v 14.740085 5.400634 114.591354
v 18.096916 4.841851 110.624420
v 21.477978 4.527774 107.327438
v 19.645767 4.693053 108.740173
v 13.182551 5.794648 116.766510
v 11.708310 6.043624 121.022369
v 14.275401 4.361827 122.071365
v 15.531482 3.845820 117.761063
v 10.164262 6.765901 126.800964
v 13.018283 5.111125 127.235596
v 21.637722 2.851489 111.626877
v 17.267826 4.339458 123.110413
v 17.311749 4.780543 127.607147
v 18.903194 6.775083 127.921356
v 19.168720 6.611268 123.707794
v 18.742123 3.463313 119.385406
v 21.232311 5.774867 119.689072
v 1.605427 9.355952 134.746750
v 6.209251 7.576571 129.122437
v -12.540828 12.863629 154.393860
v -3.439845 11.321305 144.238739
v 24.102085 3.409175 113.865570
v 25.575665 5.168712 114.956421
v 9.951533 6.747798 127.519073
v 5.869381 7.518929 127.969955
v 24.250599 7.170512 130.330948
v 20.347530 7.399369 131.914078
v 30.639824 7.543824 135.740799
v 21.888882 8.720279 142.690460
v -33.930706 16.961018 166.307587
v -35.683430 15.655042 164.146973
v -47.347187 16.959282 166.457291
v -46.154377 17.818199 170.444778
v -117.408112 21.541702 115.531189
v -111.632225 21.219612 118.373260
v -91.191528 18.076012 135.084518
v -81.563507 17.374245 140.395370
v -28.073547 13.832255 156.905594
v -25.591351 14.130824 159.852554
v -61.379475 16.540672 150.714279
v -36.849022 14.017726 151.745407
v -29.992947 14.332866 155.826843
v -72.412155 16.783653 145.880783
v -98.966888 18.792152 127.504532
v -24.100918 14.855817 161.802612
v -108.262138 19.749466 120.644989
v -110.734154 20.919487 119.229340
v -45.914478 14.849055 152.964935
v -127.578018 24.320412 111.267639
v -82.220192 19.553795 152.285141
v -49.947029 16.960754 162.081894
v -65.514351 18.533760 160.573715
v -39.012257 15.591762 158.968826
v -37.670017 15.374522 160.874466
v 24.693989 6.874362 127.328247
v 26.396656 6.103587 122.541504
v -121.163162 22.533859 120.196838
v -106.160553 20.608551 131.478973
v -94.536240 20.093712 140.616013
v 29.816761 5.378276 119.229568
v -113.931587 21.966812 125.380234
v -125.235786 23.189270 118.145264
v 32.054443 7.029029 133.446381
v 32.699211 6.411307 129.475006
v 34.051968 5.583423 124.246002
v 13.393672 5.563304 131.559113
v 18.422146 5.339503 132.426208
v 97.118828 7.762858 41.016991
v 99.957123 8.437453 40.007202
v 93.626419 7.405818 27.086029
v 137.092346 10.481959 54.168480
v 136.662689 10.069041 24.383369
v 146.457245 10.767161 65.154495
v 147.468979 8.961137 77.983513
v 157.779846 10.731959 59.715355
v 158.519745 12.114398 26.798447
v 166.467346 9.981898 68.090363
v 169.629837 7.714656 77.140503
v 147.285339 8.300931 80.617615
v 168.012833 7.755771 80.731216
v 84.701218 5.823016 111.348328
v 88.105484 5.990979 101.521301
v 82.071953 5.799953 91.452148
v 78.917572 5.417106 101.554749
v 146.723297 7.880839 86.774811
v 168.082703 8.309840 87.988586
v 113.135742 7.737330 89.146790
v 59.785511 3.296741 85.230927
v 51.863548 3.477475 94.261627
v 73.261963 3.894400 105.063354
v 44.956989 2.364161 102.136551
v 146.238022 7.055728 89.259476
v 166.480225 6.873431 92.750656
v 112.468567 6.857623 92.192566
v 91.228264 6.426471 92.517380
v 102.574615 7.507319 94.158356
v 103.590347 6.834636 96.463181
v 97.002502 7.383166 78.245880
v 65.364594 4.454219 83.739319
v 95.879013 7.520841 93.056671
v 39.577305 2.463911 108.275955
v 44.953548 3.391345 102.152893
v 51.846088 2.368152 94.275574
v 78.104904 5.342944 107.345917
v 64.486183 3.855163 114.643311
v 68.637085 5.203418 117.520660
v 39.711285 3.949041 108.106171
v 56.238285 2.402479 123.411346
v 56.255741 3.808518 123.397369
v 56.964108 4.830819 125.539856
v 64.468719 2.354793 114.657257
v 29.965397 4.449714 111.123718
v 34.270779 4.444335 115.566101
v 53.123577 4.623494 124.887238
v 76.200302 5.510293 118.406113
v 64.617683 5.180123 123.716370
v 92.415810 7.513692 102.991013
v 95.018669 7.534076 103.827667
v 95.715881 7.448924 104.244080
v 89.961876 7.504384 115.572067
v 81.157425 5.898051 121.484955
v 83.299240 7.215295 122.158966
v 78.232018 5.886771 129.502563
v 80.230247 7.518247 129.864075
v 75.476860 5.623509 136.943298
v 77.223320 7.693654 137.990540
v 100.448196 7.431766 132.805328
v 97.607201 7.541423 134.198425
v 104.861313 7.934857 142.262222
v 106.776001 7.610599 139.913696
v 95.771233 7.402476 126.445129
v 93.026787 7.408959 126.112869
v 92.767586 7.457942 116.903198
v 93.461746 7.402148 117.151520
v 96.971977 7.174830 126.885254
v 72.782761 5.516271 121.217407
v 73.693924 5.633138 124.398865
v 73.086349 5.887515 127.689728
v 72.936188 5.614636 136.408524
v 70.786774 7.881604 136.145935
v 64.615677 5.190148 124.731842
v 56.965092 4.899470 126.379196
v 65.110847 5.441875 128.578293
v 64.740540 7.999515 135.989853
v 59.768055 2.372230 85.244888
v 44.559303 3.720387 112.552887
v 73.244499 2.391961 105.077316
v 44.538258 2.401421 112.556885
v 38.401310 4.435159 119.790237
v 42.364063 4.122973 115.117935
v 57.557545 5.024159 128.922531
v 53.337421 4.799556 126.827072
v 53.526752 4.958911 129.315002
v 34.842731 4.961947 123.341019
v 30.876125 4.769114 118.382629
v 26.576488 4.786672 114.169281
v 36.421696 4.552201 121.885742
v 32.024323 4.520804 117.690063
v 27.512920 4.503083 113.303162
v 47.843601 4.402944 120.186584
v 43.826618 4.458795 123.923721
v 49.500740 4.618403 126.228302
v 42.615139 4.674867 126.503876
v 49.164074 4.818528 128.781784
v 65.236710 5.337956 127.214203
v 57.870235 5.139205 130.308685
v 58.739597 7.961398 135.700882
v 40.059208 4.871905 128.033264
v 50.778019 4.993258 133.836273
v 53.675259 5.103213 131.854538
v 40.979061 5.333323 132.119934
v 48.527042 5.582498 137.517990
v 40.186085 5.271930 138.059113
v 45.891537 5.514865 142.277451
v -36.190605 15.942439 181.547318
v -25.787815 14.123622 174.918015
v 5.007671 10.002696 152.408905
v 8.703055 8.900622 142.231598
v -5.497952 10.353114 162.780853
v -16.293270 11.684978 168.876495
v -4.794666 19.243233 188.142502
v 9.308818 17.033684 175.406967
v 16.249348 12.025020 163.630035
v -16.996956 18.001640 198.012253
v 19.798573 10.038951 152.986664
v 7.651687 21.143959 192.775421
v 20.434307 15.755824 179.103699
v 28.996227 13.483546 171.317703
v -7.252295 21.290565 205.873260
v 32.845036 9.417491 161.381088
v 36.256413 7.616084 154.938065
v 45.394749 11.861018 160.263565
v 54.556858 9.905177 146.875488
v 27.985226 25.607780 209.674347
v 41.363789 23.886925 194.123016
v 49.182438 20.982613 184.401596
v 15.507586 28.316841 224.466278
v 41.453617 13.024348 166.529037
v 66.390945 16.528679 170.789902
v 63.518414 8.272044 146.995148
v 58.795063 18.014900 173.405457
v 55.421947 7.764285 137.054657
v 53.797913 7.285863 140.914658
v 92.887070 15.135585 167.771347
v 94.802818 8.260301 154.466202
v 112.532639 15.132365 170.318069
v 117.523361 7.866466 149.350739
v 136.654984 14.366343 179.361938
v 142.453400 8.466960 164.134903
v 95.743584 26.050697 197.303421
v 57.224087 27.639732 202.589722
v 70.399170 25.499458 193.738007
v 122.311089 25.061897 206.246613
v 26.038464 31.320412 234.550110
v 39.449360 29.523384 218.597397
v -49.399170 -6.778970 -41.348789
v -21.529354 -7.882270 -18.854313
v -17.137283 -6.499023 -4.451902
v -15.240073 -9.749150 -21.843401
v 9.373584 -21.873070 -145.065887
v -14.102367 -10.263677 -21.827955
v -15.727775 -10.639009 -27.336058
v 61.260853 -27.301939 -134.323029
v 71.054192 -15.085580 -119.483536
v 79.077316 -17.630768 -124.546463
v 51.008823 -0.109433 -91.202736
v 62.365215 -6.386334 -106.155258
v 56.727894 -25.190756 -130.671097
v 66.729057 -11.230741 -113.593277
v 90.850609 -22.249380 -128.444702
v 45.688778 2.842685 -82.640892
v 36.337872 -29.342468 -146.048630
v 31.724461 -26.412992 -150.956528
v 30.953018 -25.931984 -151.856995
v 25.411079 -25.165440 -157.900558
v 29.534927 -25.734598 -153.425751
v 34.465809 -24.978048 -173.388428
v 37.511711 -26.960655 -155.486679
v 36.290287 -26.865274 -156.969772
v 38.097561 -27.249304 -154.696365
v 32.467457 -26.228237 -161.840027
v 41.494129 -30.945389 -149.499405
v 47.217617 -32.265568 -152.790283
v 45.169025 -28.173370 -157.427948
v 44.783173 -27.986324 -158.021286
v 43.544548 -27.915848 -159.915833
v 40.265591 -27.313240 -164.917633
v 37.896362 -25.208755 -168.119461
v -22.960352 8.509692 89.491592
v -41.452858 9.703145 107.439789
v -39.913849 8.500997 104.414062
v -31.494385 8.019969 98.674850
v -21.648199 -3.413295 21.082176
v -19.020853 -3.522241 18.279549
v -21.919483 5.148992 92.764709
v -26.497257 8.377671 89.388756
v -22.553593 5.189782 89.145599
v -26.245846 8.468200 87.290283
v -21.027088 8.243453 85.161491
v -16.667038 6.184239 81.871887
v 19.066002 4.265008 96.841705
v 7.163293 4.565392 96.376740
v 10.368333 4.242417 96.615234
v 24.515316 2.567338 109.108704
v 26.065956 2.837502 110.826950
v 29.962585 4.180501 111.126373
v 27.510109 4.288335 113.305817
v 21.475166 4.228236 107.330078
v 24.135460 4.191274 105.335846
v 19.819321 4.550309 105.986893
v 22.929268 4.417348 103.420715
v 18.489960 4.623487 105.718933
v 28.510593 3.014915 81.380905
v 29.160938 3.700121 96.253464
v 26.531300 2.817737 75.504761
v 23.910732 2.646191 71.169769
v 20.241268 2.274951 66.365112
v 29.533264 3.313985 88.263161
v 22.942986 4.286662 99.229767
v 43.846142 -17.562311 -196.606461
v 38.897427 -11.137280 -203.745117
v -27.733341 -15.482985 -115.174545
v 56.949406 -26.884207 -180.544159
v 51.906281 -23.092333 -187.420837
v 60.242115 -27.165607 -175.197144
v 68.746147 -34.397881 -158.456955
v 67.340820 -30.790512 -163.051025
v 49.032192 -21.110027 -190.457016
v 66.324417 -30.808369 -164.919159
v 63.423672 -30.421036 -170.490570
v 67.760025 -30.917160 -162.354477
v 55.510067 -19.259747 -197.923889
v 50.729076 -12.076934 -206.447845
v 46.996281 -2.264180 -222.958221
v 66.761917 -27.884209 -183.247284
v 61.963940 -24.340855 -189.836090
v 69.418167 -27.753687 -178.356659
v 90.482574 -32.835190 -144.243835
v 79.504700 -35.831005 -160.447052
v 77.640198 -32.149639 -164.864410
v 59.615597 -22.279325 -192.363571
v 77.078278 -32.216793 -166.482422
v 74.703255 -31.778049 -172.426651
v 77.974770 -32.495712 -164.203461
v 68.787109 -21.136444 -200.543686
v 62.188549 -13.518915 -210.305893
v 76.043167 -28.774162 -188.778534
v 72.907089 -24.895758 -194.870361
v 79.110947 -28.948483 -183.718124
v 81.748482 -32.309509 -178.865707
v 90.863525 -35.797245 -162.342041
v 89.803612 -33.794647 -166.646530
v 70.751030 -23.137836 -197.393906
v 89.228630 -33.698902 -168.233932
v 86.913597 -33.298328 -174.287659
v 103.939224 -33.131371 -197.141617
v 90.040993 -34.170460 -165.822113
v 82.991669 -24.469923 -205.763565
v 74.583549 -14.795914 -217.515701
v 68.652534 -4.539174 -235.239471
v 88.668167 -29.954155 -197.606659
v 84.674255 -26.130625 -203.597046
v 92.511917 -29.904167 -193.841034
v 121.461342 -36.030014 -151.579346
v 107.886917 -37.994190 -166.153534
v 106.533577 -35.480667 -169.967316
v 105.886353 -35.410084 -171.428406
v 103.801956 -35.352623 -177.011276
v 126.729973 -32.825966 -138.662155
v 106.967606 -35.990753 -169.167099
v 93.071548 -25.967567 -211.343643
v 84.560768 -16.171497 -223.498016
v -29.353695 -15.497077 -116.079445
v 97.793167 -30.364189 -205.262909
v 101.449417 -30.474174 -201.169159
v 72.927841 -31.060333 -174.151733
v 121.368401 -38.950863 -169.735443
v 119.990746 -36.832516 -173.049622
v 119.172020 -36.862316 -174.597488
v 116.715141 -36.836739 -180.098404
v 94.966377 -33.597523 -188.961853
v 120.332314 -37.011543 -172.422165
v 109.183899 -27.661777 -223.197006
v 100.335823 -17.810738 -235.314896
v 90.980667 -7.184194 -249.559784
v 114.855667 -31.204155 -217.762909
v 117.636917 -31.084160 -213.278534
v 150.154648 -41.259960 -165.883942
v 142.777435 -41.709377 -179.962418
v 141.223923 -39.445992 -182.373138
v 140.418152 -39.482361 -184.044159
v 137.896271 -39.474159 -188.680725
v 159.105652 -38.054188 -147.231659
v 141.527832 -39.522751 -181.863464
v 120.358162 -33.150959 -209.415833
v -20.323715 6.880818 88.296974
v -20.179737 5.039638 88.137291
v -18.121376 7.830003 80.977837
v -15.649716 6.107049 82.407532
v -14.224277 5.033769 79.037659
v -14.105046 4.734843 74.445724
v -14.131886 4.297996 86.099258
v -18.294632 6.267612 84.460075
v -19.661934 7.825442 83.521652
v -10.294812 -4.119909 22.289696
v -10.077792 -3.626629 26.819847
v -10.004717 -3.409440 29.099075
v -10.169529 -3.849863 24.614594
v -22.533184 -10.480275 -42.568485
v -14.814364 -3.659811 24.208366
v -12.231637 -3.762214 24.657879
v -18.342552 -3.551904 22.745155
v -19.277462 -3.520063 22.242325
v -23.953793 -2.905910 28.463730
v -2.464258 -4.138557 21.909397
v -24.213987 -0.869225 31.531906
v -22.946386 -3.207669 24.522942
v -22.803696 -3.368302 20.468231
v -23.139889 -3.137622 24.977295
v -2.564045 -4.138325 21.915298
v -1.566095 -4.147087 21.852699
v -2.196865 -5.430263 12.505543
v -3.095273 -5.464431 12.542156
v -3.195112 -5.468716 12.546227
v -7.233076 -13.926392 -55.444611
v -7.133532 -13.934006 -55.452530
v -6.238207 -13.933444 -55.520794
v -8.639330 -17.747313 -100.956116
v -8.541843 -17.751015 -100.933159
v -7.665923 -17.747763 -100.726967
v -6.665310 -12.659659 -43.084240
v -6.565109 -12.663093 -43.089699
v -5.667317 -12.674559 -43.138985
v -7.655796 -14.590251 -63.190735
v -7.555458 -14.590150 -63.186573
v -6.656222 -14.592552 -63.153996
v -5.779937 -10.878450 -28.425785
v -5.679631 -10.874643 -28.428970
v -4.780865 -10.871291 -28.483480
v -4.656628 -18.595243 -112.192093
v -4.561364 -18.597574 -112.160431
v -3.713885 -18.624537 -111.859833
v -8.978010 -16.543676 -82.949097
v -8.877908 -16.546593 -82.948471
v -7.978436 -16.540741 -82.942856
v 5.224476 -20.349047 -129.212708
v 5.312504 -20.351925 -129.164627
v 6.102463 -20.338036 -128.733322
v -2.337238 -3.811619 24.288071
v -2.239720 -3.812922 24.264694
v -1.366568 -3.829224 24.049042
v -0.529334 -3.596233 25.624657
v -1.220904 -3.563756 26.206799
v -1.297796 -3.556477 26.270264
v -1.849310 -4.799419 17.138775
v -2.747569 -4.794180 17.199467
v -2.847700 -4.790961 17.199409
v -2.011936 -19.098093 -117.896057
v -1.918555 -19.099579 -117.857269
v -1.087480 -19.111343 -117.512009
v -8.031467 -15.191479 -69.485794
v -7.931491 -15.201163 -69.488495
v -7.031847 -15.217240 -69.512741
v -8.528145 -15.885548 -75.904762
v -8.428197 -15.881327 -75.906113
v -7.528858 -15.847863 -75.918304
v -7.102238 -18.138903 -106.036545
v -7.007107 -18.139809 -106.004692
v -6.152660 -18.155825 -105.718597
v -9.416698 -16.983400 -89.143723
v -9.316859 -16.987244 -89.134193
v -8.421608 -17.025078 -89.048676
v -2.644260 -6.369023 5.924938
v -3.542933 -6.378101 5.970932
v -3.642929 -6.379288 5.974541
v 9.249764 -21.080072 -134.360687
v 9.336574 -21.079668 -134.310669
v 10.116855 -21.077387 -133.860825
v -3.034601 -7.241981 -0.890598
v -3.933383 -7.261918 -0.848904
v -4.033421 -7.264659 -0.843872
v 14.784656 -22.337093 -140.511429
v 14.862498 -22.337851 -140.447189
v 15.556817 -22.334639 -139.874268
v 16.987064 -22.851639 -142.804245
v 17.065910 -22.853689 -142.742538
v 17.759270 -22.884203 -142.170944
v -6.236597 -11.761639 -35.529678
v -6.135815 -11.754103 -35.533508
v -5.234916 -11.755307 -35.574955
v -3.849852 -9.127189 -15.142467
v -4.750152 -9.120143 -15.134384
v -4.850277 -9.118399 -15.134167
v -6.879745 -13.246909 -48.284470
v -6.779836 -13.247961 -48.291740
v -5.881722 -13.251017 -48.357086
v -5.317939 -10.007154 -21.967010
v -5.217940 -10.005101 -21.967224
v -4.318583 -10.023556 -21.993244
v -9.496399 -17.364206 -95.301025
v -9.398041 -17.365938 -95.283150
v -8.512565 -17.362877 -95.122139
v 1.119148 -19.655210 -123.471573
v 1.209368 -19.655426 -123.427696
v 2.018279 -19.660395 -123.034370
v -3.452531 -8.209487 -8.191790
v -4.351686 -8.220580 -8.160192
v -4.452072 -8.222661 -8.158268
v -2.296908 -5.433665 12.509621
v -1.665940 -4.145818 21.858994
v -6.338173 -13.925696 -55.512257
v -7.763265 -17.743858 -100.749886
v -5.767302 -12.670739 -43.133297
v -6.756283 -14.592440 -63.154659
v -4.880763 -10.871378 -28.476837
v -3.808558 -18.621555 -111.891777
v -8.078853 -16.537443 -82.943481
v 6.014693 -20.335472 -128.781250
v -1.463899 -3.827460 24.071770
v -0.604881 -3.593987 25.690430
v -1.949116 -4.792835 17.142708
v -1.180747 -19.107943 -117.550751
v -7.131874 -15.213851 -69.510040
v -7.628927 -15.850430 -75.916954
v -6.247597 -18.154165 -105.750381
v -8.521518 -17.020855 -89.058220
v -2.744324 -6.368928 5.932274
v 10.030494 -21.082668 -133.910934
v -3.134788 -7.243110 -0.888851
v 15.479674 -22.333649 -139.937927
v 17.684193 -22.882132 -142.238144
v -5.335192 -11.756076 -35.570366
v -3.950153 -9.126043 -15.139282
v -5.981880 -13.250998 -48.349800
v -4.418531 -10.024761 -21.989767
v -8.611348 -17.362825 -95.140205
v 1.928280 -19.658245 -123.078133
v -3.552671 -8.208792 -8.189655
v 2.193320 3.795554 87.345734
v 2.179015 3.798728 87.438354
v 1.881075 3.977000 88.993988
v 9.478286 4.153401 93.368042
v 9.389327 4.156273 93.414154
v 7.989205 4.298135 93.891663
v -0.337096 5.519700 109.174591
v -0.338445 5.508954 109.074783
v -0.361084 5.483685 107.398956
v -3.473406 5.579343 108.917175
v -3.449082 5.567552 108.820450
v -3.043810 5.518254 107.209686
v 5.093215 3.826872 88.475647
v 5.037127 3.828868 88.558998
v 4.227538 3.961036 89.739861
v 2.505722 5.421050 108.765289
v 2.482829 5.408505 108.668488
v 2.087566 5.430108 106.997253
v 10.491878 4.465842 98.271835
v 10.392432 4.460017 98.263123
v 8.935161 4.573707 98.135437
v -8.749782 5.486640 105.692780
v -8.681007 5.474320 105.620789
v -7.541597 5.446809 104.428040
v -6.360041 5.571792 107.694611
v -6.314055 5.559941 107.606552
v -5.539516 5.461106 106.123474
v 9.996676 4.724927 101.521210
v 9.905662 4.717643 101.480164
v 8.415149 4.816976 101.000244
v 7.319966 5.118466 105.960449
v 7.253398 5.108718 105.885986
v 6.138124 5.161061 104.638794
v 8.902738 4.930320 104.016479
v 8.823333 4.923474 103.955292
v 7.567904 4.980165 102.984436
v 5.331529 5.257464 107.536896
v 5.284862 5.245538 107.448700
v 4.510949 5.299365 105.986328
v 7.765996 3.964879 90.623161
v 7.681722 3.964601 90.677155
v 6.454432 4.075624 91.467941
v -8.816775 5.368880 102.523865
v -10.233582 5.389457 103.172653
v -10.310217 5.402551 103.229553
v 8.795253 4.480760 96.680939
v 10.269855 4.338040 96.625656
v 10.368333 4.342696 96.615234
v -5.438086 4.105800 88.384598
v -5.371937 4.106732 88.458725
v -4.705535 4.245425 89.887482
v -10.809148 5.336041 101.877090
v -10.714278 5.324903 101.857208
v -9.259287 5.297441 101.390625
v -11.357351 4.850888 95.654449
v -11.259678 4.843646 95.676132
v -9.733515 4.882897 96.014954
v -11.394375 5.158448 99.196899
v -11.295451 5.145154 99.186890
v -9.761316 5.155849 99.031677
v -9.986322 4.523858 92.243164
v -9.900722 4.520562 92.295441
v -8.559427 4.624082 93.114517
v -7.204655 4.240270 89.338730
v -7.137553 4.236573 89.413002
v -6.265223 4.350341 90.668472
v -3.816590 4.013334 87.779999
v -3.783642 4.015048 87.874756
v -3.363846 4.152884 89.346626
v 0.523354 3.822918 87.120392
v 0.517343 3.825380 87.220169
v 0.531731 4.017838 88.859093
v -6.269666 2.190514 70.652344
v -6.369736 2.190232 70.645500
v -7.169538 2.176107 70.672691
v -7.269704 2.180545 70.674011
v -9.090321 3.558532 80.726250
v -9.177473 3.556404 80.677139
v -9.877694 3.566155 80.291214
v -9.964738 3.569230 80.241829
v -6.643296 1.203939 62.795441
v -6.743153 1.207325 62.789185
v -7.542270 1.211407 62.825043
v -7.642237 1.213864 62.828308
v -11.604555 4.020532 84.217239
v -11.690766 4.019052 84.165710
v -12.376332 4.028896 83.754456
v -7.911328 -2.120088 38.090302
v -8.011475 -2.119784 38.086594
v -8.808904 -2.136602 38.153046
v -8.909106 -2.138317 38.148415
v -7.432967 -0.992458 46.702408
v -7.533382 -0.991076 46.701248
v -8.332797 -0.995420 46.731812
v -8.433222 -0.996772 46.730682
v -7.007090 0.139056 54.818352
v -7.107374 0.138842 54.818832
v -7.907510 0.141196 54.834610
v -8.007602 0.141427 54.835068
v -8.389928 -3.189115 29.914856
v -8.470211 -3.186803 29.974823
v -9.246164 -3.128885 30.575623
v -9.339609 -3.121652 30.647896
v -14.952388 4.597714 89.256927
v -7.425798 2.965889 76.294296
v -7.325973 2.958738 76.300819
v -6.527668 2.934559 76.353020
v -6.428515 2.933807 76.359505
v 44.088535 -27.846310 -159.075119
v 43.599445 -27.822525 -159.831970
v 43.544548 -27.815817 -159.915833
v 20.708778 -23.613333 -144.957779
v 20.634472 -23.611662 -145.025375
v 20.033924 -23.585056 -145.553421
v 19.955891 -23.584593 -145.616287
v 23.116745 -24.311356 -148.594223
v 23.189724 -24.313879 -148.525757
v 23.773727 -24.339186 -147.977829
v 23.848316 -24.341070 -147.907852
v 36.933929 -26.831760 -156.205551
v 36.869614 -26.825733 -156.281921
v 36.354771 -26.771849 -156.893234
v 36.290287 -26.765100 -156.969772
v 56.997303 -29.502594 -162.312622
v 56.660275 -29.485481 -163.254440
v 11.767577 -22.297382 -146.370880
v 50.789318 -28.792244 -160.973190
v 50.311680 -28.780621 -161.736755
v 50.258308 -28.777924 -161.821594
v 30.212376 -25.709623 -152.687042
v 30.143314 -25.702442 -152.762344
v 29.603115 -25.640589 -153.351410
v 29.534927 -25.634172 -153.425751
v 66.811356 -30.689114 -164.019394
v 66.335335 -30.710758 -164.899078
v 15.226998 -23.062822 -149.751053
v 77.401779 -32.048386 -165.511597
v 77.085388 -32.118954 -166.460678
v 18.796272 -23.832243 -152.851959
v 89.594818 -33.663204 -167.275314
v 89.239571 -33.602200 -168.209641
v 25.343353 -25.059883 -157.973923
v 106.288383 -35.352898 -170.474747
v 105.899727 -35.316185 -171.395187
v 32.403465 -26.121332 -161.916824
v 119.652824 -36.754585 -173.683716
v 119.186852 -36.761093 -174.569275
v 40.206306 -27.209244 -164.998199
v 140.814148 -39.387142 -183.099304
v 140.427383 -39.382362 -184.021729
v 47.143005 -28.159557 -167.214767
v -9.129093 5.626977 112.680847
v 59.780827 4.292123 85.208656
v 51.829964 4.472272 94.228851
v 73.250809 4.889775 105.110901
v 44.978043 4.387116 102.157898
v 64.460197 4.851960 114.665726
v 56.212971 4.803895 123.412537
v 44.573872 4.716357 112.567520
v -8.772287 -18.590858 -113.500771
v -5.979840 -19.108793 -119.435646
v -12.449921 -17.833508 -101.806152
v -11.328371 -18.148611 -107.448059
v -2.737432 -19.686335 -125.283051
v 0.894767 -20.320629 -131.167801
v -12.771328 -17.479862 -95.641556
v -25.120222 -10.620388 -44.623013
v -34.323799 -10.338172 -43.750767
v -29.659893 -10.494532 -44.205200
v -29.129105 -10.544625 -41.951927
v 0.554341 -3.428477 27.499020
v 0.492011 -3.427360 27.577423
v 0.456093 -3.521876 26.455429
v 0.502926 -3.519965 26.367409
v 0.489944 -3.527530 27.575909
v 0.582205 -3.442111 28.259827
v 6.776631 2.065267 69.997681
v 11.852027 -22.301819 -146.318695
v 10.265321 -21.975554 -144.652283
v 15.303306 -23.065699 -149.686081
v 18.863857 -23.835545 -152.778397
v 47.196682 -28.165508 -167.130142
v 54.563931 -29.143330 -168.877975
v 25.411079 -25.065027 -157.900558
v 32.467457 -26.127825 -161.840027
v 40.265591 -27.212828 -164.917633
v 63.423672 -30.320621 -170.490570
v 74.703255 -31.677635 -172.426651
v 86.913597 -33.197914 -174.287659
v 103.801956 -35.252213 -177.011276
v 116.715141 -36.736328 -180.098404
v 137.896271 -39.373749 -188.680725
v 10.177573 -21.960796 -144.698822
v 62.586514 -29.507103 -171.719193
v 11.469743 -22.143190 -146.507599
v 18.511272 -23.686716 -153.150848
v 39.756294 -26.951450 -165.548569
v 9.919284 -21.842737 -144.776520
v 14.890742 -22.827879 -150.000519
v 25.086926 -24.881067 -158.255371
v 32.057869 -25.879297 -162.254303
v 46.669518 -27.959270 -167.868271
v 53.780647 -28.496773 -169.801849
v 61.014874 -27.594324 -174.041443
v 70.036987 -28.283646 -177.615250
v 10.912295 -21.958385 -146.852097
v 17.684120 -23.085016 -154.051163
v 38.568676 -25.687407 -167.162537
v 9.578191 -21.780863 -144.957397
v 14.108760 -22.482105 -150.666290
v 24.164066 -23.914782 -159.255157
v 31.086281 -24.659760 -163.420425
v 45.366070 -26.726446 -169.923767
v 52.061939 -27.273329 -172.049835
v 9.711097 -21.962379 -144.194611
v 9.144298 -21.847057 -144.521652
v 9.502337 -21.925486 -144.060486
v 9.103873 -21.851053 -144.309158
v 9.099473 -21.855398 -144.191986
v 9.319263 -21.895853 -144.032974
v 9.160575 -21.778120 -144.070740
v 10.648051 -21.939089 -147.015396
v 9.373584 -21.793043 -145.065887
v 9.711097 -21.862314 -144.194611
v 9.144298 -21.767078 -144.521652
v 9.502337 -21.825430 -144.060486
v 9.103873 -21.771023 -144.309158
v 9.099473 -21.775433 -144.191986
v 9.319263 -21.795797 -144.032974
v 9.624766 -21.849808 -144.244415
v 9.232409 -21.767527 -144.474319
v 10.729533 -21.941105 -146.957275
v 9.462359 -21.792576 -145.018814
v 9.417743 -21.816114 -144.113297
v 9.187444 -21.783680 -144.257004
v 11.183324 -22.093670 -147.705399
v 11.264804 -22.079123 -147.647278
v 9.636907 -21.948717 -143.769287
v 8.754285 -21.815189 -144.356644
v 8.832896 -21.820301 -143.241013
v 13.105487 -21.785049 -137.352219
v 17.805725 -22.592007 -134.537628
v 13.190598 -21.783813 -137.299026
v 12.337485 -21.885527 -137.830414
v 16.123688 -22.078308 -135.407990
v 12.422446 -21.786251 -137.776321
v 2.788959 -21.269436 -143.577866
v 7.300803 -21.542255 -140.874405
v 10.529086 -20.553513 -160.796356
v -19.341772 -17.040741 -109.802231
v -21.170341 -16.587738 -109.484718
v -21.456478 -15.563110 -115.922348
v -20.896551 -17.155230 -96.508026
v -24.564131 -16.195770 -110.772362
v -22.912369 -16.431328 -109.774704
v -16.582050 -18.348433 -110.686043
v -17.025110 -18.233606 -110.861801
v -16.859108 -18.355091 -110.795761
v -16.403755 -18.233339 -110.616463
v -16.869675 -17.951006 -106.939453
v -22.334040 -17.316336 -101.827850
v -31.940300 -16.007755 -108.904778
v -21.161648 -14.856453 -149.551743
v -32.852997 -15.419106 -119.369476
v -29.736794 -16.382406 -105.385605
v -33.005550 -15.700891 -113.083199
v -26.314228 -16.839491 -102.931404
v -8.889356 -10.946837 -28.297203
v -5.940917 -4.840536 17.410797
v -8.436010 -10.079245 -21.885971
v -7.985073 -9.179790 -15.028057
v -5.667215 -4.215893 22.063416
v -6.334875 -5.509269 12.605354
v -6.757193 -6.435948 6.075569
v -9.818867 -12.737119 -42.931343
v -0.996476 3.776984 87.142609
v -9.351262 -11.832854 -35.347412
v -2.686495 1.133345 62.623291
v -3.192092 0.108243 54.670715
v -5.116946 -3.202145 29.605698
v -1.298444 4.262679 90.549362
v -3.744136 -1.005754 46.471985
v -11.733387 -15.903234 -75.839951
v -11.266876 -15.259809 -69.367828
v -7.595523 -8.268248 -8.038094
v -10.896662 -14.658238 -63.038837
v -2.250518 2.088140 70.467575
v -12.217131 -16.568178 -82.985260
v -5.497118 -3.900992 24.420006
v -10.053940 -13.312622 -48.230873
v -5.354367 -3.607097 26.524208
v -32.006645 -16.270695 -102.918625
v -7.166785 -7.345174 -0.761494
v -12.589953 -17.055452 -89.256538
v -0.606815 4.766828 95.579910
v -4.423379 -2.126213 37.888336
v -2.116884 2.696321 75.411530
v -10.482835 -13.986712 -55.361984
v -0.996476 3.877263 87.142609
v -0.986935 3.879075 87.241470
v -0.954308 4.044840 88.811081
v -30.435452 -16.450529 -100.001633
v -26.275253 -16.624849 -106.737007
v -29.901501 -16.608356 -101.362579
v -25.463318 -16.314678 -108.006775
v -28.150730 -16.608004 -103.984795
v -5.683931 -18.418940 -134.444046
v 1.438381 -18.703495 -145.595566
v -1.699718 -18.604324 -140.845871
v 16.774250 -21.040417 -167.273163
v -10.264930 -16.679937 -136.682220
v 15.935325 -19.226011 -168.417267
v 4.603919 -17.705084 -158.052917
v 8.927886 -18.357979 -162.439819
v -0.104858 -16.834059 -152.886063
v -6.393400 -16.627232 -143.042252
v -13.391617 -16.518158 -129.896255
v -3.438873 -16.733450 -147.891708
v -20.790083 -17.188736 -97.074188
v -20.711885 -17.412363 -98.072136
v -20.282263 -17.524984 -101.651665
v -23.118961 -16.703112 -106.783844
v -26.272358 -15.286295 -95.179939
v -25.223547 -17.046955 -99.227982
v -31.639694 -14.826105 -96.463654
v -23.520857 -17.092428 -105.089500
v -25.564796 -16.783712 -97.826271
v -24.353031 -17.078333 -102.224731
v -25.448856 -16.839935 -98.317223
v -40.224663 -13.064967 -101.408287
v -33.604782 -16.154890 -105.165131
v -28.216080 -16.233894 -109.088852
v -35.268604 -15.902707 -104.451958
v -27.104355 -15.929862 -109.908867
v -31.014740 -16.197092 -107.019073
v -29.458439 -15.900030 -111.659271
v -27.977036 -15.734098 -111.975716
v -35.670143 -15.784491 -110.294861
v -44.077202 -11.862202 -109.201279
v -37.068756 -15.384643 -109.842979
v -32.667858 -15.840115 -110.951363
v -28.012169 -15.547876 -114.585381
v -36.521679 -15.495002 -115.920296
v -32.314194 -15.293898 -124.093079
v -37.913433 -15.050768 -115.976990
v -33.042419 -15.559343 -115.503342
v -17.830070 -14.742898 -154.595886
v -13.440001 -14.628555 -160.664795
v -30.691856 -15.151183 -130.712631
v -24.870565 -14.965181 -143.369461
v -28.310833 -15.034602 -136.825256
v 0.341269 -14.271301 -170.757751
v -6.104167 -13.568452 -167.438828
v -9.950246 -14.091154 -164.472443
v -26.187073 -15.610603 -117.341927
v -15.554504 -17.993843 -108.859573
v -21.894041 -17.232780 -104.863358
v -22.823381 -17.166241 -98.551453
v -12.887947 -18.414099 -114.809448
v -9.947744 -18.948603 -120.975235
v -6.653629 -19.555346 -127.124702
v 3.846489 -21.347122 -145.363815
v 0.323048 -20.755356 -139.352753
v -16.686287 -15.314859 -131.375931
v -13.504614 -15.142796 -138.247330
v -21.517078 -15.486727 -120.403641
v -19.170975 -15.419373 -125.859619
v -23.304935 -15.552879 -116.453964
v -29.932240 -14.763460 -145.423248
v -33.517857 -14.821655 -139.240356
v -35.843872 -14.944807 -132.736389
v -36.852859 -15.077524 -125.668381
v -36.894794 -15.231461 -120.535103
v -10.024010 -15.053725 -144.770493
v -26.013157 -14.668478 -151.478485
v -22.206619 -14.512348 -156.780182
v -7.218571 -14.976414 -149.590073
v -9.470374 -14.653084 -158.419052
v -17.409615 -14.403503 -162.910522
v -3.774549 -14.950810 -155.337509
v -3.322693 -20.163025 -133.075882
v -25.037804 -16.748930 -105.770271
v -27.556335 -16.729599 -100.156822
v -27.358883 -16.317924 -107.938110
v -31.941418 -16.285894 -102.993134
v -28.935658 -15.952398 -110.315475
v -34.789513 -15.888683 -107.571831
v -29.796188 -15.676345 -113.027489
v -36.213531 -15.555042 -113.137825
v -29.718079 -15.528982 -115.109154
v 6.397247 -21.740963 -149.398911
v -28.738564 -15.497642 -116.685074
v -27.330738 -15.504426 -117.262695
v -19.874166 -17.466751 -105.011131
v -18.134312 -17.710722 -105.703140
v 2.788959 -21.169174 -143.577866
v -16.869675 -17.850744 -106.939453
v -26.275253 -16.524588 -106.737007
v -29.901501 -16.508095 -101.362579
v -20.711885 -17.311993 -98.072136
v -25.223547 -16.946693 -99.227982
v -23.520857 -16.992167 -105.089500
v -33.604782 -16.054628 -105.165131
v -28.207676 -16.135750 -109.074524
v -29.458439 -15.799768 -111.659271
v -35.670143 -15.684229 -110.294861
v -36.521679 -15.394740 -115.920296
v -13.440001 -14.528294 -160.664795
v -26.187073 -15.510342 -117.341927
v -3.412864 -20.161179 -133.119736
v -6.742892 -19.556242 -127.169884
v -12.980503 -18.414162 -114.847870
v -10.039872 -18.948341 -121.014236
v -15.649565 -17.993219 -108.891434
v 2.702725 -21.166704 -143.628738
v 0.237503 -20.751253 -139.404419
v 3.763624 -21.345463 -145.420242
v 6.306316 -21.734159 -149.440613
v -17.599215 -18.104216 -109.444962
v -17.422024 -18.216904 -109.383232
v -18.016018 -17.679897 -109.469948
v -17.130583 -18.208714 -109.307983
v -16.960299 -18.100060 -109.270950
v -29.619572 -15.531544 -115.090103
v -29.695953 -15.675226 -113.028053
v -29.360435 -15.796529 -111.680214
v -28.846104 -15.949963 -110.360382
v -28.127686 -16.136433 -109.135025
v -16.926783 -17.852663 -107.021614
v -27.290764 -16.314867 -108.011604
v -26.221157 -16.525461 -106.821571
v -18.179245 -17.708303 -105.792641
v -24.995626 -16.749138 -105.861351
v -23.497730 -16.992048 -105.186996
v -21.884314 -17.232771 -104.963020
v -19.899767 -17.474741 -105.107986
v 7.003755 -21.929066 -150.238617
v 6.912824 -21.922262 -150.280319
v -3.821285 3.913506 87.783936
v -26.384937 -15.374829 -115.776733
v -28.174145 -15.505087 -117.015488
v -27.146610 -15.434541 -115.548653
v -28.183491 -15.604237 -117.027718
v -23.330017 -15.475577 -113.907837
v -23.378502 -15.501092 -114.863869
v -3.636345 -14.954237 -155.376740
v -7.127331 -14.976026 -149.549194
v -9.938974 -15.052605 -144.717682
v -13.415847 -15.142224 -138.201263
v -16.597364 -15.313382 -131.329239
v -19.088856 -15.421151 -125.802132
v -21.426443 -15.486797 -120.361481
v -23.248144 -15.547309 -116.331413
v -26.199612 -15.510469 -117.242729
v -27.292252 -15.503939 -117.169861
v -28.683037 -15.496832 -116.601624
v -28.128819 -15.504373 -116.926048
v -29.266136 -15.496316 -116.030556
v -9.407267 -14.652675 -158.496994
v -17.430334 -14.399685 -163.039886
v -13.374928 -14.527515 -160.741058
v -36.622005 -15.390862 -115.924377
v -36.993244 -15.229313 -120.552917
v -36.947712 -15.075342 -125.700768
v -35.936066 -14.942566 -132.775101
v -33.610523 -14.817766 -139.277802
v -30.020588 -14.764901 -145.470306
v -26.104362 -14.666597 -151.519394
v -22.295441 -14.509805 -156.826279
v -33.696739 -16.052126 -105.125717
v -34.877518 -15.894277 -107.524506
v -35.765255 -15.684538 -110.264130
v -36.313301 -15.554869 -113.128944
v -17.159086 -17.729235 -102.013016
v -17.428005 -17.573832 -97.417030
v -16.178061 -17.497730 -96.018188
v -20.719725 -17.309900 -97.972099
v -25.247587 -16.940872 -99.130806
v -29.934879 -16.498329 -101.268585
v -22.828421 -17.166603 -98.451393
v -27.595997 -16.722733 -100.065254
v -29.466980 -15.594704 -116.618500
v -27.896271 -15.577280 -117.868515
v -16.028629 -17.308754 -94.855354
v -18.510660 -17.455854 -97.638191
v -16.516760 -17.463985 -96.864944
v -17.428005 -17.473354 -97.417030
v -16.178061 -17.397253 -96.018188
v -16.127802 -17.305637 -94.840881
v -18.527826 -17.453386 -97.539612
v -16.277500 -17.392061 -96.028755
v -16.598434 -17.452915 -96.808243
v -17.436028 -17.461777 -97.317940
v -12.972424 -12.614395 -42.778446
v -13.240059 -13.177867 -48.176590
v -13.732594 -13.846564 -55.279358
v -14.137528 -14.525760 -62.886940
v -14.502284 -15.111763 -69.249863
v -14.938629 -15.720456 -75.775131
v -15.456250 -16.399258 -83.021431
v -15.763208 -16.934082 -89.369354
v -21.242558 -10.613766 -42.729813
v -15.863325 -16.933357 -89.373558
v -15.556541 -16.399788 -83.017700
v -15.038725 -15.720895 -75.775780
v -14.601622 -15.111768 -69.238144
v -14.237644 -14.522408 -62.889309
v -13.831974 -13.849852 -55.292095
v -13.340064 -13.175865 -48.180740
v -13.071080 -12.609122 -42.762100
v -17.145071 -11.364422 -43.518295
v -16.863062 -11.633607 -48.459019
v -18.664946 -12.701193 -69.369110
v -20.634825 -15.850554 -93.039490
v -20.016588 -14.020979 -83.169426
v -17.820808 -12.120921 -63.135391
v -19.115635 -13.311831 -75.804665
v -20.360485 -15.283223 -89.698555
v -17.080439 -11.703012 -55.684155
v -17.530231 -11.259557 -42.371597
v -27.219376 -10.533783 -85.104584
v -29.215500 -13.246822 -91.037926
v -40.549797 -12.445118 -96.418343
v -34.162571 -13.255041 -92.590759
v -32.078854 -10.200603 -84.245636
v -40.778736 -9.958489 -82.714439
v -12.602547 -11.075361 -29.376688
v -13.028372 -11.778044 -35.128681
v -13.501986 -12.569683 -41.609959
v -14.964294 -10.885505 -29.182901
v -15.111703 -12.254131 -40.011543
v -20.223499 -11.085282 -32.089970
v -14.701832 -11.695288 -35.033070
v -14.445682 -11.241390 -30.845001
v -13.983264 -11.503569 -28.225574
v -13.668648 -10.923984 -28.500397
v -19.204332 -11.194001 -41.222862
v -18.268898 -11.287614 -41.514462
v -20.317434 -11.030291 -41.123207
v -16.846849 -11.224941 -31.489582
v -17.261457 -11.899353 -39.040909
v -16.975903 -11.538453 -34.973434
v -17.699112 -11.733171 -40.043438
v -17.042994 -10.808159 -29.744726
v -20.994118 -9.304303 -26.762625
v -20.008766 -11.307605 -35.196663
v -20.541159 -10.806574 -30.445332
v -19.815861 -11.538762 -38.805683
v -19.795532 -11.434053 -39.716446
v -23.952702 -10.886796 -33.081165
v -21.677925 -11.133531 -40.103027
v -22.989491 -11.087955 -36.103855
v -22.004841 -11.222510 -39.309593
v -25.620979 -9.052793 -27.991110
v -24.486166 -10.616220 -31.591759
v -21.505751 -10.815609 -41.456757
v -22.809439 -10.452535 -42.841206
v -21.278208 -10.471848 -43.613613
v -22.492434 -10.599733 -42.076771
v -22.790436 -10.497310 -42.579685
v -22.511259 -10.435895 -43.255390
v -28.493855 -10.243074 -33.550236
v -23.550657 -10.966238 -40.386246
v -25.660297 -10.864656 -37.638763
v -22.986439 -10.799457 -41.013760
v -27.659279 -10.692182 -34.878593
v -30.399372 -8.790312 -30.583429
v -27.536137 -10.687775 -39.575905
v -24.555380 -10.776243 -41.648594
v -23.656340 -10.555193 -42.081207
v -30.669056 -10.538373 -37.298771
v -31.859921 -9.888554 -36.112759
v -28.760452 -10.583017 -41.204903
v -34.102852 -9.837593 -39.138798
v -24.810183 -10.640281 -43.109447
v -34.040520 -10.353766 -42.705013
v -32.736404 -10.420383 -39.852673
v -29.394718 -10.522480 -42.910439
v -41.063583 -10.013054 -74.901154
v -39.184456 -9.868490 -62.046219
v -38.152260 -9.869502 -54.802338
v -37.084820 -9.772298 -47.791241
v -35.865879 -9.709664 -42.953751
v -35.197647 -9.808245 -41.148773
v -40.041592 -9.910278 -67.964676
v -41.985367 -10.077675 -81.277313
v -23.647957 -10.420765 -42.934925
v -32.852997 -10.249773 -62.559601
v -30.438042 -10.405959 -48.348236
v -36.213543 -10.161405 -82.363846
v -31.686516 -10.344337 -55.318306
v -33.854683 -10.236053 -68.648155
v -34.882713 -10.208534 -75.546890
v -35.567329 -11.720048 -88.189758
v -36.254887 -10.023118 -83.565720
v -24.393644 -10.614698 -44.253796
v -19.820179 -10.632768 -45.828648
v -24.752415 -10.601517 -44.231915
v -11.991079 -10.818599 -28.174402
v -24.170261 -10.508523 -69.701225
v -25.502117 -10.440989 -76.448776
v -36.482754 -10.156143 -54.939445
v -35.369652 -10.207728 -47.934891
v -31.931644 -10.169934 -83.067162
v -40.531948 -9.980078 -81.572807
v -39.549400 -10.010907 -75.064339
v -37.637638 -10.076268 -62.158493
v -38.460438 -10.054183 -68.032341
v -24.819839 -10.590004 -42.376335
v -33.620270 -10.272127 -41.512257
v -26.988247 -10.385625 -83.871468
v -22.914616 -10.452453 -63.349037
v -21.542088 -10.481094 -56.072163
v -14.238630 -12.337597 -40.785484
v -16.014771 -11.998471 -39.530998
v -13.538631 -11.100040 -30.398911
v -15.485087 -11.152784 -31.188446
v -18.516830 -11.612736 -38.830734
v -18.374163 -11.077242 -31.717974
v -21.026493 -11.271453 -38.950924
v -22.040140 -10.891251 -32.536865
v -22.910606 -10.973730 -39.791470
v -25.795521 -10.686055 -33.774437
v -24.129028 -10.766549 -41.033432
v -29.429863 -10.508819 -36.164467
v -31.820004 -10.362594 -38.557594
v -20.321762 -10.562719 -49.087608
v -23.914196 -10.516878 -44.727676
v -24.687489 -10.518000 -43.731781
v -21.913521 -10.527313 -45.354179
v -34.323799 -10.238196 -43.750767
v -12.602547 -10.975386 -29.376688
v -13.501986 -12.469707 -41.609959
v -15.111703 -12.154156 -40.011543
v -20.223499 -10.985307 -32.089970
v -14.445682 -11.141415 -30.845001
v -16.846849 -11.124966 -31.489582
v -17.261457 -11.799377 -39.040909
v -19.815861 -11.438787 -38.805683
v -23.952702 -10.786820 -33.081165
v -22.004841 -11.122535 -39.309593
v -23.550657 -10.866262 -40.386246
v -27.659279 -10.592206 -34.878593
v -24.555380 -10.676268 -41.648594
v -30.669056 -10.438397 -37.298771
v -24.810183 -10.540305 -43.109447
v -34.040520 -10.253791 -42.705013
v -32.736404 -10.320408 -39.852673
v -36.213543 -10.061429 -82.363846
v -24.393644 -10.514723 -44.253796
v -19.820179 -10.532792 -45.828648
v -15.318244 -12.173217 -41.749825
v -19.342144 -10.584974 -43.914310
v -26.930336 -10.406996 -83.950157
v -25.404228 -10.434435 -76.470253
v -24.070843 -10.509616 -69.715134
v -19.737078 -10.533140 -45.772434
v -22.814589 -10.453516 -63.349640
v -21.875744 -10.529037 -45.261570
v -21.441782 -10.480965 -56.066994
v -23.849607 -10.517776 -44.651043
v -20.222982 -10.559011 -49.071289
v -40.606480 -9.992080 -81.638580
v -36.216984 -10.059760 -82.463806
v -31.944080 -10.170947 -83.166725
v -34.422016 -10.236187 -43.731403
v -35.469517 -10.203955 -47.926525
v -36.582798 -10.152786 -54.931229
v -37.737701 -10.074727 -62.151234
v -38.560291 -10.051250 -68.022942
v -39.649319 -10.011049 -75.053574
v -22.065536 -10.887890 -32.440247
v -27.712490 -10.589973 -34.793667
v -31.898979 -10.361284 -38.495499
v -13.589243 -11.093969 -30.312550
v -20.242453 -10.982811 -31.991835
v -33.717964 -10.269391 -41.489746
v -34.135719 -10.255486 -42.673801
v -23.986406 -10.783528 -32.987072
v -32.825291 -10.317669 -39.806232
v -14.475632 -11.135452 -30.749300
v -15.505854 -11.146123 -31.090509
v -25.835125 -10.682158 -33.682686
v -16.860054 -11.118451 -31.390242
v -29.499458 -10.505140 -36.092106
v -18.387222 -11.072573 -31.618895
v -30.740101 -10.436482 -37.228485
v -13.586845 -12.468997 -41.662933
v -24.720446 -10.586370 -42.386639
v -23.483080 -10.866470 -40.460613
v -22.858265 -10.975632 -39.876724
v -21.966814 -11.123777 -39.402607
v -21.007145 -11.274179 -39.049019
v -19.813593 -11.438253 -38.905846
v -18.541168 -11.612524 -38.927738
v -17.301514 -11.798369 -39.132706
v -16.082628 -11.995518 -39.604874
v -15.180607 -12.151998 -40.083992
v -24.048872 -10.767630 -41.093666
v -24.464659 -10.678644 -41.691170
v -14.317105 -12.338026 -40.847580
v -24.711075 -10.540772 -43.094769
v -24.594196 -10.517093 -43.694592
v -24.302296 -10.516858 -44.212440
v -36.745659 -15.411411 -118.125107
v -36.845207 -15.308247 -118.135803
v -33.000999 -15.485797 -117.360680
v -36.745659 -15.311150 -118.125107
v -38.105797 -15.020397 -118.392525
v -11.554083 -9.951148 -21.804934
v -9.143841 -4.616186 18.183231
v -11.119868 -9.040995 -14.921947
v -9.421639 -5.389296 12.660885
v -9.871457 -6.292421 6.176594
v -10.300150 -7.225499 -0.679111
v -10.738975 -8.113647 -7.917921
v -12.680103 -10.972804 -29.312943
v -12.089160 -10.814743 -28.153101
v -11.654382 -9.947494 -21.803221
v -11.219625 -9.039853 -14.913998
v -10.839052 -8.114893 -7.917852
v -10.400249 -7.224834 -0.674198
v -9.971370 -6.291411 6.180359
v -9.521998 -5.385303 12.662720
v -9.239853 -4.613602 18.155415
v -2.116116 -3.654762 26.312897
v -0.997216 -3.702081 24.935379
v -1.828325 -3.687608 25.273682
v -1.089300 -3.700986 24.974327
v -0.128905 -3.719310 24.696014
v -1.923785 -3.684419 25.306309
v -1.913401 -3.783148 25.319748
v -0.381827 -3.498555 26.883041
v -0.441443 -3.592477 26.963184
v -0.439375 -3.492246 26.964699
v 0.148662 -3.520346 26.156223
v 0.090305 -3.518990 26.237595
v 1.530459 -3.376513 28.183807
v -0.706335 -3.523995 27.427864
v 7.661963 2.692339 75.618027
v 13.966750 2.128374 64.900215
v 4.134200 -0.897817 46.009338
v 9.228580 1.897883 66.942329
v 8.406625 1.600459 64.485756
v 6.456964 1.473989 64.853203
v 7.239305 1.766637 67.411934
v 10.850699 2.537220 73.780746
v 9.450576 2.300858 71.970848
v 11.373675 2.415787 71.126396
v 12.567492 2.613413 72.595810
v 16.227921 2.628824 69.775108
v 12.507314 2.863698 75.337952
v 16.316593 1.991124 64.425095
v 5.884400 1.281423 62.238663
v 22.180202 2.423190 68.727097
v 3.413660 -2.112463 37.530617
v 8.303107 2.163893 69.890900
v 4.943707 0.247339 54.288422
v 2.692679 -3.359591 28.871956
v 6.456964 1.574065 64.853203
v 7.239305 1.866714 67.411934
v 10.850699 2.637297 73.780746
v 9.450576 2.400933 71.970848
v 1.593875 -3.375915 28.110817
v 2.791679 -3.357200 28.858307
v 3.513486 -2.111960 37.519531
v 4.233199 -0.896820 45.995262
v 5.043185 0.247695 54.276672
v 5.982894 1.279681 62.219749
v 6.555541 1.575403 64.834641
v 7.337916 1.868793 67.393646
v 8.398208 2.164894 69.859123
v 9.544547 2.402219 71.935577
v 10.936297 2.637574 73.729004
v 12.579444 2.863101 75.268707
v 0.873727 -3.579811 26.157494
v 0.918947 -3.513547 26.594337
v 20.212605 3.037755 75.180168
v 25.258080 2.734389 73.398575
v 14.970309 3.183316 80.297096
v 14.450438 2.865113 76.041595
v 16.601685 2.963292 76.454979
v 18.599831 3.070079 76.764717
v 15.338824 2.884643 74.495064
v 16.866817 2.990905 74.870277
v 18.365883 3.133516 75.120010
v 11.419955 2.888280 77.264343
v 6.494462 3.767089 89.466537
v 6.494462 3.867369 89.466537
v 6.424281 3.868227 89.535210
v 5.514503 4.023627 90.612717
v 16.618252 3.063327 76.355957
v 20.913559 3.275641 77.216927
v 14.450438 2.965307 76.041595
v 16.601685 3.063486 76.454979
v 18.599831 3.170273 76.764717
v 14.500199 2.964398 75.954292
v 20.986095 3.270225 77.147957
v 18.625172 3.169391 76.667740
v -9.692433 -4.557487 18.919464
v -9.515357 -4.162596 22.248695
v -9.266521 -3.629485 26.784313
v -9.233812 -3.356496 29.479965
v -9.396062 -3.873682 24.582924
v -11.234991 -3.605708 26.873070
v -11.239880 -3.134579 30.343079
v -11.202964 -4.230755 19.999374
v -11.183100 -3.432161 28.659897
v -11.228059 -4.041170 22.326839
v -11.235815 -3.805496 24.641380
v -13.177584 -3.892935 22.153625
v -12.971455 -3.987825 20.668354
v -13.708173 -3.560076 26.764336
v -13.420187 -3.708765 24.559929
v -17.397066 -3.434449 26.512703
v -15.242898 -3.772767 21.349899
v -17.787989 -3.080706 28.301937
v -16.228510 -3.621227 23.694366
v -9.148456 -4.711519 17.536976
v -9.048338 -4.712215 17.535301
v -9.048114 -4.811514 17.540718
v -2.172934 2.439883 73.337898
v 2.003223 2.424902 73.169876
v 7.106351 2.402176 72.872925
v -7.219152 2.569716 73.430405
v -6.220647 2.562168 73.497192
v -7.119087 2.568038 73.437096
v -6.320877 2.562419 73.490486
v -10.459423 3.717355 73.413185
v -7.897580 2.674518 73.399841
v -6.220647 2.462099 73.497192
v -8.645391 -3.890198 24.551464
v -8.535308 -3.633678 26.731781
v -8.777691 -4.193200 22.211876
v -15.505653 -3.721364 7.174805
v -38.144630 -7.856557 -35.460052
v -40.621521 -8.056135 -41.874886
v -42.534992 -3.585765 -21.031595
v -36.593063 -3.374807 -17.967327
v -21.257582 -4.251792 -1.894455
v -30.365360 -8.067671 -28.260029
v -21.980831 -6.783419 -11.849571
v -26.255352 -4.144675 -8.576916
v -17.599989 -8.212823 -13.145203
v -22.678297 -8.533938 -24.617466
v -17.196554 -10.663346 -29.373768
v -41.317577 -5.770544 -29.066984
v -26.977489 -7.913010 -24.881721
v -29.819256 -6.204251 -19.913422
v -26.173691 -8.367678 -26.481726
v -41.552452 -3.010994 3.368752
v -35.571911 -3.117032 10.569817
v -33.241619 -2.985243 20.057800
v -48.364849 -2.946205 -7.622215
v -46.798668 -2.969310 -4.745617
v -29.210255 -3.232692 16.575317
v -26.830925 -3.408402 2.926643
v -17.047607 -3.546309 14.785278
v -37.880371 -3.236791 -12.285336
v -21.260563 -3.489382 9.683155
v -32.422909 -3.334013 -4.319338
v -20.438253 -3.461190 21.640499
v -18.013351 -3.554624 18.866280
v -12.322477 -4.011397 11.595413
v -32.749889 0.080602 31.138420
v -29.552166 -3.164939 21.846008
v -15.456654 -3.485581 9.850674
v -33.510941 0.967595 35.981628
v -22.647306 -3.409672 15.557602
v -31.769142 -1.845700 24.069153
v -32.501972 -1.862508 27.966316
v -16.157425 -3.599674 10.070263
v -14.039829 -3.554645 10.089531
v -26.165428 -3.294341 18.668915
v -19.001829 -3.515388 12.404785
v -28.189030 -3.336017 9.943329
v -20.896053 -3.575574 3.530468
v -36.723064 -3.012731 17.314377
v -20.043125 -3.613324 2.902164
v -13.823955 -5.323684 2.954941
v -17.159523 -3.920795 4.470863
v -32.456047 -3.172399 13.628853
v -24.045746 -3.448316 6.304897
v -41.325600 -0.605955 25.256409
v -41.317333 1.666711 28.252594
v -51.790653 1.096265 13.865913
v -40.373394 -0.567148 21.609596
v -37.985363 -2.530067 18.571442
v -50.426910 0.599206 21.411694
v -51.178669 2.285398 24.205250
v -48.654819 0.569702 17.552185
v -26.232224 -3.496297 -3.670296
v -43.410557 -2.864436 11.064793
v -46.622406 -0.938266 14.915550
v -33.943710 -3.227809 3.079361
v -25.312485 -3.592090 -4.396648
v -56.623245 1.786307 13.275990
v -19.336538 -6.727485 -8.449568
v -23.817364 -4.207168 -5.315264
v -38.698372 -3.055676 7.084846
v -29.656013 -3.377118 -0.671135
v -58.673279 3.135259 21.688911
v -58.226624 1.810349 18.882610
v -39.758404 -3.154195 -4.319847
v -31.804558 -3.395040 -11.198235
v -30.842327 -3.439022 -11.981461
v -53.829021 0.049227 9.702435
v -35.211525 -3.283314 -8.250469
v -48.337723 -2.852566 2.725697
v -44.269424 -2.984143 -0.612770
v -54.125286 -1.413713 -0.492908
v -51.154388 -1.185756 6.304298
v -41.569111 -2.485465 16.104042
v -45.074429 -2.048613 13.059643
v -48.380760 -1.617466 9.751282
v -46.158833 -2.746746 7.138763
v -50.312752 -2.880417 -4.281725
v -59.801186 0.741524 1.103420
v -33.172318 -2.986363 19.985226
v -50.082539 -2.764316 -2.032787
v -40.155754 -2.842982 14.541245
v -50.075420 -2.792490 -6.104530
v -36.723064 -2.912436 17.314377
v -43.410557 -2.764142 11.064793
v -48.337723 -2.752271 2.725697
v -50.312752 -2.780122 -4.281725
v -52.123577 -1.195876 4.858532
v -59.614296 2.392118 10.473122
v -43.780010 -0.167224 18.823112
v -35.414738 -1.282232 22.301567
v -39.835426 -0.861654 20.770149
v -47.881996 0.347132 16.549614
v -55.560749 1.570601 11.917152
v -65.977371 3.178164 11.693691
v -61.824638 2.486976 10.826305
v -30.947643 -2.053342 23.245369
v -26.497776 -2.899402 23.964523
v -36.932209 -3.298488 -15.385307
v -34.638988 -3.227741 -15.085346
v -44.683941 -2.956742 -10.593086
v -39.320312 -3.113957 -14.831818
v -48.364849 -2.845807 -7.622215
v -36.932209 -3.198089 -15.385307
v -18.297783 -3.520041 7.090408
v -23.494324 -3.430256 -0.029469
v -28.970127 -3.361488 -7.311123
v -16.157425 -3.499249 10.070263
v -20.896053 -3.475149 3.530468
v -26.232224 -3.395872 -3.670296
v -31.804558 -3.294615 -11.198235
v -14.405933 -3.368214 12.409824
v -28.895046 -3.361768 -7.377203
v -16.076986 -3.497685 10.010380
v -31.726841 -3.292805 -11.261494
v -36.919170 -3.194674 -15.484568
v -34.556969 -3.228828 -15.142618
v -26.153767 -3.398321 -3.732243
v -23.421028 -3.428977 -0.098042
v -20.815523 -3.474610 3.471149
v -18.219074 -3.520558 7.028652
v -29.552166 -3.065527 21.846008
v -26.828388 -2.720341 24.348953
v -26.023972 -2.870682 24.634930
v -26.624031 -3.046014 23.393623
v -27.148952 -3.111512 22.973972
v -25.633472 -3.025929 24.104397
v -44.770691 -2.960661 -10.642963
v -50.169727 -2.783971 -6.130354
v -48.420822 -2.843889 -7.705376
v -39.366344 -3.117602 -14.920593
v -48.412891 -2.751758 2.791687
v -46.226360 -2.745032 7.212574
v -43.465626 -2.762239 11.148216
v -40.223442 -2.840089 14.615372
v -36.792313 -2.912807 17.386757
v -50.411022 -2.777429 -4.302448
v -50.176105 -2.759466 -1.996803
v -27.218964 -2.762281 23.847969
v -17.779490 -3.232186 27.690090
v -18.947382 -3.324861 26.172131
v -17.460073 -3.398707 26.682278
v -29.620514 -3.061892 21.919140
v -21.355461 -3.222116 25.383884
v -8.389928 -3.188845 29.914856
v -15.564992 -3.385356 27.171585
v -13.325927 -3.516693 15.006382
v -14.171824 -3.434669 14.629444
v -11.476864 -4.018351 14.287186
v -12.460379 -3.800590 14.987366
v -14.302765 -3.426455 11.781006
v -14.618762 -3.531531 14.117931
v -13.244198 -3.571156 11.358349
v -14.783966 -3.553890 13.760166
v -14.660491 -3.555458 12.154331
v -14.588230 -3.448184 12.109665
v -14.657972 -3.454959 12.157837
v -13.204505 -3.372129 14.437096
v -14.457796 -3.264624 13.832272
v -13.025664 -3.394626 12.296104
v -11.408756 -4.361177 12.765804
v -13.969219 -3.270038 12.338993
v -14.033878 -3.300622 14.310959
v -14.520679 -3.348168 12.988411
v -12.646540 -3.500803 14.205032
v -14.828847 -3.547315 12.958672
v -12.924903 -3.284139 13.879921
v -12.325328 -3.649084 12.946777
v -13.807562 -3.149184 13.829689
v -12.247825 -3.746787 13.833099
v -12.593709 -3.600808 12.478279
v -17.482117 -3.556767 18.732586
v -15.921067 -3.729694 20.500961
v -17.329931 -3.586179 23.224655
v -16.038097 -3.729213 20.741325
v -15.316160 -3.551215 13.070271
v -13.303345 -3.801066 17.983829
v -12.507826 -3.945415 17.208828
v -14.087511 -3.676109 18.169098
v -15.147985 -3.551077 18.077785
v -13.861214 -3.456391 27.725845
v -14.137547 -3.106510 29.229340
v -19.752508 -3.394551 25.038185
v -22.572361 -3.261541 24.098850
v -15.436934 -3.539470 26.481895
v -17.158375 -3.508661 25.917297
v -20.888498 -3.347641 24.615849
v -17.290054 -3.525929 18.210274
v -10.392565 -4.293069 19.512154
v -12.049836 -4.002346 20.381458
v -13.951817 -3.787694 20.834339
v -16.710180 -3.577130 20.112518
v -15.010255 -3.688855 20.767960
v -17.336779 -3.517303 19.556427
v -17.024639 -3.404527 17.748779
v -15.745730 -3.421929 16.117935
v -9.692433 -4.457100 18.919464
v -11.202964 -4.130369 19.999374
v -12.971455 -3.887439 20.668354
v -14.618762 -3.431146 14.117931
v -17.482117 -3.456381 18.732586
v -15.921067 -3.629308 20.500961
v -17.290054 -3.425544 18.210274
v -17.480867 -3.587228 19.153549
v -17.480867 -3.486841 19.153549
v -12.111616 -3.998028 20.302719
v -10.475773 -4.284029 19.457226
v -17.247704 -3.521690 19.511288
v -15.029599 -3.689297 20.669491
v -17.384981 -3.456088 18.756989
v -9.758217 -4.457780 18.843510
v -13.960084 -3.788925 20.734329
v -16.946552 -3.404553 17.811775
v -15.673962 -3.420507 16.187683
v -15.877186 -3.629591 20.410873
v -17.212814 -3.427667 18.274094
v -14.552947 -3.431664 14.193253
v -17.381165 -3.488449 19.143787
v -11.237083 -4.131282 19.905228
v -12.962341 -3.892230 20.568428
v -16.674534 -3.577538 20.018898
v -18.559963 -3.446901 25.450863
v -12.509254 -3.346929 28.165653
v -10.004717 -3.309101 29.099075
v -9.233812 -3.256157 29.479965
v -11.183100 -3.331822 28.659897
v -13.861214 -3.356053 27.725845
v -12.526682 -3.344428 28.264252
v -11.181526 -3.324912 28.760101
v -9.987647 -3.302365 29.197388
v -13.879305 -3.353333 27.824280
v -15.556196 -3.379920 27.271202
v -15.574389 -3.445286 27.233276
v -20.130568 -3.274161 25.761307
v -20.053534 -3.338259 25.555283
v -9.374285 -3.258525 29.516510
v -9.290758 -3.252164 29.559250
v -15.875742 -3.466987 17.978947
v -6.287008 -10.966905 -28.400236
v -3.346836 -4.890461 17.233521
v -5.818182 -10.099201 -21.954010
v -5.350312 -9.208760 -15.117241
v -2.741217 -4.233684 21.923752
v -3.695939 -5.555754 12.555656
v -4.142575 -6.468858 5.990749
v -4.953487 -8.310502 -8.139099
v 4.769308 -20.430626 -129.418228
v -4.533227 -7.358072 -0.830734
v -5.133625 -18.674734 -112.343765
v -2.477248 -19.179108 -118.076599
v -9.128209 -17.841358 -101.065170
v -7.576590 -18.224249 -106.194946
v 0.666965 -19.738626 -123.683960
v 8.813174 -21.166435 -134.601944
v -9.993949 -17.464264 -95.352760
v 14.378718 -22.403782 -140.803253
v 11.910205 -21.856407 -138.088654
v -7.165772 -12.752623 -43.059975
v -6.733388 -11.848157 -35.500042
v -9.026853 -15.969350 -75.894676
v -8.534397 -15.281935 -69.467453
v -8.156440 -14.681943 -63.167271
v -9.478938 -16.629177 -82.954681
v -7.379381 -13.338081 -48.276031
v -9.916983 -17.075485 -89.161507
v -7.733843 -14.016924 -55.431877
v 19.580269 -23.641764 -145.944870
v 36.012920 -26.818213 -157.323135
v 29.197525 -25.687082 -153.791855
v 43.386337 -27.886211 -160.157181
v 22.768784 -24.371466 -148.936554
v 16.574764 -22.906998 -143.086426
v -5.862730 2.469548 73.483101
v -14.438183 -15.824732 -75.785248
v -14.002461 -15.209307 -69.268074
v -13.638091 -14.622116 -62.910351
v -14.955689 -16.501801 -83.015846
v -12.739185 -13.274681 -48.185123
v -15.347754 -17.028698 -89.354591
v -13.232997 -13.944088 -55.292061
v -11.054431 -10.053586 -21.817919
v -10.620341 -9.145113 -14.938856
v -8.921740 -5.490467 12.651894
v -9.371409 -6.397346 6.160370
v -6.142807 1.113331 62.773666
v -6.507554 0.052960 54.799026
v -6.934446 -1.072442 46.671265
v -10.239006 -8.220267 -7.937035
v -5.770069 2.096669 70.629379
v -9.799866 -7.326577 -0.692265
v -7.412724 -2.201403 38.061432
v -16.539873 -7.304512 -6.891613
v 15.678390 -23.197235 -149.357971
v 32.770428 -26.268036 -161.454041
v 40.455845 -27.337269 -164.627411
v 19.219074 -23.965023 -152.428925
v 12.261340 -22.435377 -146.038559
v 25.734642 -25.199400 -157.549454
v -23.646578 6.802625 73.501350
v -26.800735 8.314370 73.205399
v -16.637648 4.857755 74.183708
v 23.802128 3.860541 89.245102
v 25.436432 4.252849 96.930573
v 22.384560 3.559761 83.156845
v 22.286915 3.566676 83.178001
v 23.704437 3.868660 89.266350
v 25.332043 4.266604 96.900009
v 23.622513 4.461574 100.591431
v 26.906048 4.259852 102.764954
v 22.591389 4.346089 100.374496
v 25.150532 4.418508 100.985443
v 22.526310 4.500363 101.560150
v 23.940243 4.365972 97.926758
v 24.138271 4.591437 105.333191
v 25.332043 4.266608 96.900009
v 22.929268 4.517507 103.420715
v 22.942986 4.386821 99.229767
v 22.591389 4.446248 100.374496
v 24.211533 4.584653 105.265488
v 24.006054 4.363767 98.002380
v 27.792717 4.051375 98.514984
v 23.025032 4.391236 99.287369
v 23.005848 4.520879 103.355774
v 32.742699 1.678664 102.656097
v 22.689705 4.447722 100.395264
v 22.626560 4.498097 101.563568
v 27.683117 2.394251 109.074875
v 17.069054 4.674375 105.729584
v 26.435379 2.204917 107.804642
v 35.813538 3.822227 105.041077
v 29.813488 3.675138 100.322083
v 37.163280 4.181008 111.599945
v -9.308538 4.747212 94.501312
v -10.742266 4.675826 93.922348
v -10.838535 4.682200 93.896896
v -7.407307 4.465816 91.694557
v -8.641821 4.372966 90.741447
v -8.718175 4.276183 90.678177
v -8.718175 4.376462 90.678177
v -13.304047 4.212211 86.715050
v -13.387250 4.315827 86.658974
v -14.048265 4.301219 86.154175
v -15.561435 5.448512 106.021667
v -13.304047 4.312280 86.715050
v -16.164972 4.707541 91.677650
v -10.833902 4.580815 93.885376
v -18.259150 4.928674 90.118988
v -18.463261 5.212485 96.751465
v -9.828223 5.019404 97.516403
v -17.512989 5.079095 96.834076
v -11.358373 4.994431 97.424591
v -11.456671 4.904420 97.418762
v -11.456671 5.004701 97.418762
v -22.493118 5.202971 96.574173
v -9.585195 5.226724 100.219543
v -11.060036 5.236337 100.513428
v -11.158512 5.147996 100.525238
v -17.092304 5.292113 101.719055
v -11.158512 5.248275 100.525238
v -9.576126 5.444617 104.496246
v -8.277592 5.409635 103.546967
v -9.503420 5.431911 104.431793
v -14.309099 5.495616 107.951080
v -9.576126 5.344338 104.496246
v -17.746399 5.376687 104.495636
v -6.571744 5.455914 105.319366
v -17.655796 5.228799 99.478470
v -11.358444 6.294257 113.694687
v -11.061149 5.581737 111.341278
v -7.546804 5.517098 106.683136
v -7.604187 5.428903 106.763153
v -7.604187 5.529183 106.763153
v -11.147277 5.646314 111.659058
v -11.304240 5.805224 113.241882
v -16.418392 -3.549512 15.475018
v -34.910942 9.999278 117.611435
v -19.507698 9.015660 120.832520
v -15.536707 8.857619 121.683655
v -43.993279 9.948926 110.784088
v -24.092016 -3.269073 23.717537
v -23.857157 9.226613 119.788254
v -28.771496 9.531011 118.973297
v -47.021618 9.888280 107.858887
v -39.467430 10.013528 114.185959
v -24.317646 -3.225468 23.976841
v 25.741238 3.855186 88.839096
v 24.481754 3.566091 82.702339
v 23.027382 3.258515 76.543068
v 26.997288 4.169421 96.395142
v 25.212917 4.322263 99.168106
v 26.586018 4.295171 97.806122
v 36.261627 2.252648 86.126396
v 35.460449 1.892459 79.282944
v -4.954488 5.475247 108.408630
v -4.954488 5.575526 108.408630
v -7.123734 5.658473 113.898407
v -7.408707 6.233228 114.543854
v -4.317340 5.492860 106.734406
v -4.919336 5.563706 108.316223
v -6.998822 5.661290 113.659241
v -17.053425 5.030114 94.225250
v -1.923487 5.549476 109.166428
v -3.305018 6.214881 115.823486
v -1.717335 5.503751 107.429398
v -2.968263 5.600202 114.844833
v -1.923487 5.449197 109.166428
v -1.912000 5.538207 109.068161
v -4.665867 7.783196 120.443665
v 1.277566 6.081038 118.317200
v 1.078420 5.458707 108.936401
v 1.392237 5.532346 115.089355
v -5.752180 8.837468 125.094727
v 1.090541 5.470351 109.034698
v 3.920704 5.326989 108.142273
v 1.090541 5.370072 109.034698
v 0.871113 5.456964 107.261688
v 3.333669 5.362647 106.583191
v 3.955482 5.238946 108.234772
v 5.832723 5.444711 114.125061
v 3.955482 5.339225 108.234772
v 5.365220 5.228105 105.370972
v 6.319610 5.178666 106.741135
v 9.721931 5.186746 111.912582
v 6.376224 5.189504 106.822449
v 6.376224 5.089223 106.822449
v 6.883870 5.068944 103.840378
v 8.079032 5.024302 104.953629
v 16.385918 5.098168 112.538513
v 8.152017 4.932321 105.021454
v 8.152017 5.032601 105.021454
v 12.727443 4.984365 109.047836
v 8.042363 4.897153 102.056946
v 9.451371 4.812917 102.763428
v 9.536578 4.819983 102.814545
v 9.536578 4.719705 102.814545
v 10.319434 4.590089 99.918427
v 17.948399 4.518037 102.023575
v 8.744857 4.690055 99.582199
v 10.319434 4.489810 99.918427
v 10.224204 4.583535 99.893555
v 18.421356 3.348728 114.527740
v 21.314919 3.436292 116.516342
v 22.931091 5.524657 117.639069
v 6.833486 -21.859539 -149.154495
v -2.866896 -20.269484 -132.869659
v 10.173476 -22.330929 -153.772903
v 4.305837 -21.476788 -145.168518
v 0.757892 -20.878136 -139.106567
v -12.411533 -18.523216 -114.657959
v 13.604403 -22.799377 -157.898682
v -6.200811 -19.659161 -126.911758
v 3.217255 -21.295334 -143.321228
v -18.143629 -17.803219 -105.453209
v -16.890186 -17.935289 -106.590302
v -15.656880 -18.053106 -107.939255
v -15.080743 -18.100214 -108.701332
v -9.481952 -19.055918 -120.794617
v 10.028991 4.147759 94.964096
v 26.449570 4.004210 92.597374
v 8.498071 4.380294 95.265396
v 24.518238 4.067632 93.083176
v 24.619278 4.056695 93.087830
v 9.935273 4.247148 94.992371
v 19.263275 4.077648 93.546951
v 10.028991 4.248038 94.964096
v 43.299488 3.107441 96.970337
v 24.518238 3.967477 93.083176
v 29.596962 3.470954 92.266731
v 39.133629 2.190279 92.829346
v 41.182957 1.061841 95.023529
v 35.870167 2.564632 92.478088
v 7.351506 4.190309 92.739777
v 8.729932 3.952716 91.942146
v 8.643313 4.054292 91.992203
v 8.729932 4.052995 91.942146
v 18.374462 3.713280 87.298889
v 25.111496 3.710638 85.770721
v 22.995674 3.617513 86.222176
v 23.093342 3.710151 86.200974
v 29.074047 3.169641 84.976761
v 22.995674 3.717668 86.222176
v 3.100271 3.957738 89.265564
v 3.701433 3.802413 87.920822
v 3.756330 3.699222 87.836388
v 3.740927 3.799384 87.830299
v -2.119796 4.093453 89.043396
v -2.385135 3.937765 87.476868
v -2.404698 3.935962 87.378510
v -2.407553 3.835957 87.380905
v 9.364879 5.040950 108.187469
v 11.449927 4.854035 105.831253
v -7.744567 5.549245 110.187729
v 3.073833 3.248755 81.290329
v -14.205388 4.840314 94.939850
v 14.547196 4.380450 98.924652
v -14.474915 5.139607 99.335876
v -12.891258 5.365254 104.603088
v -10.867912 5.470777 107.713547
v 1.241389 5.443355 112.062027
v 3.097320 5.407941 111.751587
v -4.172231 5.556325 111.623215
v 14.256801 3.975973 91.838173
v -0.568826 5.490264 112.172592
v -12.469355 4.460599 90.750046
v 12.544850 3.680573 87.516808
v -9.404605 4.030227 86.777985
v -13.578962 5.302068 102.887878
v 6.588834 5.234097 110.360840
v 13.491221 4.613862 102.793503
v 14.717166 4.253713 96.728470
v -4.933325 3.522290 82.911171
v 8.256587 3.344180 82.869995
v 10.732387 3.507088 84.881821
v -11.011110 4.244197 88.696609
v -13.499437 4.644177 92.781509
v -14.484830 4.991757 97.126419
v -14.127271 5.219399 101.113739
v -11.942613 5.417199 106.223663
v -9.332668 5.505319 109.052216
v -5.976655 5.568269 111.033936
v -2.445875 5.524699 112.005630
v 4.894103 5.333421 111.179916
v 8.049077 5.137986 109.367523
v 10.439731 4.947206 107.034637
v 12.586432 4.728183 104.452545
v 14.133918 4.503924 100.971008
v 14.646132 4.112704 94.255524
v 13.552196 3.826027 89.620514
v -7.232149 3.746757 84.622986
v 5.709147 3.267908 81.727203
v -3.029850 3.409923 81.992409
v -1.215786 3.333179 81.542000
v 0.892076 3.271586 81.320869
v 10.664340 5.575128 113.367859
v 18.460800 4.805568 107.507874
v 14.013770 5.217477 110.287750
v 12.626168 5.405238 111.661346
v 16.525261 4.861213 107.651642
v 15.319156 5.049111 108.847443
v 8.942363 5.515264 114.677597
v 7.020782 5.635015 115.762238
v 17.454552 4.815534 107.271500
v 7.846137 5.411397 113.184784
v 11.409791 5.167233 110.414490
v 13.997115 5.002244 107.646027
v 15.636287 4.837050 106.090546
v 21.477978 4.628161 107.327438
v 19.819321 4.650697 105.986893
v 18.489960 4.723874 105.718933
v 17.069054 4.774762 105.729584
v 9.721931 5.287135 111.912582
v 12.727443 5.084752 109.047836
v 3.723514 5.527951 114.831390
v 1.392517 5.556333 115.187927
v -0.778970 5.691054 115.271133
v 5.865948 5.462298 114.218750
v 7.905570 5.408545 113.265717
v -4.915453 5.729238 114.419281
v 19.752651 4.652581 106.061554
v 21.398598 4.631221 107.388641
v 14.071288 5.004888 107.713760
v 18.488327 4.725698 105.819031
v 17.093388 4.777337 105.826904
v 12.799516 5.086328 109.117325
v 15.685992 4.838410 106.177826
v 11.479587 5.168386 110.486084
v 9.776290 5.290277 111.996490
v -2.987590 5.695699 114.943085
v 8.460710 6.013080 118.925247
v 6.630876 6.867059 124.806229
v 9.119134 5.787904 116.455688
v 7.622424 5.777295 115.907776
v 4.645100 6.999301 124.095886
v 6.425116 6.087316 118.312592
v 7.393767 5.348699 113.397186
v 7.535022 5.453008 114.310242
v 7.450282 5.359490 113.480743
v 1.404522 5.737014 116.354584
v 3.259507 5.675199 116.140396
v 3.454268 5.459104 113.525970
v 1.343072 5.492753 114.102676
v 5.543443 5.398782 113.217377
v -13.483543 7.046359 114.641556
v -5.670666 6.737418 116.549652
v -15.601484 7.063558 114.132385
v -1.817891 6.991891 119.452728
v -2.340671 6.666698 117.829666
v 5.310400 6.373059 120.895493
v -9.956163 6.898217 115.416138
v -3.701287 6.662154 117.168854
v -11.616644 6.965261 115.013092
v -22.110977 7.209710 112.431580
v -17.991415 7.100917 113.531693
v -7.831120 6.872975 115.954041
v -21.406441 6.707589 107.783371
v -28.543716 7.244031 104.362076
v -17.275009 6.309831 108.743317
v -25.875523 6.956822 106.370087
v -14.490328 5.734120 109.189896
v -14.464499 5.683396 108.852112
v -14.662928 5.834134 109.390747
v 0.507159 6.499459 120.771423
v 5.607126 6.476317 120.972992
v 0.883988 6.470117 120.723022
v 7.617297 6.399554 121.666687
v -0.405574 6.946832 120.426926
v -3.497200 7.676864 121.058350
v -13.013140 5.623034 110.208099
v -14.071698 5.728715 109.616852
v -13.966290 5.669175 109.427155
v -14.978578 5.892583 109.312302
v -13.945754 5.649457 109.224762
v -9.213514 5.653926 112.957809
v -16.164972 4.807637 91.677650
v -17.512989 5.179193 96.834076
v -17.612686 5.180810 96.827011
v -15.040693 4.598899 89.203682
v -16.258965 4.811742 91.642982
v -17.149101 5.030360 94.195328
v -17.188099 5.300084 101.748779
v -14.382036 5.510537 108.019714
v -16.444454 5.378087 103.927795
v -14.562036 -3.453473 12.287483
v -14.566512 -3.429637 14.028168
v -4.888123 5.733867 114.323059
v -0.779379 5.674266 115.172577
v -2.968263 5.700318 114.844833
v 2.477054 7.587300 128.235168
v -7.123734 5.738751 113.898407
v -15.704469 4.597493 88.757965
v -17.952618 5.051164 93.943298
v -16.983032 4.822398 91.302673
v -0.279932 5.575372 115.154236
v -0.279578 5.591506 115.246567
v -6.921238 5.654229 113.459961
v -9.007058 5.620126 112.461105
v -12.821121 5.548617 109.576965
v -10.911853 5.575137 111.143555
v -14.187725 5.486325 107.862488
v -15.698277 4.613889 86.767601
v -13.300869 4.325065 83.382935
v -17.696617 4.918424 90.537643
v -16.898365 4.852487 87.476921
v -17.073242 4.825494 91.258865
v -15.786235 4.600549 88.700508
v -18.048052 5.053855 93.912201
v -14.836658 5.571107 82.772102
v -20.707691 5.348100 69.898392
v -18.803780 6.526126 78.046410
v -20.124172 6.131076 73.842079
v -18.937954 6.569650 86.038528
v -16.759487 6.094682 84.373825
v -20.517548 7.866536 85.375404
v -16.522884 5.926744 84.519585
v -14.845042 4.498250 85.532623
v -17.611027 5.127318 97.335129
v -17.510719 5.115508 97.332642
v -17.654722 5.376079 104.455658
v -19.383953 5.268682 103.303955
v -15.622477 5.433604 105.876923
v -17.092304 5.302154 101.719055
v -16.348778 5.378415 103.898666
v -14.309099 5.505654 107.951080
v -15.472299 5.438277 105.976608
v -17.555454 5.231088 99.474838
v -17.654722 5.386117 104.455658
v -17.746399 5.386727 104.495636
v -19.431046 5.279508 103.392563
v -15.622477 5.438619 105.876923
v -17.510719 5.125548 97.332642
v -19.383953 5.278722 103.303955
v 1.392237 5.539168 115.089355
v 3.697492 5.516494 114.735031
v -0.279932 5.581754 115.154236
v 5.832723 5.450429 114.125061
v 7.393767 5.358550 113.397186
v -50.383213 -8.313471 -87.855301
v -47.165039 -10.572391 -130.192825
v -52.434292 -8.105396 -83.012245
v -48.505981 -9.942465 -122.979790
v -57.109112 -7.281683 -75.399918
v -49.500107 -8.370216 -109.530846
v -49.613132 -8.287679 -104.636856
v -49.828762 -8.675325 -99.487839
v -48.712242 -8.590094 -115.663651
v -2.745064 -15.100746 -156.762543
v -7.976128 -14.661793 -160.210388
v -11.662586 -14.341383 -162.606750
v -15.583826 -13.693730 -165.157959
v -16.390663 -13.460302 -165.566101
v -49.763954 -2.703373 -10.092943
v -40.627472 -3.303933 -17.352787
v -46.753704 -2.963721 -12.691475
v -56.003819 -4.577153 -34.715786
v -57.404083 -2.229644 -21.731129
v -53.700317 -6.028852 -41.905659
v -36.704681 -5.770258 -25.757114
v -34.003288 -7.994420 -31.652151
v -60.388885 -5.509772 -43.323917
v -56.471554 -6.386953 -48.863987
v -62.819893 -3.625497 -35.058491
v -91.079895 14.159089 22.243687
v -12.732183 3.399879 70.423370
v -15.454828 -1.289553 37.553940
v -13.992474 0.153362 46.793365
v -12.889738 2.550997 62.597733
v -13.232683 1.454206 54.811852
v 5.332613 -21.576582 -147.714737
v 5.752904 -21.695911 -147.450470
v 4.606443 -21.491222 -148.181000
v 9.304946 -21.874493 -145.129745
v 5.248441 -21.572443 -147.767944
v 5.330083 -21.676453 -147.710739
v 1.474096 6.374097 120.269287
v 93.855301 7.521987 103.450592
v 97.336929 7.517972 93.388748
v 91.409637 7.481721 115.956909
v 98.949951 7.489055 133.539642
v 105.864418 7.828023 141.163177
v 94.521629 7.398423 125.980957
v -36.262802 8.308125 100.551636
v -41.262100 8.566640 96.357758
v -47.657841 9.012717 90.871803
v -31.940220 7.875623 103.842804
v -47.747227 8.740542 86.167419
v -42.807507 8.674426 95.032181
v -46.449696 9.155225 99.992401
v -45.733292 9.084546 98.670990
v -43.920101 8.886880 96.319427
v -43.245270 8.779468 98.689102
v 81.435402 5.578103 109.333511
v 84.444756 5.822608 100.292572
v 91.795654 7.045148 77.680450
v 74.809776 5.646291 128.293121
v 79.198532 5.667106 119.699036
v 87.160828 6.148158 92.044182
v 83.975922 5.757483 110.849670
v 77.407951 5.626901 129.212280
v 95.624039 7.293679 78.096191
v 90.201866 6.356240 92.397972
v 80.183685 5.726445 121.183151
v 87.122971 5.944303 101.212494
v 74.751884 5.671916 124.902496
v 75.186562 5.695981 125.982239
v 75.029968 5.662940 127.113525
v 80.616554 5.760404 120.003632
v 91.354378 7.427875 121.795593
v 81.935036 5.985774 119.260681
v 83.991386 6.442346 119.493286
v 85.253189 6.763217 120.182037
v 93.922821 7.430964 121.726349
v 82.830093 6.264632 119.104324
v 94.730042 7.302083 121.616959
v 92.852341 7.434714 121.771881
v 82.092087 5.679238 115.982941
v 79.048996 5.624681 114.558334
v 86.517296 6.844182 117.920532
v 85.395073 6.582063 117.246887
v 81.412300 5.676219 115.598373
v 83.002357 5.963174 116.207733
v 88.819298 7.297414 119.514374
v 87.676384 7.101190 118.650330
v 84.097214 6.230205 116.628479
v 86.301971 6.982636 120.986877
v 87.582336 7.069409 116.750610
v 90.941833 7.374532 102.488419
v 94.514557 7.468907 92.898468
v 87.885315 7.377280 113.569702
v 89.317825 7.208343 123.627625
v 84.963997 7.498509 130.931274
v 87.032875 7.084750 122.096558
v 87.154510 7.317170 123.262482
v 82.815643 7.718366 137.825348
v 86.433411 7.510861 131.233063
v 88.180328 7.365346 124.350983
v 84.638649 7.751719 138.295380
v 4.888085 -21.394218 -150.074646
v 4.750779 -18.799942 -150.210388
v 3.872359 -21.301889 -148.657227
v 3.729467 -18.770226 -148.788483
v 3.651882 -18.767967 -148.680466
v 3.782518 -21.293722 -148.531860
v 2.776985 -21.202320 -147.128662
v 2.637093 -18.738440 -147.267639
v 2.670177 -21.192612 -146.979614
v 2.540180 -18.735620 -147.132721
v 1.660707 -21.100851 -145.570923
v 1.521032 -18.705967 -145.713821
v 2.498981 -18.337704 -149.617050
v 0.480748 -18.673231 -144.146133
v 0.637791 -20.970350 -144.000519
v 0.540666 -20.957808 -143.850830
v 0.387022 -18.670269 -144.004272
v -0.570812 -18.639999 -142.554535
v -0.403018 -20.835934 -142.396423
v -0.648187 -18.637554 -142.437424
v -0.483846 -20.825495 -142.271851
v -1.611919 -18.607100 -140.978760
v -1.428252 -20.703527 -140.816330
v -2.631387 -18.563360 -139.363770
v -2.435689 -20.556993 -139.193207
v -2.512722 -20.545458 -139.067673
v -2.703739 -18.559937 -139.247162
v -3.619164 -18.516626 -137.771790
v -3.411707 -20.410833 -137.602692
v -3.705177 -18.512556 -137.633163
v -3.506598 -20.396624 -137.448059
v -4.628613 -18.468868 -136.144882
v -4.409918 -20.261349 -135.976013
v -4.698796 -18.465548 -136.031769
v -4.485163 -20.250080 -135.853394
v -5.618141 -18.422052 -134.550079
v -5.387660 -20.114929 -134.382690
v -5.594797 -18.408333 -134.397202
v -5.349768 -20.155775 -134.240509
v 4.972123 -21.425661 -150.019592
v 5.023849 -21.430363 -150.091782
v 1.525174 -18.693203 -145.550659
v 1.653819 -21.118881 -145.381851
v 4.883086 -18.790499 -150.222534
v 1.602167 -18.695032 -145.654602
v -0.785922 -18.296116 -144.890701
v -5.534103 -18.411205 -134.495026
v 4.836061 -18.789131 -150.157074
v 3.869203 -21.319042 -148.480484
v 3.950664 -21.326448 -148.594162
v 3.808028 -18.759218 -148.725815
v 3.740180 -18.757244 -148.631348
v 2.754214 -21.214710 -146.924561
v 2.851958 -21.223595 -147.060959
v 2.714444 -18.727398 -147.203278
v 2.626330 -18.724836 -147.080597
v 1.740997 -21.128601 -145.510345
v 1.359009 -18.307566 -148.002716
v 0.627286 -20.992762 -143.799759
v 0.715099 -21.004103 -143.935089
v 0.561381 -18.662277 -144.085922
v 0.477130 -18.659613 -143.958405
v -0.396235 -20.862005 -142.222305
v -0.324134 -20.871317 -142.333420
v -0.490495 -18.629036 -142.493851
v -0.559998 -18.626841 -142.388657
v -1.432211 -20.722168 -140.625656
v -1.355972 -20.732016 -140.743149
v -1.534049 -18.596058 -140.914368
v -1.606639 -18.593761 -140.804489
v -2.420500 -20.580353 -139.016907
v -2.352674 -20.590509 -139.127426
v -2.551615 -18.552311 -139.301834
v -2.614731 -18.549326 -139.200119
v -3.413328 -20.430298 -137.399490
v -3.333447 -20.441280 -137.529663
v -3.541180 -18.505491 -137.706985
v -3.609469 -18.502260 -137.596924
v -4.391056 -20.302891 -135.802078
v -4.332063 -20.311729 -135.898239
v -4.545663 -18.457970 -136.088074
v -4.605003 -18.455162 -135.992432
v -5.297679 -20.163120 -134.324127
v -4.999555 -18.229710 -138.411087
v -6.052776 -18.164301 -136.743622
v -3.906568 -18.293139 -140.137146
v -8.226892 -16.652193 -140.030243
v -1.876544 -18.322136 -143.255920
v -2.592908 -20.752178 -136.830154
v -3.011607 -20.576920 -137.084915
v -2.424759 -20.590246 -136.738754
v -2.848606 -20.735962 -136.985428
v -19.250734 7.822499 80.370789
v -20.744932 7.827432 82.791992
vn -0.0059 -0.9916 0.1291
vn -0.0106 -0.9916 0.1290
vn -0.0129 -0.9912 0.1320
vn -0.0086 -0.9912 0.1320
vn -0.0032 -0.9926 0.1216
vn -0.0089 -0.9924 0.1230
vn -0.0028 -0.9934 0.1149
vn -0.0072 -0.9931 0.1172
vn -0.0104 -0.9946 0.1031
vn -0.0145 -0.9945 0.1040
vn -0.0116 -0.9958 0.0908
vn -0.0158 -0.9957 0.0909
vn -0.0095 -0.9957 0.0926
vn -0.0154 -0.9956 0.0925
vn -0.0130 -0.9948 0.1007
vn -0.0184 -0.9946 0.1021
vn -0.0196 -0.9948 0.1003
vn -0.0244 -0.9943 0.1035
vn -0.0236 -0.9961 0.0844
vn -0.0276 -0.9960 0.0845
vn -0.0161 -0.9973 0.0721
vn -0.0216 -0.9973 0.0700
vn -0.0103 -0.9980 0.0620
vn -0.0225 -0.9979 0.0615
vn -0.0279 -0.9976 0.0640
vn -0.0148 -0.9978 0.0646
vn -0.0347 -0.9976 0.0594
vn -0.0497 -0.9967 0.0640
vn -0.0482 -0.9984 0.0288
vn -0.0806 -0.9966 0.0190
vn -0.0929 -0.9956 0.0117
vn -0.0636 -0.9976 0.0266
vn -0.0460 -0.9971 0.0607
vn -0.0614 -0.9962 0.0611
vn -0.0544 -0.9964 0.0654
vn -0.0641 -0.9961 0.0608
vn -0.0626 -0.9955 0.0706
vn -0.0709 -0.9953 0.0660
vn -0.0830 -0.9954 0.0470
vn -0.0847 -0.9954 0.0446
vn -0.0877 -0.9949 0.0498
vn -0.0852 -0.9952 0.0482
vn -0.3159 -0.9487 -0.0096
vn -0.5418 -0.8331 -0.1111
vn -0.5338 -0.8369 -0.1208
vn -0.2789 -0.9603 -0.0062
vn -0.3546 -0.9277 -0.1164
vn -0.6033 -0.7482 -0.2761
vn -0.5910 -0.7489 -0.2996
vn -0.3603 -0.9225 -0.1386
vn -0.3602 -0.9286 -0.0887
vn -0.6291 -0.7434 -0.2274
vn -0.6384 -0.7273 -0.2519
vn -0.3720 -0.9230 -0.0980
vn -0.4802 -0.8506 -0.2143
vn -0.4338 -0.8793 -0.1967
vn -0.4462 -0.8620 -0.2406
vn -0.3565 -0.8803 -0.3129
vn -0.4508 -0.8756 -0.1735
vn -0.3184 -0.9377 -0.1391
vn -0.1668 -0.9784 -0.1223
vn -0.1685 -0.9835 -0.0657
vn -0.4036 -0.9048 -0.1361
vn -0.0214 -0.9995 -0.0253
vn -0.0192 -0.9995 -0.0252
vn -0.0158 -0.9995 -0.0257
vn -0.0127 -0.9997 -0.0225
vn -0.0161 -0.9995 -0.0262
vn -0.0185 -0.9994 -0.0291
vn -0.0203 -0.9995 -0.0257
vn -0.0234 -0.9994 -0.0236
vn -0.0165 -0.9996 -0.0223
vn -0.0150 -0.9996 -0.0230
vn -0.0172 -0.9995 -0.0280
vn -0.0162 -0.9996 -0.0244
vn -0.0176 -0.9994 -0.0311
vn -0.0185 -0.9993 -0.0320
vn -0.0954 -0.9952 -0.0204
vn -0.3217 -0.9340 -0.1555
vn -0.3143 -0.9306 -0.1878
vn -0.0374 -0.9989 -0.0287
vn -0.0148 -0.9995 -0.0261
vn -0.0182 -0.9995 -0.0275
vn -0.0114 -0.9997 -0.0204
vn -0.0089 -0.9996 -0.0276
vn -0.0113 -0.9995 -0.0289
vn -0.4453 -0.8659 -0.2278
vn -0.4285 -0.8653 -0.2601
vn -0.4435 -0.8556 -0.2669
vn -0.2667 -0.9485 -0.1710
vn -0.2605 -0.9511 -0.1658
vn -0.0108 -0.9995 -0.0312
vn -0.0118 -0.9995 -0.0301
vn -0.3052 -0.9334 -0.1889
vn -0.0178 -0.9995 -0.0251
vn -0.0181 -0.9995 -0.0268
vn -0.0272 -0.9992 -0.0307
vn -0.0149 -0.9995 -0.0295
vn -0.0134 -0.9995 -0.0271
vn -0.0131 -0.9996 -0.0252
vn 0.6469 -0.6984 0.3063
vn 0.6274 -0.6996 0.3420
vn -0.0209 -0.9994 -0.0261
vn -0.0306 -0.9991 -0.0288
vn -0.1855 -0.9031 0.3873
vn -0.1598 -0.9486 0.2731
vn -0.1575 -0.9488 0.2740
vn -0.2116 -0.8993 0.3827
vn -0.0859 -0.9924 0.0876
vn -0.0950 -0.9911 0.0933
vn -0.0740 -0.9943 0.0763
vn -0.0682 -0.9946 0.0785
vn -0.0465 -0.9961 0.0746
vn -0.0448 -0.9960 0.0778
vn -0.0558 -0.9959 0.0708
vn -0.0604 -0.9952 0.0774
vn -0.1275 -0.9866 0.1018
vn -0.2151 -0.9763 0.0217
vn -0.2083 -0.9780 0.0146
vn -0.1107 -0.9882 0.1057
vn -0.0567 -0.9964 0.0629
vn -0.1010 -0.9935 0.0526
vn -0.0668 -0.9967 0.0451
vn -0.0512 -0.9971 0.0554
vn -0.0278 -0.9941 0.1052
vn -0.1997 -0.9708 0.1327
vn -0.1097 -0.9850 0.1334
vn -0.0210 -0.9933 0.1135
vn -0.0657 -0.9935 0.0930
vn -0.3170 -0.9435 0.0963
vn -0.3471 -0.9309 0.1135
vn -0.0615 -0.9931 0.1000
vn -0.0275 -0.9922 0.1216
vn -0.0870 -0.9893 0.1171
vn -0.1560 -0.9805 0.1194
vn -0.0270 -0.9912 0.1296
vn -0.0568 -0.9929 0.1048
vn -0.3101 -0.9411 0.1345
vn -0.2553 -0.9605 0.1109
vn -0.0444 -0.9944 0.0955
vn -0.0668 -0.9963 0.0546
vn -0.2717 -0.9622 -0.0161
vn -0.3304 -0.9437 0.0163
vn -0.0824 -0.9952 0.0519
vn -0.0622 -0.9955 0.0711
vn -0.1623 -0.9867 0.0132
vn -0.1403 -0.9842 0.1081
vn -0.2162 -0.9756 0.0387
vn -0.0409 -0.9949 0.0927
vn -0.2570 -0.9607 0.1050
vn -0.0853 -0.9935 0.0758
vn -0.3209 -0.9438 0.0798
vn -0.1415 -0.9899 0.0126
vn -0.0520 -0.9971 0.0559
vn -0.1779 -0.9728 0.1485
vn -0.0108 -0.9909 0.1338
vn -0.0728 -0.9939 0.0827
vn -0.1855 -0.9826 0.0055
vn -0.0904 -0.9906 0.1026
vn -0.1976 -0.9802 0.0148
vn 0.0201 -0.9990 0.0407
vn -0.0611 -0.9935 0.0956
vn -0.0782 -0.9934 0.0841
vn -0.0411 -0.9946 0.0951
vn -0.0933 -0.9956 0.0022
vn -0.0980 -0.9950 -0.0181
vn -0.1103 -0.9936 -0.0246
vn -0.1051 -0.9944 -0.0058
vn -0.0894 -0.9953 -0.0362
vn -0.0786 -0.9956 -0.0519
vn -0.0899 -0.9943 -0.0566
vn -0.1017 -0.9939 -0.0422
vn -0.0681 -0.9959 -0.0600
vn -0.0545 -0.9967 -0.0605
vn -0.0622 -0.9957 -0.0686
vn -0.0769 -0.9950 -0.0644
vn -0.0409 -0.9972 -0.0628
vn -0.0280 -0.9979 -0.0579
vn -0.0317 -0.9973 -0.0655
vn -0.0472 -0.9963 -0.0718
vn -0.1399 -0.9897 -0.0295
vn -0.3495 -0.9369 -0.0044
vn -0.3365 -0.9417 0.0030
vn -0.1264 -0.9918 -0.0189
vn -0.1000 -0.9947 -0.0227
vn -0.3126 -0.9499 -0.0058
vn -0.2789 -0.9598 -0.0309
vn -0.0661 -0.9976 -0.0226
vn -0.2408 -0.9682 -0.0684
vn -0.0340 -0.9991 -0.0241
vn -0.2062 -0.9751 -0.0822
vn -0.0064 -0.9999 -0.0114
vn -0.1631 -0.9813 -0.1023
vn 0.0069 -0.9999 -0.0109
vn -0.1575 -0.9785 -0.1331
vn -0.0160 -0.9992 -0.0380
vn -0.1720 -0.9720 -0.1604
vn -0.3029 -0.9235 -0.2353
vn -0.2528 -0.9330 -0.2561
vn -0.1403 -0.9490 -0.2822
vn -0.3561 -0.9134 -0.1971
vn -0.3245 -0.9184 -0.2262
vn -0.3947 -0.9108 -0.1211
vn -0.3804 -0.9108 -0.1607
vn -0.4807 -0.8764 0.0283
vn -0.4211 -0.9059 -0.0444
vn -0.3939 -0.8806 -0.2635
vn -0.3735 -0.8803 -0.2924
vn -0.4157 -0.8811 -0.2255
vn -0.4613 -0.8759 -0.1413
vn -0.4542 -0.8903 0.0320
vn -0.4019 -0.9136 -0.0616
vn -0.5113 -0.8393 -0.1848
vn -0.4524 -0.8532 -0.2596
vn -0.4903 -0.8709 -0.0349
vn -0.5492 -0.8315 -0.0834
vn -0.4209 -0.8598 -0.2890
vn -0.4199 -0.8492 -0.3202
vn -0.5552 -0.8150 0.1661
vn -0.4996 -0.8540 0.1455
vn -0.3085 -0.9485 -0.0721
vn -0.3048 -0.9421 -0.1399
vn -0.6003 -0.7902 0.1232
vn -0.3039 -0.9489 0.0847
vn -0.3606 -0.9211 0.1465
vn -0.3295 -0.9397 -0.0914
vn -0.5811 -0.8095 0.0834
vn -0.2212 -0.9704 0.0968
vn -0.3348 -0.9361 -0.1082
vn -0.5605 -0.8257 0.0637
vn -0.2161 -0.9666 0.1375
vn -0.3285 -0.9391 -0.1012
vn -0.5450 -0.8379 -0.0314
vn -0.3047 -0.9331 0.1912
vn -0.3457 -0.9337 -0.0933
vn -0.3268 -0.9376 -0.1189
vn -0.4916 -0.8651 -0.0994
vn -0.4293 -0.8876 0.1668
vn -0.3673 -0.9280 -0.0632
vn -0.3673 -0.9225 -0.1188
vn -0.0363 -0.9936 0.1069
vn -0.0309 -0.9908 0.1316
vn -0.0349 -0.9927 0.1154
vn 0.0024 -0.9985 0.0541
vn 0.0969 -0.9927 0.0716
vn 0.2225 -0.9729 0.0627
vn -0.0098 -0.9966 0.0819
vn -0.0645 -0.9939 0.0893
vn -0.1189 -0.9919 0.0437
vn -0.0708 -0.9953 0.0662
vn -0.1496 -0.9792 0.1369
vn -0.1076 -0.9881 0.1104
vn -0.1620 -0.9694 0.1843
vn -0.0874 -0.9819 0.1681
vn -0.1496 -0.9862 0.0705
vn -0.1362 -0.9675 0.2131
vn -0.0846 -0.9830 0.1628
vn 0.1906 -0.9811 0.0342
vn 0.1810 -0.9832 0.0230
vn -0.2440 -0.9665 0.0798
vn 0.2118 -0.9765 0.0406
vn -0.2343 -0.9690 0.0783
vn 0.2370 -0.9692 0.0676
vn -0.2483 -0.9601 0.1284
vn -0.5081 -0.8519 -0.1272
vn -0.3692 -0.8996 -0.2331
vn -0.3412 -0.9200 -0.1928
vn -0.2421 -0.9668 -0.0824
vn -0.1446 -0.9874 0.0637
vn -0.1382 -0.9883 0.0643
vn -0.1424 -0.9869 0.0760
vn -0.1575 -0.9852 0.0672
vn -0.3627 -0.9281 -0.0841
vn -0.2427 -0.9701 0.0064
vn -0.1647 -0.9861 -0.0225
vn -0.2157 -0.9737 -0.0735
vn -0.0778 -0.9957 0.0503
vn -0.0740 -0.9962 0.0458
vn -0.1969 -0.0000 0.9804
vn -0.3649 -0.0000 0.9311
vn -0.2838 -0.6359 0.7177
vn -0.1693 -0.6827 0.7108
vn -0.2671 -0.9634 -0.0245
vn -0.3455 -0.9310 -0.1175
vn -0.3871 -0.9194 0.0694
vn -0.0545 -0.9749 -0.2158
vn -0.0187 -0.9907 -0.1344
vn -0.0704 -0.9813 -0.1789
vn -0.0631 -0.9721 -0.2259
vn -0.1128 -0.9936 0.0010
vn -0.2454 -0.9616 0.1230
vn -0.2805 -0.9568 0.0765
vn -0.0851 -0.9959 -0.0317
vn -0.1135 -0.9901 0.0829
vn -0.7199 -0.6850 0.1119
vn -0.7101 -0.6987 0.0867
vn -0.3125 -0.9494 0.0309
vn -0.0851 -0.9953 -0.0470
vn -0.1882 -0.9759 0.1108
vn -0.3827 -0.9136 0.1375
vn -0.3367 -0.9382 0.0800
vn -0.1171 -0.9929 0.0187
vn -0.4725 -0.8801 0.0455
vn -0.3969 -0.9177 -0.0199
vn -0.2540 -0.9672 0.0078
vn -0.2538 -0.9667 0.0326
vn -0.2118 -0.9535 0.2145
vn -0.3205 -0.9071 0.2728
vn -0.1466 -0.9659 0.2132
vn -0.0246 -0.9996 -0.0109
vn -0.0240 -0.9997 -0.0090
vn -0.0217 -0.9997 -0.0064
vn -0.0280 -0.9996 -0.0021
vn -0.0342 -0.9994 -0.0027
vn -0.0210 -0.9998 -0.0021
vn -0.0205 -0.9998 -0.0012
vn -0.0335 -0.9994 0.0019
vn -0.0219 -0.9998 -0.0037
vn -0.0305 -0.9995 0.0036
vn -0.0216 -0.9998 -0.0010
vn -0.0345 -0.9994 0.0020
vn -0.3093 -0.9482 0.0727
vn -0.0769 -0.9969 0.0138
vn -0.1508 -0.9659 0.2106
vn -0.1698 -0.9170 0.3609
vn -0.2137 -0.9643 0.1563
vn -0.2838 -0.9254 0.2511
vn -0.3214 -0.9261 0.1975
vn -0.2027 -0.9273 0.3149
vn -0.1718 -0.9675 0.1853
vn -0.0809 -0.9965 0.0189
vn 0.6889 -0.7125 -0.1334
vn 0.6986 -0.7020 -0.1388
vn -0.1284 -0.9292 0.3466
vn -0.1567 -0.9535 0.2575
vn -0.3063 -0.9456 0.1098
vn -0.0745 -0.9203 0.3841
vn -0.3251 -0.8983 0.2956
vn -0.3560 -0.9345 -0.0011
vn -0.5132 -0.8579 0.0241
vn -0.4580 -0.8872 0.0560
vn -0.4985 -0.8662 0.0337
vn -0.3403 -0.9403 0.0105
vn -0.4079 -0.9054 0.1180
vn -0.4870 -0.8731 0.0226
vn -0.4429 -0.8946 -0.0595
vn -0.4664 -0.8838 -0.0371
vn -0.4564 -0.8898 -0.0018
vn -0.5268 -0.8460 -0.0827
vn -0.5195 -0.8501 -0.0857
vn -0.0403 -0.9920 0.1196
vn -0.0566 -0.9919 0.1136
vn -0.0784 -0.9899 0.1183
vn -0.0471 -0.9913 0.1228
vn -0.0200 -0.9928 0.1179
vn -0.0334 -0.9932 0.1112
vn -0.0682 -0.9922 0.1046
vn -0.0778 -0.9927 0.0926
vn -0.0980 -0.9907 0.0940
vn -0.0866 -0.9904 0.1080
vn -0.0463 -0.9936 0.1032
vn -0.0580 -0.9940 0.0927
vn -0.0850 -0.9934 0.0776
vn -0.0921 -0.9938 0.0619
vn -0.1093 -0.9924 0.0565
vn -0.1039 -0.9917 0.0758
vn -0.0656 -0.9946 0.0802
vn -0.0763 -0.9948 0.0672
vn -0.0937 -0.9946 0.0445
vn -0.0937 -0.9953 0.0251
vn -0.1097 -0.9939 0.0066
vn -0.1115 -0.9932 0.0334
vn -0.0770 -0.9955 0.0543
vn -0.0783 -0.9961 0.0409
vn -0.0896 -0.9960 0.0054
vn -0.0816 -0.9966 -0.0109
vn -0.0912 -0.9953 -0.0332
vn -0.1014 -0.9947 -0.0173
vn -0.0781 -0.9966 0.0260
vn -0.0724 -0.9973 0.0085
vn -0.0707 -0.9972 -0.0226
vn -0.0608 -0.9977 -0.0314
vn -0.0644 -0.9966 -0.0509
vn -0.0789 -0.9960 -0.0421
vn -0.0625 -0.9980 -0.0050
vn -0.0570 -0.9983 -0.0125
vn -0.0912 -0.9908 0.0998
vn -0.1108 -0.9914 0.0703
vn -0.2670 -0.9631 0.0345
vn -0.0283 -0.9897 -0.1405
vn 0.5155 -0.6912 -0.5065
vn 0.6192 -0.6750 -0.4013
vn 0.0053 -0.9905 -0.1376
vn -0.0792 -0.9893 -0.1228
vn 0.4506 -0.6985 -0.5559
vn -0.0707 -0.9769 -0.2019
vn -0.1022 -0.9803 -0.1693
vn -0.1243 -0.9889 -0.0810
vn -0.1260 -0.9821 -0.1399
vn -0.1472 -0.9881 -0.0439
vn -0.1436 -0.9895 -0.0144
vn 0.0833 -0.6821 -0.7265
vn 0.2041 -0.6931 -0.6914
vn -0.1549 -0.9831 -0.0980
vn -0.1426 -0.9840 -0.1067
vn -0.1240 -0.9654 -0.2293
vn -0.1673 -0.9587 -0.2300
vn 0.7132 -0.6998 0.0401
vn 0.0033 -0.9903 0.1389
vn 0.0131 -0.9916 0.1287
vn 0.7307 -0.6753 -0.1003
vn -0.1999 -0.9584 -0.2040
vn -0.1576 -0.9805 -0.1177
vn 0.9970 -0.0031 -0.0771
vn 0.9734 0.0105 -0.2290
vn -0.0899 -0.9713 -0.2203
vn -0.0712 -0.9776 -0.1981
vn -0.0308 -0.9860 -0.1641
vn -0.0829 -0.9838 -0.1591
vn -0.0431 -0.9991 0.0050
vn -0.0477 -0.9989 0.0031
vn -0.0310 -0.9995 0.0062
vn -0.0271 -0.9996 -0.0011
vn -0.0463 -0.9989 0.0041
vn -0.0200 -0.9998 -0.0024
vn -0.0268 -0.9934 -0.1111
vn -0.0616 -0.9938 -0.0926
vn -0.0067 -0.9882 -0.1528
vn 0.0044 -0.9988 0.0478
vn 0.0198 -0.9990 0.0389
vn 0.3842 -0.6624 0.6432
vn 0.1827 -0.7019 0.6884
vn 0.5820 -0.6817 0.4434
vn 0.0362 -0.9988 0.0331
vn 0.0550 -0.9985 -0.0038
vn 0.6939 -0.6777 0.2432
vn 0.0529 -0.9980 -0.0344
vn 0.0522 -0.9925 -0.1110
vn -0.0095 -0.9854 0.1700
vn -0.0370 -0.9742 0.2225
vn -0.0327 -0.9983 0.0489
vn -0.0216 -0.9997 0.0059
vn -0.1574 -0.9870 0.0321
vn -0.3110 -0.9469 0.0818
vn -0.2688 -0.9604 0.0740
vn -0.1449 -0.9890 0.0287
vn -0.2102 -0.9768 0.0414
vn -0.1098 -0.9939 0.0121
vn -0.1640 -0.9860 0.0291
vn -0.0817 -0.9966 0.0074
vn -0.1104 -0.9934 0.0305
vn -0.0512 -0.9987 0.0064
vn 0.0246 -0.9956 0.0907
vn 0.2856 -0.9182 -0.2744
vn 0.0047 -0.9648 -0.2628
vn -0.0008 -0.9957 0.0931
vn -0.0381 -0.9990 0.0236
vn 0.0110 -0.9999 -0.0019
vn 0.5828 -0.8071 -0.0949
vn 0.5296 -0.8469 -0.0480
vn 0.5594 -0.8243 -0.0876
vn 0.4364 -0.8499 0.2955
vn 0.5311 -0.8473 0.0060
vn 0.4185 -0.8803 0.2234
vn 0.0667 -0.9961 -0.0581
vn 0.7254 -0.6870 0.0423
vn -0.4455 -0.8936 -0.0553
vn -0.5266 -0.8461 -0.0823
vn -0.1050 -0.9810 0.1630
vn -0.1563 -0.9872 -0.0306
vn -0.3179 -0.9429 -0.0991
vn -0.3192 -0.9470 -0.0344
vn -0.2586 -0.9644 -0.0554
vn -0.2904 -0.9555 -0.0518
vn -0.3585 -0.9245 -0.1294
vn -0.4573 -0.8810 -0.1210
vn -0.5233 -0.8379 -0.1550
vn -0.1181 -0.9916 0.0524
vn -0.1137 -0.9929 0.0360
vn -0.3106 -0.9502 0.0245
vn -0.4881 -0.8679 -0.0924
vn -0.5580 -0.8220 -0.1139
vn -0.2982 -0.9486 0.1064
vn -0.4909 -0.8712 -0.0005
vn -0.5730 -0.8187 -0.0378
vn -0.2843 -0.9306 0.2307
vn -0.4154 -0.8901 0.1875
vn -0.5069 -0.8495 0.1463
vn -0.1411 -0.9864 0.0842
vn -0.1457 -0.9839 0.1035
vn -0.1687 -0.9815 0.0910
vn -0.2672 -0.6666 0.6959
vn -0.4291 -0.6439 0.6335
vn -0.0297 -0.9943 0.1024
vn -0.0097 -0.9294 0.3689
vn -0.3161 -0.8668 0.3856
vn -0.1091 -0.9737 0.2002
vn -0.1177 -0.9846 0.1294
vn -0.2361 -0.9630 0.1298
vn -0.1766 -0.9705 0.1639
vn -0.1494 -0.9753 0.1624
vn -0.0713 -0.9654 0.2507
vn -0.0779 -0.9658 0.2473
vn -0.1067 -0.9415 0.3196
vn -0.0435 -0.9926 0.1136
vn -0.2003 -0.6692 0.7156
vn -0.0466 -0.9921 0.1168
vn -0.1506 -0.6761 0.7213
vn -0.0483 -0.9937 0.1014
vn -0.1515 -0.6934 0.7044
vn -0.0842 -0.9673 0.2394
vn -0.0561 -0.9959 0.0710
vn -0.1120 -0.9677 0.2260
vn -0.0665 -0.9963 0.0539
vn -0.2182 -0.6988 0.6812
vn -0.0779 -0.9954 0.0560
vn -0.2578 -0.7035 0.6623
vn -0.0432 -0.9981 -0.0441
vn -0.0492 -0.9984 -0.0277
vn -0.0410 -0.9989 -0.0214
vn -0.1990 -0.9499 0.2411
vn -0.2320 -0.9626 0.1398
vn -0.1458 -0.9662 0.2124
vn -0.1191 -0.9498 0.2895
vn -0.1525 -0.9343 0.3222
vn -0.1962 -0.9240 0.3281
vn -0.1468 -0.9641 0.2213
vn -0.5285 -0.8111 -0.2506
vn -0.1156 -0.9926 0.0366
vn -0.0915 -0.9703 0.2239
vn -0.3199 -0.9399 0.1195
vn 0.1955 -0.9686 0.1538
vn 0.2794 -0.9445 0.1726
vn 0.4015 -0.9149 -0.0424
vn 0.3205 -0.9466 -0.0341
vn -0.2830 -0.9245 0.2554
vn -0.2562 -0.9407 0.2224
vn -0.2216 -0.9484 0.2269
vn -0.2620 -0.9201 0.2912
vn 0.2690 -0.8263 0.4949
vn 0.1848 -0.7767 0.6022
vn -0.0340 -0.9989 -0.0331
vn -0.0056 -0.9965 -0.0829
vn -0.0174 -0.9855 -0.1685
vn -0.0592 -0.9971 -0.0478
vn -0.1393 -0.9903 -0.0011
vn -0.3305 -0.8407 -0.4289
vn -0.2360 -0.8810 -0.4100
vn -0.1120 -0.9269 -0.3582
vn -0.0967 -0.9297 -0.3553
vn -0.0525 -0.9802 -0.1908
vn 0.3334 -0.7022 -0.6291
vn -0.1029 -0.8782 -0.4671
vn -0.3803 -0.8859 -0.2655
vn -0.0522 -0.8976 -0.4377
vn -0.1080 -0.9182 -0.3810
vn -0.0586 -0.9390 -0.3388
vn -0.1477 -0.9481 -0.2817
vn -0.0629 -0.9683 -0.2415
vn -0.0723 -0.8565 -0.5111
vn -0.1300 -0.8263 -0.5480
vn -0.2188 -0.9712 -0.0949
vn -0.0849 -0.9955 0.0417
vn -0.0953 -0.9902 -0.1019
vn -0.1599 -0.9764 -0.1450
vn -0.3084 -0.9387 -0.1543
vn -0.1563 -0.9873 -0.0289
vn -0.1477 -0.9870 0.0636
vn -0.1565 -0.9861 0.0556
vn -0.1586 -0.8900 -0.4275
vn -0.2288 -0.8959 -0.3809
vn -0.2950 -0.8761 -0.3813
vn -0.3050 -0.8992 -0.3137
vn -0.2343 -0.9359 -0.2631
vn -0.2619 -0.8645 -0.4291
vn -0.2260 -0.9634 -0.1442
vn -0.2953 -0.9302 -0.2178
vn -0.3020 -0.9359 -0.1816
vn -0.1024 -0.8712 -0.4801
vn -0.2316 -0.8499 -0.4734
vn -0.1866 -0.9776 -0.0968
vn -0.1421 -0.9877 -0.0647
vn -0.1387 -0.9883 -0.0636
vn -0.1277 -0.9915 -0.0243
vn -0.3146 -0.8619 -0.3978
vn -0.3438 -0.8434 -0.4128
vn -0.3216 -0.8851 -0.3365
vn -0.3204 -0.8789 -0.3533
vn -0.2834 -0.8939 -0.3472
vn -0.3252 -0.8806 -0.3448
vn -0.3000 -0.8302 -0.4699
vn -0.3247 -0.7941 -0.5138
vn -0.2880 -0.8019 -0.5234
vn -0.3011 -0.7730 -0.5585
vn 0.1453 -0.8942 0.4235
vn 0.2519 -0.8809 0.4007
vn 0.2449 -0.8508 0.4649
vn 0.1963 -0.7928 0.5769
vn -0.3210 -0.7718 -0.5489
vn -0.3047 -0.7698 -0.5608
vn -0.2611 -0.8237 -0.5034
vn -0.3224 -0.8228 -0.4679
vn -0.3001 -0.7905 -0.5339
vn -0.2534 -0.9125 -0.3211
vn -0.1844 -0.9128 -0.3644
vn -0.1389 -0.9688 -0.2052
vn -0.1762 -0.9659 -0.1898
vn -0.1331 -0.9726 -0.1907
vn -0.1735 -0.9656 -0.1934
vn 0.0347 -0.9142 0.4038
vn -0.1183 -0.9690 -0.2171
vn -0.0827 -0.9766 -0.1986
vn -0.3318 -0.9002 -0.2820
vn -0.2629 -0.9276 -0.2656
vn -0.1969 -0.8891 -0.4133
vn -0.1424 -0.9852 -0.0951
vn -0.1246 -0.9907 -0.0549
vn -0.1642 -0.9123 -0.3751
vn -0.2015 -0.9030 -0.3795
vn -0.2796 -0.8994 -0.3361
vn -0.1411 -0.9883 0.0586
vn -0.6397 -0.7027 -0.3113
vn -0.6405 -0.6896 -0.3379
vn -0.1023 -0.9944 0.0280
vn -0.0439 -0.9945 0.0947
vn -0.0478 -0.9957 0.0797
vn -0.0792 -0.9940 0.0758
vn -0.0828 -0.9923 0.0919
vn -0.5167 -0.6757 -0.5258
vn -0.4242 -0.6859 -0.5912
vn -0.1465 -0.9875 0.0588
vn -0.1577 -0.9852 0.0677
vn 0.0085 -0.9984 -0.0565
vn 0.0400 -0.9972 -0.0635
vn -0.0061 -0.9953 -0.0970
vn 0.0098 -0.9968 -0.0797
vn -0.1399 -0.9900 0.0164
vn -0.1518 -0.9876 -0.0408
vn -0.2155 -0.9661 -0.1421
vn -0.0260 -0.9996 0.0102
vn -0.0652 -0.9975 0.0256
vn 0.0119 -0.9996 0.0270
vn -0.0177 -0.9990 0.0417
vn -0.0601 -0.9888 0.1364
vn -0.0272 -0.9971 -0.0715
vn 0.0160 -0.9950 -0.0990
vn -0.0244 -0.9948 -0.0985
vn 0.0069 -0.9921 -0.1255
vn -0.0029 -0.9896 -0.1440
vn 0.5518 -0.6869 -0.4730
vn 0.6222 -0.6817 -0.3850
vn -0.0223 -0.9925 -0.1205
vn -0.0523 -0.9890 -0.1387
vn -0.0269 -0.9882 -0.1509
vn 0.0069 -0.9946 0.1040
vn 0.0061 -0.9953 0.0962
vn 0.0469 -0.9922 0.1156
vn 0.0533 -0.9902 0.1291
vn 0.5970 -0.7099 0.3737
vn 0.2965 -0.9244 0.2401
vn 0.2530 -0.9386 0.2345
vn 0.5373 -0.7525 0.3809
vn 0.0141 -0.9963 0.0843
vn 0.0560 -0.9932 0.1025
vn 0.5948 -0.7311 0.3341
vn 0.2929 -0.9328 0.2099
vn 0.0036 -0.9949 0.1009
vn 0.0583 -0.9893 0.1335
vn 0.2313 -0.9437 0.2363
vn 0.5199 -0.7552 0.3994
vn 0.0598 -0.9931 0.1004
vn 0.0053 -0.9968 0.0802
vn 0.0369 -0.9929 0.1130
vn 0.4831 -0.8245 0.2947
vn 0.2705 -0.9369 0.2216
vn 0.2441 -0.9483 0.2028
vn 0.4708 -0.8358 0.2823
vn -0.1815 -0.9807 -0.0721
vn -0.1994 -0.9755 -0.0926
vn 0.2266 -0.9438 0.2407
vn 0.2413 -0.9386 0.2467
vn 0.5233 -0.7474 0.4094
vn 0.5089 -0.7579 0.4082
vn 0.0108 -0.9947 0.1027
vn -0.0222 -0.9968 0.0770
vn -0.6476 -0.6953 -0.3118
vn -0.6489 -0.6944 -0.3110
vn 0.0789 -0.9871 0.1396
vn 0.0901 -0.9847 0.1489
vn 0.2815 -0.9219 0.2661
vn 0.5487 -0.7258 0.4148
vn 0.4782 -0.2984 -0.8260
vn -0.5710 -0.7655 -0.2967
vn -0.5704 -0.7658 -0.2972
vn -0.3410 -0.9308 -0.1314
vn -0.3461 -0.9284 -0.1351
vn -0.5937 -0.7414 -0.3128
vn -0.3623 -0.9208 -0.1447
vn -0.5034 -0.8489 -0.1613
vn -0.4877 -0.8573 -0.1651
vn -0.2914 -0.9419 -0.1670
vn -0.4421 -0.8563 -0.2670
vn -0.5279 -0.8347 -0.1571
vn -0.3608 -0.8817 -0.3041
vn -0.4715 -0.8619 -0.1867
vn 0.1599 -0.6589 -0.7350
vn -0.2694 -0.9465 -0.1776
vn -0.5176 -0.8013 -0.2998
vn 0.0800 -0.9941 0.0736
vn -0.1059 -0.9895 0.0985
vn -0.4544 -0.8799 -0.1390
vn -0.3680 -0.9223 -0.1183
vn -0.5225 -0.8364 -0.1656
vn 0.0056 -0.9973 0.0735
vn -0.1756 -0.9832 -0.0502
vn -0.1118 -0.9937 -0.0098
vn -0.2796 -0.4027 0.8716
vn -0.2478 -0.9605 -0.1266
vn -0.0027 -0.9997 -0.0241
vn -0.0084 -0.9997 -0.0209
vn 0.6545 -0.7041 0.2756
vn 0.6507 -0.7040 0.2847
vn -0.0026 -0.9999 -0.0140
vn 0.6523 -0.7051 0.2781
vn -0.0719 -0.9879 -0.1372
vn 0.4237 -0.6918 -0.5847
vn 0.4992 -0.6920 -0.5214
vn -0.0490 -0.9931 0.1062
vn -0.0600 -0.9924 0.1073
vn -0.0149 -0.9991 -0.0395
vn -0.0586 -0.9944 0.0875
vn -0.1080 -0.9870 0.1186
vn -0.0959 -0.9931 0.0682
vn -0.0821 -0.9939 0.0735
vn -0.0995 -0.9910 0.0896
vn -0.0145 -0.9985 0.0536
vn -0.0346 -0.9988 0.0348
vn -0.0444 -0.9984 0.0361
vn -0.0332 -0.9985 0.0441
vn -0.1563 -0.9835 0.0914
vn -0.0139 -0.9910 0.1333
vn -0.1495 -0.9707 0.1880
vn -0.0880 -0.9957 0.0284
vn -0.0632 -0.9973 0.0375
vn -0.0775 -0.9848 -0.1553
vn -0.0771 -0.9863 -0.1457
vn -0.0998 -0.9881 -0.1172
vn -0.1661 -0.9611 0.2208
vn -0.1272 -0.9777 -0.1671
vn -0.0784 -0.9850 -0.1540
vn -0.0795 -0.9907 -0.1108
vn -0.1628 -0.9796 -0.1179
vn -0.0962 -0.9908 -0.0950
vn -0.1418 -0.9729 -0.1827
vn -0.1162 -0.9924 -0.0400
vn -0.6750 -0.7267 0.1275
vn -0.6522 -0.7284 0.2101
vn 0.0545 -0.9985 -0.0110
vn -0.0084 -0.9998 -0.0206
vn -0.0116 -0.9995 -0.0285
vn -0.0522 -0.9962 -0.0693
vn -0.5614 -0.7025 -0.4373
vn -0.5780 -0.7049 -0.4112
vn -0.2306 -0.6977 0.6783
vn -0.1052 -0.9928 0.0565
vn -0.2896 -0.6967 0.6564
vn -0.0333 -0.9993 -0.0154
vn -0.0292 -0.9995 -0.0128
vn -0.0075 -0.9998 -0.0159
vn -0.0181 -0.9995 -0.0257
vn -0.1048 -0.9938 0.0373
vn -0.3554 -0.6864 0.6345
vn -0.0174 -0.9998 -0.0041
vn -0.0129 -0.9999 -0.0102
vn -0.0396 -0.9981 0.0479
vn 0.3699 -0.8953 0.2483
vn -0.5168 -0.8471 0.1236
vn -0.4974 -0.8530 0.1579
vn -0.5128 -0.8503 0.1185
vn -0.4910 -0.8690 0.0616
vn -0.2529 -0.9668 0.0362
vn -0.2769 -0.9584 0.0693
vn -0.5055 -0.8553 0.1138
vn -0.3915 -0.9114 0.1271
vn -0.2748 -0.9530 0.1278
vn -0.0617 -0.9981 0.0030
vn -0.0526 -0.9986 0.0096
vn 0.7042 -0.6999 -0.1193
vn 0.6964 -0.7058 -0.1299
vn 0.0492 -0.9983 -0.0303
vn 0.0170 -0.9998 -0.0105
vn -0.0142 -0.9999 0.0087
vn -0.2684 -0.9479 0.1717
vn -0.3276 -0.9279 0.1779
vn -0.3800 -0.9240 0.0428
vn -0.1515 -0.9824 0.1091
vn -0.0737 -0.9898 0.1216
vn -0.2841 -0.9535 0.1008
vn -0.2619 -0.9058 0.3331
vn -0.1543 -0.9274 0.3407
vn -0.3478 -0.8720 0.3445
vn -0.4773 -0.8744 0.0873
vn -0.2030 -0.9708 0.1281
vn -0.4554 -0.8554 0.2467
vn -0.3408 -0.8716 0.3524
vn -0.4050 -0.8499 0.3370
vn -0.3606 -0.8069 0.4678
vn -0.4955 -0.8505 0.1762
vn -0.2329 -0.9609 0.1496
vn -0.1433 -0.9568 0.2530
vn 0.0030 -0.9654 0.2607
vn 0.0169 -0.8762 -0.4817
vn 0.2977 -0.8896 -0.3465
vn -0.2730 -0.9483 0.1618
vn -0.5294 -0.8402 -0.1170
vn -0.0047 -0.9917 0.1285
vn -0.0136 -0.9922 0.1237
vn -0.0213 -0.9923 0.1222
vn -0.0099 -0.9924 0.1226
vn -0.0247 -0.9923 0.1218
vn -0.0072 -0.9937 0.1117
vn -0.1292 -0.9844 -0.1195
vn -0.1377 -0.9905 0.0040
vn -0.2674 -0.9634 -0.0194
vn -0.2508 -0.9670 -0.0446
vn -0.2891 -0.9484 -0.1300
vn -0.2004 -0.9404 0.2748
vn 0.0390 -0.9936 -0.1063
vn 0.7234 -0.6678 -0.1751
vn 0.1348 -0.9795 0.1496
vn 0.0235 -0.9997 -0.0104
vn 0.0393 -0.9970 0.0670
vn -0.1852 -0.9564 0.2256
vn -0.0965 -0.9930 0.0684
vn 0.0911 -0.6948 0.7134
vn 0.2440 -0.0083 0.9697
vn 0.1867 -0.0486 0.9812
vn 0.0556 -0.7085 0.7035
vn 0.4031 -0.6915 0.5995
vn 0.6866 0.0052 0.7270
vn 0.6401 -0.0000 0.7683
vn 0.3780 -0.6886 0.6188
vn 0.4205 -0.6896 0.5896
vn -0.1272 -0.9857 0.1104
vn -0.1166 -0.9862 0.1173
vn -0.0725 -0.9873 0.1411
vn -0.2775 -0.9470 0.1616
vn -0.1218 -0.9810 0.1509
vn -0.3179 -0.9290 0.1893
vn -0.3985 -0.8421 0.3635
vn -0.3022 -0.9043 0.3016
vn -0.3597 -0.8957 0.2613
vn -0.1702 -0.9482 0.2682
vn -0.1500 -0.9552 0.2552
vn -0.2099 -0.9532 0.2177
vn 0.1681 -0.9855 -0.0240
vn 0.1933 -0.9784 -0.0734
vn 0.0232 -0.9759 0.2170
vn -0.1396 -0.9870 0.0799
vn -0.1357 -0.9881 0.0720
vn -0.1590 -0.9844 0.0748
vn -0.1650 -0.9834 0.0753
vn 0.0447 -0.9990 0.0078
vn -0.0407 -0.9952 -0.0895
vn -0.4572 -0.8728 0.1708
vn -0.0155 -0.9911 0.1324
vn -0.0112 -0.9919 0.1265
vn -0.4159 -0.8924 0.1752
vn -0.3609 -0.9108 0.2004
vn -0.2054 -0.9529 0.2232
vn -0.2692 -0.9451 0.1853
vn -0.2761 -0.9275 0.2521
vn -0.2395 -0.9377 0.2515
vn -0.3141 -0.9220 0.2264
vn -0.2046 -0.9701 0.1306
vn -0.1952 -0.9736 0.1188
vn -0.3198 -0.9194 0.2289
vn -0.2090 -0.9602 0.1852
vn -0.1246 -0.9898 0.0686
vn -0.1057 -0.9815 0.1596
vn -0.1077 -0.9765 0.1867
vn -0.0655 -0.9873 0.1449
vn 0.0170 -0.9883 0.1517
vn -0.3102 -0.9472 0.0811
vn 0.2534 -0.9655 0.0597
vn 0.1597 -0.9853 0.0611
vn 0.4775 -0.8683 -0.1346
vn -0.2954 -0.9551 0.0236
vn 0.2410 -0.9660 0.0938
vn -0.2774 -0.9495 0.1468
vn 0.5469 -0.8362 0.0409
vn 0.2109 -0.9752 0.0675
vn -0.2900 -0.9535 0.0820
vn -0.0597 -0.9728 0.2240
vn -0.1436 -0.9573 0.2508
vn -0.0718 -0.9713 0.2269
vn -0.0424 -0.9649 0.2593
vn -0.0092 -0.9902 0.1395
vn -0.0207 -0.9906 0.1352
vn -0.0075 -0.9910 0.1339
vn -0.0034 -0.9917 0.1286
vn -0.0002 -0.9913 0.1314
vn 0.0031 -0.9914 0.1307
vn -0.0204 -0.9983 0.0555
vn -0.0117 -0.9983 0.0565
vn -0.0183 -0.9992 0.0357
vn -0.0264 -0.9988 0.0405
vn -0.0132 -0.9973 0.0716
vn -0.0219 -0.9969 0.0758
vn -0.0147 -0.9960 0.0885
vn -0.0091 -0.9963 0.0853
vn 0.0119 -0.9949 0.1006
vn 0.0010 -0.9953 0.0972
vn -0.0107 -0.9950 0.0989
vn 0.0011 -0.9943 0.1064
vn -0.0229 -0.9929 0.1171
vn -0.0330 -0.9936 0.1080
vn -0.0735 -0.9914 0.1086
vn -0.0597 -0.9907 0.1220
vn -0.0516 -0.9979 0.0381
vn -0.0563 -0.9980 0.0289
vn -0.0589 -0.9982 0.0061
vn -0.0655 -0.9975 0.0252
vn -0.0251 -0.9945 0.1022
vn -0.0243 -0.9948 0.0984
vn -0.0296 -0.9963 0.0801
vn -0.0287 -0.9956 0.0893
vn -0.0355 -0.9971 0.0680
vn -0.0473 -0.9976 0.0513
vn -0.0481 -0.9967 0.0654
vn -0.0731 -0.9954 0.0617
vn -0.0706 -0.9965 0.0449
vn -0.0813 -0.9961 0.0337
vn -0.0860 -0.9948 0.0545
vn -0.2366 -0.6931 -0.6809
vn -0.1146 -0.9932 0.0193
vn -0.1255 -0.9913 0.0392
vn -0.3359 -0.6899 -0.6413
vn -0.7330 -0.6465 -0.2115
vn -0.6099 -0.6701 -0.4231
vn -0.1531 -0.9841 0.0902
vn -0.1348 -0.9833 0.1224
vn -0.4866 -0.8501 0.2013
vn -0.2145 -0.9679 0.1310
vn -0.2021 -0.9661 0.1608
vn -0.1761 -0.9842 0.0184
vn -0.2146 -0.9755 -0.0474
vn -0.2515 -0.9670 0.0417
vn -0.0602 -0.9982 0.0056
vn -0.0562 -0.9983 -0.0137
vn -0.1509 -0.9886 -0.0018
vn -0.1272 -0.9913 -0.0338
vn -0.1378 -0.9895 -0.0443
vn -0.1817 -0.9827 -0.0355
vn -0.0147 -0.9998 0.0137
vn -0.0199 -0.9998 0.0087
vn -0.0243 -0.9996 0.0110
vn -0.0268 -0.9995 0.0157
vn -0.0713 -0.9974 0.0088
vn 0.5530 -0.0000 -0.8332
vn 0.3749 -0.6805 -0.6296
vn 0.2247 -0.6908 -0.6872
vn 0.3597 -0.0000 -0.9331
vn -0.1841 -0.9804 0.0707
vn -0.2011 -0.9405 0.2738
vn -0.2063 -0.9635 0.1707
vn 0.0268 -0.9947 0.0991
vn 0.0202 -0.9920 0.1244
vn -0.0005 -0.9922 0.1248
vn 0.0245 -0.9953 0.0937
vn 0.0110 -0.9999 0.0066
vn -0.0233 -0.9997 -0.0033
vn 0.0054 -0.9999 0.0110
vn 0.0216 -0.9995 0.0244
vn -0.0996 -0.6870 -0.7198
vn -0.1062 -0.9943 0.0038
vn 0.5986 -0.6611 -0.4524
vn -0.0283 -0.9970 -0.0721
vn -0.0497 -0.9966 -0.0656
vn -0.0864 -0.9951 -0.0471
vn -0.0308 -0.9994 -0.0151
vn 0.1050 -0.9908 -0.0850
vn 0.0135 -0.9891 -0.1465
vn -0.1158 -0.9924 -0.0412
vn -0.0834 -0.9959 -0.0336
vn 0.1156 -0.9574 -0.2647
vn 0.8105 -0.5632 0.1609
vn 0.8121 -0.0000 -0.5835
vn 0.8091 0.0003 -0.5877
vn 0.5738 -0.7055 -0.4159
vn 0.5874 -0.6968 -0.4115
vn 0.8073 0.0001 -0.5902
vn 0.8035 -0.0000 -0.5953
vn 0.5634 -0.7084 -0.4252
vn 0.5677 -0.7060 -0.4234
vn 0.7992 -0.0000 -0.6010
vn 0.5591 -0.7107 -0.4271
vn 0.8036 -0.0000 -0.5952
vn 0.8080 -0.0000 -0.5892
vn 0.5670 -0.7052 -0.4256
vn 0.5645 -0.7062 -0.4274
vn -0.0267 -0.9996 0.0104
vn -0.0269 -0.9996 0.0092
vn -0.0275 -0.9996 0.0087
vn -0.0284 -0.9996 0.0080
vn -0.0276 -0.9996 0.0102
vn -0.0263 -0.9996 0.0111
vn -0.0248 -0.9996 0.0113
vn -0.0252 -0.9996 0.0093
vn -0.0299 -0.9995 0.0119
vn -0.0263 -0.9996 0.0087
vn -0.0258 -0.9996 0.0087
vn -0.0275 -0.9996 0.0107
vn -0.0257 -0.9996 0.0073
vn -0.0274 -0.9996 0.0112
vn -0.0273 -0.9996 0.0110
vn -0.0234 -0.9997 0.0099
vn -0.0263 -0.9996 0.0062
vn -0.0281 -0.9996 0.0052
vn -0.0548 -0.9984 -0.0126
vn -0.0287 -0.9990 -0.0335
vn -0.0243 -0.9974 -0.0681
vn -0.0289 -0.9995 0.0085
vn -0.0294 -0.9995 0.0094
vn -0.0256 -0.9996 0.0088
vn -0.0284 -0.9995 0.0107
vn -0.0297 -0.9995 0.0096
vn -0.0266 -0.9996 0.0081
vn -0.6803 -0.0000 0.7329
vn -0.4845 -0.7159 0.5028
vn -0.5458 -0.7166 0.4343
vn -0.7761 -0.0000 0.6307
vn -0.0258 -0.9996 0.0060
vn -0.0260 -0.9997 0.0048
vn -0.0245 -0.9997 0.0083
vn -0.0251 -0.9997 0.0062
vn -0.2755 -0.9397 0.2027
vn -0.1445 -0.9893 -0.0187
vn -0.1518 -0.9880 -0.0284
vn -0.2505 -0.9504 0.1846
vn -0.2921 -0.9542 0.0650
vn -0.1453 -0.9890 -0.0257
vn -0.1610 -0.9868 0.0182
vn -0.2125 -0.9406 0.2649
vn -0.1647 -0.9861 0.0221
vn -0.1491 -0.9881 0.0366
vn -0.2057 -0.9427 0.2626
vn -0.2744 -0.9372 0.2155
vn -0.1440 -0.9895 -0.0083
vn -0.0206 -0.9990 0.0389
vn -0.0507 -0.7443 -0.6660
vn -0.2957 -0.7675 -0.5688
vn -0.0094 -0.9989 0.0470
vn -0.1463 -0.9891 0.0161
vn -0.2059 -0.9520 0.2267
vn -0.2125 -0.9568 0.1983
vn -0.1953 -0.9654 0.1728
vn -0.1783 -0.9672 0.1808
vn -0.1326 -0.9652 0.2254
vn -0.1324 -0.9664 0.2204
vn -0.3780 -0.7226 0.5787
vn -0.3259 -0.7011 0.6343
vn -0.1984 -0.9438 0.2642
vn -0.2334 -0.9337 0.2717
vn -0.2162 -0.9390 0.2674
vn -0.1480 -0.9882 0.0383
vn -0.0920 -0.9847 0.1480
vn -0.0875 -0.9844 0.1525
vn -0.0886 -0.9838 0.1560
vn -0.0911 -0.9835 0.1565
vn 0.0123 -0.9901 0.1396
vn -0.1661 -0.9669 0.1937
vn -0.1645 -0.9658 0.2004
vn 0.0229 -0.9915 0.1277
vn -0.2011 -0.9626 0.1817
vn -0.0145 -0.9899 0.1409
vn -0.1771 -0.9497 0.2582
vn -0.9999 -0.0000 -0.0142
vn -0.9745 -0.0000 0.2244
vn -0.6714 -0.7241 0.1579
vn -0.6974 -0.7166 -0.0050
vn -0.0960 -0.9928 0.0720
vn -0.0638 -0.9886 0.1365
vn -0.2117 -0.9655 0.1518
vn -0.0948 -0.9816 0.1656
vn -0.1113 -0.9837 0.1409
vn -0.2917 -0.9453 0.1458
vn -0.2722 -0.9505 0.1498
vn -0.0996 -0.9851 0.1404
vn -0.1370 -0.9857 0.0976
vn -0.2942 -0.9550 0.0384
vn -0.2812 -0.9510 0.1286
vn -0.1224 -0.9831 0.1359
vn -0.1307 -0.9826 0.1323
vn -0.2966 -0.9453 0.1355
vn -0.1238 -0.9835 0.1320
vn -0.2833 -0.9500 0.1311
vn -0.0293 -0.9947 0.0983
vn 0.1731 -0.9383 0.2993
vn 0.4722 -0.5674 0.6746
vn -0.2144 -0.6966 0.6847
vn -0.2870 -0.6841 0.6706
vn 0.0061 -0.9957 0.0926
vn -0.2750 -0.6692 0.6903
vn -0.0485 -0.9863 0.1575
vn -0.1495 -0.9721 0.1807
vn -0.0057 -0.9896 0.1440
vn -0.1105 -0.9791 0.1705
vn -0.0823 -0.9777 0.1933
vn 0.0349 -0.9910 0.1295
vn 0.0532 -0.9951 0.0830
vn 0.0199 -0.9970 0.0745
vn 0.0079 -0.9963 0.0852
vn 0.0369 -0.9967 0.0725
vn 0.0650 -0.9933 0.0957
vn 0.0340 -0.9931 0.1120
vn 0.0333 -0.9952 0.0924
vn 0.0592 -0.9947 0.0839
vn -0.1283 -0.9520 0.2780
vn -0.0901 -0.9552 0.2818
vn -0.2049 -0.9224 0.3274
vn -0.2114 -0.9347 0.2859
vn -0.2261 -0.9228 0.3119
vn -0.2646 -0.9047 0.3340
vn -0.2318 -0.9064 0.3531
vn -0.1998 -0.9468 0.2522
vn -0.2089 -0.9388 0.2740
vn -0.2495 -0.9562 0.1531
vn -0.2443 -0.9606 0.1323
vn -0.2441 -0.9580 0.1505
vn -0.2160 -0.9638 0.1561
vn -0.1717 -0.9721 0.1597
vn -0.3078 -0.9509 0.0332
vn -0.2822 -0.9470 0.1535
vn -0.1179 -0.9611 0.2496
vn -0.1026 -0.9613 0.2557
vn -0.0791 -0.9628 0.2585
vn -0.0723 -0.9689 0.2368
vn -0.0875 -0.9872 0.1337
vn -0.0807 -0.9878 0.1330
vn -0.0896 -0.9901 0.1084
vn -0.0728 -0.9882 0.1344
vn -0.1124 -0.9830 0.1453
vn -0.1811 -0.9718 0.1512
vn -0.1489 -0.9828 0.1091
vn -0.2119 -0.9659 0.1485
vn -0.1250 -0.9761 0.1775
vn -0.1268 -0.9840 0.1255
vn -0.1204 -0.9800 0.1586
vn -0.0853 -0.9822 0.1673
vn -0.0490 -0.9849 0.1662
vn -0.1967 -0.9605 0.1967
vn -0.1645 -0.9767 0.1377
vn -0.1875 -0.9557 0.2270
vn 0.0069 -0.9996 0.0275
vn -0.0011 -0.9999 0.0151
vn -0.0233 -0.9996 0.0154
vn -0.0160 -0.9996 -0.0250
vn -0.1139 -0.9754 0.1886
vn -0.1599 -0.9698 0.1842
vn -0.2314 -0.9546 0.1875
vn -0.2764 -0.9430 0.1856
vn -0.2706 -0.9462 0.1774
vn -0.1989 -0.9694 0.1436
vn -0.1131 -0.9817 0.1533
vn -0.0902 -0.9803 0.1755
vn -0.1195 -0.9837 0.1345
vn -0.1618 -0.9658 0.2026
vn -0.1483 -0.9888 0.0186
vn -0.0490 -0.9949 0.0887
vn -0.0440 -0.9954 0.0847
vn -0.1404 -0.9901 0.0098
vn -0.2434 -0.9350 0.2578
vn -0.1870 -0.9462 0.2639
vn -0.0183 -0.9901 0.1388
vn -0.0051 -0.9904 0.1379
vn 0.0078 -0.9908 0.1349
vn -0.0033 -0.9909 0.1343
vn 0.0023 -0.9911 0.1328
vn 0.0139 -0.9920 0.1255
vn 0.0084 -0.9976 0.0682
vn 0.0046 -0.9979 0.0644
vn 0.0042 -0.9979 0.0647
vn 0.0037 -0.9980 0.0636
vn -0.0311 -0.9913 0.1281
vn -0.0123 -0.9905 0.1368
vn -0.0423 -0.9947 0.0937
vn -0.0438 -0.9958 0.0808
vn -0.0479 -0.9951 0.0860
vn -0.0401 -0.9943 0.0988
vn -0.0471 -0.9963 0.0713
vn -0.0505 -0.9959 0.0756
vn -0.0513 -0.9965 0.0662
vn -0.0518 -0.9963 0.0688
vn -0.0510 -0.9965 0.0669
vn -0.0524 -0.9963 0.0675
vn -0.0465 -0.9965 0.0688
vn -0.0356 -0.9972 0.0658
vn -0.0378 -0.9972 0.0646
vn -0.0454 -0.9969 0.0638
vn -0.0246 -0.9980 0.0578
vn -0.0160 -0.9987 0.0493
vn -0.0163 -0.9990 0.0417
vn -0.0255 -0.9984 0.0500
vn -0.0059 -0.9993 0.0374
vn -0.0043 -0.9993 0.0367
vn -0.0180 -0.9988 0.0465
vn -0.6427 -0.6846 0.3440
vn -0.2660 -0.9637 0.0231
vn -0.2070 -0.9768 -0.0546
vn -0.2078 -0.9732 -0.0987
vn -0.0071 -0.9986 0.0519
vn -0.0166 -0.9979 0.0621
vn -0.0165 -0.9980 0.0616
vn -0.0038 -0.9963 0.0864
vn -0.0057 -0.9970 0.0770
vn 0.0028 -0.9973 0.0739
vn 0.0048 -0.9962 0.0869
vn -0.0128 -0.9948 0.1008
vn -0.0154 -0.9947 0.1012
vn -0.0063 -0.9946 0.1032
vn 0.0038 -0.9980 0.0634
vn -0.0001 -0.9982 0.0594
vn -0.0050 -0.9983 0.0584
vn -0.0063 -0.9980 0.0635
vn -0.0007 -0.9982 0.0597
vn -0.0775 -0.9941 0.0755
vn -0.0484 -0.9962 0.0729
vn -0.0720 -0.9938 0.0850
vn -0.0171 -0.9943 0.1054
vn -0.0181 -0.9943 0.1055
vn -0.0221 -0.9931 0.1156
vn -0.0186 -0.9937 0.1103
vn -0.0187 -0.9938 0.1098
vn -0.0612 -0.9932 0.0993
vn -0.0452 -0.9942 0.0978
vn -0.0480 -0.9921 0.1160
vn -0.0400 -0.9926 0.1143
vn -0.0411 -0.9926 0.1138
vn -0.0043 -0.9994 0.0353
vn -0.0010 -0.9994 0.0334
vn -0.0059 -0.9994 0.0334
vn -0.0143 -0.9991 0.0409
vn -0.0006 -0.9995 0.0328
vn -0.0098 -0.9995 0.0291
vn -0.0102 -0.9995 0.0297
vn 0.0004 -0.9995 0.0330
vn -0.0192 -0.9995 0.0247
vn -0.0212 -0.9995 0.0237
vn -0.0206 -0.9995 0.0237
vn -0.0205 -0.9995 0.0227
vn -0.0213 -0.9995 0.0246
vn -0.0209 -0.9994 0.0276
vn -0.0155 -0.9993 0.0349
vn -0.0169 -0.9993 0.0344
vn -0.0223 -0.9992 0.0332
vn -0.0332 -0.9986 0.0417
vn -0.0285 -0.9984 0.0485
vn -0.0151 -0.9991 0.0392
vn -0.0366 -0.9984 0.0442
vn -0.0358 -0.9984 0.0433
vn -0.0360 -0.9984 0.0439
vn -0.0361 -0.9982 0.0485
vn -0.0343 -0.9984 0.0444
vn -0.0311 -0.9983 0.0503
vn -0.0245 -0.9986 0.0465
vn -0.0312 -0.9986 0.0429
vn -0.0307 -0.9978 0.0594
vn -0.0285 -0.9977 0.0616
vn -0.0278 -0.9981 0.0548
vn -0.0269 -0.9978 0.0602
vn -0.0357 -0.9991 0.0225
vn -0.0328 -0.9982 0.0503
vn -0.0315 -0.9980 0.0551
vn -0.0459 -0.9986 0.0251
vn -0.0226 -0.9996 0.0188
vn -0.0217 -0.9990 0.0396
vn -0.0267 -0.9995 0.0195
vn -0.0736 -0.9954 0.0616
vn -0.0503 -0.9961 0.0727
vn -0.0451 -0.9962 0.0740
vn -0.0732 -0.9946 0.0732
vn -0.0071 -0.9996 0.0261
vn -0.0095 -0.9994 0.0341
vn -0.0164 -0.9997 0.0202
vn -0.0035 -0.9996 0.0266
vn -0.0034 -0.9995 0.0320
vn 0.0005 -0.9996 0.0288
vn 0.0063 -0.9996 0.0291
vn -0.0000 -0.9988 0.0482
vn 0.0001 -0.9997 0.0250
vn -0.0789 -0.9957 0.0479
vn -0.0463 -0.9970 0.0614
vn -0.0763 -0.9956 0.0541
vn -0.0597 -0.9976 0.0349
vn -0.0337 -0.9979 0.0552
vn -0.0693 -0.9967 0.0430
vn -0.0474 -0.9986 0.0253
vn -0.0525 -0.9982 0.0286
vn -0.0335 -0.9974 0.0631
vn -0.0386 -0.9968 0.0699
vn 0.2700 -0.9357 0.2271
vn 0.2027 -0.9397 0.2756
vn 0.2749 -0.9184 0.2846
vn 0.1072 -0.9746 0.1967
vn -0.0199 -0.9975 0.0676
vn -0.0410 -0.9967 0.0695
vn -0.0367 -0.9962 0.0796
vn -0.0170 -0.9957 0.0912
vn -0.0302 -0.9957 0.0877
vn -0.0343 -0.9929 0.1142
vn 0.8451 -0.0000 -0.5346
vn 0.5786 -0.7407 -0.3414
vn 0.5346 -0.7242 -0.4357
vn 0.7584 -0.0000 -0.6518
vn -0.0042 -0.9956 0.0934
vn -0.0130 -0.9961 0.0869
vn -0.0388 -0.9928 0.1133
vn -0.0134 -0.9968 0.0793
vn -0.0308 -0.9950 0.0946
vn -0.0314 -0.9962 0.0810
vn -0.1016 -0.9938 0.0456
vn -0.1961 -0.9550 0.2224
vn -0.1584 -0.9395 0.3037
vn -0.0974 -0.9929 0.0676
vn -0.2881 -0.9350 0.2067
vn -0.1891 -0.9681 0.1643
vn -0.1298 -0.9794 0.1549
vn -0.2324 -0.9661 0.1121
vn -0.3488 -0.9323 0.0954
vn -0.3702 -0.9188 0.1371
vn -0.2684 -0.9472 0.1754
vn -0.1495 -0.9394 0.3085
vn -0.1370 -0.9633 0.2310
vn -0.1432 -0.9868 0.0753
vn -0.1825 -0.9765 0.1145
vn 0.0182 -0.9917 0.1276
vn 0.0114 -0.9921 0.1252
vn 0.0209 -0.9919 0.1255
vn 0.0249 -0.9916 0.1271
vn -0.1119 -0.9744 0.1953
vn -0.1108 -0.9799 0.1660
vn -0.1939 -0.9329 0.3035
vn -0.2311 -0.9390 0.2546
vn -0.2411 -0.9488 0.2041
vn -0.9198 -0.0000 -0.3924
vn -0.6686 -0.7106 -0.2190
vn -0.6398 -0.7102 -0.2937
vn -0.8664 -0.0000 -0.4994
vn -0.1086 -0.9598 0.2587
vn -0.1216 -0.9452 0.3030
vn -0.2052 -0.8761 0.4362
vn -0.1912 -0.8873 0.4197
vn -0.1364 -0.8957 0.4232
vn -0.1347 -0.8857 0.4442
vn -0.1479 -0.9073 0.3935
vn -0.1508 -0.8677 0.4736
vn -0.1362 -0.8797 0.4556
vn -0.1385 -0.8402 0.5243
vn -0.1216 -0.8790 0.4611
vn -0.1246 -0.8266 0.5489
vn -0.1253 -0.9049 0.4068
vn -0.1235 -0.8943 0.4301
vn -0.1262 -0.8061 0.5781
vn -0.1382 -0.8954 0.4232
vn -0.1547 -0.9340 0.3220
vn -0.1302 -0.9156 0.3804
vn -0.1233 -0.8648 0.4867
vn 0.0215 -0.9979 0.0605
vn 0.0171 -0.9973 0.0708
vn 0.0353 -0.9970 0.0683
vn 0.0100 -0.9981 0.0614
vn 0.0061 -0.9983 0.0571
vn -0.0071 -0.9983 0.0578
vn -0.0010 -0.9983 0.0581
vn -0.1607 -0.9847 -0.0669
vn -0.0191 -0.9953 0.0952
vn 0.0174 -0.9964 0.0831
vn 0.3414 -0.8832 -0.3215
vn 0.2777 -0.9308 -0.2377
vn -0.2595 -0.9654 -0.0246
vn -0.2245 -0.9744 -0.0144
vn -0.0678 -0.9910 0.1151
vn -0.0532 -0.9911 0.1222
vn -0.1668 -0.9709 0.1721
vn -0.1370 -0.9643 0.2266
vn -0.0603 -0.9944 0.0870
vn -0.0542 -0.9970 0.0551
vn -0.1981 -0.9800 -0.0200
vn -0.1232 -0.9853 0.1182
vn 0.2222 -0.9703 -0.0954
vn 0.2427 -0.9658 -0.0908
vn -0.0052 -0.9892 0.1464
vn -0.1380 -0.9657 0.2202
vn -0.1515 -0.9742 0.1670
vn -0.1503 -0.9652 0.2140
vn -0.0707 -0.9904 0.1187
vn -0.0978 -0.9514 0.2920
vn -0.1003 -0.9577 0.2698
vn -0.0548 -0.9890 0.1374
vn -0.1245 -0.9810 0.1491
vn -0.1296 -0.9791 0.1567
vn -0.1318 -0.9753 0.1774
vn 0.2613 -0.9643 -0.0431
vn 0.2958 -0.9552 -0.0087
vn -0.1423 -0.9828 0.1177
vn -0.1316 -0.9876 0.0860
vn 0.1780 -0.9833 0.0379
vn -0.1328 -0.9893 0.0605
vn 0.9965 -0.0000 -0.0838
vn 0.8329 -0.0003 -0.5535
vn 0.5197 -0.8160 -0.2530
vn 0.7189 -0.6940 0.0391
vn -0.4030 -0.9025 0.1520
vn -0.4243 -0.8985 0.1131
vn -0.4243 -0.9045 -0.0443
vn 0.1340 -0.9909 0.0127
vn 0.0576 -0.9968 0.0561
vn 0.2496 -0.9342 0.2548
vn -0.3063 -0.9431 -0.1290
vn -0.0833 -0.9855 0.1480
vn -0.3996 -0.9127 -0.0854
vn -0.4250 -0.9047 -0.0294
vn -0.4041 -0.9033 -0.1441
vn -0.4178 -0.8856 -0.2029
vn -0.3842 -0.9026 -0.1942
vn -0.3428 -0.9380 0.0512
vn -0.2229 -0.9719 0.0757
vn -0.3221 -0.9466 -0.0179
vn -0.4579 -0.8886 -0.0263
vn -0.0183 -0.9446 0.3278
vn -0.0042 -0.9800 0.1989
vn -0.1511 -0.9712 0.1841
vn 0.0088 -0.9860 0.1663
vn 0.0156 -0.9843 0.1755
vn -0.2369 -0.9321 0.2742
vn -0.2142 -0.9253 0.3128
vn -0.4217 -0.8949 -0.1456
vn -0.3694 -0.9285 0.0363
vn -0.5975 -0.7199 0.3533
vn -0.8602 -0.0000 0.5099
vn -0.4429 -0.7088 0.5490
vn -0.0785 -0.9938 0.0786
vn -0.2518 -0.9330 0.2569
vn -0.2338 -0.9350 0.2666
vn -0.9191 -0.0000 0.3940
vn -0.6451 -0.7119 0.2774
vn -0.5046 -0.8604 -0.0714
vn -0.3460 -0.9382 -0.0018
vn -0.1186 -0.9918 0.0479
vn -0.3888 -0.9164 -0.0954
vn -0.5009 -0.8643 -0.0466
vn -0.1033 -0.9838 0.1467
vn -0.0217 -0.9978 0.0633
vn -0.0110 -0.9965 0.0825
vn -0.0887 -0.9797 0.1799
vn -0.0180 -0.9918 0.1264
vn -0.0050 -0.9975 0.0699
vn -0.1532 -0.9874 0.0391
vn -0.3243 -0.9440 -0.0606
vn -0.0540 -0.9962 0.0680
vn -0.0485 -0.9967 0.0658
vn -0.3780 -0.9250 -0.0381
vn -0.1635 -0.9728 0.1643
vn -0.2846 -0.9549 0.0842
vn -0.3338 -0.9253 0.1798
vn -0.3570 -0.8919 0.2776
vn -0.2914 -0.9308 0.2206
vn -0.2457 -0.9440 0.2202
vn -0.0136 -0.9922 0.1236
vn -0.0221 -0.9903 0.1369
vn -0.0036 -0.9910 0.1336
vn -0.0046 -0.9926 0.1217
vn 0.0061 -0.9974 0.0720
vn 0.0028 -0.9979 0.0648
vn -0.0019 -0.9978 0.0662
vn 0.0029 -0.9970 0.0768
vn -0.0407 -0.9923 0.1169
vn -0.0608 -0.0000 0.9982
vn -0.2176 0.0031 0.9760
vn -0.1649 -0.6742 0.7199
vn -0.0606 -0.6793 0.7314
vn -0.0235 -0.9975 0.0666
vn -0.0294 -0.9974 0.0660
vn 0.0276 -0.9906 0.1336
vn 0.0347 -0.9905 0.1331
vn -0.0999 -0.9949 0.0115
vn -0.1117 -0.9909 0.0752
vn -0.1270 -0.9916 0.0249
vn -0.1002 -0.9944 0.0351
vn -0.0634 -0.9968 0.0479
vn -0.0516 -0.9982 0.0304
vn -0.3868 -0.9222 0.0071
vn -0.4043 -0.9130 0.0543
vn 0.0233 -0.9982 -0.0548
vn 0.0086 -0.9998 -0.0188
vn 0.0102 -0.9999 0.0072
vn -0.4106 -0.9000 -0.1463
vn -0.3673 -0.9228 -0.1163
vn -0.2262 -0.9594 0.1688
vn -0.0841 -0.9942 0.0674
vn -0.1846 -0.9769 0.1075
vn -0.3042 -0.9360 0.1768
vn -0.3121 -0.9299 0.1945
vn -0.3040 -0.9086 0.2863
vn -0.1596 -0.9789 0.1274
vn -0.0574 -0.9853 0.1610
vn -0.0035 -0.9967 0.0810
vn -0.0467 -0.9975 0.0523
vn -0.2765 -0.9509 -0.1389
vn -0.3468 -0.9279 -0.1365
vn -0.1434 -0.9838 0.1079
vn -0.1972 -0.9795 0.0411
vn -0.1284 -0.9857 0.1096
vn -0.0809 -0.9961 0.0345
vn -0.1500 -0.9854 0.0803
vn -0.1368 -0.9820 0.1299
vn -0.1835 -0.9804 0.0723
vn -0.1546 -0.9834 0.0949
vn -0.1364 -0.9836 0.1177
vn -0.1653 -0.9829 0.0808
vn -0.2487 -0.9685 0.0104
vn -0.1372 -0.9850 0.1043
vn -0.1227 -0.9849 0.1221
vn -0.2573 -0.9663 -0.0049
vn -0.3440 -0.9365 -0.0683
vn -0.1501 -0.9850 0.0850
vn -0.1021 -0.9868 0.1254
vn -0.3196 -0.9475 -0.0125
vn -0.3955 -0.9182 -0.0203
vn -0.1783 -0.9817 0.0670
vn -0.0916 -0.9888 0.1176
vn -0.2808 -0.9583 0.0532
vn -0.4225 -0.9052 0.0456
vn -0.2157 -0.9736 0.0747
vn -0.0870 -0.9900 0.1107
vn -0.0000 -0.9981 0.0610
vn 0.0092 -0.9988 0.0471
vn -0.0411 -0.9992 -0.0023
vn 0.0102 -0.9948 0.1011
vn -0.0491 -0.9935 0.1025
vn -0.0684 -0.9902 0.1217
vn -0.1218 -0.9885 0.0899
vn -0.0300 -0.9980 0.0556
vn -0.0124 -0.9998 0.0167
vn -0.0550 -0.9978 0.0381
vn -0.0781 -0.9931 0.0880
vn -0.3449 -0.8720 -0.3474
vn -0.4073 -0.8744 -0.2637
vn -0.3927 -0.8824 -0.2593
vn -0.1071 -0.9884 0.1076
vn -0.1439 -0.9855 0.0897
vn -0.0522 -0.9985 0.0132
vn -0.0892 -0.9932 0.0751
vn -0.3266 -0.9238 -0.1997
vn -0.1216 -0.9892 0.0817
vn -0.1567 -0.9858 0.0597
vn -0.3600 -0.9238 -0.1303
vn -0.1013 -0.9924 0.0696
vn -0.1097 -0.9904 0.0837
vn -0.1146 -0.9922 0.0482
vn -0.1153 -0.9933 0.0112
vn -0.0951 -0.9944 0.0464
vn -0.1994 -0.9789 0.0444
vn -0.0995 -0.9935 0.0546
vn -0.1199 -0.9905 0.0666
vn -0.1034 -0.9930 0.0570
vn -0.4354 -0.9002 0.0114
vn -0.4426 -0.8875 -0.1283
vn -0.2437 -0.9686 0.0499
vn -0.1052 -0.9936 0.0417
vn -0.1048 -0.9935 0.0442
vn -0.1366 -0.9892 0.0527
vn -0.1615 -0.9867 0.0184
vn -0.3291 -0.9419 0.0665
vn -0.1334 -0.9842 0.1163
vn -0.1270 -0.9880 0.0882
vn -0.1382 -0.9871 0.0812
vn -0.1648 -0.9839 0.0698
vn -0.3071 -0.9503 0.0505
vn -0.2156 -0.9717 0.0961
vn -0.4120 -0.9094 0.0571
vn -0.1718 -0.9809 0.0917
vn -0.4094 -0.9091 0.0772
vn -0.4456 -0.8950 0.0223
vn -0.4000 -0.9061 -0.1380
vn -0.1795 -0.9650 0.1911
vn -0.1407 -0.9900 -0.0052
vn -0.3045 -0.9432 0.1327
vn -0.1673 -0.9564 0.2395
vn -0.1656 -0.9671 0.1932
vn -0.1868 -0.9709 0.1501
vn -0.1045 -0.9937 -0.0413
vn -0.2847 -0.9579 0.0355
vn -0.1430 -0.9826 0.1182
vn -0.1010 -0.9949 -0.0005
vn -0.0704 -0.9975 -0.0056
vn -0.2476 -0.9303 0.2707
vn -0.1374 -0.9580 0.2518
vn -0.1511 -0.9364 0.3166
vn -0.1068 -0.9932 0.0465
vn -0.1206 -0.9923 0.0286
vn -0.1508 -0.9487 0.2778
vn -0.1269 -0.9217 0.3665
vn -0.1299 -0.9792 0.1557
vn -0.0964 -0.9894 0.1087
vn -0.1191 -0.9900 0.0755
vn -0.0146 -0.9955 0.0938
vn 0.0655 -0.9892 0.1309
vn 0.0191 -0.9941 0.1068
vn -0.1415 -0.9897 0.0210
vn -0.2144 -0.9705 0.1102
vn -0.0872 -0.9962 -0.0061
vn -0.0803 -0.9961 0.0353
vn -0.1269 -0.9522 0.2780
vn -0.0842 -0.9908 0.1055
vn -0.0678 -0.9937 0.0888
vn -0.1299 -0.9908 0.0387
vn -0.0720 -0.9901 0.1204
vn -0.1019 -0.9538 0.2826
vn -0.0355 -0.9975 0.0610
vn 0.1502 -0.9875 -0.0473
vn 0.1511 -0.9868 -0.0576
vn 0.1168 -0.9842 -0.1330
vn 0.0792 -0.9944 -0.0701
vn -0.1073 -0.9538 0.2806
vn -0.0795 -0.9900 0.1167
vn -0.0196 -0.9993 0.0314
vn -0.0265 -0.9995 0.0181
vn 0.0140 -0.9951 0.0980
vn 0.2204 -0.9577 0.1849
vn -0.0039 -0.9992 -0.0399
vn 0.0197 -0.9998 0.0063
vn -0.0662 -0.9978 -0.0024
vn -0.0136 -0.9999 0.0014
vn -0.1430 -0.9623 0.2314
vn -0.0765 -0.9728 0.2187
vn -0.0558 -0.9755 0.2126
vn -0.3113 -0.9487 0.0562
vn -0.2946 -0.9549 0.0372
vn -0.2607 -0.9654 -0.0063
vn -0.3368 -0.9301 0.1464
vn -0.3281 -0.9317 0.1556
vn -0.2531 -0.9579 0.1352
vn -0.2613 -0.9587 0.1127
vn -0.1200 -0.9400 0.3193
vn -0.0786 -0.9899 0.1180
vn -0.0885 -0.9898 0.1116
vn 0.0759 -0.9676 0.2409
vn -0.2073 -0.9572 0.2017
vn -0.0233 -0.9855 0.1682
vn -0.0513 -0.9872 0.1508
vn -0.0399 -0.9907 0.1303
vn 0.0915 -0.9623 0.2561
vn 0.1026 -0.9636 0.2470
vn -0.1982 -0.9799 0.0230
vn -0.3051 -0.7333 -0.6076
vn -0.0273 -0.9974 0.0669
vn -0.0238 -0.9975 0.0660
vn -0.3797 -0.7305 -0.5676
vn -0.2883 -0.9330 0.2152
vn -0.1595 -0.9624 0.2199
vn -0.1381 -0.9669 0.2145
vn -0.1208 -0.7354 -0.6668
vn -0.0219 -0.9977 0.0637
vn -0.0249 -0.9974 0.0682
vn -0.2110 -0.7313 -0.6486
vn -0.1083 -0.7060 0.6999
vn -0.1540 -0.9671 0.2025
vn -0.0754 -0.9668 0.2441
vn -0.1498 -0.7167 0.6811
vn -0.1733 -0.4469 0.8776
vn -0.0812 -0.9655 0.2472
vn -0.0968 -0.9111 0.4006
vn -0.1068 -0.8986 0.4255
vn -0.0623 -0.9842 0.1655
vn -0.0703 -0.9881 0.1368
vn -0.0916 -0.9904 0.1031
vn -0.1768 -0.9841 0.0172
vn -0.0825 -0.9764 0.1998
vn 0.0360 -0.9643 0.2623
vn -0.1731 -0.9843 0.0353
vn -0.1699 -0.9605 0.2204
vn -0.1420 -0.9778 0.1540
vn -0.3650 -0.9292 0.0573
vn -0.3846 -0.9223 0.0379
vn -0.1464 -0.9799 0.1358
vn -0.1724 -0.9764 0.1297
vn -0.2214 -0.9685 0.1137
vn -0.1766 -0.9760 0.1273
vn -0.1930 -0.9742 0.1172
vn -0.4411 -0.8964 0.0433
vn -0.3444 -0.9363 0.0686
vn 0.0051 -0.9926 0.1212
vn 0.0103 -0.9931 0.1170
vn 0.0342 -0.9907 0.1318
vn 0.0449 -0.9905 0.1298
vn 0.0391 -0.9911 0.1272
vn 0.0454 -0.9908 0.1271
vn 0.0257 -0.9928 0.1167
vn -0.0055 -0.9916 0.1296
vn -0.0077 -0.9906 0.1367
vn -0.0022 -0.9909 0.1342
vn -0.0029 -0.9917 0.1284
vn -0.0036 -0.9903 0.1389
vn -0.0051 -0.9909 0.1348
vn -0.0013 -0.9904 0.1380
vn -0.0078 -0.9921 0.1249
vn -0.0024 -0.9920 0.1266
vn -0.0075 -0.9911 0.1332
vn -0.0038 -0.9916 0.1293
vn 0.0099 -0.9918 0.1273
vn 0.0237 -0.9912 0.1301
vn 0.0041 -0.9933 0.1152
vn 0.0050 -0.9931 0.1170
vn 0.0258 -0.9970 0.0724
vn 0.0375 -0.9966 0.0730
vn 0.6427 -0.0000 -0.7661
vn 0.4501 -0.7352 -0.5069
vn 0.3691 -0.7308 -0.5742
vn 0.5288 -0.0000 -0.8488
vn -0.0118 -0.9990 0.0428
vn -0.0259 -0.9987 0.0440
vn -0.0240 -0.9992 0.0326
vn 0.0163 -0.9991 0.0383
vn -0.0100 -0.9972 0.0746
vn 0.0124 -0.9963 0.0850
vn -0.0088 -0.9961 0.0880
vn -0.1934 -0.9530 0.2333
vn -0.1490 -0.9768 0.1536
vn -0.4065 -0.8619 0.3033
vn -0.3757 -0.9036 0.2055
vn -0.1874 -0.9581 0.2164
vn -0.2727 -0.8901 0.3651
vn -0.0882 -0.9925 0.0847
vn -0.0421 -0.9969 0.0665
vn 0.0009 -0.9994 0.0351
vn -0.0012 -0.9995 0.0327
vn -0.0001 -0.9998 0.0175
vn 0.4399 -0.8938 -0.0871
vn 0.0003 -0.9979 0.0642
vn -0.0765 -0.9945 0.0713
vn -0.0104 -0.9989 0.0468
vn -0.0101 -0.9992 0.0379
vn -0.1284 -0.9087 0.3971
vn -0.1315 -0.8138 0.5661
vn 0.0267 -0.9993 0.0278
vn 0.0209 -0.9994 0.0289
vn 0.1122 -0.9113 0.3961
vn -0.1220 -0.8846 0.4501
vn -0.1223 -0.9854 0.1186
vn 0.1319 -0.9670 0.2180
vn 0.9679 -0.0006 -0.2514
vn 0.7115 -0.6942 -0.1091
vn 0.7003 -0.6911 -0.1786
vn 0.9400 -0.0006 -0.3411
vn 0.0001 -0.9963 0.0856
vn 0.1608 -0.9557 0.2466
vn 0.1472 -0.9617 0.2311
vn -0.0235 -0.9986 0.0473
vn 0.2130 -0.9369 0.2773
vn 0.0384 -0.9887 0.1451
vn -0.2035 -0.9752 -0.0876
vn -0.2361 -0.9657 -0.1083
vn -0.2697 -0.9521 -0.1443
vn 0.0447 -0.9983 0.0379
vn 0.0131 -0.9961 0.0875
vn -0.3389 -0.6448 0.6851
vn -0.0505 -0.9986 0.0134
vn -0.0468 -0.9985 0.0268
vn -0.0978 -0.6800 0.7267
vn 0.4627 -0.7084 0.5330
vn 0.0106 -0.9955 0.0942
vn 0.3963 -0.7168 0.5737
vn 0.4975 -0.7039 0.5070
vn -0.0034 -0.9972 0.0743
vn -0.0593 -0.9971 -0.0481
vn 0.1401 -0.9694 0.2016
vn -0.0346 -0.9876 0.1533
vn -0.0234 -0.9878 0.1539
vn 0.1397 -0.9713 0.1926
vn -0.2826 -0.9584 -0.0402
vn -0.3548 -0.9318 -0.0771
vn -0.3318 -0.9429 0.0305
vn -0.3037 -0.9526 0.0171
vn -0.3402 -0.9343 0.1065
vn -0.3175 -0.9483 0.0025
vn -0.2983 -0.9492 -0.1002
vn -0.2617 -0.9567 -0.1276
vn -0.1918 -0.9779 -0.0834
vn -0.2523 -0.9602 -0.1198
vn -0.2750 -0.9540 -0.1198
vn -0.2220 -0.9647 -0.1419
vn 0.2899 -0.9336 0.2107
vn 0.4095 -0.8894 0.2032
vn 0.4735 -0.8807 0.0147
vn 0.3606 -0.9305 0.0645
vn 0.2275 -0.9354 0.2709
vn 0.3175 -0.8837 0.3440
vn 0.0234 -0.9383 0.3449
vn 0.0672 -0.9647 0.2548
vn 0.0133 -0.9867 0.1620
vn -0.0508 -0.9932 0.1047
vn 0.2417 -0.8977 0.3685
vn 0.1325 -0.8885 0.4393
vn 0.2650 -0.8972 0.3532
vn 0.2628 -0.9103 0.3199
vn -0.2558 -0.9234 0.2863
vn -0.1039 -0.9879 0.1155
vn 0.0167 -0.9951 0.0979
vn -0.1182 -0.9623 0.2450
vn -0.1516 -0.9642 0.2177
vn 0.0992 -0.9744 0.2019
vn 0.0559 -0.9794 0.1941
vn -0.1044 -0.9852 0.1358
vn -0.0001 -0.9913 0.1314
vn 0.0006 -0.9888 0.1490
vn -0.0277 -0.9929 0.1154
vn 0.3745 -0.9263 0.0413
vn -0.0542 -0.9965 0.0633
vn -0.0534 -0.9961 0.0702
vn -0.1009 -0.9842 0.1452
vn -0.0683 -0.9859 0.1528
vn -0.0663 -0.9818 0.1782
vn -0.0384 -0.9645 0.2613
vn -0.2459 -0.9663 0.0760
vn -0.1874 -0.9799 0.0679
vn -0.1698 -0.9713 0.1667
vn -0.1913 -0.9680 0.1625
vn -0.0211 -0.9586 0.2840
vn -0.1523 -0.9871 0.0490
vn -0.1109 -0.9810 0.1591
vn -0.1368 -0.9894 0.0483
vn -0.0728 -0.9851 0.1557
vn -0.1308 -0.9770 0.1682
vn -0.2032 -0.9684 0.1445
vn -0.1195 -0.9840 0.1323
vn -0.3058 -0.9472 0.0970
vn -0.3800 -0.9241 0.0400
vn -0.0948 -0.9844 0.1484
vn -0.3142 -0.9493 0.0056
vn -0.1617 -0.9708 0.1771
vn -0.1240 -0.9791 0.1610
vn -0.1061 -0.9877 0.1148
vn -0.1240 -0.9911 0.0483
vn -0.1051 -0.9914 0.0781
vn -0.0644 -0.9882 0.1388
vn -0.0411 -0.9923 0.1165
vn -0.2005 -0.9637 0.1763
vn -0.2183 -0.9677 0.1263
vn -0.1794 -0.9617 0.2071
vn -0.2288 -0.9700 0.0821
vn -0.1740 -0.9846 0.0179
vn -0.2181 -0.9752 -0.0384
vn -0.1537 -0.9847 0.0825
vn -0.1323 -0.9874 0.0874
vn -0.1362 -0.9849 0.1069
vn -0.2138 -0.9533 0.2132
vn 0.3733 -0.9236 0.0875
vn -0.3831 -0.8955 0.2265
vn -0.0947 -0.9857 0.1392
vn -0.0801 -0.9898 0.1178
vn 0.1370 -0.9902 -0.0264
vn 0.1343 -0.9906 -0.0248
vn 0.0813 -0.9965 0.0194
vn 0.0559 -0.9984 0.0055
vn 0.0538 -0.9985 -0.0133
vn 0.0056 -0.9982 -0.0599
vn 0.0028 -0.9868 -0.1619
vn 0.0567 -0.9983 -0.0152
vn 0.0123 -0.9998 -0.0148
vn -0.0321 -0.9898 -0.1386
vn -0.0409 -0.9885 -0.1457
vn -0.0256 -0.9980 -0.0577
vn 0.0046 -0.9951 -0.0983
vn 0.2428 -0.9679 0.0656
vn 0.0797 -0.9966 0.0184
vn 0.0624 -0.9980 -0.0117
vn 0.2184 -0.9747 0.0477
vn 0.0163 -0.9914 -0.1300
vn 0.0078 -0.9887 -0.1496
vn -0.0180 -0.9891 -0.1458
vn -0.7518 0.0021 -0.6594
vn -0.7520 0.0048 -0.6592
vn -0.7518 0.0023 -0.6594
vn 0.0382 -0.9570 -0.2876
vn 0.0074 -0.9560 -0.2934
vn -0.0806 -0.9565 -0.2805
vn 0.1959 -0.9803 0.0234
vn 0.0675 -0.9972 -0.0311
vn -0.1641 -0.9659 -0.2001
vn -0.0535 -0.9937 -0.0988
vn 0.0637 -0.9979 -0.0086
vn 0.0219 -0.9997 0.0093
vn 0.0099 -1.0000 0.0010
vn -0.0006 -1.0000 0.0007
vn -0.0027 -1.0000 0.0032
vn -0.0062 -1.0000 0.0031
vn -0.0037 -1.0000 0.0011
vn 0.1335 -0.9899 0.0480
vn 0.1229 -0.9864 0.1096
vn 0.2098 -0.9553 0.2082
vn 0.2141 -0.9758 0.0445
vn 0.0011 -1.0000 -0.0009
vn 0.0010 -1.0000 -0.0006
vn 0.0704 -0.9841 0.1629
vn 0.0543 -0.9561 0.2880
vn -0.0244 -0.9967 0.0771
vn -0.0262 -0.9974 0.0665
vn -0.0301 -0.9876 0.1540
vn 0.0485 -0.9985 0.0238
vn -0.1454 -0.9861 -0.0802
vn -0.0648 -0.9972 -0.0379
vn 0.1788 -0.9829 0.0436
vn 0.2078 -0.9643 0.1643
vn 0.2196 -0.9595 0.1765
vn 0.3523 -0.9237 0.1503
vn 0.2681 -0.9536 0.1368
vn 0.3083 -0.9418 0.1343
vn 0.4963 -0.8499 0.1774
vn 0.1054 -0.9711 0.2141
vn 0.1198 -0.7917 0.5990
vn -0.0422 -0.9974 0.0579
vn -0.0619 -0.9935 0.0954
vn -0.0457 -0.9958 0.0792
vn -0.0227 -0.9987 0.0461
vn -0.0983 -0.9940 0.0473
vn -0.0067 -1.0000 0.0056
vn -0.0485 -0.9988 -0.0033
vn -0.0749 -0.9971 0.0144
vn -0.0040 -1.0000 -0.0076
vn -0.0025 -1.0000 -0.0046
vn 0.1562 -0.9875 -0.0230
vn 0.1307 -0.9911 -0.0240
vn -0.0012 -1.0000 -0.0014
vn -0.1110 -0.9938 0.0034
vn -0.1578 -0.9866 0.0420
vn -0.2328 -0.9600 0.1553
vn -0.0104 -0.9991 0.0416
vn -0.0152 -0.9990 0.0429
vn 0.0049 -0.9995 0.0309
vn 0.0040 -0.9995 0.0321
vn 0.0021 -0.9999 0.0121
vn -0.0247 -0.9965 0.0796
vn 0.0385 -0.9991 -0.0201
vn 0.0104 -0.9981 0.0600
vn -0.0450 -0.9930 0.1096
vn 0.1119 -0.9937 -0.0109
vn 0.2165 -0.9716 0.0957
vn 0.1202 -0.9916 0.0480
vn -0.0069 -0.9998 -0.0167
vn -0.0070 -0.9998 -0.0163
vn -0.0866 -0.9959 -0.0248
vn -0.3994 -0.7642 0.5064
vn -0.0639 -0.9945 0.0830
vn -0.1964 -0.9571 0.2129
vn 0.0508 -0.9981 0.0352
vn 0.0408 -0.9976 0.0556
vn 0.0328 -0.9994 0.0079
vn 0.2228 -0.9728 0.0629
vn 0.0575 -0.9781 0.1999
vn -0.0057 -0.9815 0.1914
vn 0.0642 -0.9978 -0.0194
vn 0.2263 -0.9736 0.0296
vn 0.0811 -0.9964 -0.0231
vn 0.0649 -0.9976 -0.0225
vn 0.0673 -0.9973 -0.0297
vn 0.0681 -0.9975 -0.0198
vn 0.0386 -0.9989 0.0269
vn 0.0423 -0.9989 0.0184
vn 0.0303 -0.9995 0.0098
vn 0.0369 -0.9992 0.0172
vn 0.8271 -0.0184 -0.5617
vn -0.7514 -0.0013 -0.6599
vn -0.7517 0.0039 -0.6595
vn 0.0018 -0.9971 0.0767
vn -0.0123 -0.9966 0.0811
vn -0.0407 -0.9928 0.1129
vn -0.6800 0.0144 0.7331
vn -0.6709 0.0487 0.7399
vn 0.7330 -0.0022 0.6802
vn 0.7286 -0.0022 0.6850
vn 0.7329 -0.0022 0.6803
vn 0.0126 -0.9978 0.0654
vn 0.0404 -0.9975 0.0583
vn 0.0314 -0.9981 0.0537
vn 0.0346 -0.9968 0.0727
vn 0.0009 -1.0000 0.0004
vn -0.0152 -0.9999 0.0030
vn -0.2061 -0.9557 0.2103
vn -0.2175 -0.9499 0.2244
vn 0.0640 -0.9203 0.3860
vn -0.0634 -0.9949 0.0789
vn -0.0758 -0.9936 0.0832
vn -0.0299 -0.9992 0.0274
vn -0.0228 -0.9990 0.0383
vn 0.1347 -0.9523 0.2738
vn -0.0505 -0.9948 0.0882
vn -0.0078 -0.9986 0.0520
vn -0.0543 -0.9964 0.0654
vn 0.0140 -0.9981 0.0599
vn -0.0411 -0.9970 0.0663
vn -0.0454 -0.9979 0.0462
vn 0.1492 -0.9653 0.2144
vn -0.0844 -0.9923 0.0903
vn 0.7374 -0.0023 0.6755
vn -0.0251 -0.9974 0.0680
vn 0.0099 -0.9981 0.0604
vn 0.1623 -0.9612 0.2232
vn 0.0820 -0.9695 0.2311
vn 0.0556 -0.9964 0.0641
vn 0.0432 -0.9982 0.0424
vn 0.0400 -0.9986 0.0354
vn 0.0600 -0.9574 0.2824
vn 0.1228 -0.9798 0.1577
vn -0.1084 -0.9877 0.1123
vn 0.1287 -0.9694 0.2091
vn 0.1389 -0.9804 0.1395
vn -0.0964 -0.9923 0.0772
vn 0.1307 -0.9732 0.1890
vn -0.0858 -0.9953 0.0453
vn -0.0921 -0.9933 0.0697
vn -0.0602 -0.9982 0.0071
vn -0.1157 -0.9873 0.1086
vn -0.0615 -0.9915 0.1144
vn -0.0427 -0.9916 0.1221
vn -0.1011 -0.9882 0.1148
vn -0.0034 -0.9628 0.2703
vn 0.0811 -0.9741 0.2111
vn -0.0452 -0.9691 0.2424
vn 0.1091 -0.9847 0.1361
vn -0.0788 -0.9822 0.1706
vn -0.0093 -0.9573 0.2889
vn 0.0538 -0.9743 0.2189
vn 0.0109 -0.9457 0.3248
vn 0.1288 -0.9783 0.1623
vn 0.0090 -0.9618 0.2737
vn 0.0964 -0.9596 0.2642
vn 0.1681 -0.9330 0.3182
vn 0.0324 -0.9756 0.2172
vn 0.0874 -0.9495 0.3013
vn 0.0982 -0.9664 0.2376
vn 0.0868 -0.9380 0.3357
vn 0.1019 -0.9715 0.2140
vn 0.1449 -0.9244 0.3528
vn -0.0485 -0.9879 0.1470
vn -0.0905 -0.9766 0.1951
vn -0.0212 -0.9375 0.3474
vn 0.0589 -0.9446 0.3230
vn 0.2572 -0.9272 0.2724
vn 0.4553 -0.8604 0.2292
vn -0.0118 -0.9719 0.2350
vn -0.0259 -0.9293 0.3684
vn -0.0570 -0.9646 0.2576
vn -0.0825 -0.9404 0.3300
vn -0.1483 -0.9428 0.2987
vn -0.1467 -0.9442 0.2950
vn -0.0727 -0.9403 0.3324
vn 0.0135 -0.9402 0.3405
vn 0.0800 -0.9541 0.2887
vn -0.1387 -0.9442 0.2987
vn 0.1147 -0.9661 0.2312
vn 0.1052 -0.9674 0.2304
vn -0.7036 0.0150 0.7105
vn -0.0196 -0.9995 0.0246
vn -0.0268 -0.9992 0.0284
vn -0.0522 -0.9976 0.0447
vn -0.1026 -0.9944 0.0265
vn -0.0741 -0.9972 0.0054
vn -0.0364 -0.9993 0.0101
vn -0.2025 -0.9732 -0.1088
vn 0.1548 -0.9374 0.3119
vn -0.2406 -0.9542 0.1778
vn -0.2007 -0.9746 0.0997
vn -0.0375 -0.9990 -0.0226
vn -0.1953 -0.9741 0.1139
vn -0.2345 -0.9561 0.1759
vn -0.2879 -0.9343 0.2104
vn -0.2917 -0.9260 0.2395
vn -0.2244 -0.9513 0.2115
vn -0.2248 -0.9633 0.1468
vn -0.2108 -0.9596 0.1863
vn -0.2885 -0.9392 0.1861
vn -0.3094 -0.9236 0.2263
vn -0.2990 -0.9304 0.2121
vn -0.0349 -0.9982 0.0484
vn 0.0191 -0.9948 0.0998
vn 0.1415 -0.9897 0.0205
vn 0.0145 -0.9999 0.0083
vn -0.0637 -0.9836 0.1690
vn -0.1451 -0.9451 0.2929
vn -0.0331 -0.9915 0.1257
vn -0.1382 -0.9903 -0.0143
vn -0.1390 -0.9898 -0.0310
vn -0.1484 -0.9885 0.0295
vn -0.0346 -0.9981 0.0512
vn -0.0886 -0.9960 0.0073
vn -0.0511 -0.9975 0.0480
vn -0.1656 -0.9858 -0.0273
vn -0.2729 -0.9533 -0.1291
vn -0.2649 -0.9618 -0.0686
vn -0.4449 -0.8305 -0.3351
vn -0.4787 -0.8396 -0.2567
vn -0.1618 -0.9692 0.1856
vn -0.3771 -0.9134 0.1535
vn -0.4540 -0.8858 0.0964
vn -0.1337 -0.9628 0.2347
vn -0.1988 -0.9448 0.2605
vn -0.1185 -0.9746 0.1900
vn -0.1338 -0.9899 0.0475
vn -0.0943 -0.9941 0.0545
vn -0.2792 -0.9533 0.1155
vn -0.1816 -0.9772 0.1101
vn -0.2068 -0.9742 0.0909
vn -0.1727 -0.9832 0.0585
vn -0.0451 -0.9978 0.0491
vn 0.0714 -0.8375 0.5417
vn 0.1578 -0.8137 0.5594
vn 0.0281 -0.8948 0.4455
vn 0.3155 -0.7616 0.5660
vn 0.2187 -0.7652 0.6055
vn 0.0150 -0.8909 0.4539
vn 0.2392 -0.7956 0.5566
vn -0.0752 -0.9023 0.4245
vn -0.0634 -0.8628 0.5016
vn 0.1190 -0.8113 0.5724
vn -0.2354 -0.9718 0.0153
vn -0.3347 -0.9233 -0.1885
vn -0.2229 -0.9747 0.0172
vn -0.2415 -0.9674 -0.0757
vn -0.4608 -0.8164 -0.3481
vn -0.1614 -0.9840 0.0754
vn -0.1729 -0.9847 0.0228
vn -0.1674 -0.9846 0.0499
vn -0.1626 -0.9864 0.0225
vn -0.1647 -0.9861 0.0231
vn -0.1693 -0.9842 0.0512
vn -0.1929 -0.9615 -0.1958
vn -0.1549 -0.9879 -0.0071
vn -0.2016 -0.9716 -0.1236
vn -0.2937 -0.9139 -0.2803
vn -0.1537 -0.9881 -0.0069
vn -0.1546 -0.9880 -0.0069
vn -0.2433 -0.9697 -0.0237
vn -0.2226 -0.9649 -0.1394
vn -0.2641 -0.8936 -0.3628
vn -0.1717 -0.9789 -0.1111
vn -0.1481 -0.9888 -0.0202
vn -0.1513 -0.9883 -0.0208
vn -0.1689 -0.9763 -0.1350
vn -0.1367 -0.9905 0.0142
vn -0.1188 -0.9926 0.0233
vn -0.1359 -0.9904 -0.0267
vn -0.0056 -0.9984 0.0557
vn -0.0155 -0.9983 0.0567
vn 0.8220 -0.0000 -0.5695
vn -0.1646 -0.9862 0.0146
vn -0.1389 -0.9903 0.0071
vn -0.0006 -0.9999 -0.0123
vn -0.0963 -0.9898 0.1050
vn -0.0644 -0.9932 0.0970
vn -0.0821 -0.9811 -0.1753
vn -0.2554 -0.9614 -0.1021
vn 0.0117 -0.9998 0.0171
vn -0.2488 -0.6777 -0.6920
vn -0.0455 -0.9988 0.0155
vn -0.2885 -0.6714 -0.6826
vn -0.3393 -0.8238 -0.4541
vn -0.5507 -0.4537 -0.7007
vn -0.4645 -0.5060 -0.7268
vn -0.6927 -0.5842 -0.4230
vn -0.3041 -0.9508 -0.0595
vn -0.3161 -0.9484 -0.0264
vn -0.0510 -0.9964 0.0673
vn 0.6269 -0.7324 -0.2657
vn 0.6538 -0.7388 -0.1636
vn -0.0510 -0.9960 0.0739
vn 0.9059 -0.0000 -0.4235
vn 0.0037 -0.9981 0.0620
vn 0.0001 -0.9984 0.0568
vn 0.0013 -0.9984 0.0568
vn -0.7173 -0.6469 -0.2589
vn -0.0317 -0.9995 0.0083
vn -0.0422 -0.9991 0.0025
vn -0.0557 -0.9977 0.0377
vn 0.1729 -0.9303 0.3235
vn -0.2362 -0.9659 -0.1058
vn -0.0517 -0.9984 0.0232
vn 0.4736 -0.0000 0.8808
vn 0.3430 -0.6422 0.6855
vn 0.4857 -0.6955 0.5296
vn 0.7144 -0.0006 0.6997
vn -0.0344 -0.9986 0.0393
vn -0.0137 -0.9997 0.0180
vn 0.0121 0.9999 -0.0066
vn 0.3756 -0.8672 -0.3271
vn 0.0064 -0.9974 0.0712
vn -0.0199 -0.9984 0.0534
vn 0.6750 -0.7279 -0.1207
vn -0.0605 -0.9962 0.0621
vn -0.0099 -0.9996 0.0246
vn -0.0432 -0.9962 0.0760
vn -0.0291 -0.9974 0.0655
vn -0.0608 -0.9964 0.0591
vn -0.0642 -0.9960 0.0622
vn -0.0895 -0.9947 0.0513
vn -0.1231 -0.9912 0.0483
vn -0.1230 -0.9567 0.2640
vn -0.1757 -0.9839 0.0321
vn -0.1543 -0.9871 0.0430
vn -0.1297 -0.9909 0.0348
vn -0.0518 -0.9970 0.0577
vn -0.0564 -0.9968 0.0562
vn -0.0265 -0.9982 0.0546
vn -0.2748 -0.7959 -0.5395
vn -0.1955 -0.8427 -0.5017
vn 0.1341 -0.1579 0.9783
vn 0.0144 -0.7354 0.6775
vn -0.1287 -0.9916 -0.0156
vn -0.1284 -0.9916 -0.0177
vn -0.1284 -0.9917 -0.0093
vn -0.1278 -0.9917 -0.0106
vn -0.1574 -0.8976 -0.4118
vn -0.1681 -0.8975 -0.4077
vn -0.1274 -0.9748 -0.1831
vn -0.2034 -0.8979 -0.3904
vn -0.1622 -0.9706 -0.1779
vn -0.1138 -0.9783 -0.1732
vn -0.2254 -0.8900 -0.3964
vn -0.1519 -0.9770 -0.1498
vn -0.1845 -0.8730 -0.4516
vn -0.1463 -0.9767 -0.1569
vn -0.2092 -0.8877 -0.4101
vn -0.1668 -0.9716 -0.1677
vn -0.1038 -0.9233 0.3698
vn -0.2264 -0.9295 -0.2911
vn -0.2075 -0.6561 -0.7255
vn -0.2283 -0.5184 -0.8241
vn -0.2421 -0.8234 -0.5133
vn -0.2059 -0.8662 -0.4554
vn 0.1111 -0.2288 0.9671
vn -0.0030 -0.7585 0.6517
vn -0.1260 -0.9919 -0.0163
vn -0.1258 -0.9919 -0.0173
vn -0.2930 -0.8443 -0.4487
vn -0.1028 -0.9814 -0.1621
vn -0.2497 -0.9410 -0.2282
vn -0.1979 -0.6749 -0.7109
vn -0.2927 -0.8451 -0.4474
vn -0.2857 -0.8655 -0.4114
vn 0.1301 -0.2719 0.9535
vn 0.0094 -0.7942 0.6076
vn -0.1191 -0.9928 -0.0104
vn -0.1172 -0.9931 -0.0072
vn -0.2862 -0.8799 -0.3793
vn -0.3013 -0.8776 -0.3730
vn -0.1867 -0.9691 -0.1611
vn -0.1708 -0.8798 -0.4435
vn -0.2294 -0.9524 -0.2008
vn 0.1685 -0.3115 0.9352
vn 0.0392 -0.8145 0.5788
vn -0.1075 -0.9941 0.0172
vn -0.1067 -0.9941 0.0203
vn -0.3487 -0.8500 -0.3948
vn -0.3365 -0.8586 -0.3867
vn -0.3413 -0.8475 -0.4066
vn -0.3385 -0.8680 -0.3634
vn -0.1927 -0.9676 -0.1633
vn -0.1824 -0.8854 -0.4275
vn -0.1313 -0.9786 -0.1584
vn -0.2160 -0.9559 -0.1991
vn -0.0719 -0.9644 0.2544
vn -0.0741 -0.9392 0.3353
vn -0.2421 -0.9401 -0.2399
vn -0.2051 -0.6580 -0.7246
vn -0.3469 -0.8581 -0.3786
vn -0.1835 -0.9682 -0.1698
vn -0.2225 -0.8949 -0.3870
vn -0.1763 -0.9663 -0.1876
vn -0.1771 -0.9676 -0.1801
vn -0.2287 -0.9384 -0.2591
vn -0.2837 -0.6320 -0.7212
vn -0.3633 -0.8430 -0.3967
vn 0.2797 -0.2941 0.9139
vn 0.0979 -0.8165 0.5689
vn -0.1031 -0.9938 0.0406
vn -0.1031 -0.9938 0.0414
vn -0.2251 -0.9552 -0.1920
vn -0.0877 -0.9800 0.1788
vn -0.2138 -0.9456 -0.2453
vn -0.3590 -0.5349 -0.7649
vn -0.3709 -0.8424 -0.3909
vn -0.3457 -0.8648 -0.3641
vn 0.3638 -0.2680 0.8921
vn 0.1766 -0.7711 0.6117
vn -0.1030 -0.9936 0.0473
vn -0.3578 -0.8521 -0.3820
vn -0.1696 -0.9735 -0.1535
vn -0.2728 -0.8935 -0.3567
vn -0.1536 -0.9746 -0.1629
vn -0.0790 -0.9694 0.2324
vn -0.2741 -0.8719 -0.4059
vn -0.1436 -0.9866 -0.0775
vn -0.1622 -0.9676 -0.1933
vn -0.1597 -0.9478 -0.2761
vn -0.1518 -0.9517 -0.2670
vn -0.1522 -0.9745 -0.1650
vn -0.1547 -0.9849 -0.0779
vn -0.6611 0.0828 0.7457
vn -0.4759 -0.8657 -0.1555
vn -0.4867 -0.8545 -0.1816
vn -0.2931 -0.9455 -0.1419
vn -0.4774 -0.8331 -0.2794
vn -0.3691 -0.9158 -0.1583
vn -0.5638 -0.7988 -0.2097
vn -0.1389 -0.9858 0.0942
vn -0.1550 -0.9583 0.2400
vn -0.1323 -0.9486 0.2875
vn -0.0266 -0.9959 0.0862
vn -0.0964 -0.9897 0.1057
vn -0.0819 -0.9890 0.1234
vn -0.1069 -0.9906 0.0855
vn -0.0971 -0.9928 0.0695
vn -0.0225 -0.9953 0.0939
vn -0.0184 -0.9950 0.0978
vn -0.0396 -0.9836 0.1758
vn 0.5834 -0.6833 0.4391
vn -0.0571 -0.9981 0.0222
vn -0.0583 -0.9982 0.0134
vn -0.1580 -0.9824 0.0999
vn -0.0865 -0.9803 0.1777
vn -0.0320 -0.9994 0.0112
vn -0.0284 -0.9996 0.0023
vn -0.0340 -0.9993 0.0178
vn -0.0016 -0.9903 0.1389
vn 0.0154 -0.9910 0.1329
vn -0.0451 -0.9965 -0.0705
vn -0.0045 -0.9968 -0.0795
vn -0.0671 -0.9930 -0.0971
vn 0.9975 -0.0004 -0.0704
vn 0.7058 -0.7063 0.0540
vn 0.0069 -0.9901 0.1400
vn -0.0010 -0.9905 0.1373
vn 0.8828 0.0235 -0.4691
vn 0.6747 -0.6901 -0.2618
vn 0.5695 -0.6939 -0.4407
vn 0.7465 0.0202 -0.6651
vn 0.0190 -0.9925 0.1206
vn 0.0339 -0.9922 0.1201
vn 0.9975 -0.0222 -0.0673
vn 0.7071 -0.7057 0.0438
vn 0.7071 -0.7055 0.0469
vn 0.9978 -0.0004 -0.0663
vn 0.0035 -0.9915 0.1304
vn -0.0023 -0.9917 0.1288
vn -0.0001 -0.9915 0.1300
vn -0.0019 -0.9917 0.1284
vn 0.7155 -0.6969 0.0492
vn 0.9983 0.0024 -0.0576
vn 0.0179 -0.9917 0.1275
vn 0.0086 -0.9912 0.1322
vn 0.7172 -0.6952 0.0486
vn 0.9982 0.0019 -0.0598
vn 0.0241 -0.9916 0.1267
vn 0.0169 -0.9918 0.1270
vn 0.7187 -0.6937 0.0471
vn 0.9979 -0.0048 -0.0639
vn 0.0240 -0.9910 0.1317
vn 0.0222 -0.9915 0.1285
vn 0.7169 -0.6956 0.0470
vn 0.9973 -0.0004 -0.0735
vn 0.0233 -0.9901 0.1383
vn 0.0182 -0.9905 0.1365
vn 0.9975 0.0001 0.0707
vn 0.7079 -0.7002 0.0923
vn 0.7015 -0.7125 0.0156
vn 0.9991 0.0027 -0.0427
vn -0.0283 -0.9976 0.0636
vn -0.0313 -0.9973 0.0661
vn -0.0234 -0.9978 0.0618
vn -0.0274 -0.9974 0.0672
vn 0.7666 0.0006 0.6421
vn 0.4916 -0.6946 0.5252
vn 0.5261 -0.6996 0.4835
vn 0.7999 -0.0000 0.6001
vn -0.0691 -0.9912 0.1133
vn -0.0525 -0.9944 0.0914
vn -0.0585 -0.9905 0.1246
vn -0.0497 -0.9943 0.0939
vn 0.9983 0.0008 -0.0587
vn 0.6907 -0.7226 0.0270
vn 0.6955 -0.7180 0.0289
vn 0.9986 -0.0000 -0.0520
vn -0.0226 -0.9954 0.0928
vn -0.0140 -0.9958 0.0907
vn -0.0131 -0.9956 0.0928
vn -0.0128 -0.9958 0.0910
vn 0.5728 -0.6941 0.4361
vn 0.8428 0.0023 0.5382
vn -0.0457 -0.9958 0.0789
vn -0.0490 -0.9958 0.0773
vn 0.9974 -0.0023 -0.0715
vn 0.7082 -0.7057 0.0215
vn 0.6916 -0.7218 0.0264
vn 0.9976 -0.0000 -0.0689
vn 0.0050 -0.9949 0.1006
vn -0.0173 -0.9947 0.1014
vn 0.0096 -0.9951 0.0980
vn -0.0039 -0.9951 0.0989
vn 0.9988 -0.0032 -0.0495
vn 0.7126 -0.6999 0.0471
vn 0.7163 -0.6966 0.0413
vn 0.9981 -0.0194 -0.0590
vn 0.0028 -0.9931 0.1169
vn 0.0227 -0.9926 0.1197
vn -0.0034 -0.9933 0.1155
vn 0.0024 -0.9927 0.1209
vn 0.9457 0.0007 0.3252
vn 0.6543 -0.7014 0.2828
vn 0.6852 -0.6996 0.2029
vn 0.9747 -0.0000 0.2234
vn -0.0387 -0.9971 0.0660
vn -0.0293 -0.9974 0.0658
vn -0.0374 -0.9972 0.0652
vn -0.0278 -0.9973 0.0672
vn 0.9972 -0.0415 -0.0622
vn 0.7120 -0.7009 0.0421
vn 0.0234 -0.9917 0.1263
vn 0.0067 -0.9919 0.1265
vn 0.9205 0.0002 0.3906
vn 0.6288 -0.7046 0.3288
vn -0.0450 -0.9969 0.0649
vn -0.0450 -0.9971 0.0615
vn 0.7035 -0.7106 0.0111
vn 0.9977 -0.0000 -0.0674
vn -0.0061 -0.9964 0.0843
vn -0.0096 -0.9961 0.0876
vn 0.7002 -0.7126 0.0427
vn 0.9990 -0.0000 -0.0455
vn -0.0102 -0.9946 0.1036
vn -0.0080 -0.9947 0.1029
vn 0.7291 0.0001 0.6844
vn 0.7053 0.0039 0.7089
vn 0.4448 -0.6952 0.5647
vn -0.1019 -0.9876 0.1194
vn -0.1037 -0.9870 0.1227
vn -0.1313 -0.9843 0.1176
vn 0.6083 -0.6994 0.3752
vn 0.8893 -0.0000 0.4573
vn -0.0442 -0.9965 0.0707
vn -0.0508 -0.9965 0.0667
vn 0.4611 -0.6911 0.5565
vn 0.7424 0.0004 0.6699
vn -0.0857 -0.9883 0.1258
vn -0.0772 -0.9878 0.1352
vn 0.0072 -0.9993 0.0369
vn 0.0068 -0.9989 0.0472
vn -0.0446 -0.9970 0.0634
vn -1.0000 0.0002 -0.0093
vn -0.7097 -0.7035 0.0370
vn -0.6965 -0.7035 0.1416
vn -0.9899 0.0001 0.1415
vn -0.0139 -0.9974 0.0709
vn -0.0158 -0.9975 0.0682
vn -0.6238 -0.0006 0.7816
vn -0.4366 -0.6839 0.5846
vn -0.3582 -0.6823 0.6374
vn -0.5043 -0.0034 0.8635
vn -0.0058 -0.9977 0.0680
vn -0.0104 -0.9981 0.0610
vn -0.5114 -0.0000 -0.8593
vn -0.4560 -0.7264 -0.5143
vn -0.6229 -0.0000 -0.7823
vn -0.0206 -0.9977 0.0653
vn -0.7139 -0.0000 -0.7003
vn -0.5186 -0.7271 -0.4499
vn -0.5658 -0.7250 -0.3927
vn -0.7773 -0.0000 -0.6291
vn -0.0227 -0.9975 0.0676
vn -0.0292 -0.9968 0.0746
vn -0.8486 -0.0000 -0.5291
vn -0.6216 -0.7103 -0.3303
vn -0.6641 -0.7097 -0.2350
vn -0.9175 -0.0000 -0.3978
vn -0.0296 -0.9969 0.0730
vn -0.0237 -0.9971 0.0723
vn -0.0391 -0.9969 0.0685
vn -0.0340 -0.9966 0.0756
vn 0.2674 -0.7316 -0.6271
vn 0.3899 -0.0000 -0.9209
vn -0.0328 -0.9962 0.0806
vn -0.0264 -0.9966 0.0780
vn 0.2422 -0.0000 -0.9702
vn 0.1603 -0.7299 -0.6645
vn 0.0431 -0.7280 -0.6842
vn 0.0801 0.0002 -0.9968
vn -0.0243 -0.9970 0.0729
vn -0.0232 -0.9974 0.0678
vn -0.9646 -0.0000 -0.2637
vn -0.6888 -0.7117 -0.1381
vn -0.6978 -0.7144 -0.0512
vn -0.9890 0.0001 -0.1479
vn -0.0197 -0.9971 0.0731
vn -0.0163 -0.9968 0.0777
vn -0.0494 0.0008 -0.9988
vn -0.0494 -0.7348 -0.6764
vn -0.1453 -0.0002 -0.9894
vn -0.0206 -0.9977 0.0646
vn -0.2696 -0.0008 -0.9630
vn -0.4012 -0.0002 -0.9160
vn -0.2572 -0.6793 0.6873
vn -0.3721 -0.0004 0.9282
vn -0.0160 -0.9979 0.0635
vn -0.9169 -0.0000 0.3992
vn -0.6520 -0.6856 0.3239
vn -0.5982 -0.6842 0.4173
vn -0.8465 0.0001 0.5323
vn -0.6818 -0.6959 0.2257
vn -0.9638 -0.0000 0.2668
vn 0.4128 0.0030 0.9108
vn 0.2623 -0.6828 0.6819
vn 0.3803 -0.6864 0.6199
vn 0.5687 0.0002 0.8225
vn -0.0377 -0.9968 0.0704
vn -0.0401 -0.9973 0.0610
vn 0.9948 -0.0000 -0.1018
vn 0.6792 -0.7338 -0.0171
vn 0.6648 -0.7407 -0.0968
vn 0.9771 0.0007 -0.2127
vn -0.0552 -0.9950 0.0833
vn -0.0535 -0.9956 0.0767
vn 0.4847 -0.6971 0.5283
vn 0.7197 -0.0000 0.6943
vn -0.0379 -0.9972 0.0638
vn 0.9842 0.0031 0.1772
vn 0.6857 -0.7055 0.1795
vn 0.6785 -0.7314 0.0685
vn 0.9999 -0.0000 0.0131
vn -0.0468 -0.9954 0.0842
vn -0.0517 -0.9949 0.0863
vn 0.0064 -0.9958 0.0909
vn 0.9232 -0.0008 0.3843
vn 0.6400 -0.7009 0.3148
vn -0.0385 -0.9961 0.0790
vn -0.0349 -0.9967 0.0726
vn 0.0040 -0.9947 0.1030
vn 0.0098 -0.9956 0.0929
vn 0.8353 -0.0080 0.5498
vn 0.6300 -0.6694 0.3937
vn 0.7243 -0.6800 0.1139
vn 0.9814 -0.0009 0.1919
vn 0.0413 -0.6803 0.7318
vn -0.0322 -0.9975 0.0632
vn -0.0326 -0.9975 0.0625
vn 0.1313 -0.6812 0.7202
vn 0.9542 0.0028 -0.2990
vn 0.0062 -0.9981 0.0611
vn -0.0405 -0.9920 0.1199
vn -0.0297 -0.9923 0.1200
vn 0.1907 -0.6845 0.7036
vn 0.3141 0.0132 0.9493
vn -0.0360 -0.9971 0.0674
vn -0.0226 -0.9941 0.1063
vn -0.8187 -0.0000 -0.5742
vn -0.6148 -0.7114 -0.3403
vn -0.6283 -0.7086 -0.3213
vn -0.8366 0.0015 -0.5478
vn -0.0541 -0.9948 0.0863
vn -0.0455 -0.9931 0.1081
vn -0.0636 -0.9931 0.0982
vn -0.7329 -0.6609 -0.1617
vn -0.9580 -0.0000 -0.2866
vn -0.0294 -0.9918 0.1245
vn -0.0523 -0.9915 0.1192
vn -0.6285 -0.7013 -0.3364
vn -0.8326 -0.0000 -0.5539
vn -0.9994 -0.0002 0.0347
vn -0.7147 -0.6906 0.1105
vn -0.7108 -0.6926 0.1227
vn -0.9989 -0.0000 0.0464
vn -0.0049 -0.9918 0.1275
vn -0.0079 -0.9917 0.1287
vn -0.0127 -0.9914 0.1299
vn -0.0078 -0.9917 0.1281
vn -0.9985 0.0018 0.0553
vn -0.7068 -0.6950 0.1320
vn -0.7014 -0.7005 0.1317
vn -0.9984 -0.0000 0.0571
vn 0.0041 -0.9910 0.1338
vn 0.0169 -0.9915 0.1293
vn 0.0128 -0.9909 0.1342
vn 0.0193 -0.9914 0.1296
vn -0.7087 -0.6936 0.1292
vn -0.9988 -0.0000 0.0493
vn -0.0050 -0.9907 0.1357
vn -0.0001 -0.9907 0.1357
vn -0.7216 -0.6891 0.0671
vn -0.9997 -0.0000 -0.0239
vn -0.0117 -0.9914 0.1306
vn -0.0271 -0.9906 0.1344
vn -0.3718 -0.5080 0.7770
vn -0.8407 -0.0008 0.5415
vn -0.9982 0.0003 0.0603
vn 0.0295 -0.9933 0.1114
vn -0.1165 -0.9930 -0.0199
vn -0.1182 -0.9929 0.0105
vn -0.1813 -0.8927 -0.4126
vn -0.2351 -0.5287 -0.8156
vn -0.1623 -0.9764 -0.1427
vn -0.2104 -0.9202 -0.3300
vn -0.1161 -0.9909 -0.0682
vn -0.3262 -0.9350 -0.1394
vn -0.2742 -0.9595 -0.0644
vn -0.1268 -0.9897 -0.0672
vn -0.3619 -0.9148 -0.1795
vn -0.2687 -0.9613 -0.0604
vn -0.1304 -0.9914 -0.0086
vn -0.3687 -0.8991 -0.2362
vn -0.2486 -0.9665 -0.0646
vn -0.1217 -0.9921 0.0288
vn -0.3575 -0.8706 -0.3380
vn -0.2335 -0.9655 -0.1155
vn -0.1128 -0.9933 0.0262
vn -0.3213 -0.8613 -0.3937
vn -0.2064 -0.9681 -0.1423
vn 0.3216 -0.0087 0.9468
vn 0.1445 -0.6999 0.6995
vn -0.1157 -0.9925 0.0393
vn -0.1294 -0.9910 0.0335
vn 0.4170 -0.0000 0.9089
vn 0.2109 -0.6987 0.6837
vn -0.1393 -0.9897 0.0314
vn -0.1366 -0.9900 0.0361
vn 0.5279 -0.0000 0.8493
vn 0.2979 -0.6879 0.6619
vn -0.1467 -0.9875 0.0575
vn -0.1478 -0.9873 0.0583
vn -0.1370 -0.9863 0.0923
vn -0.1397 -0.9859 0.0920
vn -0.1460 -0.9836 0.1060
vn -0.1342 -0.9845 0.1132
vn -0.0247 -0.9976 0.0645
vn -0.0098 -0.9997 0.0204
vn -0.0115 -0.9997 0.0224
vn -0.0442 -0.9954 0.0845
vn -0.0769 -0.9903 0.1155
vn -0.6806 -0.0206 0.7324
vn 0.8274 0.0137 -0.5615
vn -0.7509 -0.0327 -0.6596
vn -0.7527 -0.0226 -0.6580
vn 0.7325 0.0009 0.6808
vn 0.7366 -0.0100 0.6762
vn 0.7323 0.0013 0.6810
vn 0.7280 0.0122 0.6855
vn -0.7544 -0.0126 -0.6563
vn -0.9961 -0.0000 0.0884
vn -0.9649 0.0002 0.2628
vn -0.6561 -0.7268 0.2035
vn -0.6675 -0.7390 0.0914
vn -0.0446 -0.9966 0.0685
vn -0.0430 -0.9962 0.0760
vn -0.0445 -0.9965 0.0701
vn -0.0369 -0.9975 0.0609
vn -0.0387 -0.9974 0.0613
vn -0.0333 -0.9984 0.0465
vn -0.0314 -0.9983 0.0495
vn -0.0372 -0.9984 0.0419
vn -0.0316 -0.9978 0.0586
vn -0.0170 -0.9984 0.0534
vn -0.0035 -0.9969 0.0785
vn -0.0072 -0.9980 0.0623
vn -0.0791 -0.9942 0.0730
vn -0.0756 -0.9954 0.0580
vn -0.0396 -0.9992 -0.0096
vn -0.0443 -0.9989 -0.0117
vn -0.0365 -0.9993 -0.0088
vn -0.0310 -0.9995 -0.0092
vn -0.0335 -0.9966 0.0749
vn 0.0052 -0.9993 0.0379
vn 0.0227 -0.9983 0.0538
vn -0.0162 -0.9951 0.0976
vn 0.0081 -0.9976 0.0688
vn 0.4008 -0.7109 -0.5779
vn 0.4467 -0.7115 -0.5425
vn 0.0168 -0.9970 0.0761
vn 0.5282 0.0011 -0.8491
vn 0.5923 0.0086 -0.8057
vn -0.3352 0.0005 -0.9422
vn -0.3230 -0.7046 -0.6318
vn -0.2784 -0.7038 -0.6536
vn -0.2646 -0.0000 -0.9643
vn -0.5477 -0.0000 -0.8367
vn -0.6342 -0.0000 -0.7732
vn -0.5368 -0.6943 -0.4793
vn -0.4736 -0.7046 -0.5285
vn -0.3100 -0.0000 -0.9507
vn -0.1987 -0.0000 -0.9801
vn -0.4232 -0.0000 -0.9060
vn -0.3865 -0.7077 -0.5914
vn -0.3755 -0.0000 -0.9268
vn -0.2029 -0.0000 -0.9792
vn -0.1553 -0.0000 -0.9879
vn -0.1592 -0.0000 -0.9872
vn -0.1737 -0.0000 -0.9848
vn -0.7119 0.0023 -0.7023
vn -0.5809 -0.6946 -0.4243
vn -0.5624 -0.7008 -0.4388
vn -0.6770 0.0021 -0.7360
vn -0.6859 -0.0000 -0.7277
vn -0.5768 -0.6605 -0.4807
vn -0.1822 -0.8933 -0.4108
vn -0.2141 -0.8621 -0.4593
vn -0.1741 -0.9788 -0.1077
vn -0.2696 -0.8978 -0.3482
vn -0.2785 -0.8846 -0.3741
vn -0.2414 -0.8855 -0.3969
vn -0.2797 -0.9062 -0.3172
vn -0.2810 -0.9296 -0.2384
vn -0.2733 -0.9509 -0.1452
vn -0.2074 -0.9772 -0.0464
vn -0.1504 -0.9885 0.0168
vn -0.0923 -0.9957 -0.0058
vn -0.1698 -0.9037 -0.3932
vn -0.0869 -0.9948 0.0524
vn -0.0579 -0.9962 0.0647
vn -0.1260 -0.9920 0.0075
vn -0.3453 -0.6513 -0.6757
vn -0.0477 -0.6807 -0.7310
vn -0.1453 -0.9893 0.0124
vn -0.0812 -0.9967 0.0005
vn -0.0967 -0.9946 -0.0389
vn -0.0744 -0.9963 0.0421
vn 0.7022 -0.6925 -0.1656
vn 0.4389 -0.6640 -0.6054
vn -0.1133 -0.9929 0.0376
vn -0.0722 -0.9932 -0.0911
vn -0.0125 -0.9985 0.0526
vn -0.0673 -0.9936 0.0903
vn 0.9938 -0.0000 0.1112
vn 0.9570 -0.0000 0.2900
vn 0.6813 -0.7012 0.2101
vn 0.6943 -0.7180 0.0490
vn -0.3719 -0.0000 -0.9283
vn 0.0240 -0.0000 -0.9997
vn -0.5943 -0.0000 -0.8042
vn -0.5165 -0.6631 -0.5417
vn 0.5885 -0.0000 -0.8085
vn 0.8137 -0.0031 0.5813
vn 0.5353 -0.6952 0.4798
vn 0.6216 -0.6907 0.3695
vn 0.8814 -0.0000 0.4723
vn 0.9741 -0.0000 -0.2260
vn -0.0793 -0.9962 -0.0364
vn -0.1187 -0.9925 -0.0286
vn -0.0006 -0.9787 0.2054
vn -0.0599 -0.9850 0.1619
vn -0.1200 -0.9885 0.0917
vn -0.1131 -0.9901 0.0833
vn -0.1665 -0.9860 -0.0017
vn -0.1962 -0.9806 -0.0027
vn -0.1460 -0.9881 0.0488
vn -0.0732 -0.9958 0.0542
vn -0.4817 -0.7816 -0.3963
vn -0.4783 -0.7720 -0.4187
vn -0.6714 -0.6618 0.3336
vn -0.6019 -0.7919 -0.1028
vn -0.0688 -0.9966 0.0464
vn -0.6396 -0.6980 -0.3221
vn -0.0674 -0.9958 0.0618
vn -0.1123 -0.9871 -0.1142
vn -0.6525 -0.6877 -0.3184
vn -0.5912 -0.6774 -0.4377
vn -0.6201 -0.7612 -0.1900
vn -0.6820 -0.7072 -0.1863
vn -0.5368 -0.8263 -0.1704
vn -0.2625 -0.9518 -0.1584
vn -0.3085 -0.9498 -0.0529
vn -0.5602 -0.8104 -0.1719
vn 0.5052 -0.8154 0.2826
vn 0.2510 -0.9499 0.1862
vn -0.1931 -0.7003 0.6873
vn -0.1267 -0.9871 -0.0978
vn -0.1020 -0.9928 -0.0624
vn -0.1150 -0.9921 -0.0495
vn -0.0178 -0.9992 -0.0346
vn -0.0127 -0.9993 -0.0351
vn -0.0137 -0.9994 -0.0310
vn -0.0712 -0.9944 -0.0783
vn -0.0862 -0.9938 -0.0696
vn -0.1238 -0.9918 -0.0314
vn -0.1166 -0.9931 -0.0131
vn -0.0362 -0.9966 -0.0740
vn -0.0541 -0.9952 -0.0812
vn -0.0127 -0.9989 -0.0462
vn -0.0159 -0.9987 -0.0481
vn -0.0197 -0.9980 -0.0597
vn -0.0163 -0.9984 -0.0540
vn 0.0897 0.0040 0.9960
vn -0.0049 -0.9904 0.1384
vn -0.0014 -0.9912 0.1326
vn 0.0023 -0.9914 0.1308
vn -0.0004 -0.9911 0.1331
vn 0.0010 -0.9934 0.1149
vn -0.0006 -0.9926 0.1212
vn 0.0054 -0.9926 0.1212
vn -0.0093 -0.9917 0.1284
vn -0.0080 -0.9914 0.1304
vn -0.0056 -0.9914 0.1307
vn -0.0110 -0.9918 0.1276
vn -0.0056 -0.9918 0.1280
vn -0.0121 -0.9902 0.1392
vn -0.0146 -0.9900 0.1405
vn -0.0088 -0.9903 0.1385
vn -0.0039 -0.9907 0.1359
vn -0.0074 -0.9902 0.1394
vn -0.0058 -0.9907 0.1362
vn 0.0092 -0.9917 0.1284
vn 0.0226 -0.9915 0.1285
vn 0.0192 -0.9917 0.1275
vn 0.0250 -0.9911 0.1309
vn 0.0220 -0.9916 0.1275
vn 0.0132 -0.9926 0.1207
vn -0.0041 -0.9911 0.1330
vn -0.0052 -0.9912 0.1325
vn -0.0004 -0.9971 0.0759
vn -0.0053 -0.9975 0.0709
vn -0.0110 -0.9975 0.0693
vn -0.0122 -0.9960 0.0882
vn -0.0211 -0.9960 0.0864
vn -0.0130 -0.9957 0.0922
vn -0.0234 -0.9949 0.0976
vn -0.0054 -0.9957 0.0921
vn -0.0139 -0.9951 0.0977
vn 0.0010 -0.9959 0.0904
vn -0.0088 -0.9960 0.0894
vn -0.0014 -0.9958 0.0912
vn -0.0097 -0.9958 0.0912
vn -0.0010 -0.9951 0.0993
vn -0.0079 -0.9948 0.1012
vn -0.0061 -0.9935 0.1133
vn -0.0020 -0.9926 0.1216
vn -0.0034 -0.9917 0.1289
vn -0.0280 -0.9949 0.0966
vn -0.0124 -0.9935 0.1128
vn 0.2215 0.0141 0.9751
vn -0.1123 -0.9934 0.0232
vn -0.5569 -0.6901 0.4621
vn -0.4492 -0.6830 0.5760
vn 0.1177 -0.6720 -0.7311
vn 0.2968 -0.6824 -0.6680
vn -0.1069 -0.9942 0.0067
vn -0.2738 -0.9485 -0.1596
vn -0.4991 -0.8011 -0.3304
vn -0.4714 -0.8298 -0.2986
vn -0.4617 -0.8373 -0.2928
vn -0.2833 -0.9551 -0.0871
vn -0.5410 -0.7994 -0.2614
vn -0.5554 -0.7860 -0.2714
vn -0.3149 -0.9435 -0.1032
vn -0.1675 -0.9854 -0.0299
vn -0.5046 -0.8084 -0.3032
vn -0.5081 -0.8057 -0.3043
vn -0.3760 -0.9266 0.0001
vn -0.4148 -0.9099 -0.0044
vn -0.2358 -0.6830 -0.6913
vn -0.0585 -0.6803 -0.7306
vn -0.1376 -0.9900 -0.0324
vn -0.6998 -0.7111 0.0678
vn -0.0233 -0.9975 -0.0670
vn -0.4619 -0.6552 -0.5978
vn -0.0154 -0.9988 -0.0473
vn -0.0142 -0.9995 -0.0267
vn -0.0124 -0.9997 -0.0233
vn 0.1219 -0.6969 0.7067
vn 0.0134 -0.9995 0.0290
vn 0.0187 -0.9997 0.0133
vn 0.2779 -0.7026 0.6551
vn -0.0122 -0.9997 -0.0203
vn 0.3842 -0.9127 -0.1390
vn 0.3236 -0.7018 -0.6347
vn -0.0116 -0.9994 -0.0314
vn -0.0929 -0.6633 0.7426
vn -0.0089 -0.9993 -0.0367
vn -0.8620 -0.0000 -0.5069
vn -0.8642 -0.0000 -0.5032
vn 0.9522 -0.0000 -0.3055
vn 0.6770 -0.6807 -0.2800
vn 0.8975 -0.0000 -0.4409
vn -0.9711 0.0002 -0.2388
vn -0.9974 -0.0000 -0.0727
vn -0.6930 -0.7174 -0.0717
vn -0.6683 -0.7218 -0.1798
vn -0.9256 -0.0000 0.3785
vn -0.9681 -0.0000 0.2504
vn -0.5390 -0.0000 0.8423
vn -0.7098 -0.0000 0.7044
vn -0.8769 0.0017 -0.4806
vn -0.6473 -0.7083 -0.2817
vn -0.6475 -0.7004 -0.3004
vn -0.8685 -0.0000 -0.4957
vn 0.9106 0.0034 0.4133
vn 0.9163 0.0016 0.4004
vn 0.6109 -0.0454 0.7904
vn 0.4359 -0.6966 0.5699
vn -0.4117 -0.0000 0.9113
vn -0.3183 -0.0000 0.9480
vn -0.8007 0.0006 -0.5991
vn -0.1912 -0.0000 -0.9816
vn -0.8745 -0.0002 -0.4851
vn -0.6588 -0.7101 -0.2483
vn -0.9074 -0.0000 -0.4202
vn 0.2636 -0.0000 -0.9646
vn 0.0237 -0.0000 -0.9997
vn 0.8746 0.0018 0.4848
vn 0.8618 0.0023 0.5072
vn 0.6102 -0.7097 0.3521
vn 0.8964 -0.0017 0.4433
vn -0.2068 -0.0000 0.9784
vn -0.2452 -0.0000 0.9695
vn -0.8284 -0.0028 -0.5601
vn -0.8460 -0.0007 -0.5331
vn 0.6762 -0.0000 -0.7367
vn 0.7708 0.0042 -0.6371
vn 0.4920 -0.0000 -0.8706
vn 0.9940 -0.0000 -0.1091
vn 0.7296 -0.6726 -0.1237
vn -0.2355 -0.0000 -0.9719
vn 0.5068 -0.0000 -0.8621
vn -0.5562 -0.0000 -0.8310
vn -0.8922 -0.0034 -0.4516
vn -0.6494 -0.7130 -0.2643
vn -0.8472 -0.0000 0.5312
vn -0.6196 -0.7143 0.3254
vn 0.9148 -0.0000 0.4038
vn 0.1943 -0.8814 0.4305
vn 0.4106 -0.0000 0.9118
vn -0.7686 -0.0000 -0.6398
vn -0.9944 -0.0000 0.1057
vn -0.7109 -0.7020 0.0411
vn -0.7104 -0.7031 0.0329
vn -0.9966 -0.0000 0.0819
vn -0.1157 -0.0000 0.9933
vn 0.8344 0.0045 -0.5511
vn -0.9886 -0.0000 0.1503
vn 0.1728 -0.0369 0.9843
vn -0.9074 -0.0000 -0.4203
vn -0.6244 -0.7213 -0.2998
vn -0.8530 -0.0000 -0.5219
vn -0.5968 -0.7095 -0.3748
vn -0.8269 0.0001 -0.5624
vn 0.4825 0.0004 -0.8759
vn 0.9687 -0.0000 -0.2481
vn -0.8526 -0.0000 -0.5226
vn -0.9996 -0.0000 0.0278
vn -0.7054 -0.7088 -0.0040
vn 0.3988 -0.0754 0.9139
vn -0.1481 -0.9825 0.1131
vn -0.1839 -0.9792 0.0859
vn -0.0143 -0.9996 -0.0242
vn 0.0326 -0.9994 -0.0119
vn -0.0125 -0.9996 -0.0245
vn -0.0149 -0.9994 -0.0311
vn -0.0389 -0.9479 -0.3161
vn -0.5993 -0.5967 0.5337
vn -0.7198 -0.6541 0.2324
vn -0.7569 -0.0000 0.6535
vn -0.9664 -0.0000 0.2572
vn -0.9959 0.0004 0.0906
vn -0.9987 0.0030 0.0501
vn -0.9975 -0.0017 0.0712
vn -0.9979 -0.0015 0.0646
vn -0.7056 -0.7006 0.1065
vn -0.6998 -0.7052 0.1139
vn -0.9983 -0.0000 0.0591
vn -0.7015 -0.7049 0.1052
vn -0.9984 0.0014 0.0563
vn -0.7069 -0.6998 0.1026
vn -0.9982 -0.0000 0.0600
vn -0.9856 -0.0008 -0.1690
vn -0.7569 -0.6478 -0.0861
vn -0.7130 -0.6923 0.1109
vn -0.9982 -0.0000 0.0607
vn -0.7039 -0.7020 0.1081
vn -0.1317 -0.9865 0.0976
vn -0.1484 -0.9837 0.1017
vn -0.1573 -0.9826 0.0989
vn -0.1794 -0.9785 0.1015
vn -0.1626 -0.9823 0.0931
vn -0.1053 -0.9895 0.0994
vn -0.3756 -0.9237 0.0757
vn -0.4705 -0.8785 0.0827
vn -0.4787 -0.8700 0.1182
vn -0.4506 -0.8850 0.1173
vn -0.4332 -0.8932 0.1202
vn -0.0060 -0.9935 0.1133
vn -0.0197 -0.9955 0.0922
vn -0.0170 -0.9954 0.0941
vn -0.1728 -0.9780 -0.1167
vn -0.3267 -0.9159 -0.2333
vn -0.1332 -0.7207 -0.6804
vn -0.0762 -0.9544 0.2885
vn -0.0229 -0.9996 0.0170
vn -0.1181 -0.9894 0.0843
vn -0.5805 -0.6600 0.4768
vn -0.7140 -0.6467 0.2682
vn 0.0216 -0.9929 0.1167
vn -0.1416 -0.9852 0.0966
vn -0.1173 -0.9772 -0.1771
vn -0.1978 -0.9759 -0.0924
vn -0.1386 -0.9902 0.0175
vn -0.2765 -0.9371 0.2132
vn -0.1560 -0.9833 0.0938
vn -0.1403 -0.9899 0.0204
vn -0.2839 -0.6831 -0.6729
vn -0.1586 -0.6912 -0.7050
vn -0.5203 -0.7088 0.4763
vn -0.1599 -0.9833 0.0870
vn -0.5594 -0.7164 0.4169
vn -0.2211 -0.9216 0.3191
vn -0.1536 -0.9877 0.0305
vn -0.3904 -0.6925 -0.6067
vn 0.0082 -0.9997 0.0224
vn -0.2850 -0.9379 0.1977
vn -0.3030 -0.9392 0.1614
vn -0.1607 -0.9843 0.0736
vn -0.1891 -0.9618 0.1981
vn -0.0156 -0.9812 -0.1924
vn 0.0240 -0.9859 -0.1656
vn -0.6063 -0.7136 0.3510
vn -0.1609 -0.9857 0.0498
vn -0.6412 -0.7197 0.2662
vn -0.1543 -0.9863 0.0585
vn -0.0511 -0.9986 -0.0120
vn 0.0448 -0.9894 -0.1385
vn -0.1597 -0.9867 0.0300
vn -0.6711 -0.7145 0.1978
vn -0.5800 -0.0000 -0.8146
vn -0.4947 -0.6793 -0.5420
vn -0.5729 -0.6873 -0.4465
vn -0.7094 -0.0000 -0.7048
vn -0.6885 -0.7049 0.1705
vn -0.3185 -0.9409 0.1155
vn -0.0186 -0.9998 -0.0076
vn -0.0171 -0.9998 -0.0047
vn -0.0181 -0.9998 -0.0013
vn -0.0231 -0.9997 -0.0067
vn -0.0199 -0.9998 -0.0022
vn -0.0202 -0.9998 -0.0023
vn -0.2558 -0.0000 0.9667
vn -0.3119 -0.0000 0.9501
vn -0.0005 -1.0000 0.0093
vn -0.1616 -0.0001 -0.9869
vn -0.1358 -0.7264 -0.6737
vn 0.2032 -0.9255 -0.3197
vn 0.5823 -0.0000 -0.8130
vn 0.9842 -0.0000 -0.1772
vn 0.9949 -0.0000 0.1008
vn -0.2763 -0.0000 -0.9611
vn -0.4234 -0.0000 -0.9059
vn 0.8838 -0.0000 -0.4678
vn 0.7824 -0.0000 -0.6228
vn -0.9547 -0.0000 0.2974
vn -0.9151 -0.0000 0.4032
vn 0.9834 0.0007 -0.1812
vn 0.9865 -0.0006 -0.1635
vn -0.1826 -0.0000 0.9832
vn -0.1720 -0.0000 0.9851
vn -0.5930 -0.0001 0.8052
vn -0.3774 -0.0000 0.9261
vn -0.8506 -0.0000 0.5258
vn -0.7775 0.0001 0.6289
vn -0.6313 -0.0000 0.7755
vn -0.4680 -0.7091 0.5274
vn -0.7064 -0.0000 0.7078
vn -0.8168 -0.0000 0.5769
vn -0.2174 -0.0000 0.9761
vn -0.1898 -0.6988 0.6897
vn 0.7950 -0.0000 0.6067
vn 0.5149 -0.0000 0.8573
vn 0.4022 -0.0000 -0.9156
vn 0.5711 -0.0000 -0.8209
vn 0.3519 -0.6838 -0.6392
vn 0.9813 -0.0014 -0.1927
vn 0.0441 -0.0000 -0.9990
vn -0.0533 -0.6892 -0.7226
vn -0.0989 -0.0000 -0.9951
vn 0.8286 -0.0000 0.5598
vn -0.9885 -0.0000 0.1512
vn -0.9893 -0.0000 0.1459
vn -0.7081 -0.6988 0.1010
vn -0.6888 -0.7178 0.1019
vn -0.9875 -0.0000 0.1579
vn -0.9797 -0.0000 0.2004
vn -0.6953 -0.7057 0.1362
vn -0.7098 -0.6962 0.1069
vn -0.4302 -0.0000 0.9027
vn -0.3338 -0.7148 0.6145
vn -0.4128 -0.7067 0.5746
vn -0.5483 -0.0000 0.8363
vn 0.2601 -0.0000 0.9656
vn 0.7115 -0.0000 -0.7027
vn 0.2232 -0.0000 -0.9748
vn -0.1711 -0.0000 -0.9853
vn -0.8115 -0.0000 -0.5844
vn 0.9388 -0.0000 0.3444
vn -0.9677 -0.0000 0.2521
vn 0.9804 0.0008 -0.1971
vn 0.6810 -0.7184 -0.1422
vn -0.9889 -0.0000 0.1484
vn -0.7051 -0.7019 0.1004
vn 0.9810 -0.0000 -0.1938
vn -0.9592 0.0006 0.2826
vn -0.8440 -0.0000 -0.5363
vn -0.6569 -0.6708 -0.3443
vn -0.2653 -0.0000 0.9642
vn -0.1350 -0.9886 0.0670
vn -0.9981 0.0008 0.0608
vn -0.9984 0.0025 0.0571
vn -0.6992 -0.7027 0.1317
vn -0.7053 -0.6962 0.1337
vn -0.9981 -0.0000 0.0614
vn -0.7037 -0.6978 0.1338
vn -0.9977 0.0005 0.0678
vn -0.7061 -0.6940 0.1407
vn -0.9974 0.0004 0.0724
vn -0.7084 -0.6901 0.1479
vn -0.9996 -0.0025 -0.0286
vn -0.7405 -0.6687 0.0662
vn -0.9978 -0.0000 0.0659
vn -0.7096 -0.6907 0.1392
vn -0.0237 -0.9899 0.1401
vn -0.0569 -0.9892 0.1353
vn -0.0837 -0.9872 0.1361
vn -0.1543 -0.9770 0.1475
vn -0.2268 -0.9622 0.1506
vn -0.2137 -0.9672 0.1377
vn -0.1486 -0.9800 0.1323
vn -0.4994 -0.8537 0.1478
vn -0.1798 -0.9563 0.2305
vn 0.0208 -0.9931 0.1154
vn 0.0183 -0.9946 0.1026
vn 0.0426 -0.9947 0.0938
vn -0.0045 -0.9918 0.1275
vn -0.0294 -0.9959 0.0857
vn -0.0210 -0.9914 0.1292
vn 0.5069 0.0002 -0.8620
vn 0.3746 -0.7109 -0.5953
vn -0.1819 -0.9496 0.2554
vn -0.0426 -0.9915 0.1228
vn 0.0055 -0.9933 0.1151
vn 0.0002 -0.9933 0.1152
vn -0.0171 -0.9931 0.1159
vn 0.0140 -0.9963 0.0852
vn 0.0052 -0.9950 0.0998
vn 0.0156 -0.9945 0.1033
vn 0.0211 -0.9961 0.0855
vn -0.0027 -0.9944 0.1056
vn -0.0032 -0.9967 0.0814
vn 0.0596 -0.9935 0.0973
vn -0.1455 -0.9489 0.2802
vn 0.0563 -0.9953 0.0790
vn -0.0097 -0.9982 0.0591
vn -0.0308 -0.9930 0.1138
vn 0.0039 -0.9937 0.1120
vn 0.9865 -0.0004 -0.1638
vn 0.9941 -0.0007 -0.1086
vn 0.7160 -0.6979 0.0173
vn 0.7170 -0.6960 -0.0393
vn 0.5316 -0.0000 -0.8470
vn 0.7435 -0.0001 -0.6688
vn 0.5767 -0.6926 -0.4334
vn 0.4227 -0.6776 -0.6018
vn 0.9959 -0.0000 -0.0904
vn 0.7181 -0.6952 0.0318
vn 0.8384 -0.0001 -0.5451
vn 0.8996 -0.0006 -0.4367
vn 0.6743 -0.6949 -0.2501
vn 0.6388 -0.6900 -0.3404
vn -0.0007 -0.9893 0.1460
vn 0.0248 -0.9900 0.1392
vn 0.0252 -0.9915 0.1280
vn 0.0183 -0.9928 0.1184
vn 0.0303 -0.9941 0.1042
vn 0.0377 -0.9939 0.1033
vn 0.0416 -0.9944 0.0969
vn 0.0473 -0.9948 0.0903
vn 0.0530 -0.9946 0.0891
vn 0.0450 -0.9967 0.0681
vn 0.1715 -0.0000 -0.9852
vn 0.2677 -0.0000 -0.9635
vn 0.2201 -0.6964 -0.6831
vn 0.1547 -0.7049 -0.6922
vn 0.0568 -0.9957 0.0728
vn 0.6814 -0.0000 -0.7319
vn 0.1719 -0.0000 -0.9851
vn 0.1536 -0.7213 -0.6753
vn 0.0338 -0.9970 0.0695
vn -0.5221 -0.6795 0.5155
vn -0.7396 0.0002 0.6730
vn 0.0369 -0.9982 0.0469
vn 0.0499 -0.9982 0.0346
vn 0.0305 -0.9983 0.0499
vn -0.0372 -0.9910 0.1288
vn -0.0450 -0.9903 0.1312
vn 0.0021 -0.9939 0.1105
vn -0.0098 -0.9925 0.1216
vn -0.2322 -0.6896 0.6859
vn -0.2443 -0.6864 0.6849
vn -0.0193 -0.9956 0.0917
vn -0.0972 -0.9936 -0.0583
vn -0.0820 -0.9964 -0.0199
vn 0.0374 -0.8930 0.4486
vn -0.0883 -0.9828 0.1624
vn -0.0527 -0.9967 0.0615
vn -0.9326 -0.0055 -0.3609
vn 0.0066 -0.9936 0.1125
vn -0.0097 -0.9914 0.1308
vn 0.0107 -0.9931 0.1171
vn 0.0033 -0.9921 0.1255
vn -0.3071 -0.9242 0.2270
vn -0.2297 -0.9506 0.2087
vn -0.2638 -0.9385 0.2228
vn -0.0946 -0.9910 0.0945
vn -0.1634 -0.9789 0.1230
vn -0.0411 -0.9985 0.0364
vn 0.2904 -0.8032 -0.5202
vn -0.1881 -0.9757 0.1128
vn -0.2950 -0.9298 0.2203
vn -0.2990 -0.9217 0.2470
vn -0.3069 -0.9262 0.2189
vn -0.1743 -0.9726 0.1539
vn -0.2613 -0.9280 0.2658
vn -0.0280 -0.9996 0.0106
vn -0.0284 -0.9995 0.0105
vn -0.0326 -0.9968 0.0727
vn -0.0953 -0.9821 0.1623
vn -0.0253 -0.9996 0.0083
vn -0.0239 -0.9996 0.0114
vn -0.0236 -0.9997 0.0096
vn -0.0261 -0.9996 0.0057
vn -0.0302 -0.9995 0.0097
vn -0.0300 -0.9995 0.0103
vn -0.0318 -0.9992 0.0233
vn -0.0146 -0.9999 0.0010
vn 0.5132 -0.0000 -0.8583
vn -0.0461 -0.0000 -0.9989
vn 0.3065 -0.9508 -0.0444
vn 0.6867 -0.6921 0.2223
vn -0.1661 -0.9692 -0.1821
vn -0.0472 -0.9988 0.0150
vn -0.0613 -0.9971 0.0452
vn -0.0481 -0.9973 0.0562
vn -0.5211 -0.8456 0.1162
vn -0.3241 -0.9412 0.0954
vn -0.5047 -0.8387 0.2047
vn -0.5812 -0.7946 0.1758
vn -0.0478 -0.9703 0.2371
vn -0.1673 -0.9820 0.0880
vn -0.2972 -0.9390 0.1731
vn -0.2887 -0.9437 0.1615
vn -0.1674 -0.9826 0.0809
vn -0.2628 -0.9328 0.2468
vn -0.1663 -0.9776 0.1288
vn -0.0274 -0.9994 0.0214
vn -0.0594 -0.9976 0.0354
vn -0.2046 -0.9678 0.1464
vn -0.0265 -0.9996 0.0117
vn -0.1380 -0.9870 0.0828
vn -0.2835 -0.9340 0.2174
vn -0.2109 -0.9670 0.1432
vn -0.1414 -0.9900 0.0033
vn -0.0984 -0.9923 0.0747
vn -0.2586 -0.9245 0.2800
vn -0.0256 -0.9996 0.0075
vn -0.3406 -0.8969 0.2822
vn -0.3038 -0.9181 0.2546
vn -0.3502 -0.8724 0.3411
vn -0.3378 -0.8543 0.3951
vn -0.1692 -0.9837 0.0607
vn -0.0249 -0.9997 0.0066
vn -0.0285 -0.9996 0.0031
vn -0.6147 -0.0000 0.7887
vn -0.5302 -0.0000 0.8479
vn -0.3101 -0.9451 0.1032
vn -0.3416 -0.9365 0.0788
vn -0.8819 -0.0000 -0.4714
vn -0.5643 -0.7749 -0.2846
vn -0.2845 -0.9466 0.1515
vn -0.0236 -0.9996 0.0127
vn -0.0085 -0.9976 0.0683
vn -0.4297 -0.0000 -0.9030
vn -0.6240 -0.0000 -0.7814
vn -0.4469 -0.7189 -0.5324
vn -0.6458 -0.0000 -0.7635
vn -0.4722 -0.7044 -0.5300
vn -0.0238 -0.9986 0.0472
vn -0.0426 -0.9991 -0.0042
vn -0.0153 -0.9994 0.0311
vn -0.0948 -0.9949 0.0338
vn -0.0589 -0.9980 0.0235
vn -0.0710 -0.9968 0.0371
vn -0.0816 -0.9954 0.0502
vn -0.0787 -0.9957 0.0491
vn 0.5948 -0.6841 -0.4222
vn -0.4411 -0.0000 0.8975
vn -0.2023 -0.8791 0.4316
vn -0.1863 -0.9245 0.3325
vn -0.2061 -0.9467 0.2474
vn -0.4483 0.0002 0.8939
vn -0.3954 -0.0000 0.9185
vn -0.3094 -0.0000 0.9509
vn -0.0587 -0.9968 0.0539
vn -0.0610 -0.9963 0.0598
vn -0.1733 -0.9420 -0.2875
vn -0.5442 -0.8385 0.0261
vn -0.2802 -0.9519 -0.1242
vn -0.4153 -0.8917 -0.1799
vn -0.4835 -0.8753 -0.0090
vn -0.0007 -1.0000 0.0045
vn 0.6186 -0.7163 -0.3228
vn 0.0552 -0.9870 0.1506
vn 0.3046 -0.9481 0.0908
vn 0.4278 -0.8913 -0.1505
vn 0.2902 -0.9566 0.0283
vn 0.6195 -0.7031 0.3491
vn 0.5515 -0.8335 -0.0345
vn -0.3047 -0.9291 0.2096
vn 0.4137 -0.9083 0.0616
vn 0.0127 -0.9957 -0.0916
vn -0.3260 -0.9395 -0.1055
vn 0.0146 -0.9958 0.0906
vn -0.0213 -0.9974 -0.0686
vn -0.0059 -0.9987 -0.0502
vn 0.0129 -0.9977 -0.0665
vn 0.0025 -0.9992 -0.0409
vn 0.0733 -0.6931 -0.7171
vn -0.3595 -0.0000 -0.9331
vn -0.2371 -0.0000 -0.9715
vn 0.1676 -0.0000 -0.9859
vn -0.5898 -0.0000 -0.8076
vn -0.7375 -0.0023 -0.6754
vn -0.0596 -0.0000 -0.9982
vn 0.8316 -0.0000 0.5554
vn 0.5723 -0.7224 0.3880
vn -0.4691 -0.0000 -0.8832
vn 0.9860 -0.0000 0.1667
vn 0.7356 -0.6713 0.0909
vn 0.7197 -0.6729 -0.1710
vn 0.9837 -0.0000 -0.1801
vn 0.6001 -0.6968 0.3930
vn 0.8294 -0.0000 0.5587
vn 0.9070 -0.0000 0.4210
vn 0.6674 -0.6908 0.2780
vn -0.0180 -0.9996 -0.0202
vn -0.3285 -0.0003 0.9445
vn -0.3485 -0.0003 0.9373
vn -0.4581 0.0019 0.8889
vn -0.3358 -0.5809 0.7415
vn -0.0033 -0.9897 0.1429
vn -0.0071 -0.9902 0.1393
vn -0.0162 -0.9910 0.1326
vn -0.0121 -0.9906 0.1365
vn -0.0133 -0.9895 0.1436
vn -0.0185 -0.9914 0.1298
vn -0.0985 -0.9932 0.0627
vn -0.0435 -0.9967 0.0686
vn -0.0383 -0.9975 0.0593
vn -0.1392 -0.9899 -0.0263
vn -0.1394 -0.9902 -0.0087
vn -0.1446 -0.9895 0.0024
vn -0.1509 -0.9881 0.0284
vn -0.1716 -0.9831 0.0637
vn -0.1666 -0.9835 0.0704
vn -0.0020 -0.9911 0.1332
vn 0.0084 -0.9951 0.0982
vn 0.0090 -0.9958 0.0907
vn 0.0114 -0.9960 0.0886
vn 0.0039 -0.9959 0.0903
vn -0.0044 -0.9958 0.0917
vn -0.0018 -0.9961 0.0882
vn 0.0094 -0.9973 0.0729
vn -0.1427 -0.9891 0.0375
vn -0.1376 -0.9904 0.0133
vn -0.1330 -0.9911 0.0052
vn 0.5993 -0.0000 0.8005
vn 0.9756 -0.0005 -0.2194
vn 0.6644 -0.7393 -0.1095
vn 0.6559 -0.7480 -0.1013
vn 0.9778 -0.0003 -0.2095
vn 0.5123 -0.8564 -0.0651
vn 0.6700 -0.7325 -0.1203
vn 0.9742 -0.0000 -0.2256
vn 0.9738 -0.0002 -0.2275
vn -0.3185 -0.9194 -0.2308
vn -0.2195 -0.6174 -0.7554
vn -0.0382 -0.9948 0.0944
vn 0.6986 -0.0000 0.7155
vn 0.4916 -0.6915 0.5293
vn 0.6614 -0.6584 0.3591
vn 0.8874 -0.0000 0.4611
vn 0.5937 0.0006 0.8047
vn 0.2914 -0.8284 0.4784
vn 0.9969 0.0044 -0.0790
vn 0.7306 -0.6816 -0.0396
vn 0.6949 -0.6670 -0.2688
vn 0.9264 0.0015 -0.3766
vn 0.9839 0.0028 0.1788
vn 0.7192 -0.6764 0.1585
vn 0.1224 -0.5888 -0.7990
vn 0.0020 -0.9988 0.0484
vn -0.0085 -0.9997 0.0240
vn 0.0043 -0.9992 0.0400
vn -0.5972 -0.4946 -0.6315
vn 0.0003 -0.9998 0.0178
vn -0.0124 -0.9995 0.0306
vn -0.0280 -0.9995 0.0152
vn -0.0630 -0.9977 0.0249
vn -0.0628 -0.9977 0.0251
vn -0.0297 -0.9990 0.0333
vn 0.7048 -0.0136 -0.7093
vn 0.5726 -0.6946 0.4355
vn -0.0569 -0.9955 0.0762
vn 0.8343 -0.0028 0.5514
vn -0.0433 -0.9968 0.0671
vn -0.0501 -0.9966 0.0649
vn -0.0392 -0.9974 0.0605
vn -0.0477 -0.9972 0.0582
vn -0.0527 -0.9961 0.0710
vn -0.0474 -0.9961 0.0745
vn -0.0356 -0.9966 0.0745
vn -0.0237 -0.9975 0.0666
vn -0.0264 -0.9993 -0.0273
vn -0.0136 -0.9982 0.0591
vn -0.0086 -0.9985 0.0535
vn -0.0030 -0.9993 0.0365
vn 0.0266 -0.9970 0.0727
vn -0.0521 -0.9948 0.0881
vn -0.0414 -0.9978 0.0514
vn -0.0417 -0.9978 0.0514
vn -0.0675 -0.9963 0.0529
vn -0.1297 -0.9894 0.0656
vn -0.1383 -0.9889 0.0549
vn -0.0096 -0.9995 0.0290
vn -0.0175 -0.9995 0.0253
vn -0.0200 -0.9995 0.0227
vn -0.0217 -0.9995 0.0236
vn -0.1634 -0.7161 0.6786
vn -0.1636 -0.9599 0.2274
vn -0.0222 -0.9994 0.0259
vn -0.0271 -0.9991 0.0333
vn -0.0355 -0.9985 0.0413
vn -0.0366 -0.9984 0.0434
vn 0.3517 -0.0000 0.9361
vn 0.4238 -0.0000 0.9057
vn 0.3198 -0.6798 0.6599
vn 0.2215 -0.6930 0.6861
vn -0.0419 -0.9979 0.0501
vn -0.0358 -0.9984 0.0429
vn -0.0378 -0.9982 0.0462
vn -0.0304 -0.9976 0.0616
vn -0.0233 -0.9978 0.0622
vn 0.0701 -0.6710 0.7382
vn -0.0340 -0.9988 0.0338
vn -0.0383 -0.9979 0.0531
vn -0.0359 -0.9975 0.0609
vn -0.0150 -0.9978 0.0647
vn -0.0536 -0.9962 0.0683
vn -0.0762 -0.9960 0.0466
vn -0.0921 -0.9952 0.0323
vn -0.0564 -0.9977 0.0387
vn -0.0022 -0.9983 0.0574
vn -0.0126 -0.9982 0.0582
vn 0.9779 -0.0001 -0.2091
vn -0.0373 -0.9976 0.0577
vn -0.0198 -0.9991 0.0388
vn -0.0252 -0.9962 0.0831
vn -0.0283 -0.9958 0.0870
vn -0.0073 -0.9976 0.0685
vn -0.0336 -0.9971 0.0682
vn -0.0139 -0.9990 0.0420
vn -0.0110 -0.9988 0.0471
vn -0.0329 -0.9973 0.0650
vn -0.0358 -0.9955 0.0876
vn -0.0048 -0.9992 0.0399
vn -0.0395 -0.9963 0.0769
vn -0.0265 -0.9964 0.0802
vn -0.8318 -0.5550 -0.0093
vn -0.4555 -0.7021 -0.5474
vn -0.0207 -0.9943 0.1049
vn 0.6157 -0.0000 0.7880
vn 0.3509 -0.7437 0.5690
vn 0.4973 -0.0000 0.8676
vn 0.0754 -0.9828 0.1688
vn 0.0511 -0.9842 0.1693
vn 0.1295 -0.9755 0.1781
vn 0.7311 -0.0002 0.6823
vn 0.6932 -0.0000 0.7207
vn -0.0985 -0.0000 0.9951
vn -0.4299 -0.0000 0.9029
vn 0.1238 -0.0000 0.9923
vn -0.0067 -0.9941 0.1084
vn 0.0606 -0.9968 0.0519
vn 0.0257 -0.9923 0.1212
vn 0.0032 -0.9922 0.1245
vn -0.0076 -0.9908 0.1349
vn -0.9668 -0.0000 -0.2556
vn -0.6819 -0.7208 -0.1246
vn -0.0493 -0.9942 0.0960
vn 0.1112 -0.9762 0.1860
vn 0.0685 -0.9787 0.1935
vn 0.0006 -0.9969 0.0792
vn -0.0258 -0.9981 0.0561
vn -0.2002 -0.9679 0.1521
vn -0.2115 -0.9618 0.1741
vn -0.1728 -0.9751 0.1390
vn -0.2246 -0.9479 0.2260
vn -0.9961 -0.0000 -0.0885
vn -0.6711 -0.7375 -0.0759
vn -0.1677 -0.9760 0.1391
vn -0.0905 -0.9909 0.0998
vn 0.5583 -0.0008 -0.8296
vn 0.4133 -0.7236 -0.5528
vn -0.7298 -0.6832 -0.0265
vn 0.2034 -0.5509 0.8094
vn 0.7991 -0.5708 -0.1888
vn -0.2050 -0.0000 0.9788
vn -0.0557 -0.0000 0.9984
vn -0.2249 -0.0000 0.9744
vn -0.1775 -0.0000 0.9841
vn -0.6041 -0.6751 0.4234
vn -0.9340 0.0007 0.3572
vn -0.6465 -0.7138 0.2692
vn -0.3811 -0.9148 -0.1336
vn -0.3376 -0.9262 -0.1681
vn -0.3815 -0.9039 -0.1934
vn 0.5321 -0.5311 0.6594
vn 0.0111 -0.9995 0.0307
vn -0.5875 -0.6969 0.4114
vn -1.0000 -0.0000 -0.0077
vn 0.0764 -0.9834 0.1648
vn -0.6297 -0.6945 0.3479
vn -0.3871 -0.6928 0.6084
vn -0.5627 -0.0000 0.8267
vn 0.0601 -0.6653 0.7441
vn -0.0373 -0.6355 0.7712
vn 0.1433 -0.6746 0.7241
vn 0.0961 -0.0000 0.9954
vn 0.2145 -0.0000 0.9767
vn 0.0377 -0.0000 0.9993
vn -0.1571 -0.9785 0.1335
vn -0.4486 -0.8511 -0.2727
vn -0.4783 -0.8329 -0.2784
vn -0.0822 -0.9964 0.0211
vn -0.1214 -0.9926 0.0030
vn -0.1257 -0.9914 -0.0374
vn 0.0656 -0.9978 -0.0120
vn 0.0550 -0.9984 0.0106
vn 0.1212 -0.9922 0.0282
vn 0.1314 -0.9908 0.0315
vn 0.0913 -0.9957 0.0183
vn 0.0257 -0.9994 0.0229
vn -0.0586 -0.9975 0.0398
vn 0.0322 -0.9994 0.0093
vn 0.0195 -0.9997 0.0146
vn 0.0198 -0.9997 0.0143
vn 0.2115 -0.9750 0.0684
vn 0.2118 -0.9749 0.0686
vn -0.0023 -0.9999 -0.0145
vn 0.2196 -0.9756 0.0041
vn 0.2381 -0.9677 0.0828
vn 0.1134 -0.9829 0.1448
vn 0.2585 -0.9623 0.0852
vn 0.2028 -0.9785 0.0370
vn 0.1719 -0.9849 0.0208
vn 0.0749 -0.9919 0.1023
vn 0.2090 -0.9758 0.0636
vn 0.0029 -0.9995 0.0304
vn -0.0010 -0.9994 0.0337
vn -0.0369 -0.9930 0.1119
vn -0.6303 0.0036 0.7763
vn -0.9983 -0.0528 0.0243
vn -0.9914 -0.0477 0.1220
vn -0.5062 -0.7937 -0.3373
vn 0.0776 -0.9940 0.0773
vn -0.5072 -0.7890 -0.3467
vn -0.5074 -0.7888 -0.3469
vn -0.4795 -0.8311 -0.2816
vn 0.4265 -0.0415 -0.9035
vn -0.2700 -0.1278 -0.9543
vn -0.4861 -0.1437 -0.8620
vn -0.4723 -0.8300 -0.2967
vn -0.5073 -0.7897 -0.3450
vn -0.5070 -0.7892 -0.3466
vn -0.6125 0.0106 0.7904
vn -0.9967 -0.0719 0.0363
vn -0.9839 -0.0616 0.1679
vn -0.5413 -0.7899 -0.2882
vn -0.5051 -0.8011 -0.3211
vn -0.5094 -0.7958 -0.3275
vn -0.5197 -0.8064 -0.2822
vn 0.5376 -0.0159 -0.8430
vn -0.1983 -0.0610 -0.9782
vn -0.3234 -0.0657 -0.9440
vn -0.5388 -0.7923 -0.2863
vn -0.4841 -0.8191 -0.3078
vn -0.4934 -0.8111 -0.3140
vn -0.5270 -0.8033 -0.2777
vn -0.5365 -0.7943 -0.2850
vn -0.5250 -0.8050 -0.2763
vn -0.5474 -0.7914 -0.2719
vn -0.4704 -0.8414 -0.2662
vn -0.4654 -0.8433 -0.2690
vn -0.5300 -0.8059 -0.2639
vn 0.0780 -0.9940 0.0768
vn -0.4727 -0.8406 -0.2646
vn -0.4720 -0.8411 -0.2642
vn -0.5348 -0.8037 -0.2608
vn -0.6166 0.0070 0.7872
vn -0.9941 -0.0925 0.0568
vn -0.9792 -0.0800 0.1866
vn -0.5560 -0.7845 -0.2746
vn -0.4744 -0.8395 -0.2650
vn -0.4730 -0.8405 -0.2643
vn 0.5315 -0.0252 -0.8467
vn -0.2025 -0.0711 -0.9767
vn -0.2949 -0.0744 -0.9526
vn -0.5606 -0.7809 -0.2754
vn -0.4757 -0.8385 -0.2656
vn -0.4756 -0.8385 -0.2659
vn -0.5418 -0.7978 -0.2648
vn -0.2230 -0.0773 -0.9717
vn -0.9870 -0.0483 0.1530
vn -0.9970 -0.0548 0.0546
vn -0.3337 -0.0810 -0.9392
vn -0.4533 -0.1402 -0.8803
vn -0.1984 -0.1120 -0.9737
vn -0.9651 -0.1069 0.2391
vn -0.9910 -0.1312 0.0270
vn -0.3198 -0.0715 -0.9448
vn -0.2225 -0.0682 -0.9726
vn -0.9908 -0.0487 0.1262
vn -0.9975 -0.0531 0.0472
vn -0.9927 -0.0490 0.1099
vn -0.9978 -0.0533 0.0400
vn -0.3912 -0.0865 -0.9162
vn -0.2494 -0.0807 -0.9650
vn -0.9859 -0.0557 0.1580
vn -0.9971 -0.0638 0.0416
vn -0.3965 -0.0967 -0.9129
vn -0.2422 -0.0894 -0.9661
vn -0.3832 -0.1061 -0.9176
vn -0.2445 -0.0984 -0.9646
vn -0.9885 -0.0737 0.1318
vn -0.9963 -0.0828 0.0250
vn -0.4168 -0.1208 -0.9009
vn -0.2531 -0.1106 -0.9611
vn -0.4356 -0.1337 -0.8901
vn -0.2882 -0.1245 -0.9494
vn -0.9827 -0.0920 0.1607
vn -0.9938 -0.1042 0.0401
vn -0.9788 -0.0981 0.1796
vn -0.9929 -0.1185 -0.0108
vn 0.5270 0.0018 -0.8499
vn -0.5950 0.0135 0.8036
vn 0.4711 -0.0344 -0.8814
vn 0.0776 -0.9940 0.0774
vn -0.6252 0.0052 0.7805
vn 0.0787 -0.9940 0.0758
vn 0.4846 -0.0297 -0.8743
vn -0.5454 0.0084 0.8381
vn 0.5023 -0.0317 -0.8641
vn -0.6618 -0.0039 0.7497
vn 0.4962 -0.0258 -0.8678
vn -0.6755 0.0004 0.7373
vn 0.0801 -0.9941 0.0737
vn -0.6218 0.0084 0.7831
vn 0.4038 -0.0499 -0.9135
vn -0.6548 0.0062 0.7558
vn 0.4753 -0.0314 -0.8793
vn 0.4778 -0.0279 -0.8780
vn -0.6419 -0.0007 0.7668
vn -0.2643 -0.9542 -0.1400
vn -0.2574 -0.9568 -0.1351
vn -0.2596 -0.9554 -0.1407
vn -0.2623 -0.9615 -0.0818
vn -0.2728 -0.9466 -0.1717
vt 0.159456 -1.663920
vt 0.000068 -1.666874
vt 0.000068 -3.746370
vt 0.159456 -3.741267
vt 0.159456 0.619724
vt 0.000068 0.619679
vt 0.159456 3.049252
vt 0.000068 3.047647
vt 0.159456 4.722534
vt 0.000068 4.715996
vt 0.159456 7.015209
vt 0.000068 7.010022
vt 0.159456 9.492289
vt 0.000068 9.490468
vt 0.159456 11.512041
vt 0.000068 11.508601
vt 0.159456 13.577052
vt 0.000068 13.571310
vt 0.159456 15.840729
vt 0.000068 15.829920
vt 0.159456 17.828045
vt 0.000067 17.813219
vt 0.129891 -0.636426
vt 0.129891 0.881167
vt 0.000561 0.859328
vt 0.000561 -0.643201
vt 0.129891 2.255323
vt 0.000561 2.220485
vt 0.000237 0.552951
vt 0.000237 0.105254
vt 0.827461 0.160861
vt 0.871989 0.564189
vt 0.089285 0.000511
vt 0.089856 1.192691
vt 0.001125 1.192801
vt 0.000990 0.000898
vt 0.090407 2.330024
vt 0.001254 2.330197
vt 0.090972 3.501725
vt 0.001387 3.501657
vt 0.000629 -4.563534
vt 0.112753 -4.576303
vt 0.112753 -4.088717
vt 0.000629 -4.091529
vt 18.660833 0.691267
vt 18.734322 0.996636
vt 17.460030 0.996636
vt 17.423843 0.691267
vt -0.857002 0.691269
vt -0.841811 0.996637
vt -6.916211 0.996639
vt -6.922542 0.691269
vt 11.483070 0.691267
vt 11.503633 0.996636
vt 5.421463 0.996637
vt 5.422011 0.691267
vt -3.634768 0.877992
vt -3.725019 0.419900
vt -2.341744 0.223811
vt -2.229148 0.935111
vt -4.879999 0.884216
vt -8.489100 2.406441
vt -8.293285 1.542988
vt -7.864347 1.419161
vt -7.089423 2.239017
vt 0.000349 1.244992
vt 0.999644 1.248244
vt 0.999644 0.114261
vt 0.000349 0.122650
vt 0.000349 3.020953
vt 0.999644 3.137195
vt 0.999644 2.168380
vt 0.000349 2.141464
vt 0.999808 1.199603
vt 0.304232 1.335739
vt 0.304232 -0.325260
vt 0.999807 -0.514409
vt 0.999808 4.035394
vt 0.304232 4.256321
vt 0.304232 2.790989
vt 0.999808 2.583557
vt 0.999808 5.017943
vt 0.304232 5.230406
vt 11.369616 0.997840
vt 11.116985 0.002035
vt 7.630630 0.002035
vt 7.508359 0.997840
vt 0.999644 -0.952998
vt 0.000349 -0.971981
vt 0.000342 -0.254603
vt 0.000342 -1.771140
vt 0.999348 -1.932463
vt 0.999348 -0.414951
vt 2.148117 0.071594
vt 3.764654 0.009909
vt 3.834725 0.710993
vt 2.251588 0.734649
vt -0.989892 0.160082
vt 0.109769 0.120095
vt -0.085719 0.902047
vt -0.458169 0.906276
vt 0.000342 -3.138881
vt 0.999348 -3.202955
vt 4.296213 0.002035
vt 4.330420 0.997840
vt 0.999644 -1.775784
vt 0.000349 -1.795678
vt 0.000342 -4.761843
vt 0.999347 -4.771782
vt 6.370605 0.994403
vt 2.123394 0.994403
vt 2.124801 0.564451
vt 6.360915 0.564451
vt 0.999644 -2.833497
vt 0.000349 -2.784111
vt 1.558137 0.828486
vt 2.354479 1.060588
vt 2.139396 1.746890
vt 1.262967 1.706800
vt 0.092169 5.993203
vt 0.001669 5.992992
vt 0.001534 4.800721
vt 0.091592 4.800947
vt 0.999371 0.153869
vt 0.112753 0.215410
vt 0.112753 -1.338142
vt 0.999371 -1.418624
vt 30.528841 10.853354
vt 29.549448 11.910952
vt 28.627756 11.028076
vt 29.460955 9.801609
vt 21.242687 3.437501
vt 20.637968 4.560376
vt 18.385118 3.317855
vt 18.881720 2.241401
vt -8.055581 0.206973
vt -8.033415 0.943743
vt -10.271006 1.005868
vt -10.279967 0.194804
vt 6.677804 -0.020517
vt 6.643424 0.555367
vt 3.660025 0.572785
vt 3.683978 0.037778
vt -13.510847 0.227906
vt -13.524648 1.086002
vt -16.555603 1.104259
vt -16.542015 0.277708
vt 0.952338 0.126337
vt 0.949072 0.722990
vt -1.813936 0.818962
vt -1.757044 0.164712
vt 14.215749 0.402692
vt 13.931236 1.377716
vt 11.646842 0.822937
vt 11.851316 -0.038804
vt 23.543385 4.835944
vt 22.783705 5.993389
vt 31.481686 11.833681
vt 31.298546 13.357193
vt -5.005329 0.195681
vt -4.959839 0.880556
vt 9.276488 -0.098417
vt 9.173073 0.607234
vt 15.961281 2.018430
vt 16.311939 1.118303
vt -19.357182 1.032311
vt -19.319223 0.341431
vt 25.908134 6.652846
vt 25.225327 7.810988
vt 28.034794 8.434977
vt 27.281710 9.658146
vt 17.292883 0.340609
vt 17.144562 0.997815
vt 16.400938 0.997815
vt 16.355799 0.518136
vt 0.000157 1.951661
vt 0.000157 1.111874
vt 0.999843 0.922088
vt 0.999843 1.604082
vt 0.000157 0.254340
vt 0.000157 -0.649198
vt 0.999843 -0.515541
vt 0.999843 0.210526
vt 0.000157 -1.524523
vt 0.000157 -2.367983
vt 0.999843 -1.860895
vt 0.999843 -1.218023
vt 0.000833 1.540712
vt 0.000833 0.783143
vt 0.862560 0.762345
vt 0.862560 1.335253
vt -1.189500 0.999457
vt -1.063312 0.000352
vt 0.852703 0.000352
vt 0.568420 0.999457
vt 2.483910 0.999457
vt 2.784324 0.000352
vt 6.955519 0.000352
vt 6.541878 0.999457
vt -10.279847 0.991457
vt -10.395734 0.006055
vt -6.901276 0.006055
vt -6.836667 0.991457
vt -3.409361 0.006055
vt -3.325273 0.991457
vt 0.349866 0.006055
vt 0.358457 0.991457
vt 3.998021 0.006055
vt 4.056749 0.991457
vt 11.726221 -0.437555
vt 12.187922 -1.864233
vt 13.270914 -1.303983
vt 12.791668 0.131471
vt 9.805334 -1.279411
vt 10.309675 -2.651263
vt 11.281174 -2.244425
vt 10.812420 -0.872819
vt 7.714300 -1.825026
vt 8.096157 -3.167033
vt 9.191908 -2.994187
vt 8.755535 -1.657659
vt 5.810477 -1.756288
vt 5.784878 -3.018770
vt 6.923352 -3.167051
vt 6.613285 -1.853865
vt 0.084294 0.908391
vt -0.356803 0.323597
vt 0.032833 0.245629
vt 0.342346 0.818917
vt 1.986314 0.308651
vt 1.865074 -0.398371
vt 2.285751 -0.307596
vt 2.196220 0.323845
vt 1.534089 0.350936
vt 1.417401 -0.460698
vt 1.752772 0.314758
vt 2.361104 0.011590
vt 2.391572 -0.226269
vt 2.891849 -0.257990
vt 2.852813 -0.129179
vt -0.117245 0.997197
vt 3.369575 -0.206210
vt -1.041715 0.594044
vt -1.071709 0.938201
vt -1.346006 0.890192
vt -1.324411 0.571373
vt -0.817517 0.567852
vt -0.781594 0.938201
vt -1.591255 0.530002
vt -1.617816 0.805223
vt -1.822411 0.728366
vt -1.808062 0.480383
vt -4.701376 0.998599
vt -4.790948 0.000078
vt -10.819963 0.000078
vt -10.702453 0.998599
vt -7.576953 0.997954
vt -7.692529 0.000559
vt -11.209082 0.000559
vt -11.255484 0.997954
vt 1.187927 0.998599
vt 1.113230 0.000078
vt 3.177684 0.998379
vt 3.159505 0.001889
vt 0.627173 0.001889
vt 0.683069 0.998379
vt -3.861406 0.997954
vt -4.207367 0.000559
vt 7.664328 0.998599
vt 7.605072 0.000078
vt 5.880171 0.998379
vt 5.859226 0.001889
vt 0.531895 0.997954
vt 0.668553 0.000559
vt 13.156053 0.998599
vt 13.001367 0.000078
vt 8.782141 0.998379
vt 8.710372 0.001889
vt 4.507437 0.997954
vt 4.499465 0.000559
vt 18.532961 0.998599
vt 18.330484 0.000078
vt 10.777835 0.998379
vt 10.751699 0.001889
vt 9.079136 0.997954
vt 9.030680 0.000559
vt 7.444813 0.000559
vt 7.249716 0.997954
vt 0.724360 0.993710
vt 0.675439 0.003284
vt -4.007044 0.003284
vt -4.027479 0.993710
vt 13.518540 0.998379
vt 13.557958 0.001889
vt 12.351353 0.997954
vt 12.294428 0.000559
vt 5.027479 0.993710
vt 4.799435 0.003284
vt -17.473066 0.000078
vt -17.532961 0.998599
vt -15.084381 0.000559
vt -15.184475 0.997954
vt 4.743461 -0.045265
vt 4.484349 -0.626138
vt 5.020328 -0.919730
vt 5.315833 -0.394455
vt 5.832167 -0.719236
vt 5.564359 -1.244878
vt 6.023544 -1.607834
vt 6.364422 -1.042552
vt 6.933228 -1.428889
vt 6.511027 -2.103174
vt 7.027457 -2.681969
vt 7.507142 -1.846376
vt 4.259152 0.230712
vt 4.003483 -0.376450
vt 3.762455 0.472906
vt 3.533937 -0.130640
vt -0.907721 0.741447
vt -1.414283 0.717291
vt -1.356745 -0.278887
vt -0.927045 -0.386554
vt 0.388186 0.942441
vt 0.285554 -0.217640
vt 0.883849 -0.185223
vt 1.145620 0.942443
vt 2.239587 0.802733
vt 1.973168 -0.052627
vt 2.574617 -0.055671
vt 2.842283 0.798970
vt -0.206064 0.893685
vt -0.225945 -0.262191
vt 1.691666 0.875403
vt 1.455544 -0.162186
vt 3.279575 0.664281
vt 3.059360 -0.014469
vt -0.662131 0.790764
vt 7.950037 -3.264464
vt 8.436614 -3.485552
vt 8.509119 -3.333245
vt 7.599353 -3.066681
vt 7.945698 -2.114519
vt 8.917924 -3.815600
vt 9.045396 -3.562498
vt 9.368007 -4.187360
vt 9.562241 -3.755152
vt 6.195927 0.364191
vt 9.272347 0.618904
vt 9.339460 0.975824
vt 6.241631 0.799554
vt 0.949446 6.519031
vt 1.000420 6.515588
vt 1.000332 5.603508
vt 0.949623 5.598726
vt -1.998934 0.709920
vt -1.916713 -0.004583
vt 0.001741 0.562417
vt 0.002066 1.493122
vt 0.101178 1.493122
vt 0.104313 0.562417
vt 8.809448 0.000401
vt 10.180502 0.000401
vt 10.185053 0.574674
vt 8.812792 0.574674
vt 3.410700 1.579543
vt 2.599649 0.217070
vt 3.628280 0.904531
vt 0.000879 0.550703
vt 0.448835 1.002607
vt 0.865519 0.420524
vt 0.416904 0.020896
vt 0.999843 2.261464
vt 0.000157 2.671743
vt -1.944224 0.996530
vt -1.756881 0.000626
vt -0.043013 0.000626
vt -0.126362 0.996530
vt 0.664628 0.996392
vt 8.497412 0.996392
vt 8.514360 0.591866
vt 0.654112 0.591866
vt 1.634881 0.000626
vt 1.648350 0.996530
vt 19.807730 0.998679
vt 19.188217 0.001431
vt 11.956201 0.001431
vt 12.377803 0.998679
vt -7.538756 4.726583
vt -8.716030 5.377090
vt -8.526747 4.516380
vt -7.742744 4.116796
vt 0.705933 0.513276
vt 0.000072 0.000072
vt 0.991095 0.310449
vt 0.338422 3.366780
vt 0.992397 3.295323
vt 0.992397 1.781219
vt 0.338422 1.860943
vt 0.338422 -2.541756
vt 0.992397 -2.598215
vt 0.992397 -4.082838
vt 0.338422 -4.082838
vt 0.992397 0.212646
vt 0.338422 0.284717
vt 0.992397 -1.106844
vt 0.338422 -1.055456
vt 5.368425 0.001431
vt 5.676769 0.998679
vt 2.661605 0.775833
vt 2.005890 1.105562
vt 1.518627 0.434288
vt 2.111900 -0.044392
vt 3.004341 -0.751549
vt 2.095446 -1.575170
vt 2.667271 -2.243268
vt 3.341588 -0.973567
vt 2.228176 0.503737
vt 1.761944 -0.366649
vt 2.344141 -0.771684
vt 2.840898 0.190383
vt -1.608423 0.997548
vt -1.574606 0.580262
vt 9.071064 0.580262
vt 9.061516 0.997548
vt 0.166480 -0.176417
vt 0.791466 0.209635
vt 0.097974 0.202238
vt -0.059366 0.940239
vt 0.610899 0.881554
vt 0.173389 1.786101
vt -0.222213 1.353215
vt 1.087286 0.331356
vt 0.949703 -0.588572
vt 4.631690 -1.535207
vt 4.764591 -2.830226
vt 5.077953 -1.627235
vt 3.712569 -1.195308
vt 3.295856 -2.239367
vt 3.926139 -2.560074
vt 4.162809 -1.380966
vt 3.406126 -1.148131
vt 2.459509 -2.230148
vt 3.094971 -3.042045
vt 3.966004 -1.559534
vt 1.926746 0.169651
vt 1.891304 -0.145900
vt 0.293107 -0.247633
vt 0.685919 -0.343599
vt 0.886358 0.494613
vt 0.706317 0.551839
vt -0.584261 0.510403
vt -0.499588 0.920117
vt -0.340164 0.441186
vt -0.241612 0.897562
vt 0.998631 0.233765
vt 0.998631 0.128235
vt 0.346117 0.122684
vt 0.251917 0.244130
vt 0.329963 0.268548
vt 0.400883 0.144128
vt 0.997780 0.143201
vt 0.997780 0.258017
vt 0.998088 -0.733733
vt 0.998088 -0.370412
vt 0.000013 -0.345765
vt 0.000013 -0.704597
vt 0.000028 -1.132266
vt 0.000028 -0.700499
vt 0.996688 -0.505395
vt 0.996688 -0.901908
vt 0.998088 0.039714
vt 0.998088 0.479782
vt 0.000013 0.379937
vt 0.000013 0.012199
vt 0.000028 -0.221056
vt 0.000028 0.364295
vt 0.996688 0.438220
vt 0.996688 -0.054585
vt 0.998088 0.910429
vt 0.998088 1.307593
vt 0.000013 0.994704
vt 0.000013 0.721078
vt 0.000028 0.943129
vt 0.000028 1.556048
vt 0.996688 1.397434
vt 0.996688 0.932598
vt 0.997915 1.277866
vt 0.997915 0.884719
vt 0.000016 0.690687
vt 0.000016 0.931636
vt 0.000212 1.770410
vt 0.000212 1.187194
vt 0.997914 0.996233
vt 0.997914 1.400462
vt 0.997915 0.469777
vt 0.997915 0.141489
vt 0.000016 0.243343
vt 0.000016 0.450026
vt 0.000212 0.584201
vt 0.000212 0.113504
vt 0.997914 0.237088
vt 0.997914 0.571775
vt 0.940980 0.996141
vt 0.136698 0.996141
vt 0.235706 0.002177
vt 0.672736 0.999290
vt 0.674047 0.566280
vt 1.766135 0.566280
vt 1.748310 0.999290
vt -0.572407 0.999290
vt -0.591042 0.566280
vt -3.338449 2.579555
vt -2.952170 1.998954
vt -2.374383 2.360592
vt -2.684608 3.049948
vt -1.605151 2.707340
vt -1.793744 3.389693
vt -1.456020 0.998440
vt 0.112594 0.998440
vt 0.116660 0.578138
vt -1.467243 0.578138
vt 1.630953 1.778800
vt 0.987749 2.030730
vt 0.336439 1.278494
vt 0.996671 0.983143
vt 5.384680 0.572667
vt 5.356582 0.993272
vt 2.921306 0.993272
vt 2.939362 0.572667
vt 1.503050 0.607818
vt 2.201755 1.391211
vt 5.422867 0.008865
vt 2.969403 0.008865
vt -0.552685 0.607272
vt -1.017637 0.255395
vt -1.020882 0.006286
vt -0.379015 -0.016438
vt 0.000070 -0.832663
vt 0.998015 -0.896967
vt 0.998015 -2.182881
vt 0.000070 -2.104758
vt 0.000070 0.364963
vt 0.998015 0.262287
vt 0.000070 1.734768
vt 0.998015 1.626115
vt 0.998015 -3.515913
vt 0.000070 -3.504776
vt 0.000070 3.046531
vt 0.998015 2.928530
vt -1.146888 -0.137395
vt -0.984857 -0.330287
vt -1.146888 -0.006213
vt 0.855604 0.999150
vt -2.005566 0.999150
vt -2.059968 0.589160
vt 0.841255 0.589160
vt 2.262590 0.564965
vt 2.280805 0.992738
vt 1.251594 0.992738
vt 1.253562 0.564965
vt -2.122508 0.683864
vt -1.572361 0.774393
vt -2.096682 0.906417
vt -1.618090 0.000016
vt 2.235487 0.000016
vt 2.191788 0.999849
vt -1.750111 0.999849
vt -5.170716 0.691176
vt -5.328377 0.210123
vt -3.866465 0.096391
vt -3.904047 0.587971
vt -1.782109 0.125202
vt -1.819428 0.593980
vt 0.367970 0.169549
vt 0.329680 0.598463
vt 2.125327 0.203129
vt 2.071856 0.637519
vt -3.049065 0.656603
vt -2.834826 0.318132
vt -2.576381 0.377792
vt -2.680804 0.867487
vt 4.185967 0.237014
vt 4.162827 0.654445
vt -0.465956 0.224579
vt -0.100872 1.647765
vt -0.680564 0.364152
vt -1.058478 1.862370
vt -2.144904 2.413055
vt -1.217509 1.676077
vt -0.883482 0.565317
vt -0.581356 1.807816
vt -1.115289 0.668884
vt -1.110842 1.918161
vt -1.333768 0.720714
vt -0.224686 0.554556
vt 0.980639 0.984983
vt -0.261543 0.750709
vt -2.333200 2.055114
vt -1.388142 1.499887
vt -0.274940 0.124594
vt 0.342085 1.495409
vt -0.284300 0.974667
vt 1.210482 1.226920
vt -0.292679 1.207977
vt 0.207106 0.992738
vt 0.194035 0.564965
vt -0.043446 0.386920
vt 0.035413 0.864034
vt 0.032052 0.958860
vt -0.304917 0.702316
vt -0.312334 0.240339
vt 0.043111 0.285650
vt -0.915895 0.285840
vt -1.739614 -0.257988
vt -0.897913 0.066952
vt 0.241384 0.406206
vt 0.354420 0.845609
vt 1.936017 -1.510109
vt 1.733344 -1.907870
vt 2.076908 -1.896498
vt 2.258033 -2.236292
vt -0.734659 0.715831
vt -1.285751 0.607804
vt -1.285751 -0.265815
vt -0.634935 -0.220951
vt 0.650659 0.412728
vt 0.744998 0.841954
vt 1.273089 0.745463
vt 0.881938 0.804046
vt 0.685554 0.073674
vt 1.216335 -0.077850
vt 1.008039 0.330852
vt 1.137844 0.793881
vt 0.487704 1.074417
vt 0.178591 0.446955
vt 0.765599 0.366999
vt 1.235806 0.057522
vt 1.566903 0.938567
vt 0.940335 0.990301
vt 0.617313 0.003337
vt -0.112549 0.995006
vt -0.911102 0.083592
vt -0.124003 0.585794
vt 0.928577 0.585794
vt 0.937510 0.999879
vt -0.111440 0.999879
vt 0.970016 0.382943
vt 0.915327 0.851958
vt 0.027409 0.738176
vt -0.730214 -0.474445
vt -0.885927 -1.458543
vt 1.052565 -1.458540
vt 1.173272 -0.128170
vt 1.511084 1.000267
vt 1.916517 1.000267
vt 1.903652 0.880490
vt -1.271056 0.999879
vt -1.279447 0.585794
vt -2.714775 0.999879
vt -2.747828 0.585794
vt 6.579582 0.593738
vt 6.587026 0.999126
vt 4.551857 0.999126
vt 4.542059 0.593738
vt -0.601041 0.222783
vt -0.539080 0.714676
vt -1.127213 0.787414
vt -1.218127 0.298692
vt 0.017648 0.177877
vt 0.047029 0.667181
vt -0.401913 0.593738
vt -0.402207 0.999126
vt -3.013867 0.999126
vt -3.006103 0.593738
vt 0.000016 0.042179
vt 0.997915 -0.186796
vt 0.997915 -0.419590
vt 1.344168 1.802105
vt 0.814735 2.334288
vt 0.648685 1.514491
vt 1.081615 1.480044
vt 0.492071 1.000267
vt 0.512052 0.000296
vt -0.092541 0.000296
vt -0.055667 1.000267
vt 0.557972 0.761740
vt 0.574603 0.418186
vt 0.733905 0.636255
vt 2.231228 1.000267
vt 2.245254 0.650429
vt 0.690923 0.993304
vt 0.746476 0.700243
vt 3.257714 0.708219
vt 3.283072 0.993304
vt 1.819195 0.000296
vt 1.139438 0.000296
vt 1.001426 1.000267
vt -0.447000 0.001850
vt -0.469288 0.995159
vt -1.093847 0.995159
vt -1.378864 0.001850
vt -0.106050 0.201933
vt 1.005272 0.737328
vt -0.185909 0.363219
vt 0.119383 -0.127831
vt 1.060350 0.479363
vt -0.018553 0.045542
vt 1.377066 0.990943
vt -0.598960 0.990943
vt -0.348872 0.005928
vt 1.557350 0.005928
vt 1.615651 0.008230
vt 0.342164 0.862009
vt -0.427188 0.004292
vt -2.040605 0.592433
vt -2.007434 0.408800
vt 0.410146 0.216186
vt 0.592406 0.763698
vt 13.156631 0.439593
vt -6.604362 0.999614
vt -2.174959 0.999614
vt -2.193027 0.594550
vt -6.526616 0.594550
vt 12.233320 0.750535
vt 14.214230 -0.658065
vt 15.054775 0.100430
vt 14.218924 1.220097
vt 13.521591 0.747715
vt 13.764563 1.895296
vt 13.192848 1.415289
vt 0.740249 0.201614
vt 0.844614 0.737152
vt -2.207680 0.448345
vt -2.184193 0.354378
vt 0.000061 13.734033
vt 0.000061 12.546926
vt 0.092257 12.525374
vt 0.092258 13.688881
vt 12.910999 2.006677
vt 13.455032 2.376189
vt 12.866524 3.392464
vt 12.553162 2.857073
vt 1.000235 4.595580
vt 0.949823 4.583368
vt -1.555709 0.762844
vt -1.200629 -0.490305
vt 0.123181 -0.352382
vt -0.103968 0.805571
vt -2.948748 0.353418
vt -2.177168 0.230331
vt -1.937562 0.788186
vt -2.751646 0.806170
vt 1.131265 -0.296673
vt 0.741881 0.792773
vt -1.595831 0.499656
vt -1.122603 0.462970
vt -0.988305 0.848474
vt -1.477944 0.891859
vt -7.176390 1.032657
vt -5.560695 0.674019
vt -5.149582 1.622244
vt -6.668772 2.066227
vt 1.124807 0.753609
vt 1.058629 0.221421
vt 1.417884 0.288274
vt 1.455082 0.791278
vt 0.000060 10.581471
vt 0.000059 8.651403
vt 0.999941 8.384407
vt 0.999941 10.266442
vt -1.317262 0.133228
vt -0.546192 0.040766
vt -0.398357 0.608233
vt -1.109190 0.666264
vt -3.778162 0.411661
vt -2.248555 0.286788
vt -1.966782 1.179686
vt -3.545502 1.332244
vt -0.526461 0.421247
vt -0.012491 0.374804
vt 0.043751 0.806690
vt -0.444439 0.826100
vt 1.882060 0.376567
vt 2.318010 0.430110
vt 2.229362 0.884538
vt 1.869956 0.846434
vt 2.324363 0.135670
vt 2.541746 0.061504
vt 2.418156 1.050023
vt 2.162524 1.044377
vt 1.909818 0.087725
vt 1.804216 0.987613
vt 1.721860 0.066734
vt 0.245024 -0.276821
vt 1.173055 0.035559
vt 2.162654 0.157499
vt 1.504735 0.027119
vt 1.406426 0.958830
vt 1.298097 -0.014355
vt 0.175140 0.355612
vt 0.639189 0.344481
vt 0.708944 0.822476
vt 0.298742 0.797952
vt 2.798098 0.484781
vt 2.680547 0.956320
vt 2.360805 0.897621
vt -6.648810 -0.180868
vt -4.707379 -1.176295
vt -2.986135 0.685432
vt -5.015953 1.651790
vt 0.000060 4.908041
vt 0.000060 3.018472
vt 0.999941 3.126876
vt 0.999941 4.734914
vt 3.112656 1.205860
vt 3.406105 0.514138
vt 3.526627 0.667459
vt 1.121876 0.336781
vt 5.102592 0.336781
vt 5.109938 0.747657
vt 1.155263 0.747657
vt 1.257581 0.346448
vt 1.193495 0.832293
vt 4.131481 0.832293
vt 4.165784 0.346448
vt -0.143672 -0.007362
vt 0.509430 -0.007365
vt 0.715425 0.580174
vt 0.103801 0.570287
vt -1.167987 0.205132
vt 0.148138 0.226408
vt 0.476137 0.997067
vt -0.863190 1.054955
vt -5.668646 0.336781
vt -3.087428 0.336781
vt -3.000568 0.747657
vt -5.560606 0.747657
vt -8.403816 0.336781
vt -8.252313 0.747657
vt 20.933807 0.995768
vt 20.944468 0.580103
vt 18.522888 0.580103
vt 18.521263 0.995768
vt 0.991552 -0.000230
vt 0.991552 0.150833
vt 0.611092 0.117430
vt 0.611092 -0.020707
vt 1.234289 0.582252
vt -0.223221 0.582252
vt -0.206036 0.990314
vt 1.166423 0.990314
vt -3.454842 0.488755
vt -2.630749 0.155881
vt -2.148398 0.819198
vt -2.793512 1.356637
vt 3.840272 0.255128
vt 4.474203 0.600125
vt 3.949495 1.433214
vt 3.260076 0.916549
vt -1.284342 -2.166570
vt -0.840479 -1.528125
vt -2.366433 -0.877780
vt -2.787628 -1.537566
vt 3.754624 -0.421821
vt 4.102171 -0.513263
vt -1.739935 1.210170
vt -2.203549 1.795822
vt -1.268009 1.520274
vt -1.549209 2.165597
vt -3.945476 0.993520
vt -2.280853 0.993520
vt -2.285755 0.583873
vt -3.967819 0.583873
vt -0.842501 2.433334
vt -0.688496 1.765355
vt -0.086020 1.909751
vt -0.121511 2.620777
vt -0.401819 0.997742
vt -2.695509 0.997742
vt -2.736058 0.539635
vt -0.410483 0.547178
vt 5.386090 0.004069
vt 5.399437 0.304502
vt -0.853632 0.304503
vt -0.876760 0.004070
vt -4.934958 0.997742
vt -4.980781 0.641286
vt 11.442691 0.004069
vt 11.473433 0.304502
vt 1.837971 0.997742
vt 1.824606 0.571651
vt -6.919413 0.304503
vt -6.897623 0.004070
vt -12.883251 0.551501
vt -13.535336 0.997850
vt -13.774914 0.551501
vt 18.652258 0.004068
vt 18.619951 0.304502
vt 17.365084 0.304502
vt 17.331844 0.004068
vt -6.747211 1.139612
vt -5.163483 0.816328
vt -5.037189 1.932719
vt -10.164801 0.304505
vt -13.410189 0.304506
vt -13.406380 0.004073
vt -10.152001 0.004072
vt 9.051598 0.995768
vt 13.994276 0.995768
vt 13.992548 0.580103
vt 9.048848 0.580103
vt 4.223090 0.997742
vt 3.040703 0.609277
vt 4.255769 0.721843
vt -17.674921 0.304506
vt -17.714741 0.004073
vt 0.000163 0.995487
vt 0.979890 0.995487
vt 0.662235 0.000058
vt 0.317818 0.000058
vt -10.170623 0.996640
vt -13.425035 0.996640
vt -13.423544 0.691269
vt -10.173043 0.691269
vt -17.734322 0.996640
vt -17.682219 0.691269
vt 0.606150 0.189089
vt 0.701481 0.806920
vt -1.414274 0.490348
vt -1.597410 -0.251175
vt 0.334506 -0.572002
vt 0.443025 0.257356
vt -1.284273 0.315510
vt -0.105887 0.878908
vt -1.184390 0.947193
vt -2.780563 0.704895
vt -2.915414 -0.069637
vt 4.208664 0.095806
vt 2.291875 0.108085
vt 2.116561 -0.621623
vt -3.196246 0.431124
vt -2.671061 -0.328333
vt -2.655260 0.204815
vt 0.226454 0.898503
vt -0.331197 1.222654
vt -1.280944 0.746265
vt -0.351325 -1.049083
vt 0.146648 0.809933
vt 0.124231 0.809933
vt 0.125276 0.793798
vt 0.145412 0.793797
vt 1.588129 0.273687
vt 1.689897 0.002788
vt -0.208639 0.002788
vt -2.739088 0.163883
vt -2.730616 0.004458
vt -0.463620 0.010351
vt -0.414367 0.210359
vt -4.995650 0.247793
vt -5.017250 0.033547
vt 5.770800 0.695038
vt 5.778476 0.424447
vt 6.569965 0.600173
vt 0.001832 0.999568
vt 0.179497 0.004990
vt 0.817048 0.004990
vt 0.994713 0.999568
vt 0.134441 0.997840
vt 0.181659 0.002035
vt -4.115733 0.002035
vt -4.152422 0.997840
vt -6.345406 0.994403
vt -6.344351 0.564451
vt -2.112780 0.564451
vt -2.115816 0.994403
vt -10.585948 0.994403
vt -10.586308 0.564451
vt -10.922404 0.997840
vt -10.849570 0.002035
vt -13.112680 0.002035
vt -13.423563 0.997840
vt -0.646642 0.993520
vt 1.213571 0.993520
vt 1.234901 0.583873
vt -0.636710 0.583873
vt 0.574515 0.002175
vt 1.364097 0.691426
vt 0.488626 0.989065
vt 0.813113 0.511577
vt 0.802607 0.999856
vt 1.454473 1.000040
vt 1.538240 0.324234
vt 3.385245 0.283785
vt 3.102574 0.993736
vt 4.523867 0.993736
vt 4.793291 0.287573
vt 0.024295 0.960772
vt 0.000237 0.772728
vt 0.928176 0.787499
vt 0.982981 0.960773
vt -1.241157 0.230441
vt 1.373645 0.509684
vt 1.372981 0.641339
vt 0.999928 0.000072
vt 0.129891 -2.266986
vt 0.000561 -2.264680
vt 0.999757 0.504101
vt 0.053123 0.499032
vt 0.053123 0.764886
vt 0.999757 0.748356
vt 0.717683 2.764048
vt 0.631320 2.018662
vt 1.354783 2.007284
vt 1.547400 2.764051
vt 2.023396 2.310093
vt 1.530440 1.928633
vt 0.932202 2.045873
vt 0.606916 0.785331
vt 1.366284 0.670306
vt -0.732603 1.576111
vt -0.211960 0.596321
vt -0.207163 1.854030
vt -14.182490 0.997840
vt -13.985446 0.002035
vt -0.734028 -0.107252
vt -1.982316 0.129876
vt -1.035196 -0.811888
vt 1.085710 0.659067
vt 2.086701 0.003396
vt 1.175825 0.003396
vt 0.812638 0.003955
vt 1.493243 0.994122
vt 0.804538 0.994122
vt 0.162540 0.003955
vt -4.071124 0.998909
vt -4.060282 0.607069
vt -8.004767 0.607069
vt -8.032997 0.998909
vt -2.826515 -0.824989
vt -2.548128 -1.482652
vt -1.393364 -1.197471
vt 0.000349 3.663369
vt 0.468163 3.728426
vt 10.087415 0.999098
vt 10.094074 0.576632
vt 5.342736 0.576632
vt 5.332967 0.999098
vt 7.393685 0.991457
vt 7.381040 0.006055
vt 11.380868 0.006055
vt 11.395734 0.991457
vt 3.344976 0.574674
vt 3.376636 0.999532
vt 0.263079 0.999532
vt 0.250322 0.574674
vt 0.998342 -0.890545
vt 0.998342 -1.209153
vt 0.067781 -0.482494
vt 0.067781 -0.110128
vt -2.847551 0.999532
vt -2.845813 0.574674
vt 0.992397 4.196721
vt 0.338422 4.266104
vt 0.356065 3.676092
vt 0.740605 3.726583
vt 3.912691 0.999150
vt 3.813467 0.589160
vt -1.546896 1.110522
vt -2.125263 -0.220070
vt -0.694423 -1.462436
vt 0.063904 0.101865
vt -2.984613 1.926139
vt -3.433128 0.906063
vt -5.947884 3.808526
vt -6.247763 3.084645
vt -4.717892 1.958184
vt -4.337145 2.796967
vt 9.028935 0.002631
vt 13.105101 0.002631
vt 13.051503 0.276924
vt -0.637126 0.998679
vt -0.975273 0.001431
vt -8.230559 0.001431
vt -7.847420 0.998679
vt -23.075142 0.997548
vt -23.010807 0.580262
vt -12.244042 0.580262
vt -12.289013 0.997548
vt 0.000233 0.326685
vt 0.122659 0.452647
vt 0.000233 0.512554
vt 9.728304 -3.091176
vt 9.437644 -3.626180
vt 10.067577 -3.954054
vt 10.322935 -3.384579
vt -10.046193 0.001889
vt -9.965558 0.998379
vt -7.352658 0.998379
vt -7.467665 0.001889
vt 2.495509 0.617581
vt 1.603164 1.150195
vt 1.699275 -0.151918
vt -12.557958 0.001889
vt -12.416516 0.998379
vt 2.197598 -0.025961
vt 1.782026 0.650729
vt 1.917817 -0.052811
vt 1.654232 -0.003326
vt 0.722865 0.002799
vt 0.863256 0.812086
vt 2.021095 0.843362
vt 1.919083 0.002799
vt 1.678701 0.260418
vt 1.864795 0.317513
vt 1.565375 0.620873
vt 0.354962 0.635117
vt 0.230888 0.698337
vt 0.198403 0.424463
vt 0.382269 0.503746
vt 0.000068 0.468342
vt 0.176557 0.392155
vt 0.997780 0.380787
vt 0.997780 0.460656
vt 0.998631 0.420058
vt 0.998631 0.346630
vt 0.150696 0.347820
vt 0.002969 0.427838
vt -0.853545 3.610660
vt -0.796726 2.884293
vt 0.206713 2.856673
vt 0.279995 3.610661
vt 0.418030 0.377266
vt 1.856850 0.448794
vt 1.876076 0.997269
vt 0.638466 0.997269
vt 6.736265 0.000016
vt 6.814290 0.999849
vt -0.468986 -1.930410
vt 1.126258 -1.392474
vt -0.988834 0.992738
vt -1.035769 0.564965
vt 1.631558 0.005965
vt 0.772338 0.997498
vt -0.631558 0.005965
vt 1.366410 0.217832
vt 1.290265 0.661823
vt 0.671990 0.638974
vt 0.684522 0.172574
vt 126.892616 0.568180
vt 126.930832 -0.000402
vt 134.996674 -0.000402
vt 134.955261 0.993629
vt 87.191315 0.568180
vt 87.243408 -0.000402
vt 93.876480 -0.000402
vt 93.827713 0.568180
vt 80.811691 0.568180
vt 87.188042 0.993629
vt 80.808029 0.993629
vt -4.575425 0.998379
vt -4.651131 0.001889
vt -1.896294 0.998379
vt -2.005128 0.001889
vt 13.056131 -4.856388
vt 12.821775 -5.367195
vt 13.302102 -5.669142
vt 13.454207 -5.102178
vt 1.211010 0.107427
vt 1.182622 0.774639
vt -0.236164 0.910310
vt 0.066120 0.060446
vt 2.186565 0.000397
vt 1.703948 0.999535
vt 0.637495 0.999535
vt 0.715892 0.000397
vt 1.026195 1.216494
vt 1.170437 -0.425196
vt 2.606401 -0.557145
vt 0.054920 0.570144
vt -0.158935 0.258817
vt 0.749462 0.043272
vt 0.491876 0.498405
vt 0.000475 0.525578
vt 0.072661 0.526008
vt 0.052026 0.000366
vt -0.000367 0.000715
vt 1.373251 0.155345
vt 0.684247 0.346533
vt 1.029948 -0.000393
vt 0.369678 0.126449
vt 2.069009 0.380385
vt 2.131691 0.571501
vt 1.400494 0.135040
vt 2.038443 0.062142
vt -0.452419 0.466232
vt 4.928179 0.002788
vt 3.509594 0.002788
vt -1.183806 0.062142
vt 5.675403 0.424693
vt 6.926881 0.296673
vt 7.602730 1.275669
vt 5.711576 1.604674
vt 3.215411 0.587134
vt 3.317218 2.016461
vt 0.000068 -5.946434
vt 0.159457 -5.942640
vt -3.894647 0.994408
vt -4.027313 0.002834
vt 0.135944 0.002834
vt 0.220299 0.994408
vt 0.315584 0.828915
vt 1.406024 1.369615
vt 1.046811 1.776826
vt 6.831566 0.004990
vt 7.331044 0.994983
vt 10.632416 0.994983
vt 10.330611 0.004990
vt 1.439793 0.691751
vt -0.659078 0.684628
vt 1.630357 -0.024420
vt 1.850531 -1.166312
vt 1.040311 -1.457903
vt 4.725904 0.994408
vt 4.548437 0.002834
vt 8.864249 0.002834
vt 8.935002 0.994408
vt 12.397866 -5.154987
vt 12.659289 -4.628162
vt 11.620957 -5.558070
vt 12.516675 -6.085211
vt 12.530167 -5.282044
vt 12.158393 -5.095935
vt -2.739874 2.229913
vt -3.216803 1.501975
vt -2.805642 1.342319
vt 11.656693 -4.920887
vt 11.825811 -4.955392
vt 12.094125 -4.347765
vt 10.092393 -4.712518
vt 10.567438 -4.374859
vt 10.114699 -4.042702
vt -2.582781 1.553949
vt -2.902203 0.937442
vt -2.068927 0.624712
vt -1.849172 0.923451
vt 10.858326 -5.112442
vt 11.135089 -4.689509
vt 11.231059 -4.691567
vt 11.530711 -4.034860
vt 10.583803 -4.332791
vt 10.908293 -3.699436
vt -1.645698 1.224865
vt 0.044221 0.560966
vt -0.874051 0.602229
vt -0.789197 -0.280822
vt -0.144811 -0.238409
vt 5.178183 0.440278
vt 5.167197 0.842347
vt 2.176703 0.920509
vt 2.180363 0.473280
vt -31.259792 0.473399
vt -31.307079 1.118360
vt -34.084370 0.786510
vt -34.079941 0.520225
vt -28.346216 0.449438
vt -28.374056 1.108699
vt -25.223257 0.423745
vt -25.254152 1.155498
vt -22.250435 0.399147
vt -22.251099 1.055089
vt 0.488979 0.878026
vt 0.488979 0.634942
vt 0.939876 0.778290
vt 0.939876 1.050274
vt 0.001918 -0.033224
vt 0.001918 0.164503
vt 0.499192 0.106971
vt 0.499192 -0.152068
vt 0.008363 -1.538599
vt 0.008363 -1.322055
vt 0.303725 -1.104581
vt 0.372463 -1.293990
vt 0.991552 -0.279453
vt 0.991552 -0.162037
vt 0.611092 -0.162879
vt 0.611092 -0.281450
vt 0.991552 0.749286
vt 0.991552 0.912710
vt 0.611093 0.698190
vt 0.611093 0.581955
vt 0.001489 -0.646149
vt 0.001489 -0.286930
vt 0.152501 -0.252447
vt 0.193744 -0.575978
vt 0.118132 0.182276
vt 0.998241 0.248205
vt 0.998241 -0.113367
vt 0.611092 0.274333
vt 0.611093 0.428080
vt 0.396774 0.381946
vt 0.286661 0.231554
vt 1.315579 0.607931
vt 1.343755 0.996297
vt 2.674960 0.996297
vt 2.751821 0.607931
vt 1.024333 0.571147
vt 0.060787 0.571147
vt 0.094416 0.987511
vt 1.010239 0.987511
vt -6.325849 -0.054879
vt -4.910467 -0.418223
vt -2.900528 -0.017855
vt -3.519560 1.846122
vt 0.043972 1.154459
vt 0.321952 0.407908
vt 0.695325 1.154460
vt 0.566413 0.795739
vt 0.574430 0.678766
vt -0.572021 0.932696
vt -0.974819 0.507267
vt -0.515891 0.109452
vt -0.207459 0.345087
vt 0.000207 3.883538
vt 0.999272 3.931737
vt 0.999272 2.991887
vt 0.000207 2.907255
vt 0.517067 0.542463
vt 0.017671 0.005667
vt 0.016173 0.586856
vt 0.993443 0.586856
vt 1.007156 0.005667
vt 0.201682 0.092046
vt 0.454040 0.093096
vt 0.289062 0.256539
vt 1.339969 0.550945
vt 0.425884 0.550945
vt 0.364722 0.987461
vt 1.364588 0.987461
vt 0.629095 3.886591
vt 0.062631 3.729823
vt 0.997823 3.611490
vt 0.997823 3.789860
vt -0.147693 0.607931
vt -0.159706 0.996297
vt -0.937657 0.586856
vt -0.879933 0.993045
vt -0.003030 0.993045
vt 0.834965 0.650712
vt 0.964114 0.126855
vt 2.476763 0.101609
vt 2.354867 0.464715
vt -0.305463 -0.693776
vt -0.806634 -0.309752
vt -0.992875 -0.608320
vt -0.198130 -0.203350
vt -0.418152 -0.308495
vt -0.119851 -0.551790
vt -0.010856 -0.559231
vt -12.645908 0.003181
vt -9.273743 0.003181
vt -9.273743 0.545197
vt -12.646720 0.545197
vt -5.222914 0.003181
vt -1.176143 0.003181
vt -1.175337 0.545197
vt -5.222378 0.545197
vt 3.004992 0.003181
vt 3.006075 0.545197
vt 7.180256 0.003181
vt 11.589727 0.003181
vt 11.590425 0.545197
vt 7.181153 0.545197
vt 0.000207 -0.650905
vt 0.999272 -0.552393
vt 0.999272 -1.769341
vt 0.000207 -1.863220
vt 0.055866 -1.313204
vt 0.997281 -1.276484
vt 0.997281 -2.217801
vt 0.055866 -2.255106
vt 0.000207 1.734332
vt 0.999272 1.828205
vt 0.999272 0.664528
vt 0.000207 0.561410
vt 0.055866 2.867143
vt 0.997281 2.930394
vt 0.997281 2.242795
vt 0.055866 2.186166
vt 0.999272 -3.053358
vt 0.000207 -3.143579
vt -20.771811 2.035679
vt -20.684969 1.946770
vt -20.703993 2.007946
vt 0.055866 -0.414515
vt 0.997281 -0.359973
vt 0.055866 1.335948
vt 0.997281 1.398968
vt 0.997281 0.553168
vt 0.055866 0.484426
vt -4.177361 0.004707
vt -4.186104 0.595836
vt 1.455939 0.595836
vt 1.456369 0.004707
vt 0.062631 -3.123898
vt 0.062630 -3.736129
vt 0.997823 -3.744330
vt 0.997823 -3.183962
vt 0.000060 0.496549
vt 0.081320 0.798762
vt 0.999940 0.798762
vt 0.905240 0.441975
vt 2.634893 -0.379558
vt 2.570713 1.297872
vt 2.006487 1.108616
vt 3.520226 0.014798
vt 3.357989 0.331635
vt 1.996120 0.462713
vt 2.135301 0.179676
vt -2.011660 -0.240063
vt -2.140491 0.125009
vt -3.557906 -0.191524
vt -3.409404 -0.609847
vt 0.595283 0.998517
vt 0.573240 0.546875
vt -2.319365 0.546875
vt -2.356328 0.998517
vt 0.006188 1.239002
vt 0.993812 1.222579
vt 0.993812 2.495593
vt 0.006188 2.409063
vt 0.002637 -0.599976
vt 0.997363 -0.566376
vt 0.997363 -0.021687
vt 0.002637 0.006407
vt -19.387066 0.995937
vt -14.631809 0.995937
vt -14.634239 0.595836
vt -19.393806 0.595836
vt 0.006188 -2.097233
vt 0.993812 -2.254004
vt 0.993812 -1.134413
vt 0.006188 -0.983731
vt 0.993812 0.042319
vt 0.006188 0.128919
vt 0.400852 -0.640861
vt 0.581963 -0.625076
vt 0.581963 -0.157600
vt 0.400852 -0.163464
vt -2.291920 0.496530
vt -2.203059 1.100618
vt -2.761215 1.259466
vt -2.878388 0.695512
vt -0.878549 0.937439
vt -0.867727 0.459964
vt 0.491492 0.927483
vt 0.740685 0.829742
vt 0.886531 1.159434
vt 21.346123 0.004707
vt 18.694639 0.004707
vt 18.721394 0.595836
vt 21.388279 0.595836
vt -1.890576 -0.300456
vt -3.232416 -0.828641
vt 5.839953 1.167949
vt 5.868770 0.916889
vt 8.604307 1.034047
vt 8.701449 1.168029
vt -0.523267 1.135224
vt -0.506330 0.887715
vt 2.599684 0.920097
vt 2.568501 1.158141
vt 2.742357 0.459993
vt 2.502786 -0.020419
vt 3.665879 -0.339167
vt 3.808744 -0.092839
vt -3.568962 1.097483
vt -3.501239 0.843120
vt -6.554663 1.075336
vt -6.543731 0.832353
vt -1.852780 0.989098
vt -3.868633 0.989098
vt -3.916773 0.602541
vt -1.871778 0.602541
vt 3.777343 0.538006
vt 3.643224 0.989098
vt 2.852014 0.989098
vt 2.792444 0.602541
vt -1.172192 0.999535
vt -0.146551 0.000397
vt -0.818995 0.999535
vt 0.446901 0.999366
vt 0.310904 0.005523
vt -1.821612 0.005523
vt -1.706430 0.999366
vt 4.888547 0.999366
vt 4.835608 0.005523
vt 2.526309 0.005523
vt 2.638070 0.999366
vt -3.888548 0.005523
vt -3.748695 0.999366
vt 0.953904 1.306060
vt 0.842490 -0.359965
vt 1.641437 -0.338639
vt 1.589179 1.124483
vt -1.295325 1.234673
vt -0.990059 -0.574065
vt 0.042777 -0.449037
vt -0.445940 1.375520
vt 4.882310 1.685935
vt 4.942813 0.914688
vt 4.166791 0.914688
vt 4.108758 1.685935
vt -0.388185 1.638379
vt -0.334542 0.962244
vt -1.430189 0.962244
vt -1.392533 1.638379
vt 2.368864 1.638379
vt 2.426190 0.962244
vt 1.538530 0.962244
vt 1.474262 1.638379
vt 0.626309 0.962244
vt 0.541836 1.638379
vt -2.255936 1.638379
vt -2.320139 0.962244
vt -2.994648 0.962244
vt -3.017494 1.638379
vt -6.558157 0.996379
vt -6.532106 0.003010
vt -3.479515 0.003010
vt -3.513566 0.996379
vt -0.516715 0.996379
vt -0.508625 0.003010
vt 2.581271 0.003010
vt 2.591386 0.996379
vt 5.897521 0.003010
vt 5.862692 0.996379
vt 2.665899 0.740787
vt 2.362860 -0.063520
vt 3.186938 -0.357870
vt 3.718712 0.516257
vt 8.390036 0.003010
vt 8.598827 0.996379
vt 0.830857 0.898315
vt 0.227116 0.990358
vt 0.227116 0.497096
vt 1.100988 0.104272
vt 1.005722 0.602231
vt 0.763237 -0.019428
vt 0.400852 0.305764
vt 0.581963 0.321078
vt 0.581963 1.002808
vt 0.400852 0.982758
vt -1.020869 0.492133
vt -0.841078 0.221515
vt -0.839444 0.529635
vt 12.951418 -5.546855
vt 4.555528 0.996020
vt 4.851803 0.002145
vt 3.897703 0.996020
vt 1.464077 0.996020
vt 1.266866 0.002145
vt 0.597643 0.996020
vt -1.367692 0.996020
vt -2.236901 0.002145
vt -2.214692 0.996020
vt 2.312140 0.996020
vt 2.383370 0.002145
vt 5.174752 -0.119205
vt 5.091987 0.491492
vt 3.057439 0.410037
vt 3.084356 -0.225868
vt 1.022476 0.366392
vt 1.049680 -0.284955
vt -1.067044 -0.338843
vt -1.086887 0.420343
vt -3.525130 0.637432
vt -3.338633 -0.359468
vt 0.383688 0.727573
vt 0.917989 0.002675
vt 1.041551 0.954804
vt 0.395795 0.570320
vt -0.176834 0.589322
vt -0.254726 0.053726
vt 0.908814 -0.480434
vt 0.112438 0.003692
vt 0.993883 -0.709522
vt 0.006117 -0.614474
vt 0.006117 -3.001440
vt 0.993883 -2.458093
vt 0.361830 -0.509943
vt 0.869089 -1.149420
vt 1.174548 -0.424788
vt 4.291055 3.314337
vt 3.760085 3.473710
vt 2.999972 2.514238
vt 3.943942 2.311452
vt 1.361149 -1.775851
vt 1.823112 -1.269405
vt -0.299832 2.047595
vt 0.445402 2.114970
vt 0.225033 3.088922
vt -0.484280 3.061991
vt 0.495125 1.019274
vt 0.984262 1.767510
vt 0.439684 2.280684
vt -0.113774 1.613473
vt 2.820160 0.999575
vt 2.819997 0.564767
vt 0.610700 0.564767
vt 0.617150 0.999575
vt 1.536790 -0.251151
vt 0.957541 0.650764
vt 1.813428 -0.621657
vt 0.000049 -2.545649
vt 0.000049 -0.689617
vt 0.999251 -0.733128
vt 0.999251 -2.603836
vt 0.000049 1.123729
vt 0.999251 1.079755
vt 0.498326 0.743179
vt 0.498326 0.947849
vt 0.002213 0.775393
vt 0.002213 0.624784
vt 0.000049 -4.440960
vt 0.999251 -4.434479
vt 0.499192 1.079456
vt 0.499192 1.342675
vt 1.000230 1.598044
vt 0.983045 1.122425
vt 0.507443 -0.726099
vt 0.507443 -0.306281
vt 0.998344 -0.434267
vt 0.998344 -0.950994
vt 0.507443 0.122842
vt 0.507443 0.515309
vt 0.998344 0.551570
vt 0.998344 0.085167
vt 0.507443 0.902540
vt 0.507443 1.260762
vt 0.998344 1.449414
vt 0.998344 1.012721
vt 0.513945 -0.049279
vt 0.513945 0.272630
vt 0.997608 0.204246
vt 0.997608 -0.203283
vt 0.485822 1.445529
vt 0.485822 1.125828
vt 0.953111 1.248244
vt 0.998719 1.645391
vt -0.290047 0.626428
vt -0.730617 0.002675
vt -0.217499 0.002675
vt 0.214059 0.727573
vt 2.808016 -0.069586
vt 1.430976 -0.001592
vt 2.782998 -0.379516
vt 0.886721 0.971532
vt 0.062363 1.158981
vt 0.213173 0.980464
vt -1.366847 -1.313117
vt -1.832015 -0.589448
vt -2.245660 -1.028888
vt -1.969274 -1.461888
vt 0.348188 -2.670761
vt 0.157646 -2.078746
vt -0.167347 -2.607316
vt -2.427575 -0.666152
vt 0.488979 0.068385
vt 0.488979 0.361751
vt 0.003626 0.271420
vt 0.003626 0.049702
vt 3.344964 1.906126
vt 2.950829 1.507287
vt 3.537886 1.456550
vt 0.931481 -2.585522
vt 1.038575 -2.009190
vt 2.178701 -2.159104
vt 1.743882 -1.742501
vt 1.811187 -2.319981
vt 3.663613 0.977750
vt 3.142338 0.713280
vt 3.712133 0.534703
vt 3.432718 -0.901449
vt 2.841886 -0.764807
vt 3.212739 -1.250429
vt 0.485822 0.803706
vt 0.485822 0.435084
vt 0.953111 0.412477
vt 0.953111 0.859502
vt 0.485822 0.082587
vt 0.485822 -0.261350
vt 0.953111 -0.411017
vt 0.953111 -0.005137
vt 0.509501 0.004001
vt 0.509501 -0.385220
vt 0.998017 -0.556198
vt 0.998017 -0.118005
vt 0.498122 1.329041
vt 0.498122 1.030905
vt 0.820261 1.120592
vt 0.998057 1.533000
vt 0.498122 0.714143
vt 0.498122 0.391924
vt 0.852379 0.403889
vt 0.783927 0.753081
vt 0.498122 0.072001
vt 0.498122 -0.219952
vt 0.998057 -0.345404
vt 0.998057 0.029481
vt 0.505829 0.764125
vt 0.505829 0.512977
vt 0.997893 0.488002
vt 0.997893 0.790307
vt 0.505829 0.263265
vt 0.505829 -0.020692
vt 0.953213 -0.173199
vt 0.985864 0.187028
vt -0.515371 3.466981
vt -0.451701 2.808845
vt 0.242393 2.995071
vt -0.090102 3.593122
vt -1.270295 3.104642
vt -1.079437 2.469716
vt -0.902936 3.304897
vt 2.400561 3.029115
vt 1.949632 2.622699
vt 2.532457 2.134680
vt 2.767579 2.699911
vt -1.975442 2.533483
vt -1.596899 1.975165
vt -1.651226 2.850785
vt -2.454976 1.749976
vt -1.950609 1.355936
vt -2.235413 2.155529
vt -2.679664 0.893755
vt -2.097557 0.694622
vt -2.584397 1.327850
vt 1.780874 3.415014
vt 1.464147 2.886685
vt 2.092394 3.249778
vt 1.063257 3.596933
vt 0.824354 3.003921
vt 1.425080 3.519915
vt 0.351329 3.655509
vt 0.707300 3.650206
vt -0.238434 2.273197
vt 0.430072 1.172416
vt 0.283410 2.374401
vt 1.320092 2.171947
vt 0.862565 1.051737
vt 1.687158 1.943880
vt 5.791997 0.734973
vt 5.127178 1.451085
vt 4.080291 0.833656
vt 4.356450 0.016752
vt -1.065347 1.674066
vt 0.002011 1.027096
vt -0.708082 2.028376
vt 2.237185 1.253851
vt 1.060053 0.736253
vt 1.122595 0.381852
vt 2.405410 0.715039
vt 2.215795 -0.417853
vt 2.414925 0.155219
vt 2.039859 1.613808
vt 0.811762 2.334198
vt -0.191535 -1.274628
vt 0.133751 -0.040035
vt -0.769676 -0.964213
vt 1.434724 -1.220911
vt 0.855372 0.007123
vt 0.944866 -1.365900
vt 8.361772 0.013666
vt 8.334700 0.586569
vt 10.399963 0.586569
vt 10.430315 0.013666
vt -1.187550 -0.479776
vt -0.168013 0.224811
vt -1.414925 0.126309
vt 1.851346 -0.904154
vt -0.211699 0.634248
vt -1.414925 0.765146
vt 0.356160 -1.391179
vt 0.477049 -0.118795
vt 0.534858 0.991390
vt 0.506530 0.424969
vt 0.855731 0.863776
vt -0.532303 -2.190172
vt -0.191567 -2.060031
vt -0.292504 0.386628
vt -0.532299 0.387850
vt 0.000100 0.632225
vt 0.195622 0.915210
vt 0.469658 0.042698
vt 0.254535 0.284139
vt 0.037913 0.296098
vt -0.001446 0.054990
vt 0.981029 0.606426
vt 0.999900 0.330299
vt 0.749706 1.930820
vt 0.116089 1.932896
vt -0.054896 0.938794
vt 0.853884 1.026435
vt 0.996066 -1.834124
vt 0.996066 -1.199346
vt 0.003933 -1.120353
vt 0.003933 -1.728864
vt 0.135669 3.484875
vt 0.135669 5.632817
vt 0.000693 5.630859
vt 0.000693 3.482474
vt 0.209238 0.088308
vt 0.000100 0.315530
vt 0.764973 0.065546
vt 0.996066 -0.172179
vt 0.003933 -0.049651
vt 0.996066 1.042801
vt 0.003933 1.225971
vt -0.199481 2.564237
vt -0.371940 2.551950
vt -0.145192 3.792176
vt -0.137715 3.961036
vt -0.234976 3.779953
vt -4.794227 0.008985
vt -4.805643 0.594429
vt -2.511757 0.594429
vt -2.505188 0.008985
vt 0.669767 0.321298
vt 2.645621 0.425154
vt 2.665330 0.578732
vt 0.686911 0.722412
vt 7.021477 -9.230204
vt 6.756234 -9.224947
vt 6.810028 -11.565268
vt 7.181034 -7.099991
vt 6.681651 -7.061445
vt 7.271573 -5.865115
vt 6.647727 -5.811066
vt 7.449057 -2.836396
vt 6.643457 -2.871344
vt 6.652094 -3.739190
vt 7.414192 -3.748718
vt 7.360830 -0.559372
vt 6.573546 -0.620315
vt 6.608865 -1.759260
vt 7.421206 -1.698019
vt 0.001878 -0.581960
vt 0.987770 0.649414
vt 0.001878 -0.023916
vt 0.995312 0.892582
vt 0.004688 0.894059
vt 0.004688 0.328439
vt 0.995312 0.339181
vt 0.235509 0.453595
vt -0.566379 0.295254
vt -0.535790 -0.349096
vt 0.262568 -0.349095
vt 3.099015 -0.424322
vt 2.748586 0.099663
vt -3.010628 2.566447
vt -3.565057 2.010423
vt -0.441028 0.695055
vt -3.272534 3.202260
vt -3.820453 2.812984
vt 2.787161 3.420503
vt 1.823366 6.111499
vt -1.221181 6.056767
vt -0.059744 3.104310
vt 1.297711 0.056967
vt 0.985941 0.894535
vt 0.972496 -0.024173
vt -0.293635 0.811564
vt -0.704121 0.939386
vt -1.132409 0.170340
vt -0.478535 0.218618
vt 0.656361 0.016780
vt 0.656360 0.419596
vt 0.277927 0.353812
vt 0.235374 0.000081
vt 1.376004 -0.023175
vt 0.996778 0.619522
vt 0.140844 1.219734
vt 0.115553 0.453815
vt 0.473309 0.376774
vt 2.099852 0.488693
vt 2.001935 -0.978400
vt 3.028799 -0.895159
vt 3.682749 0.654249
vt -0.560703 1.511449
vt -0.494515 0.551839
vt -0.198108 0.504214
vt 0.510199 0.710415
vt 0.207511 0.579204
vt 1.767670 0.121661
vt 1.320196 0.812105
vt -1.330189 1.395325
vt -1.249255 0.503454
vt 0.773890 0.076889
vt 0.015777 0.666795
vt -0.293550 0.112890
vt 0.973378 0.464268
vt 0.255392 0.818316
vt 0.395603 0.201898
vt 0.865464 0.152130
vt 0.252642 0.999919
vt 0.092969 0.711353
vt 10.201080 0.005061
vt 19.900208 0.005061
vt 19.873919 0.571263
vt 10.174885 0.571263
vt 0.137215 1.445640
vt -0.270040 0.972846
vt 1.709464 -0.339542
vt 2.195383 0.521635
vt 1.993001 -0.537450
vt 3.012218 -0.712955
vt 2.725915 -0.343949
vt 1.222706 -0.964708
vt 1.413049 -1.403848
vt -0.403246 0.203535
vt -0.372471 0.341108
vt 2.302527 -0.518391
vt 2.651294 0.495793
vt 1.029556 -1.407029
vt 1.861642 -0.477417
vt 2.040782 1.356835
vt 1.210750 1.200094
vt 0.231773 0.835178
vt -2.237167 0.835178
vt -2.060352 0.692671
vt 0.215000 0.431466
vt -0.000142 -0.005270
vt 0.988291 0.991866
vt 0.002001 0.993839
vt 5.442815 0.001209
vt 1.489026 0.001209
vt 1.538746 0.995752
vt 5.615377 0.995752
vt -3.485048 0.745813
vt -2.859702 0.996020
vt 0.609600 0.928521
vt 0.941658 0.049042
vt 2.353491 0.011468
vt 1.938572 0.928520
vt 0.544896 2.724791
vt 0.275060 2.742566
vt 0.451254 2.343544
vt 7.066109 0.595836
vt 7.058036 0.004707
vt -9.390078 0.595836
vt -9.393848 0.995937
vt 2.212817 0.994332
vt 2.538246 0.994332
vt 2.224617 0.003407
vt 1.671728 0.003407
vt 12.766438 0.004707
vt 12.782069 0.595836
vt 0.422954 1.597614
vt -0.442872 2.177233
vt -1.028672 1.186658
vt -0.458113 0.574758
vt 1.006147 -1.493649
vt 1.006147 0.347798
vt 0.005383 0.421209
vt 0.004765 -1.354591
vt -0.157160 0.680701
vt -0.614315 0.321065
vt -0.191906 0.321065
vt -0.455819 0.078585
vt -0.605467 0.363493
vt -0.882214 0.277954
vt 3.232247 0.660668
vt 3.232247 0.912269
vt 1.801421 0.835178
vt 1.739754 0.431466
vt 3.051041 0.431466
vt 1.743800 0.004852
vt 1.581235 0.994053
vt 0.375112 0.994053
vt 0.461696 0.004852
vt 0.516151 1.922083
vt -0.014297 2.140931
vt -0.211406 0.691798
vt -0.639484 2.441895
vt -1.133393 0.827500
vt 1.006147 3.124154
vt 0.004765 3.211278
vt -4.615377 0.001209
vt -4.555721 0.995752
vt 1.341616 1.072893
vt -0.065064 1.072892
vt -0.713897 -0.113061
vt 0.935097 0.008198
vt 0.781332 0.459993
vt 0.678100 0.029196
vt -2.509146 0.992808
vt -4.814445 0.992808
vt 1.036574 0.727945
vt 0.828209 0.037659
vt 1.766202 0.809995
vt 1.662668 -0.276699
vt 2.456340 0.611345
vt 0.504305 0.782600
vt 0.386113 0.291833
vt -0.451604 0.249127
vt -0.397456 0.842091
vt -1.162992 1.295472
vt -1.306254 0.559734
vt -0.220398 0.007115
vt 0.485291 0.995162
vt -0.178311 0.995162
vt 0.644139 0.511498
vt 0.713388 0.414460
vt 0.998061 0.694198
vt 0.815425 0.684661
vt 0.498326 0.449902
vt 0.002213 0.464013
vt 0.002213 0.305526
vt 0.498326 0.152560
vt 3.618375 -0.410405
vt 3.083364 -0.102742
vt -4.387778 0.008034
vt -1.893691 0.008034
vt -1.882287 0.605136
vt -4.365494 0.605136
vt -1.861334 0.994660
vt -4.339224 0.994660
vt 0.135669 1.302451
vt 0.000692 1.299244
vt 0.465380 0.000100
vt -13.671365 0.821591
vt -17.079378 0.962451
vt -19.777760 1.114509
vt -16.793678 1.009229
vt 0.000000 0.000000
vt 0.219823 0.152032
vt 0.226711 0.628824
vt -2.715489 -0.179109
vt -3.626601 -0.012958
vt -3.580998 -0.441079
vt 0.834828 0.159254
vt 0.824621 0.616681
vt 2.192424 -0.583858
vt 1.643587 -0.605912
vt 1.880500 -1.360050
vt 2.412600 -1.175154
vt 5.876615 -1.492343
vt 5.641511 -0.718100
vt 4.807953 -0.260169
vt 2.263147 3.325934
vt 1.564299 2.993639
vt 2.223867 2.039376
vt 0.422349 2.356332
vt 0.862607 1.395929
vt -0.022888 1.111126
vt -0.330433 2.095688
vt -1.540588 2.134107
vt -1.261825 0.928162
vt -2.748404 1.864161
vt -2.651983 0.784069
vt -0.993322 0.919783
vt 3.077481 0.012840
vt 2.517933 0.984443
vt 1.677031 0.012840
vt 1.885702 0.984443
vt 1.154423 0.984443
vt 0.616385 0.012840
vt 4.297633 1.597062
vt 3.649749 1.597064
vt 3.621415 1.439280
vt 4.237877 1.443779
vt 0.995724 -0.940581
vt 0.995725 1.384419
vt 0.006102 1.264185
vt 0.006102 -0.557407
vt 9.310027 2.783468
vt 8.071068 2.679392
vt 8.035065 2.400096
vt 9.605961 2.393207
vt 2.844142 1.217459
vt 2.866339 1.065050
vt 6.420226 1.929962
vt 6.492287 1.652928
vt 0.994114 4.399096
vt 0.994114 1.943048
vt 0.002665 1.566419
vt 0.002665 3.997899
vt 2.021529 0.765919
vt 2.038618 0.640543
vt 4.989594 1.054074
vt 5.006989 0.790716
vt 0.994114 -0.336068
vt 0.002665 -0.995801
vt 0.863719 0.447098
vt 0.860676 0.274873
vt 2.961138 0.379150
vt 2.901813 0.096101
vt 0.994114 -3.641661
vt 0.002666 -4.204436
vt 0.071387 0.367038
vt 0.000606 0.199579
vt 1.539570 0.275380
vt 1.511577 0.050868
vt 0.994700 -5.540948
vt 0.994700 -4.239603
vt 0.004244 -4.393639
vt 0.004244 -5.758066
vt -0.816263 0.521679
vt -0.834879 0.375456
vt 0.016507 0.508836
vt -0.058519 0.283918
vt 0.994700 -2.705707
vt 0.004244 -2.719327
vt 3.193861 1.342306
vt 3.781568 2.184768
vt 3.250645 2.164483
vt 2.336222 0.666037
vt 2.612554 1.817555
vt 2.517890 0.004852
vt 2.503981 0.994053
vt 5.055373 0.007870
vt 5.055373 0.994821
vt 0.907496 0.994821
vt 0.944811 0.007870
vt -0.520710 0.994053
vt -0.346978 0.004852
vt 0.420501 0.006106
vt 0.564039 0.993854
vt -0.841716 0.993854
vt -1.516490 0.994053
vt -1.517890 0.004852
vt -3.062467 0.994821
vt -3.151407 0.007870
vt -4.055372 0.977842
vt 0.747569 0.002603
vt 1.321167 0.996120
vt -0.559382 0.996120
vt -0.396094 0.002603
vt -1.791519 0.002603
vt -1.899019 0.996120
vt -2.994938 0.996120
vt -3.104591 0.002603
vt 3.094965 0.002603
vt 3.711054 0.996120
vt 1.749897 0.002603
vt 4.104591 0.002603
vt 0.010509 -0.491039
vt -0.448846 -1.554076
vt 0.727898 -1.848009
vt 4.511292 4.557243
vt 2.368733 3.623702
vt 4.162188 0.133806
vt 6.099667 2.053519
vt 2.475993 0.090365
vt 3.266657 0.824733
vt 3.187686 1.646195
vt 3.088434 1.088379
vt 1.197793 0.630449
vt 1.140463 -0.697982
vt 3.062069 0.038275
vt -1.352691 0.736436
vt -1.948755 -0.396012
vt 4.786805 1.310177
vt 2.255815 0.255705
vt 3.096636 -0.346946
vt 4.576271 0.147116
vt 1.997096 -0.040487
vt 0.902918 1.094294
vt 1.259904 -0.127080
vt 1.887997 1.441683
vt 1.911644 -0.943362
vt 0.899710 0.304429
vt -0.148435 -0.045858
vt -0.190040 -0.887458
vt 0.862653 -0.554249
vt 0.783811 0.862420
vt 0.169655 0.769776
vt 0.204973 -0.866178
vt 1.079574 -0.149487
vt 1.804307 -0.062218
vt 0.515860 -0.510209
vt 0.453557 -1.013332
vt 1.598035 -0.780855
vt 2.614790 1.116949
vt 1.567365 0.985229
vt 1.864845 0.381228
vt 1.547990 -0.987455
vt 0.705073 -1.814386
vt 1.100935 -2.635029
vt 1.958563 -1.815057
vt 0.255497 0.984443
vt -0.659087 0.984443
vt -1.047450 0.012840
vt -0.110168 0.012840
vt 1.230618 2.238881
vt 0.249446 1.937151
vt 0.983758 0.119267
vt 2.126488 0.228053
vt 1.316542 -0.206677
vt 0.808385 -0.300602
vt 0.773126 -0.548821
vt 1.274173 -0.548821
vt 0.804354 0.912591
vt 1.230156 0.159270
vt -0.213084 -2.623034
vt -0.736823 -2.806192
vt -0.349968 -3.479111
vt 0.077547 -3.225527
vt 2.649043 2.460998
vt 2.163315 2.384936
vt 3.695173 0.425325
vt -1.509318 0.984443
vt -1.564209 0.012840
vt 1.100628 0.029840
vt 0.704791 -0.007790
vt 0.691269 -0.561126
vt 1.074395 -0.500819
vt 0.279605 -0.176191
vt 0.249721 -0.414580
vt 0.016895 0.876841
vt 0.494470 0.046029
vt 1.257545 -0.733898
vt 0.711891 -0.817888
vt 1.126406 -1.459033
vt 1.605256 -1.338728
vt 3.838373 1.064077
vt 3.583036 1.708724
vt 1.789056 -0.068805
vt 2.657481 -1.819311
vt 4.886290 -0.034657
vt 0.273751 0.077722
vt 0.297905 -0.453980
vt -0.813844 1.664638
vt -0.195587 0.065725
vt 0.093209 0.572682
vt -0.387390 0.708759
vt -0.579517 -1.224234
vt 0.121752 -0.749469
vt -2.451348 1.317852
vt -2.526627 1.141978
vt -0.801946 0.838917
vt -0.494745 0.063841
vt -0.329831 0.362473
vt -0.312269 -0.174166
vt -2.102671 0.983878
vt -2.106703 0.835132
vt -1.890655 1.408657
vt -1.421932 0.008928
vt 0.318587 0.778048
vt -0.297444 1.020833
vt -0.510246 -0.540744
vt 0.155572 -0.862048
vt 0.994700 -0.183410
vt 0.004245 -0.216019
vt 4.738952 0.882086
vt 4.066764 1.392262
vt -0.021804 -0.804676
vt 0.376545 -1.459032
vt -0.544284 0.171911
vt -0.585477 -0.051422
vt -2.036521 0.984443
vt -2.077481 0.012840
vt -4.066937 0.536072
vt -6.897688 -0.025479
vt -4.189178 0.224249
vt 0.996067 2.175568
vt 0.003933 1.953701
vt 0.223230 -3.663771
vt 0.566322 -3.571424
vt 3.431126 2.695833
vt 2.649441 1.462973
vt 3.506763 0.782052
vt 4.228209 1.925690
vt 0.998709 -2.183053
vt 0.998709 -1.374962
vt 0.001291 -1.458533
vt 0.001291 -2.051661
vt 2.780931 1.031739
vt 2.252314 0.623657
vt 2.758208 0.787137
vt 0.998709 -0.346529
vt 0.504395 0.540179
vt 0.001291 -0.491024
vt 6.919063 1.853388
vt 6.328286 1.174725
vt 7.167966 1.317575
vt 2.517954 -0.265580
vt 1.263923 0.428686
vt 1.081359 0.090771
vt 6.499586 0.425810
vt 7.246014 0.474567
vt -0.933780 0.303407
vt -1.464626 -0.303676
vt -0.745178 -0.996418
vt 0.212312 -0.521523
vt 1.772276 0.707182
vt 2.242551 0.499593
vt 2.745252 0.854663
vt -1.010944 0.019116
vt -0.634839 0.536336
vt -1.577294 1.491216
vt -1.989343 0.898730
vt -0.030328 -0.840727
vt 0.259741 -0.228280
vt 0.917241 -1.607501
vt 0.852038 -0.553985
vt -1.449207 -0.928421
vt -1.644992 0.482585
vt -3.390621 0.456334
vt -2.898118 -1.027040
vt -0.365171 -1.775465
vt 0.508026 -0.729658
vt 0.974699 0.474992
vt 1.044723 -0.936657
vt 2.121730 3.705262
vt 1.274291 2.264482
vt -1.127052 0.918257
vt -0.985487 0.827354
vt -0.045977 1.280699
vt -0.005841 1.711306
vt -0.177630 -0.913182
vt -0.264204 0.431315
vt 1.871734 -0.059443
vt 0.436299 0.829194
vt -0.048367 -0.309013
vt 1.135090 -1.127781
vt -0.386827 -1.282153
vt 1.265744 2.147005
vt 0.270833 2.415595
vt 0.108825 1.606335
vt 0.747759 1.215439
vt -0.351243 0.822986
vt 0.406180 0.356349
vt 0.502321 1.988877
vt 0.400852 1.531295
vt -0.862794 2.415600
vt 1.736924 1.939628
vt 1.527759 3.124529
vt -0.829851 2.693245
vt -0.675605 1.620661
vt 4.210636 2.333732
vt 5.263350 2.436087
vt 5.260339 2.981725
vt 4.067640 3.203204
vt 0.235884 0.939386
vt -0.083809 0.058928
vt 0.254186 -0.030212
vt 0.578622 -0.060623
vt -1.580131 -0.557145
vt -0.234090 -0.538079
vt -0.259460 1.086590
vt -1.242130 1.286586
vt 1.962947 0.361474
vt 1.617282 0.812106
vt 2.719201 -1.262125
vt 1.925537 -0.038265
vt 0.373309 -0.362338
vt 1.091396 -1.655620
vt 4.337252 -0.793321
vt 3.490112 0.370616
vt 0.994773 0.343280
vt 0.628739 0.329490
vt 0.772109 0.875607
vt 0.994773 0.879203
vt 0.137093 0.354078
vt 0.997144 0.455396
vt 0.997144 1.573591
vt 0.002856 1.603730
vt 0.003584 -9.856145
vt 0.996415 -10.641159
vt 0.996416 -7.766479
vt 0.003584 -7.179367
vt -7.567565 0.598241
vt -7.514907 0.994202
vt -4.753578 0.994202
vt -4.789034 0.598241
vt 6.160434 2.224127
vt 5.565986 1.618408
vt 6.422534 2.695868
vt 7.321378 2.333781
vt 5.986005 0.617665
vt 5.967839 0.994291
vt 7.855525 0.994291
vt 7.878531 0.617665
vt 2.430883 0.558774
vt 2.450112 0.997819
vt -0.001535 0.997819
vt -0.002773 0.558774
vt 7.850136 1.673265
vt 7.850131 -1.623639
vt 7.831235 -0.472120
vt 6.505886 -0.025474
vt 6.415132 0.431934
vt 5.322085 0.399171
vt 5.324907 -0.007306
vt 2.763956 0.026160
vt 2.781397 0.397492
vt 1.298442 0.414557
vt 1.231713 0.063761
vt -1.259914 0.451544
vt -1.250954 0.150875
vt -6.612603 -0.087330
vt -8.519554 -0.007795
vt -8.437508 -1.380908
vt -6.714222 -1.269686
vt -6.200404 1.743835
vt -6.059664 0.744864
vt 4.943555 0.894341
vt 3.256774 1.971484
vt 2.456638 0.630480
vt 1.831684 1.232972
vt 0.978396 0.995939
vt 1.484603 0.376451
vt 7.331583 -2.724253
vt 6.459590 -1.561680
vt 5.481314 -1.642773
vt 6.260878 -2.863274
vt 1.469118 0.079171
vt 0.938670 0.728327
vt -0.233854 0.509580
vt 0.458570 -0.131810
vt 0.996416 -4.153748
vt 0.003584 -3.883725
vt 6.812499 -0.668822
vt 1.970556 0.751254
vt 1.633986 -0.208276
vt 6.361482 -1.399442
vt 0.269719 -1.184686
vt -0.733626 -0.904291
vt -0.690273 0.622855
vt -1.718678 -1.332201
vt -1.814149 0.057998
vt -2.851121 -0.501567
vt -2.295130 -1.655628
vt -0.781406 1.208946
vt -0.984673 0.080588
vt -1.575629 0.767459
vt -1.357431 0.022005
vt 0.994700 1.900905
vt 0.004245 1.738796
vt -3.016594 1.075476
vt -2.580644 -0.098091
vt -0.661653 -0.835706
vt -0.307147 -1.402039
vt -4.579484 2.118879
vt -4.562271 1.870023
vt -1.289421 0.497440
vt -1.304887 0.292530
vt -0.858888 0.667308
vt -0.863679 0.087341
vt -3.116875 1.304178
vt -3.106052 1.189943
vt 0.000049 2.866627
vt 0.999251 2.813294
vt 0.135669 -0.924426
vt 0.000692 -0.924676
vt 0.135669 -3.281492
vt 0.000692 -3.282300
vt 0.028187 -5.520717
vt 0.157240 1.528603
vt 0.157240 3.749519
vt 0.001206 3.744884
vt 0.001206 1.522830
vt 0.157240 5.855429
vt 0.039012 7.431932
vt 0.001207 5.848340
vt 0.157240 -0.815501
vt 0.001206 -0.819157
vt 0.157240 -3.082557
vt 0.001206 -3.087008
vt 0.158073 -0.193930
vt 0.117543 0.493752
vt 0.001341 0.493752
vt 0.001341 -0.193930
vt 0.236480 4.563799
vt 0.999251 4.519181
vt 0.001878 0.972941
vt 0.001878 0.454416
vt -6.852831 0.009374
vt -6.818337 0.617665
vt -4.753965 0.617665
vt -4.778798 0.009374
vt 0.862697 0.597456
vt 0.314253 0.617038
vt 0.285795 0.458952
vt 0.604334 0.621315
vt 2.803710 0.863009
vt 2.816093 1.024970
vt 0.632697 0.985286
vt 2.812121 1.412002
vt 0.595747 1.399634
vt 3.745222 0.453515
vt 3.995673 1.188181
vt 4.044614 1.400022
vt -2.745222 0.708231
vt -2.720762 0.272730
vt -1.129467 0.264708
vt -1.139966 0.722429
vt -1.423904 1.412009
vt -1.460141 0.986121
vt -3.209306 1.401398
vt -1.476014 0.612947
vt -3.199212 0.602116
vt 0.000929 0.459826
vt 0.000929 0.178794
vt 2.310459 -1.291708
vt 3.330122 -1.012816
vt 2.234364 0.825600
vt 1.734659 0.709254
vt 2.781311 -2.951000
vt 3.658126 -2.719369
vt -1.316364 1.246215
vt 3.101389 2.335916
vt 0.513945 0.605527
vt 0.513945 0.936356
vt 0.997608 1.020241
vt 0.997608 0.617058
vt 4.176210 0.019211
vt 4.164889 0.399338
vt 0.993883 1.181750
vt 0.993883 3.355406
vt 0.006117 2.278074
vt 7.345863 -4.712435
vt 6.623574 -4.705741
vt 0.998119 0.762173
vt 0.998119 0.023347
vt 0.003649 0.001886
vt 0.206397 0.665835
vt 2.595187 -0.515531
vt 2.242679 0.527220
vt 0.297416 0.393873
vt 0.309275 -0.212811
vt 1.007381 0.011590
vt 0.997801 0.502303
vt -0.929184 0.502303
vt -0.922933 0.011590
vt -4.256285 -0.786585
vt -4.087105 0.287078
vt -5.927261 0.285525
vt -5.954594 -0.957452
vt -0.975821 -0.266304
vt -0.991287 0.524874
vt -2.517921 0.271412
vt -2.475294 -0.424798
vt 0.211688 0.005127
vt 0.124643 0.989309
vt -2.436662 0.989309
vt -2.362597 0.005127
vt 0.990428 0.003986
vt 0.992339 0.823640
vt 0.009216 0.990597
vt 0.107082 0.012687
vt 5.449589 0.005127
vt 5.217133 0.989309
vt 1.502072 0.528924
vt -0.326157 0.983784
vt -0.435359 0.389731
vt 2.535782 0.095699
vt 3.045372 0.490199
vt 3.850250 0.583982
vt 3.764322 0.985554
vt 1.981799 0.985554
vt 1.979733 0.583982
vt -0.236502 0.585820
vt -0.237432 0.993585
vt -2.571373 0.993585
vt -2.555524 0.585820
vt 1.695803 0.585820
vt 1.694935 0.993585
vt 0.995836 0.993045
vt 0.993806 0.763985
vt 0.128239 0.930989
vt 0.128239 0.289495
vt 0.993806 0.002500
vt -0.066069 -0.139083
vt 0.238391 0.885913
vt -1.192520 1.353285
vt -1.497721 0.316976
vt -2.878165 1.949287
vt -3.395626 0.969103
vt 0.834386 -0.161577
vt 2.575396 -0.129434
vt 3.129471 1.149269
vt 1.690881 0.950896
vt 1.716578 -0.161585
vt 3.389227 -0.144415
vt -1.720917 0.431571
vt -1.480236 1.182897
vt -2.449278 1.709923
vt -2.701245 1.087798
vt -0.745208 -0.009194
vt -0.347692 0.787771
vt -2.523019 0.982376
vt 1.374472 0.982376
vt 1.355150 0.007436
vt -2.307745 0.007436
vt 7.521932 0.994333
vt 7.945643 0.005187
vt 3.033412 0.005187
vt 2.875929 0.994333
vt 1.264411 -0.022228
vt 1.330946 0.637867
vt 0.345138 0.701677
vt 0.260375 -0.042670
vt 11.409586 0.994333
vt 11.541569 0.005187
vt 3.523020 0.982376
vt 3.345592 0.007436
vt 3.198084 0.966389
vt 2.962585 1.200240
vt 1.133876 0.991954
vt 1.259778 0.474152
vt -0.627641 0.208291
vt 0.145691 0.064317
vt 4.120047 -0.721081
vt 4.993737 -0.458345
vt 0.141423 -0.975840
vt 0.997144 -1.189883
vt 0.997144 0.060204
vt 0.862983 -0.414939
vt 0.530383 -0.390129
vt 0.554613 -0.121303
vt 0.994773 -0.092258
vt -0.011912 1.318815
vt -0.431515 2.106508
vt -1.212596 1.643452
vt -0.056103 0.142938
vt 0.074690 0.615096
vt -0.448401 0.801343
vt -0.609583 0.403860
vt 1.122257 0.202105
vt 1.115399 0.659139
vt 0.596496 0.614478
vt 0.534918 0.142936
vt 0.004789 8.313732
vt 0.004789 4.600349
vt 0.995212 4.698737
vt 0.995212 8.253472
vt -0.905337 1.208196
vt -1.254657 0.738655
vt -6.018317 0.005187
vt -10.541569 0.005187
vt -10.026423 0.994333
vt -5.980177 0.994333
vt 0.994700 4.546299
vt 0.004245 4.350739
vt -2.677245 0.685699
vt -2.474324 0.055220
vt -1.643956 0.162572
vt 0.996416 -0.172991
vt 0.003584 0.113835
vt -1.122624 0.632089
vt -2.120735 1.576767
vt -2.000846 0.190698
vt 5.226947 -0.229321
vt 4.264911 -0.597116
vt -4.523988 1.420364
vt -2.940463 0.985778
vt -4.213963 0.870838
vt -3.889028 -0.026958
vt -2.599802 0.068726
vt -1.449804 -0.937600
vt -1.116265 -1.455815
vt -3.191032 1.097266
vt -2.811159 -0.246559
vt -2.036742 0.005187
vt -2.038838 0.994333
vt -1.532086 0.927478
vt -1.532086 0.343201
vt -7.263806 2.745074
vt -7.213813 2.505769
vt -2.195205 0.795653
vt -2.224288 0.590886
vt 3.609346 0.226789
vt -0.206045 0.717426
vt -0.559579 0.183404
vt 3.388719 -0.402195
vt 0.976511 1.673867
vt 0.268548 1.737098
vt -1.471365 1.345640
vt -1.553382 0.790937
vt -1.565098 -0.660202
vt -2.075602 -0.163649
vt -2.159742 -0.874926
vt 0.996416 6.637425
vt 0.996416 10.861470
vt 0.003584 6.820126
vt 0.213314 0.581799
vt -2.032797 0.366764
vt -2.101855 -0.131602
vt -0.054568 0.177156
vt -1.950083 -0.028871
vt -0.720275 -0.253843
vt -0.346772 0.767249
vt -1.737226 0.919622
vt 2.559201 0.138478
vt 2.358896 0.729248
vt 1.390668 0.875586
vt 1.543120 0.188454
vt -2.780380 -1.074321
vt -2.924417 -0.700460
vt -3.704329 -1.097845
vt -3.324004 -1.419317
vt 0.996416 3.146825
vt 0.003584 3.262749
vt -3.946976 -1.706154
vt -1.882735 -1.392417
vt -0.614285 -1.267254
vt -1.950083 -0.594670
vt -4.236166 -1.353187
vt -4.123233 -1.752324
vt -0.871106 -0.497577
vt -1.010479 0.130602
vt -1.765291 1.280974
vt -1.782927 1.071579
vt -8.605961 2.783471
vt 0.994700 5.921330
vt 0.004245 5.331334
vt -0.934100 1.538265
vt -0.140541 0.787190
vt -4.522314 -0.858215
vt 4.149571 0.389704
vt 4.022044 -0.350700
vt 3.943447 0.321751
vt 2.983034 0.703490
vt 3.255067 -0.098828
vt -0.912851 0.616668
vt 0.675873 0.595139
vt 0.745878 1.045256
vt -0.644608 1.045256
vt -1.216149 -0.179894
vt 0.326406 0.016629
vt 0.753932 -1.023531
vt 1.243798 0.023700
vt 1.409271 0.751728
vt 0.799493 0.720070
vt 1.066811 0.153304
vt 1.592559 0.254128
vt 0.945599 0.875605
vt -0.263923 0.875605
vt -0.131131 0.078926
vt 1.263923 0.224694
vt 0.022096 0.983741
vt 0.137496 0.004357
vt 0.205041 0.985291
vt 0.414929 0.986197
vt 0.797749 1.286985
vt -1.756108 1.359572
vt -1.381764 -0.320427
vt 0.027615 -0.298591
vt -2.336126 0.220527
vt -2.190979 -0.071359
vt -3.206836 -0.534298
vt -1.429240 1.654874
vt -0.544078 -0.201570
vt 0.706037 0.467853
vt -0.766827 1.640972
vt 1.379378 0.332678
vt 0.111219 1.799800
vt 2.045256 0.655118
vt 0.730824 1.799798
vt 0.063939 -1.058875
vt 1.415833 -0.263721
vt 1.967121 -0.430342
vt 2.429241 -0.349071
vt 4.213286 -0.534299
vt 4.248537 -0.220381
vt 2.882951 0.747813
vt 2.813910 0.614534
vt -1.388077 -0.906978
vt -1.331741 -1.026352
vt 0.162980 -0.783649
vt 0.139497 -0.631451
vt 2.091528 0.976032
vt 1.927889 1.124539
vt 1.523111 0.616021
vt 1.634784 0.536927
vt 0.792462 -0.103177
vt 1.112748 -0.491489
vt 0.419352 2.070353
vt 0.358380 -0.917101
vt 0.674446 -0.914686
vt 0.711898 2.062635
vt 1.782543 1.187641
vt 1.453694 0.657580
vt 0.707018 -0.054043
vt 1.540644 -0.363956
vt 1.535550 -0.519019
vt 6.126616 1.273869
vt 5.959826 1.231809
vt 5.760172 0.746665
vt 5.890176 0.697408
vt 7.000587 1.181311
vt 1.632812 -0.047095
vt 2.064990 0.998878
vt 1.420971 0.998878
vt 1.119595 0.025468
vt 0.714446 0.998878
vt 0.479078 0.152348
vt 4.219215 -0.867479
vt 2.879736 -0.619567
vt 2.629412 -1.747680
vt 5.830822 -0.939017
vt 8.148643 0.037118
vt 5.771848 -0.735696
vt 0.113654 1.583383
vt -1.086767 1.532799
vt -1.030187 -0.062054
vt -0.214300 -0.711499
vt 0.701122 2.963941
vt -1.004451 2.209083
vt -0.812407 1.538983
vt 0.777511 2.224135
vt 1.412212 1.621247
vt 0.830852 -0.704038
vt -2.539154 1.078255
vt -2.261038 0.866954
vt -0.111561 4.411029
vt -0.693884 4.250408
vt -0.483023 3.763613
vt 0.030562 3.893622
vt -2.608676 0.550034
vt 0.132900 2.673380
vt -1.506947 2.490407
vt 1.363630 1.735589
vt 5.511816 0.474939
vt 5.281468 0.562215
vt 4.604675 -0.234892
vt 4.648704 -0.298099
vt 3.785738 0.181155
vt 1.559578 0.155383
vt -0.008185 0.981382
vt -0.423811 1.002294
vt -0.399785 0.614645
vt 0.007464 0.778975
vt -0.184728 1.128760
vt -1.898302 0.951310
vt -1.917384 0.416903
vt -0.151210 0.587972
vt -2.950349 0.066464
vt -4.932173 -0.101199
vt -4.825854 -0.766243
vt -2.974263 -0.603249
vt -4.433727 -0.789400
vt -6.230441 0.575549
vt -6.511834 0.334921
vt -4.579855 -1.157194
vt -2.838861 -1.779413
vt -2.706108 -2.067531
vt -0.526379 -2.329737
vt -1.687819 -2.137015
vt -1.680522 -2.391298
vt -0.279665 -2.635374
vt 3.166917 0.320912
vt 1.360562 2.616920
vt 2.533392 -1.579078
vt 2.641638 -1.848449
vt 2.422517 -1.419909
vt -0.596853 -2.169005
vt -1.675180 -1.941747
vt -2.961507 -1.495618
vt 1.658727 -0.107098
vt 2.273681 0.991571
vt 0.099480 0.001152
vt 0.469821 -0.727573
vt 1.346544 -1.139022
vt 0.843019 -1.462036
vt 0.009509 -0.937363
vt 0.881116 -0.841710
vt 0.881116 0.037304
vt 0.009509 0.163379
vt -2.147251 -1.037901
vt -2.136367 -1.178167
vt 0.063553 1.492179
vt 0.004985 1.165517
vt 0.990264 -0.609481
vt 0.990264 1.857935
vt 5.060397 4.419181
vt 1.891537 4.742050
vt 5.097844 3.725838
vt 0.156015 -0.167814
vt 0.934046 -0.156780
vt 1.503715 0.501120
vt -0.503715 0.501120
vt 0.060690 2.873519
vt -1.565695 2.656782
vt 1.568338 0.361025
vt 0.017789 0.085452
vt 0.057657 -0.145148
vt 1.040474 3.691449
vt 2.060806 1.039859
vt 2.635197 2.587110
vt 0.674327 2.570490
vt 0.499276 1.378371
vt -1.893136 0.011859
vt -1.644148 -0.339253
vt -1.064990 0.456391
vt -0.358814 0.279977
vt -0.354589 0.777739
vt -1.064990 0.757893
vt -0.352713 0.998878
vt -0.353210 0.940334
vt 2.902547 2.790822
vt 1.346676 0.804626
vt 0.037115 0.990219
vt -0.354558 -1.018521
vt 0.000473 -2.337486
vt 0.790340 -2.262841
vt 0.547575 -0.930928
vt 0.323244 4.760652
vt 0.120439 -4.710004
vt 0.713857 -4.708608
vt 0.688493 4.761247
vt 0.288102 4.331802
vt 0.711898 4.388158
vt 0.368120 -4.339559
vt 0.631541 -4.336501
vt 1.054480 4.464336
vt 0.465426 4.480784
vt 0.505092 3.940971
vt 1.068647 3.935710
vt 0.656321 -2.665938
vt 0.620993 1.816960
vt 0.250246 1.819663
vt 0.261087 -2.665938
vt 0.744778 0.185280
vt 0.740658 4.111457
vt 0.281251 4.119991
vt 0.254546 0.193902
vt 1.222089 -1.908263
vt 2.837564 -0.954359
vt 2.500326 -0.176316
vt 0.178131 -1.126860
vt 3.896770 0.354492
vt 0.997218 -3.014385
vt 0.997218 -1.834917
vt 0.002782 -1.674127
vt 0.002782 -2.886185
vt 2.032032 -0.694883
vt 0.999910 0.000090
vt 0.006276 0.802633
vt 0.000090 0.000090
vt -0.359592 0.149217
vt -0.321412 -0.191365
vt 1.131686 -0.010553
vt 1.146808 0.300940
vt -1.747689 0.112604
vt -1.709015 -0.191367
vt 0.997218 4.680584
vt 0.997218 6.589888
vt 0.002782 6.582433
vt 0.002783 4.669208
vt 4.938197 0.504392
vt 3.297853 0.588453
vt 3.368748 0.239638
vt 4.938200 0.163321
vt -2.931408 0.790121
vt -3.986782 1.245856
vt -4.768300 0.049495
vt -3.657146 -0.596415
vt -3.010438 2.079758
vt -2.219261 2.089602
vt -1.585523 -1.839073
vt -2.577265 -2.135408
vt -2.516995 -3.506207
vt -1.202494 -2.962002
vt -2.313256 2.489241
vt -2.254501 -0.329446
vt -1.856302 -1.251158
vt -1.429602 -1.087087
vt 0.745457 -4.059931
vt 0.254543 -4.051310
vt 0.002782 2.276006
vt 0.997218 2.515541
vt 0.002782 -0.065172
vt 0.997218 -0.147320
vt 0.002783 8.579954
vt 0.997218 8.577774
vt 1.715430 0.113086
vt 1.702721 0.580356
vt 2.271583 1.136983
vt 1.456421 -0.463801
vt 1.764864 -0.616573
vt 2.598182 1.086496
vt 0.997218 -6.013422
vt 0.002782 -5.953910
vt 0.923890 -9.044337
vt 0.076110 -8.889243
vt 2.951410 2.968247
vt 3.760263 2.904181
vt 1.372068 -0.312658
vt 0.236509 0.193828
vt 1.921230 2.759154
vt -1.887614 1.868240
vt -3.125767 1.290941
vt -0.108269 0.282206
vt -0.270733 1.044231
vt 0.852660 -1.366298
vt 1.445577 -1.543314
vt 0.222665 -1.946759
vt 1.312815 -2.605555
vt -3.938200 0.297042
vt -1.054880 -0.278059
vt -3.866533 -1.155874
vt -2.043746 -1.489848
vt 2.747689 -0.077838
vt 2.950084 -0.699380
vt 2.247211 -1.248043
vt 1.654413 -0.573546
vt 2.216149 0.246008
vt -1.858504 -0.512025
vt -1.863053 0.826198
vt -3.199086 0.526172
vt -3.140235 -1.123924
vt 3.415152 -0.190067
vt 3.393077 0.943593
vt 2.310828 1.450757
vt 2.265136 0.152872
vt 0.689320 1.475340
vt 0.760786 0.243506
vt -0.633599 1.122020
vt -0.727545 -0.082582
vt 0.607351 -0.539192
vt 0.497616 0.915322
vt -0.841168 0.708427
vt -0.220561 -0.856902
vt 1.649578 -0.410449
vt 1.519330 0.729467
vt -1.007132 -1.086068
vt -1.928599 0.437372
vt -1.849087 -1.366843
vt 2.380987 -0.666578
vt 2.283630 0.435885
vt 0.788988 0.166288
vt 1.257805 0.796994
vt -0.021699 1.043536
vt -0.481532 0.270085
vt 1.683337 -0.227517
vt 2.042711 0.715002
vt -1.350880 1.107965
vt -1.536067 0.260129
vt 2.318519 -0.663546
vt 2.690734 0.311755
vt 1.383003 1.383666
vt 1.265189 2.352036
vt -0.195667 2.095632
vt -0.040117 1.072919
vt -2.351557 0.782698
vt -1.690884 1.904209
vt -2.573466 2.356966
vt -3.183063 1.217833
vt -1.826933 0.564280
vt -1.164575 1.581819
vt -3.396443 2.814386
vt -4.086037 1.532039
vt -1.472802 0.144027
vt -1.183488 0.568402
vt 2.897637 -0.544359
vt 2.951421 0.080433
vt 2.851832 -1.135066
vt 3.147085 0.098977
vt -0.721549 1.056158
vt -0.870625 2.012118
vt 4.199086 -0.175800
vt 4.199086 1.086060
vt 1.171606 0.364769
vt 2.770619 0.986197
vt -0.592559 0.751727
vt 0.240812 0.064597
vt 1.231745 -1.134140
vt 0.400906 -0.586026
vt 1.089680 -1.352036
vt 1.318695 -0.141162
vt 1.514639 0.752831
vt 1.514638 -0.876146
vt 0.547986 -0.613021
vt 1.102131 -0.426041
vt 0.683806 1.146689
vt -0.296165 0.365811
vt -0.044301 0.986646
vt -0.487324 1.230137
vt -0.500638 0.516751
vt 0.465349 -0.412729
vt 0.570398 0.948296
vt 0.164787 0.954777
vt -0.203908 0.045957
vt -0.165452 -0.398199
vt 0.861945 -1.075185
vt 0.329657 -1.565622
vt -0.810139 -0.751381
vt -0.681687 -1.475284
vt 0.921774 0.188613
vt 1.415207 0.464711
vt 0.417754 1.114188
vt 2.812981 0.730125
vt 2.343033 1.577882
vt 4.288034 0.975620
vt 3.463017 2.180391
vt 5.455647 2.424921
vt 4.718494 3.258115
vt -1.539589 1.522288
vt -1.375425 1.529341
vt -1.243628 3.092990
vt 0.823962 2.116493
vt 3.525995 2.116493
vt 0.404074 -0.053846
vt -0.387712 0.793903
vt -1.951155 0.004636
vt -1.096992 -0.432065
vt -0.698104 -0.213540
vt 0.062616 -0.053846
vt 1.478207 0.442250
vt 0.882810 0.917912
vt 1.082600 0.229393
vt 0.310379 0.080370
vt 0.376549 0.633795
vt 0.022807 0.716157
vt 0.012843 0.240690
vt 1.925246 0.818764
vt 1.382946 1.310951
vt -0.236285 0.390059
vt 0.495650 0.080370
vt -0.651709 0.603043
vt -0.488380 0.902612
vt -0.907584 1.124632
vt -1.041090 0.814569
vt 0.991834 1.323057
vt 0.916070 1.323686
vt 0.914432 -0.824375
vt 0.968752 -0.824835
vt 0.175232 0.227507
vt 0.503785 -0.206315
vt 0.935626 -0.042484
vt 0.872621 0.255754
vt 1.675643 0.597331
vt 1.899254 -0.026450
vt 1.707159 0.487483
vt 1.061471 0.138275
vt 1.351532 -0.428857
vt 1.638058 0.261261
vt 1.604163 0.574946
vt -0.041337 -0.005595
vt 1.034750 0.298816
vt 0.315456 -0.700824
vt 1.363601 -0.351329
vt 0.997915 -0.642255
vt 0.997915 -0.890545
vt 0.000016 -0.110128
vt 0.229575 0.136426
vt 0.789738 -0.113051
vt 0.681625 0.213097
vt 0.273493 0.249304
vt 0.731401 1.772983
vt 0.633797 0.571445
vt 1.643601 0.358217
vt 1.829165 1.575853
vt -2.050903 0.705282
vt -2.056856 0.332003
vt -0.439635 0.185623
vt -0.332979 0.717846
vt 1.066195 0.087835
vt 1.341655 0.891911
vt 1.074973 1.104480
vt 1.332140 1.397979
vt 0.604657 2.384588
vt 0.275530 2.246880
vt -2.994317 1.386851
vt -2.536778 1.263369
vt -2.582997 1.787967
vt -3.267224 1.618362
vt -0.204887 0.780429
vt -0.570357 1.221673
vt -5.409203 0.057001
vt -6.495177 -0.046765
vt -6.541234 -0.253045
vt -5.293212 -0.231211
vt 9.175070 -2.775281
vt 8.848320 -3.406509
vt 8.578814 -2.451041
vt 8.236837 -3.145108
vt -0.721568 0.735160
vt 0.998241 -0.889054
vt 0.998241 -1.069675
vt 3.372684 0.002145
vt 3.178210 0.996020
vt -0.320072 0.812086
vt -0.498201 0.002799
vt 0.002538 0.018289
vt 0.998061 0.019884
vt 0.449561 0.200628
vt -1.035377 0.002799
vt -0.836786 0.812086
vt 0.997906 0.672533
vt 0.997537 0.644380
vt 0.948909 0.634003
vt 0.959234 0.697527
vt 0.922833 0.960176
vt 0.947653 0.500816
vt -16.266150 3.391119
vt -15.912926 3.161520
vt -15.771429 3.308382
vt 4.319415 0.328633
vt 5.653557 0.557428
vt 5.556117 1.331925
vt 4.272490 1.067503
vt 1.336333 0.789711
vt 1.461230 -0.279329
vt 2.555709 -0.283483
vt 2.555709 0.732702
vt 0.301173 0.925934
vt 0.782403 0.441033
vt -2.300313 0.000882
vt 0.803037 0.000882
vt 3.082084 0.852561
vt 3.103749 0.149198
vt 4.255569 0.229136
vt 4.396935 0.891909
vt 3.300313 0.427800
vt -2.296163 0.993304
vt 0.509102 0.786284
vt 0.112048 1.515821
vt -1.070870 1.648371
vt 3.148007 0.000882
vt -8.692238 0.940023
vt -8.830244 0.997262
vt -8.899292 0.562939
vt 3.411697 1.334906
vt 3.748426 0.512635
vt 4.351219 0.835707
vt 4.050516 1.526454
vt 2.637506 0.583503
vt 2.570251 0.286394
vt 4.113527 0.068989
vt -0.528291 0.999969
vt 0.195734 0.000058
vt 1.305015 0.708061
vt 4.835600 1.736458
vt 5.006623 1.283852
vt 5.552912 1.787968
vt 2.991554 0.193819
vt 0.662738 -0.188738
vt 0.603852 1.047256
vt 0.039038 1.038626
vt 0.219701 -0.188738
vt -1.468803 0.290219
vt -0.896740 1.498474
vt -1.980155 1.848436
vt -2.085849 0.512968
vt -0.133681 -0.144851
vt -0.398239 1.224496
vt -0.484706 0.045300
vt 1.288921 -0.000116
vt 1.352247 1.185570
vt -2.536288 2.084195
vt -2.715668 0.925995
vt -0.881463 0.184848
vt -3.075131 1.168973
vt -3.318417 2.004511
vt -3.365413 1.457621
vt 16.058657 0.000559
vt 16.184475 0.997954
vt -2.723623 0.549445
vt -2.623141 -0.140453
vt -12.915127 0.832293
vt -9.336261 0.832293
vt -9.100101 0.346448
vt -12.554929 0.346448
vt -2.348626 0.284794
vt 7.547594 1.210122
vt 7.437247 1.873103
vt 13.812046 1.071483
vt 17.296883 2.176483
vt 17.202335 2.681443
vt 13.714646 1.787374
vt 2.796058 0.135957
vt 0.050775 4.659815
vt 0.050553 3.097025
vt 0.000698 3.091089
vt 0.000695 4.655735
vt -7.517202 1.578195
vt -10.020837 1.876437
vt -10.666342 -0.455105
vt -8.101291 -0.701611
vt 20.427328 3.682015
vt 20.329468 4.091245
vt -5.791014 0.832293
vt -5.635020 0.346448
vt 9.421544 2.071733
vt 0.050339 1.587325
vt 0.000701 1.579261
vt 2.999859 0.229024
vt 3.205704 0.343216
vt 2.865162 1.099587
vt 2.660060 1.030294
vt -3.375301 0.278285
vt -3.182299 -0.379796
vt -4.001599 -0.086622
vt -3.758862 -0.655403
vt -2.103369 0.832293
vt -2.012086 0.346448
vt 0.050115 0.000408
vt 0.000704 0.000507
vt 0.000060 6.538286
vt 0.999941 6.430699
vt 23.438913 5.496380
vt 23.253841 6.039810
vt 9.403816 0.610799
vt 25.978537 7.407207
vt 25.765839 7.936227
vt -4.534342 -0.470009
vt -4.360875 -1.041234
vt 0.046463 1.380909
vt 0.000908 -0.003164
vt 0.000726 1.380770
vt -8.339423 -0.314485
vt -6.674807 -1.011520
vt -5.343428 1.050588
vt -7.146244 1.714061
vt 0.031513 2.880971
vt 0.995312 -1.368311
vt 0.995312 -0.797716
vt 0.004688 -0.943199
vt 0.004688 -1.649219
vt -0.943780 0.005667
vt -5.015222 -0.803597
vt -4.806216 -1.327546
vt 1.109345 0.299227
vt 1.109345 0.873444
vt 0.701450 0.980594
vt 0.742666 -0.098008
vt -1.967220 1.086829
vt -2.511957 0.451454
vt 1.300533 0.861358
vt 0.597015 3.928133
vt 0.271269 3.829440
vt 0.908121 2.767647
vt 1.430675 3.082395
vt 0.867854 1.085124
vt 2.801902 0.205111
vt 2.781331 0.371797
vt -0.176831 1.949667
vt 1.658880 2.112836
vt 0.762452 2.796324
vt 1.714289 1.350397
vt 7.179873 -1.769718
vt 5.219228 -1.565323
vt 2.209938 0.772471
vt 0.568467 0.578856
vt -0.167987 0.718778
vt -0.254347 0.292369
vt 0.592340 0.323929
vt 6.250387 0.986307
vt 6.298518 0.586569
vt 4.288742 0.586569
vt 4.287735 0.986307
vt 6.315285 0.013666
vt 0.488979 -0.585471
vt 0.488979 -0.262137
vt 0.003626 -0.171214
vt 0.003626 -0.384965
vt 4.148707 -0.002563
vt 4.395626 1.316934
vt 2.443403 1.026313
vt 2.649738 0.660870
vt 2.608448 -0.033479
vt 2.073700 1.199011
vt 1.932534 0.574041
vt 1.948150 0.332097
vt 2.254657 0.431075
vt 2.014233 0.555600
vt 2.181284 -0.294015
vt 5.859354 0.010243
vt 5.851335 0.585820
vt 3.587781 0.585820
vt 3.593221 0.010243
vt 0.807851 -0.258506
vt 0.953902 -0.350555
vt 0.084096 1.201172
vt 0.085813 -0.876535
vt 2.806634 -0.393165
vt 2.870837 0.568622
vt 0.961234 1.321871
vt -0.002477 1.462925
vt 0.001881 -1.024893
vt 0.961234 -1.084548
vt 9.792215 0.570770
vt 9.847895 0.996042
vt 4.412246 0.996042
vt 4.412976 0.570770
vt 0.686866 -0.212842
vt 0.080785 0.013840
vt 0.244323 -0.330619
vt -0.422918 0.813017
vt -0.374384 -0.212031
vt 0.775591 -0.198033
vt 0.760650 0.824966
vt 0.472530 0.004070
vt 1.198772 0.004070
vt 0.434303 0.995447
vt -0.131316 0.995447
vt -3.095162 0.168225
vt -1.838108 0.168769
vt -1.805873 0.773689
vt -3.030524 0.692265
vt 0.976737 0.012090
vt 0.080277 0.642155
vt 0.394564 0.946356
vt -2.959635 -0.109407
vt -2.529099 0.123967
vt -2.840097 0.831795
vt -3.234177 0.450257
vt 1.418574 0.131223
vt 1.420993 0.816985
vt 0.418948 0.809656
vt 0.418761 0.150217
vt 1.827392 0.004070
vt 1.471125 0.995447
vt -5.337794 -2.452578
vt -4.438098 -1.655108
vt -5.288315 -1.073788
vt -5.827559 -2.252416
vt 0.975777 0.363878
vt 1.091538 0.879083
vt 143.116592 -0.000402
vt 143.075516 0.993629
vt -0.000510 6.947655
vt 1.000694 6.834688
vt 1.001058 5.251014
vt 0.000477 5.319455
vt 1.121427 0.053760
vt 1.371391 0.689072
vt 2.908618 1.017435
vt -2.299924 1.620375
vt -4.623667 0.606014
vt -2.909036 -0.915291
vt -0.586519 0.102723
vt -5.793602 -1.381990
vt -5.543878 -1.820621
vt 1.559677 0.460741
vt 1.875621 1.166170
vt 0.000060 1.161005
vt 0.999941 1.088260
vt -0.046340 2.083728
vt -2.259996 0.846730
vt -0.006756 -0.866995
vt 2.098179 0.316564
vt -6.576090 -1.999208
vt -6.376530 -2.455935
vt 3.345085 0.724850
vt 3.606389 1.342716
vt 0.000060 -1.142186
vt 0.999941 -1.129874
vt 3.421406 1.456355
vt 3.760180 0.896096
vt 4.017622 1.183433
vt 3.718919 1.807926
vt -2.050597 0.027816
vt -1.974203 0.277209
vt -3.084493 -0.117104
vt 1.565646 0.441347
vt 1.651782 1.027843
vt 151.272858 -0.000402
vt 151.228729 0.993629
vt 0.999635 3.374254
vt 0.001097 3.389928
vt 2.020539 0.255145
vt 2.201099 0.811808
vt 3.505417 0.522045
vt 3.300284 1.159563
vt 4.276776 1.491565
vt -1.020681 0.060160
vt -0.785899 0.731747
vt 2.159150 0.485568
vt 2.307286 1.155132
vt 159.440750 -0.000402
vt 159.399109 0.993629
vt 1.002007 1.303233
vt 0.001424 1.260678
vt 3.070221 0.409679
vt 3.147894 0.728032
vt 3.700527 1.275902
vt 1.843284 1.852064
vt 0.983693 -0.224376
vt 3.976551 -0.807408
vt 4.484357 1.117580
vt -7.472650 -2.745325
vt -7.283150 -3.066468
vt 5.382447 0.544576
vt 5.609967 1.129656
vt 0.000060 -3.651989
vt 0.999939 -3.710460
vt 167.616196 -0.000402
vt 167.574997 0.993629
vt 0.999838 -1.558076
vt 0.000681 -1.681080
vt 4.273011 0.459772
vt 4.356452 0.611408
vt 4.191111 1.322159
vt 6.549366 -1.735483
vt 7.587494 -0.997226
vt 6.408616 1.068835
vt 5.266067 0.409844
vt -8.822319 -3.688818
vt -8.662885 -4.005312
vt 7.803531 -0.032678
vt 7.978513 0.473998
vt 0.000059 -7.210904
vt 0.999939 -7.567524
vt 1.986821 0.294556
vt 3.703935 0.955737
vt 3.508211 1.755283
vt 4.705978 1.931663
vt 4.506489 2.602338
vt 0.084177 1.292343
vt -0.580889 1.545006
vt -0.855820 -0.138221
vt 0.654687 -0.374168
vt 2.858270 0.406288
vt 3.060764 1.231714
vt 9.344874 -0.660831
vt 9.089022 -1.595876
vt 10.333674 -2.140874
vt 10.677250 -1.144147
vt -9.935294 -4.378199
vt -9.805137 -4.680923
vt 9.728333 -0.291623
vt 0.000059 -9.920327
vt 0.999939 -10.203778
vt 5.057634 2.271235
vt 0.669299 -0.169647
vt 1.877580 -0.458053
vt 2.175587 1.730341
vt 0.864755 1.346632
vt 3.427454 0.344478
vt 3.627081 1.190218
vt 175.827637 -0.000402
vt 175.787460 0.993629
vt 1.000607 -3.819884
vt 0.000750 -4.006483
vt 4.590189 1.361019
vt 5.757953 2.726186
vt 5.470881 3.202257
vt 2.325272 1.360892
vt 2.351377 -0.260154
vt 3.889595 -0.233139
vt 3.979307 1.855861
vt 1.417329 1.030835
vt 0.283249 0.878210
vt 0.476994 -0.379874
vt 1.624232 -0.244465
vt 184.072052 -0.000402
vt 184.030853 0.993629
vt 0.999985 -7.693546
vt 0.000264 -7.989058
vt 5.267147 0.667898
vt 5.267147 1.355340
vt 1.985263 1.085793
vt 2.178492 -0.262795
vt -11.954207 -5.289813
vt -11.885789 -5.581388
vt 0.000059 -14.783730
vt 0.999939 -14.844324
vt 5.555964 1.200800
vt 5.352197 2.387418
vt -0.137541 0.982455
vt -1.739814 1.089574
vt -1.583366 0.232351
vt -0.054478 0.269690
vt 3.079860 0.538921
vt 0.415798 0.722939
vt 0.438579 -0.311720
vt 3.123569 -0.515582
vt 0.717427 0.584975
vt -0.531146 0.469154
vt -0.627370 -0.182842
vt 0.735133 -0.219174
vt 8.890602 0.832293
vt 8.982631 0.083747
vt -26.680824 0.002201
vt -26.853228 0.709263
vt -19.359837 0.459056
vt -19.221020 0.002201
vt -10.566833 0.459056
vt -10.522626 0.002201
vt 1.633524 0.459056
vt 1.824555 0.002201
vt 11.511160 0.459056
vt 11.649879 0.002201
vt 27.925810 0.459056
vt 28.050264 0.002201
vt 2.569618 1.089574
vt 2.614814 0.409483
vt 0.684418 3.665938
vt 0.262629 3.661396
vt -0.771327 0.273293
vt -0.736092 0.586987
vt 2.205570 0.812497
vt 1.622503 0.705479
vt 1.797840 0.292369
vt 0.180851 0.622656
vt 0.099957 0.644076
vt 0.099957 0.355924
vt 2.294796 0.838170
vt 2.862421 0.269479
vt 2.505753 0.587082
vt 2.372208 0.422318
vt 2.734281 0.106275
vt 3.299095 0.914688
vt 3.237953 1.685935
vt 1.056546 0.013651
vt 1.094681 0.483962
vt 0.653708 0.430341
vt 0.621796 -0.012416
vt 0.151923 -0.171288
vt 0.136767 -0.283379
vt 0.156522 -0.043236
vt 0.156273 0.088964
vt 0.228113 -0.869127
vt 0.001489 -1.004024
vt 0.998241 -0.638583
vt 0.996825 -0.815129
vt 0.963008 -1.368382
vt 0.996825 -1.371546
vt 0.991552 0.330265
vt 0.991552 0.538897
vt 0.991552 1.062643
vt 0.991552 1.200651
vt 0.516578 0.887013
vt 0.083800 1.140885
vt 0.996825 1.695591
vt 0.035652 1.457294
vt 0.996825 -0.164634
vt 0.593985 -0.564425
vt 0.751662 -0.918498
vt 0.997281 3.603516
vt 0.055866 3.509137
vt 0.055866 3.721620
vt 0.997281 3.838715
vt 2.133344 0.008500
vt 3.600040 -0.190368
vt 2.128048 0.582812
vt 5.744799 0.998200
vt 5.671765 0.558429
vt 1.351860 0.558429
vt 1.392220 0.998200
vt -0.867504 0.717876
vt -1.461106 0.336677
vt -1.294677 0.137617
vt -0.364934 -0.457651
vt -174.422729 -0.000402
vt -174.418213 0.568180
vt -183.066040 0.568180
vt -183.072113 -0.000402
vt -174.398239 0.993629
vt -183.034988 0.993629
vt -100.344063 0.998611
vt -100.318108 0.544020
vt -107.029793 0.544020
vt -107.057968 0.998611
vt 1.821096 0.008865
vt 1.819683 0.572667
vt 0.640060 0.572667
vt 0.643565 0.008865
vt 1.797583 0.993272
vt 1.053698 0.998200
vt 1.017788 0.558429
vt -0.748374 0.558429
vt -0.746482 0.998200
vt -113.999557 -0.000402
vt -113.992050 0.568180
vt -124.339073 0.568180
vt -124.342690 -0.000402
vt -113.974442 0.993629
vt -124.322144 0.993629
vt -53.348007 0.998611
vt -53.324280 0.544020
vt -61.397636 0.544020
vt -61.421349 0.998611
vt -134.725311 0.568180
vt -134.730682 -0.000402
vt -134.704956 0.993629
vt -69.487640 0.544020
vt -69.510094 0.998611
vt -145.119125 0.568180
vt -145.125671 -0.000402
vt -145.093445 0.993629
vt -77.579590 0.544020
vt -77.601395 0.998611
vt -155.509781 0.568180
vt -155.516891 -0.000402
vt -155.485626 0.993629
vt -85.662064 0.544020
vt -85.690865 0.998611
vt -165.884064 0.568180
vt -165.890732 -0.000402
vt -165.859009 0.993629
vt -93.735367 0.544020
vt -93.759621 0.998611
vt -2.872085 -0.000402
vt -2.871439 0.568180
vt -12.728997 0.568180
vt -12.749002 -0.000402
vt -2.878633 0.993629
vt -12.713061 0.993629
vt 35.021740 0.998611
vt 35.019070 0.544020
vt 26.826702 0.544020
vt 26.817621 0.998611
vt 62.811897 -0.000402
vt 62.771683 0.568180
vt 53.809952 0.568180
vt 53.827530 -0.000402
vt 62.747955 0.993629
vt 53.818077 0.993629
vt 89.507919 0.998611
vt 89.510803 0.544020
vt 82.355827 0.544020
vt 82.368698 0.998611
vt -53.204414 -0.000402
vt -53.193352 0.568180
vt -63.473358 0.568180
vt -63.478409 -0.000402
vt -53.183449 0.993629
vt -63.443275 0.993629
vt -5.479473 0.998611
vt -5.459527 0.544020
vt -13.557016 0.544020
vt -13.588557 0.998611
vt 44.647278 0.568180
vt 44.680210 -0.000402
vt 44.620667 0.993629
vt 74.997345 0.544020
vt 75.004097 0.998611
vt -32.918137 -0.000402
vt -32.907410 0.568180
vt -43.018707 0.568180
vt -43.028610 -0.000402
vt -32.890114 0.993629
vt -42.996330 0.993629
vt 10.661386 0.998611
vt 10.683556 0.544020
vt 2.629190 0.544020
vt 2.604590 0.998611
vt -83.155212 -0.000402
vt -83.146187 0.568180
vt -93.408333 0.568180
vt -93.418259 -0.000402
vt -83.118591 0.993629
vt -93.386711 0.993629
vt -29.128595 0.998611
vt -29.101547 0.544020
vt -37.184643 0.544020
vt -37.209877 0.998611
vt 16.145172 -0.000402
vt 16.130465 0.568180
vt 6.984454 0.568180
vt 6.994828 -0.000402
vt 16.127571 0.993629
vt 6.980683 0.993629
vt 50.964283 0.998611
vt 50.941078 0.544020
vt 43.343407 0.544020
vt 43.353043 0.998611
vt -103.713303 -0.000402
vt -103.697403 0.568180
vt -103.675949 0.993629
vt -45.284531 0.998611
vt -45.256866 0.544020
vt 25.879253 -0.000402
vt 25.861168 0.568180
vt 25.860460 0.993629
vt 59.168346 0.998611
vt 59.144920 0.544020
vt -22.777225 0.568180
vt -22.783743 -0.000402
vt -22.768167 0.993629
vt 18.769886 0.544020
vt 18.749317 0.998611
vt -73.776001 0.568180
vt -73.778114 -0.000402
vt -73.745102 0.993629
vt -21.677526 0.544020
vt -21.706282 0.998611
vt 75.896233 -0.000402
vt 80.845840 -0.000402
vt 75.858139 0.568180
vt 75.846397 0.993629
vt 99.438919 0.998611
vt 103.273926 0.998611
vt 103.257912 0.544020
vt 99.428169 0.544020
vt 35.363014 0.568180
vt 35.395493 -0.000402
vt 35.345295 0.993629
vt 67.194107 0.544020
vt 67.196762 0.998611
vt 67.227066 0.998611
vt 70.133934 0.568180
vt 70.177353 -0.000402
vt 70.141464 0.993629
vt 95.170082 0.544020
vt 95.170830 0.998611
vt 0.002398 73.775299
vt 0.746790 73.268105
vt 0.746790 70.556610
vt 0.002398 70.977921
vt 0.002403 50.737595
vt 0.746790 50.431282
vt 0.746790 44.882275
vt 0.002403 45.150963
vt 0.002403 -14.109377
vt 0.746790 -14.074046
vt 0.746790 -18.877577
vt 0.002403 -18.900137
vt 0.002403 17.671345
vt 0.746790 17.647575
vt 0.746790 11.205288
vt 0.002403 11.216340
vt 0.002403 -25.850882
vt 0.746790 -25.834766
vt 0.746790 -32.357136
vt 0.002403 -32.382500
vt 0.002403 5.338342
vt 0.746790 5.341110
vt 0.746790 -0.489301
vt 0.002403 -0.442141
vt 0.002403 34.300709
vt 0.746790 34.111523
vt 0.746790 28.833202
vt 0.002403 28.984123
vt 0.002398 56.271568
vt 0.746790 55.923058
vt 0.002398 76.197472
vt 0.746790 75.698837
vt 0.002403 -7.533139
vt 0.746790 -7.497573
vt 0.002403 23.324892
vt 0.746790 23.238649
vt 0.746790 38.914631
vt 0.002403 39.169880
vt 0.746790 -38.320381
vt 0.002403 -38.325516
vt 0.002398 62.088707
vt 0.746790 61.705448
vt 0.002398 67.358871
vt 0.746790 66.961655
vt 0.002407 -70.093964
vt 0.746790 -70.085960
vt 0.746790 -74.347038
vt 0.002407 -74.380775
vt 0.002407 -64.044144
vt 0.746790 -64.027885
vt 0.002403 -57.764011
vt 0.746790 -57.747654
vt 0.002403 -51.029964
vt 0.746790 -51.022312
vt 0.002403 -44.608120
vt 0.746790 -44.620693
vt 0.000495 -1.489737
vt 0.999505 -1.233435
vt 0.999505 0.483711
vt 0.000495 0.421187
vt 0.746790 -78.692696
vt 0.002407 -78.721703
vt 0.000495 -5.423802
vt 0.999505 -4.925791
vt -2.712133 0.507585
vt 0.885296 -2.886272
vt 0.470282 -2.934928
vt 0.457255 -3.480783
vt 0.981634 -3.440701
vt 8.281782 0.986307
vt -2.523581 0.016255
vt -2.519241 0.591133
vt -0.407610 0.591133
vt -0.402842 0.016255
vt -2.495461 0.985697
vt -0.399391 0.985697
vt -1.763063 3.716111
vt -1.428390 3.305258
vt -0.966002 3.561690
vt -1.249446 4.015828
vt 5.140728 0.008034
vt 5.122000 0.605136
vt 2.643404 0.605136
vt 2.652502 0.008034
vt 5.080709 0.994660
vt 2.622108 0.994660
vt 1.652919 4.325030
vt 1.515944 3.831266
vt 2.039808 3.627672
vt 2.227377 4.111816
vt -4.804666 0.006475
vt -2.541112 0.598241
vt -2.544365 0.006475
vt -2.515891 0.994202
vt -3.462110 0.309080
vt -2.868033 0.375544
vt -2.858823 0.756384
vt -3.462111 0.762621
vt -0.287330 0.006475
vt -0.295513 0.598241
vt 1.885404 0.598241
vt 1.902839 0.006475
vt -0.280293 0.994202
vt 1.893739 0.994202
vt -3.397423 1.216116
vt -2.798196 1.136735
vt -2.712094 1.523064
vt -3.287600 1.653474
vt 4.045854 0.006475
vt 4.018186 0.598241
vt 6.277245 0.598241
vt 6.316104 0.006475
vt 4.021384 0.994202
vt 6.272980 0.994202
vt -3.141514 2.080419
vt -2.596218 1.902706
vt -2.416290 2.234437
vt -2.913987 2.512375
vt -8.921671 0.009374
vt -8.883678 0.617665
vt -8.848226 0.994291
vt -6.798230 0.994291
vt -0.065117 -3.478941
vt 0.057416 -2.896020
vt -0.406088 -2.789123
vt -0.613388 -3.358345
vt -2.604158 0.617665
vt -2.617947 0.009374
vt -4.742073 0.994291
vt -2.596436 0.994291
vt -1.140470 -3.180300
vt -0.856402 -2.645798
vt -1.288445 -2.407159
vt -1.636702 -2.910065
vt -0.389280 0.009374
vt -0.387362 0.617665
vt 1.834391 0.617665
vt 1.844934 0.009374
vt -0.383937 0.994291
vt 1.832011 0.994291
vt -2.087328 -2.575472
vt -1.690484 -2.125478
vt -2.026793 -1.775317
vt -2.475067 -2.168188
vt -6.771910 0.016255
vt -6.755770 0.591133
vt -4.631180 0.591133
vt -4.644268 0.016255
vt -6.699419 0.985697
vt -4.594245 0.985697
vt -2.623766 2.910707
vt -2.177169 2.562123
vt -1.821293 2.951622
vt -2.215274 3.331530
vt 4.052265 0.009374
vt 4.032564 0.617665
vt 6.012528 0.009374
vt 4.021730 0.994291
vt -2.798447 -1.700809
vt -2.294736 -1.365187
vt -2.505428 -0.970089
vt -3.046629 -1.250158
vt 7.913109 0.009374
vt 9.881292 0.617665
vt 9.921669 0.009374
vt 9.847677 0.994291
vt -3.253618 -0.776704
vt -2.674976 -0.553751
vt -2.805763 -0.097476
vt -3.390485 -0.239892
vt 0.481684 0.605136
vt 0.504578 0.008034
vt 0.476417 0.994660
vt 2.411229 3.388778
vt 2.690716 3.844878
vt 3.798026 0.016255
vt 3.777269 0.591133
vt 5.741731 0.591133
vt 5.771388 0.016255
vt 3.755095 0.985697
vt 5.722988 0.985697
vt 1.699123 0.591133
vt 1.711253 0.016255
vt 1.691412 0.985697
vt 1.539021 0.015235
vt 1.525857 0.596479
vt -0.950107 0.596479
vt -0.947648 0.015235
vt 1.556569 0.989805
vt -0.939195 0.989805
vt 4.381346 1.028891
vt 3.817894 0.933059
vt 3.903124 0.307812
vt 4.456749 0.306481
vt 0.461358 0.013666
vt 0.470893 0.586569
vt 2.344849 0.586569
vt 2.343717 0.013666
vt 0.468979 0.986307
vt 2.348899 0.986307
vt 2.387726 -2.939966
vt 2.119648 -2.451991
vt 1.729488 -2.642860
vt 1.943712 -3.141988
vt -3.455935 0.596479
vt -3.465816 0.015235
vt -3.441581 0.989805
vt 3.829920 -0.243353
vt 4.367589 -0.414477
vt -4.487994 0.013666
vt -4.458557 0.586569
vt -2.011801 0.586569
vt -2.030457 0.013666
vt -4.435885 0.986307
vt -2.000129 0.986307
vt 3.428783 -2.208080
vt 3.014935 -1.823833
vt 2.585849 -2.160607
vt 2.926886 -2.596690
vt -6.969087 0.013666
vt -6.910305 0.586569
vt -6.896921 0.986307
vt 4.161033 -1.108641
vt 3.640969 -0.878530
vt 3.380058 -1.386308
vt 3.847040 -1.693531
vt 4.389669 0.004855
vt 4.359221 0.577711
vt 2.981581 0.577711
vt 2.990574 0.004855
vt 7.148553 0.596479
vt 7.151703 0.989805
vt 5.419220 0.989805
vt 5.424301 0.596479
vt 3.849996 2.586342
vt 3.373831 2.272760
vt 3.542361 1.877639
vt 4.065003 2.121136
vt 4.294594 0.013666
vt 1.472075 -3.314509
vt 1.313660 -2.785789
vt -2.564909 -0.279027
vt -2.070534 0.027243
vt -2.662683 0.120311
vt 2.740847 3.080735
vt 3.056054 2.705685
vt 3.549711 3.039532
vt 3.145506 3.490143
vt 2.392246 -1.285327
vt 2.580215 -1.858500
vt 2.927889 -1.560924
vt 3.646840 0.596479
vt 3.659669 0.015235
vt 3.653140 0.989805
vt 4.231488 1.622329
vt 3.705746 1.444440
vt 1.408079 -2.476316
vt 2.542408 0.008985
vt 2.539091 0.594429
vt 6.082772 0.594429
vt 6.087529 0.008985
vt 2.538392 0.992808
vt 6.081652 0.992808
vt 0.995210 -3.173307
vt 0.004789 -3.217605
vt 0.004788 -8.758055
vt 0.995210 -8.751554
vt 6.045781 0.999575
vt 6.044725 0.564767
vt 10.308526 0.594429
vt 10.315172 0.008985
vt 10.272985 0.992808
vt 0.004788 -14.951955
vt 0.995210 -15.386760
vt 9.617408 0.999575
vt 9.649589 0.564767
vt 0.026529 0.594429
vt 0.030571 0.008985
vt -26.672813 0.000419
vt -26.697281 0.570557
vt -15.856084 0.570557
vt -15.831303 0.000419
vt -26.675440 0.999587
vt -15.835943 0.999587
vt 0.000259 25.111074
vt 0.999742 25.111082
vt 0.999742 15.225596
vt 0.000262 15.212034
vt -25.395281 0.534532
vt -25.390629 1.000792
vt -15.436978 1.000792
vt -15.439490 0.534532
vt 5.862729 0.000419
vt 5.836650 0.570557
vt 16.726437 0.570557
vt 16.752266 0.000419
vt 5.849030 0.999587
vt 16.743353 0.999587
vt 0.000262 -5.090003
vt 0.999743 -5.084460
vt 0.999743 -15.907198
vt 0.000262 -15.955210
vt 4.470655 0.534532
vt 4.479164 1.000792
vt 14.442043 1.000792
vt 14.429506 0.534532
vt -5.020734 0.570557
vt -4.995107 0.000419
vt -5.011433 0.999587
vt 0.999743 5.146864
vt 0.000262 5.158467
vt -5.479635 1.000792
vt -5.485961 0.534532
vt -2.430113 0.017300
vt -2.441149 0.583047
vt 0.499926 0.583047
vt 0.513002 0.017300
vt -2.439756 0.989084
vt 0.503857 0.989084
vt 0.993014 3.632427
vt 0.006987 3.599649
vt 0.006987 0.028202
vt 0.993014 0.065424
vt -1.403630 0.568163
vt -1.400815 0.992181
vt 1.567057 0.992181
vt 1.563326 0.568163
vt 27.671602 0.570557
vt 27.686125 0.342749
vt 27.697294 0.000419
vt 27.599470 0.999587
vt 0.999743 -25.059258
vt 0.000265 -25.667070
vt 24.377308 1.000792
vt 24.497871 0.534532
vt 11.385078 0.996042
vt 27.768925 0.996042
vt 0.774866 -10.956693
vt -0.072506 -10.844670
vt -0.072506 -21.390318
vt 0.774864 -21.463900
vt 19.497477 2.463555
vt 19.707239 3.391119
vt 14.578406 2.010312
vt 14.482514 1.442431
vt 1.544910 0.996042
vt 0.774866 -4.624562
vt -0.072506 -4.548483
vt -14.369492 2.659232
vt -14.219632 2.860410
vt -10.609393 0.996042
vt 0.774866 3.196476
vt -0.072505 3.257351
vt -11.073863 1.747081
vt -10.927159 2.045524
vt -19.415945 0.996042
vt 0.774866 8.867461
vt -0.072505 8.901923
vt -7.753178 1.132859
vt -7.667881 1.423912
vt -27.050264 0.996042
vt 0.774868 13.786378
vt -0.072505 13.901731
vt -1.987612 0.303862
vt -1.908672 0.584332
vt 27.877766 9.814259
vt 28.182154 9.277468
vt 31.527752 12.339064
vt 31.330427 12.799383
vt 0.774866 18.375004
vt -0.072505 18.424438
vt 3.619872 0.163442
vt 3.740075 0.517855
vt 118.790817 -0.000402
vt 118.740761 0.568180
vt 126.903969 0.993629
vt 118.690704 0.993629
vt 0.591757 -2.652275
vt 0.592654 2.488936
vt -0.001737 2.671762
vt -0.037252 -2.458956
vt 110.603638 -0.000402
vt 110.559723 0.568180
vt 110.528122 0.993629
vt 0.681000 -3.050019
vt 0.680963 3.380642
vt -0.040645 3.519570
vt -0.002755 -2.844363
vt -0.016164 0.608312
vt 7.483399 0.608312
vt 0.001132 0.971593
vt 102.294937 -0.000402
vt 102.250290 0.568180
vt 102.205200 0.993629
vt 0.001506 -1.819610
vt 0.001507 -7.827557
vt 0.617634 -7.892295
vt 0.617634 -1.911286
vt -2.609270 0.980578
vt -10.245600 0.980578
vt -10.258155 0.542657
vt -2.627939 0.542657
vt 93.798424 0.993629
vt 0.001507 4.563468
vt 0.617635 4.430561
vt 5.320515 0.980578
vt 5.292616 0.542657
vt 32.635864 13.143040
vt 33.856556 14.532764
vt 33.378315 15.010704
vt 11.228764 0.542657
vt 11.258157 0.980578
vt 0.617635 7.825817
vt 0.001507 7.978196
vt 0.774866 21.303263
vt 0.026709 21.433760
vt 107.987076 0.998611
vt 107.980591 0.544020
vt 0.002403 79.208092
vt 0.746790 78.685524
vt 0.433795 -0.027659
vt 0.433795 -1.260583
vt 0.571660 -1.265403
vt 0.571661 -0.061086
vt 0.795501 2.004154
vt 0.998119 1.980579
vt 0.998119 1.362995
vt 0.601965 1.328373
vt 4.015579 0.005279
vt 4.009469 0.996842
vt -2.260483 0.996842
vt -2.270779 0.005279
vt -3.999832 0.003345
vt 6.140015 0.003345
vt 6.138424 0.996005
vt -4.024313 0.996005
vt 4.024593 0.995495
vt 0.260558 0.995495
vt 0.257544 0.003384
vt 4.025082 0.003384
vt -0.157255 0.012033
vt 5.082528 0.012033
vt 5.082531 0.987967
vt -0.153816 0.987967
vt -5.003260 0.012033
vt -5.002352 0.987967
vt -3.025082 0.995495
vt -3.025081 0.003384
vt 3.166036 0.413939
vt 0.424741 0.413939
vt 0.421936 0.616140
vt 3.167165 0.616140
vt 0.998940 3.503165
vt 0.999180 4.800671
vt 0.000630 1.810274
vt 0.000630 0.223457
vt 0.112753 1.794360
vt 0.000630 3.359917
vt 0.112753 3.337056
vt 0.000630 4.834893
vt 0.112753 4.813698
vt 0.053041 -0.054180
vt 0.061867 -2.528075
vt 0.061867 -2.882914
vt 0.999916 -2.525853
vt 0.999916 -0.049295
vt 0.087376 2.614557
vt 0.043868 2.266456
vt 0.999916 2.613905
vt 0.999370 -2.978051
vt 0.112753 -2.978811
vt 0.389149 0.503355
vt 0.000233 0.712907
vt 6.118216 0.691172
vt 6.079205 0.273290
vt 0.992170 0.280882
vt 0.000212 -1.320851
vt 0.997914 -0.558869
vt 0.997914 -0.333748
vt 0.000212 -0.808876
vt 0.996272 -1.126960
vt 0.996272 -0.808087
vt 0.000212 -1.647906
vt 0.000212 -1.918496
vt -4.409354 0.558429
vt -4.406616 0.998200
vt -3.764838 0.998200
vt -3.764892 0.558429
vt -1.650480 0.993272
vt -1.655799 0.572667
vt -0.489712 0.572667
vt -0.473937 0.993272
vt -1.665396 0.008865
vt -0.494520 0.008865
vt 2.206880 0.251745
vt -13.292421 0.013063
vt -13.312961 0.581629
vt -19.728832 0.581784
vt -19.706345 0.013064
vt -0.021059 0.013062
vt 6.721138 0.013061
vt 6.722101 0.581145
vt -0.014265 0.581308
vt 7.759571 0.001401
vt -4.899098 0.001401
vt -4.925785 0.588160
vt 7.754574 0.588160
vt -6.737355 0.013062
vt -6.751986 0.581471
vt 109.682663 0.001401
vt 94.011238 0.001401
vt 94.005058 0.588160
vt 109.676437 0.588160
vt -0.000152 0.000599
vt 0.000027 0.497405
vt 5.378207 0.497405
vt 5.390240 0.000599
vt 62.635998 0.001401
vt 62.656574 0.588160
vt 78.322533 0.588160
vt 78.355537 0.001401
vt 47.024998 0.001401
vt 46.991989 0.588160
vt 15.696081 0.001401
vt 15.663065 0.588160
vt 31.318600 0.588160
vt 31.298046 0.001401
vt 17.991470 0.013059
vt 17.997820 0.580873
vt 12.316432 0.581010
vt 12.312031 0.013060
vt 20.675125 0.013059
vt 20.681984 0.580808
vt 15.133860 0.805662
vt 15.261318 0.499984
vt 10.241826 0.456338
vt 10.137863 0.805662
vt 9.651560 1.472938
vt 9.753506 2.025035
vt 6.835301 1.293004
vt 6.711516 0.855326
vt 0.000344 0.998973
vt -13.290725 0.994273
vt -19.712757 0.994274
vt -6.727800 0.994272
vt -0.005542 0.994271
vt 6.735467 0.994270
vt 12.340378 0.994270
vt 18.036469 0.994269
vt 20.728806 0.994269
vt 9.448159 0.634572
vt 9.565818 1.144978
vt 3.276575 0.067019
vt 5.801832 0.254065
vt 5.941346 1.175911
vt 3.445889 0.858723
vt 13.131474 2.208339
vt 0.564870 0.710643
vt 0.396247 0.067004
vt -2.199845 0.831338
vt -2.367468 0.286262
vt 3.979117 -4.116974
vt 4.644129 -3.672781
vt 1.925375 -0.697990
vt 1.386868 -1.067329
vt 0.594954 -0.415686
vt 1.395308 0.133243
vt -0.849617 2.782459
vt -1.525580 2.409957
vt -2.873984 5.657422
vt -3.327227 5.485013
vt -0.341597 -0.125075
vt 1.307423 -0.098682
vt 1.345904 0.384158
vt -0.312458 0.203304
vt 7.364068 3.414630
vt 6.335132 3.188505
vt 7.761413 1.104977
vt 8.652214 1.380184
vt 10.039253 -1.008260
vt 11.077871 -0.491828
vt 8.774391 1.581213
vt 7.798070 1.185435
vt 5.609040 0.448021
vt 5.510699 0.805662
vt 2.006310 0.448021
vt 1.902683 0.805662
vt -17.206682 0.805662
vt -17.110855 0.543630
vt -20.637177 0.587276
vt -20.604973 0.805662
vt -14.722702 0.805662
vt -14.622327 0.499984
vt -10.469490 0.805662
vt -10.361817 0.499984
vt -6.262956 0.805662
vt -6.163731 0.499984
vt -1.894200 0.805662
vt -1.802002 0.482663
vt 20.904095 0.585700
vt -1.821940 -0.377620
vt -1.797405 0.043960
vt 0.907308 0.956951
vt 0.711637 0.662740
vt 0.734762 0.956951
vt 0.990971 0.426617
vt 0.991293 0.472355
vt 0.916444 0.476688
vt 0.999931 0.613277
vt 0.974079 0.137660
vt 0.102091 0.147682
vt 0.102660 0.563382
vt 0.201612 0.672514
vt 0.794951 0.669123
vt 0.465776 0.974967
vt 0.987995 0.828217
vt 0.091621 0.978466
vt 0.865239 0.662675
vt 0.991468 0.496849
vt 0.991521 0.519622
vt -0.975626 0.291354
vt -0.988365 0.142301
vt 1.649151 0.142301
vt 1.664163 0.382299
vt -0.452160 0.006316
vt -0.746449 0.006648
vt -0.746959 0.571406
vt -0.451153 0.572853
vt 0.581538 0.551557
vt 0.271137 0.551557
vt 0.271105 0.019032
vt 0.581509 0.019032
vt 0.991007 0.044153
vt 0.074530 0.044116
vt 0.054857 0.563238
vt 0.971255 0.564866
vt 0.000230 0.551557
vt -0.000323 0.019032
vt 2.603452 0.005985
vt 2.587298 0.568365
vt -0.745811 0.568365
vt -0.735373 0.005985
vt 0.288534 0.006648
vt 0.537009 0.006648
vt 0.536621 0.551091
vt 0.288112 0.551091
vt 0.000495 0.551091
vt 0.000045 0.006648
vt 0.987143 0.551557
vt 0.571795 0.551557
vt 0.571766 0.019032
vt 0.987110 0.019032
vt 0.008993 0.964895
vt 0.920999 0.959604
vt 0.798319 0.591246
vt 0.201681 0.606806
vt 0.201681 0.153315
vt 0.782226 0.207895
vt -1.650294 0.260310
vt 0.571917 0.988488
vt 0.987019 0.985000
vt 0.987350 0.548894
vt 0.571718 0.548894
vt 2.570393 0.994546
vt -0.751196 0.994546
vt -0.747882 0.994322
vt -1.603452 0.994546
vt -1.590762 0.568365
vt -0.746859 0.568271
vt 0.733473 0.966116
vt 0.244184 0.662740
vt 0.263249 0.956951
vt 0.391479 0.964863
vt 0.342039 0.616799
vt 0.657961 0.616799
vt 0.578296 0.964863
vt 0.263790 0.956951
vt 0.092692 0.956951
vt -0.747882 0.981927
vt -0.450130 0.979774
vt 0.001115 0.007231
vt 0.999235 0.591308
vt 0.001115 0.596179
vt 0.001115 0.979422
vt 0.999235 0.979422
vt 2.650294 0.228370
vt 0.092897 7.500384
vt 0.001840 7.500613
vt 0.001765 6.839713
vt 0.092577 6.840047
vt 0.948480 0.633879
vt 0.996766 0.600740
vt 0.997828 0.529287
vt 0.997613 0.644427
vt 0.994553 0.317663
vt 0.998825 7.500398
vt 0.905271 7.499974
vt 0.998563 7.331219
vt 0.980983 0.304331
vt -1.585864 0.005985
vt -0.745852 0.006316
vt 0.957331 0.666423
vt 0.000629 -2.978923
vt 0.471070 -2.510277
vt 0.405999 1.433163
vt -1.354446 1.367397
vt -0.959222 -2.485607
vt 3.460839 0.226212
vt 3.422712 -0.231673
vt 4.196246 0.431121
vt 16.108738 0.995768
vt 16.101307 0.580103
vt 4.626601 -0.316053
vt 2.018305 1.766216
vt 2.398926 2.558585
vt -0.554528 0.998520
vt -1.504016 0.333686
vt -0.738151 -0.002140
vt 0.069030 0.994122
vt -0.529322 0.003955
vt 2.109282 0.302055
vt 2.747980 1.374996
vt 2.123071 1.731893
vt 2.403203 0.990003
vt 2.433593 0.558250
vt 0.219291 0.558250
vt 0.244713 0.990003
vt 0.999937 0.257830
vt 0.942341 0.648564
vt 0.073289 0.745940
vt 0.000063 0.415928
vt -0.873598 0.910992
vt -7.069468 0.997742
vt -6.686025 0.678059
vt 16.087440 0.691267
vt 16.114475 0.996636
vt 16.048107 0.004068
vt 16.060673 0.304502
vt -6.705078 0.369587
vt -6.704178 0.142060
vt 0.257117 0.003396
vt 0.045222 0.995283
vt 0.825078 0.995283
vt 6.050682 0.999532
vt 6.025619 0.574674
vt 3.154905 2.130866
vt 2.654467 1.379932
vt 0.997721 0.189155
vt 0.997721 0.873499
vt 0.000624 0.719659
vt 0.000624 0.219792
vt 0.862560 -1.449963
vt 0.862560 -0.932065
vt 0.000833 -1.319407
vt 0.000833 -1.957048
vt 0.997721 1.534367
vt 0.997721 2.137974
vt 0.000624 1.617496
vt 0.000624 1.207368
vt -0.451678 0.127388
vt 0.997721 -1.127758
vt 0.997721 -0.482714
vt 0.000624 -0.321088
vt 0.000624 -0.829680
vt 0.997979 1.452234
vt 0.997979 0.808578
vt 0.001034 0.750740
vt 0.001034 1.176577
vt 0.000833 -0.731580
vt 0.862560 -0.448330
vt 0.862560 0.187130
vt 0.000833 0.012230
vt -6.587807 0.994660
vt -6.633078 0.605136
vt -6.660849 0.008034
vt 0.000495 5.706563
vt 0.000495 4.041827
vt 0.999505 3.363376
vt 0.999505 3.975147
vt 0.162538 -6.925157
vt 0.162538 -6.353528
vt 0.991576 -6.382296
vt 0.991576 -6.947453
vt 0.162538 4.687624
vt 0.162538 5.379120
vt 0.991576 5.339285
vt 0.991576 4.654356
vt 0.159457 -8.187571
vt 0.999933 -8.170766
vt 0.999933 -5.921708
vt 0.159457 -10.539286
vt 0.999933 -10.511428
vt 0.159457 -12.734324
vt 0.159457 -14.850571
vt 0.999933 -14.817852
vt 0.999933 -12.712550
vt 0.159457 -16.359737
vt 0.999933 -16.368177
vt 0.159457 -17.876394
vt 0.999933 -17.866165
vt 0.162538 -5.866925
vt 0.991576 -5.877434
vt 0.162538 -5.143809
vt 0.162538 -3.133980
vt 0.991576 -3.150634
vt 0.991576 -5.138359
vt 0.162538 -1.079607
vt 0.991576 -1.091721
vt 0.162538 0.911161
vt 0.991576 0.874438
vt 0.162538 2.814385
vt 0.991576 2.778723
vt 0.157239 -5.311018
vt 0.998794 -5.281323
vt 0.998794 -3.059604
vt 0.151195 -6.328466
vt 0.000078 -8.060700
vt 0.999923 -8.249575
vt 0.999923 -6.250024
vt 0.151195 -4.337090
vt 0.999923 -4.281074
vt 0.151195 -2.062280
vt 0.999923 -2.033751
vt 0.151196 -0.012342
vt 0.999923 0.003589
vt 0.151196 1.985977
vt 0.999923 1.993520
vt 0.151196 4.379277
vt 0.999923 4.404976
vt 0.151196 6.615051
vt 0.999923 6.647192
vt 0.000078 8.306724
vt 0.999923 8.314369
vt 0.056158 0.189159
vt 0.056158 -2.176081
vt 0.999993 -2.159555
vt 0.999993 0.195932
vt 0.056158 2.363456
vt 0.999993 2.387895
vt 0.001206 -7.381988
vt 0.998793 -7.360098
vt 0.499192 0.802359
vt 0.950395 0.716307
vt 5.445096 0.015235
vt -6.034504 0.999532
vt -9.206192 0.999532
vt -9.181633 0.574674
vt -6.049553 0.574674
vt 0.001654 2.981439
vt 0.353823 2.045872
vt 2.999843 0.993520
vt 4.891409 0.993520
vt 4.932811 0.583873
vt 3.024448 0.583873
vt 0.999757 0.062953
vt 0.000166 0.119236
vt -1.639842 -0.466498
vt 0.581165 -0.466500
vt -1.368311 0.700006
vt 1.320783 0.924676
vt 1.232513 0.120094
vt 2.528726 0.352937
vt 2.523595 0.998781
vt 1.667921 0.983556
vt -0.358976 3.512743
vt -1.629922 0.902123
vt 0.936926 -0.106530
vt -3.284704 1.229720
vt -3.415300 0.581490
vt 0.982327 0.916581
vt 3.677588 0.497837
vt 5.379308 0.806470
vt 5.316406 1.232423
vt 3.637974 1.090196
vt 5.663822 1.032899
vt 5.722290 0.112269
vt 7.139921 0.875994
vt 2.592820 0.223811
vt 2.616927 0.566977
vt 2.597265 0.566183
vt 0.093076 0.183210
vt 0.521843 0.183339
vt 0.521190 0.514496
vt 0.137563 0.513815
vt -3.734510 0.002788
vt -3.928180 0.993736
vt -2.114056 0.993736
vt -1.966420 0.002788
vt 3.051922 0.356708
vt 3.077717 0.149001
vt 3.137114 0.152965
vt 0.000624 -1.398540
vt 0.997721 -1.750404
vt 1.869550 0.135265
vt 1.837089 0.321197
vt 8.351579 0.543770
vt 7.169294 0.500050
vt 7.206643 -0.013291
vt 8.274019 -0.013291
vt 0.207467 0.664390
vt -1.522856 0.930738
vt -1.788385 0.551295
vt 1.324584 0.536988
vt 0.805915 0.819660
vt 0.815813 0.106616
vt 1.153505 0.007916
vt 0.042705 0.555959
vt 2.900344 -0.250491
vt 1.878208 -0.607673
vt 2.108706 -1.360880
vt 3.224228 -0.850928
vt 0.001034 1.582561
vt 0.997979 2.058128
vt 1.875968 0.999722
vt 1.890702 0.590911
vt -1.283200 0.590911
vt -1.263195 0.999722
vt 3.374600 -1.005335
vt 2.809634 -1.816962
vt -0.145131 0.998909
vt -0.158058 0.607069
vt 0.862560 1.876534
vt 0.000833 2.230315
vt -0.502425 1.791804
vt 1.475761 -0.077162
vt 1.578391 0.350348
vt 0.997979 0.158556
vt 0.001034 0.327115
vt 4.826834 0.999722
vt 4.863417 0.590911
vt -3.415043 0.999457
vt -3.420836 0.000352
vt 0.997979 -0.562807
vt 0.001034 -0.288721
vt 0.999348 2.504600
vt 0.999348 3.881457
vt 0.000342 4.073650
vt 0.000342 2.679947
vt 1.255570 0.568024
vt 1.269047 0.996463
vt 0.178390 0.996463
vt 0.168257 0.568024
vt 4.313511 0.995817
vt 2.966401 0.995817
vt 5.441376 -1.698361
vt 0.999348 1.139984
vt 0.000342 1.249875
vt 0.304232 -1.947615
vt 0.304232 -3.306754
vt 0.999807 -3.391634
vt 0.999807 -2.136981
vt 0.304232 -4.986109
vt 0.999807 -5.011934
vt 0.999348 4.798671
vt 0.000342 5.013065
vt 2.130306 0.999614
vt 7.604358 0.999614
vt 7.507918 0.594550
vt 2.113777 0.594550
vt -7.312480 0.712718
vt 0.730423 3.766992
vt 0.999644 3.795529
vt 2.701049 0.568024
vt 2.656262 0.996463
vt 0.000902 1.243430
vt 0.001034 0.924540
vt 0.176629 0.875156
vt 13.999309 0.006301
vt 9.055727 0.006301
vt -1.535596 0.004855
vt -1.509404 0.577711
vt -3.358810 0.577711
vt -3.389671 0.004855
vt -9.455789 0.001206
vt -14.317633 0.001206
vt -14.330564 0.576632
vt -9.464453 0.576632
vt -8.001257 0.002341
vt -4.065516 0.002341
vt -6.027193 0.000401
vt -9.154000 0.000401
vt -2.518497 0.006301
vt -2.526972 0.580103
vt 3.268687 0.580103
vt 3.276167 0.006301
vt -2.115465 0.003449
vt -6.347274 0.003449
vt -0.650601 0.004168
vt -0.632846 0.568024
vt -1.702230 0.568024
vt -1.722860 0.004168
vt -2.832363 0.000401
vt 0.257940 0.000401
vt 10.085577 0.001206
vt 14.766898 0.576632
vt 14.757889 0.001206
vt -19.923485 0.006301
vt -19.934769 0.580103
vt -14.143184 0.580103
vt -14.132137 0.006301
vt -3.902326 0.001891
vt -3.906302 0.590911
vt -1.272044 0.001891
vt 6.361462 0.003449
vt 10.509018 0.003449
vt 10.507326 0.564451
vt 2.123384 0.003449
vt 6.024549 0.000401
vt 3.347169 0.000401
vt 20.949524 0.006301
vt 18.528355 0.006301
vt 1.251564 0.004704
vt -0.627953 0.004704
vt -6.523978 0.001970
vt -2.190388 0.001970
vt 0.276388 0.004855
vt 0.289002 0.577711
vt 1.920753 0.001891
vt 4.968045 0.004704
vt 3.052617 0.004704
vt 4.906301 0.001891
vt -8.321548 0.006301
vt -8.331435 0.580103
vt -11.690160 0.002341
vt -11.705273 0.607069
vt 2.548497 0.008917
vt 2.549868 0.548524
vt -1.468139 0.536222
vt -1.469504 -0.003357
vt 2.443899 0.010095
vt 0.225211 0.010095
vt 3.536015 0.002341
vt 3.550027 0.607069
vt 6.467093 0.607069
vt 6.452146 0.002341
vt -15.349989 0.002341
vt -15.371098 0.607069
vt -1.157995 0.001376
vt 2.064569 0.001376
vt 2.063053 0.499552
vt -1.159507 0.499552
vt -1.442249 0.010095
vt -1.443898 0.558250
vt -2.302138 0.004704
vt -0.169555 0.002341
vt 1.267918 0.004168
vt 2.722861 0.004168
vt -4.423881 0.001206
vt -4.424245 0.576632
vt 0.526438 0.001206
vt 0.530976 0.576632
vt -10.589151 0.003449
vt 5.335912 0.001206
vt 2.117301 0.001970
vt 7.512347 0.001970
vt 16.107185 0.006301
vt 16.348415 0.002341
vt 9.637964 0.002341
vt 9.656247 0.607069
vt 16.368706 0.607069
vt 14.852205 0.003449
vt 14.850109 0.564451
vt 0.162045 0.004168
vt -3.968045 0.004704
vt -19.949520 0.995768
vt -14.151063 0.995768
vt 6.540189 0.930808
vt 5.762038 0.930808
vt 3.263072 0.995768
vt 5.836311 0.790694
vt 5.828617 0.997742
vt -2.529757 0.995768
vt -8.339852 0.995768
vt 8.355524 0.984462
vt 7.135600 0.984462
vt 2.077186 0.003955
vt 2.134099 0.994122
vt -3.870986 0.999722
vt 3.427719 0.168796
vt 3.728825 0.132632
vt -1.408940 0.990003
vt -1.507394 0.995817
vt -3.329192 0.995817
vt 0.278582 0.995817
vt 3.932216 -1.286536
vt 4.617342 -1.512821
vt 0.001441 0.585189
vt 0.001038 0.989875
vt 0.999551 0.992085
vt 0.999551 0.580945
vt 0.891136 0.854274
vt 0.318465 0.854263
vt 0.936522 0.068293
vt 0.001441 0.006273
vt 0.001341 0.452473
vt 0.002070 0.188355
vt 0.105354 0.246910
vt -2.786489 -1.182608
vt -2.192715 -1.737332
vt 0.000001 0.657931
vt -0.622177 0.996463
vt -0.475832 -1.793580
vt -0.294103 -1.305767
vt -2.163795 -0.518560
vt 0.358243 -1.795983
vt -1.150375 1.287538
vt 2.548851 0.998399
vt -1.549867 0.998399
vt -7.643017 0.002035
vt -7.580800 0.997840
vt 10.513336 0.994403
vt 14.852486 0.994403
vt 2.159510 0.999627
vt -1.141104 0.999627
vt 0.447593 0.811657
vt 0.013799 0.611075
vt 0.695635 0.004045
vt 0.965350 0.131726
vt -1.639311 0.996463
vt -3.464386 -0.759159
vt -2.601402 -0.528931
vt -3.206248 -1.139493
vt -1.671959 -0.034911
vt -0.026474 0.079857
vt -0.146459 0.879642
vt -1.650416 0.896751
vt 1.335229 0.160188
vt 3.256288 0.162996
vt 3.256288 0.863846
vt 1.256427 0.866129
vt 3.577258 0.998909
vt -5.708501 0.999457
vt -5.955519 0.000352
vt 14.850640 0.999098
vt 3.699983 0.000626
vt 3.537763 0.996530
vt -11.709122 0.998909
vt -15.425829 0.998909
vt 0.529238 0.999098
vt -4.430384 0.999098
vt -9.461016 0.999098
vt -14.329056 0.999098
vt 9.697186 0.998909
vt 16.425827 0.998909
vt 6.501869 0.998909
vt 0.053123 1.024038
vt 0.999757 0.937863
vt -0.511145 0.996281
vt 2.010013 0.580100
vt 0.665955 0.580100
vt 0.715185 0.996060
vt 1.964730 0.996060
vt 1.425215 0.993736
vt -0.299795 0.993736
vt -2.699983 0.000626
vt 2.032291 0.001182
vt 0.678737 0.001182
vt 0.001546 -0.072675
vt 0.409298 -1.132167
vt 0.070211 -0.730551
vt 0.070220 -1.200832
vt -1.029209 0.001182
vt -1.032291 0.580100
vt -0.394276 0.006752
vt 1.392792 0.006712
vt 1.394276 0.526789
vt -0.392799 0.526749
vt -1.026321 0.996060
vt 1.326563 1.000492
vt -0.318019 0.990537
vt -0.270834 0.747258
vt 8.824080 0.999532
vt 10.206193 0.999532
vt 8.527071 0.008696
vt 0.667422 0.008696
vt 11.530254 0.007140
vt 0.523784 0.007140
vt 0.505396 0.553550
vt 11.511005 0.553550
vt 22.549021 0.007140
vt 22.529453 0.553550
vt -10.492636 0.007140
vt -10.510349 0.553550
vt -7.513237 0.008696
vt -7.527061 0.591866
vt 5.803956 0.002195
vt -4.760629 0.003626
vt -4.780841 0.562429
vt 5.783745 0.560918
vt -21.531500 0.007140
vt -21.549023 0.553550
vt 6.479824 0.005988
vt -4.575717 0.005979
vt -4.593809 0.562756
vt 6.461715 0.562764
vt -7.527071 0.996392
vt 22.535141 0.994820
vt 11.524735 0.994820
vt 0.494520 0.994820
vt -10.495569 0.994820
vt -21.513180 0.994820
vt 6.492944 0.996847
vt -4.576468 0.996839
vt 5.800942 0.999018
vt -4.803956 0.999025
vt -12.679276 0.002631
vt -12.766478 0.997815
vt -16.155777 0.997815
vt -16.292883 0.002631
vt -8.213251 0.002631
vt -8.317504 0.997815
vt -3.537734 0.002631
vt -3.571928 0.997815
vt 0.345825 0.002631
vt 0.396284 0.997815
vt 4.501366 0.002631
vt 4.485244 0.997815
vt 9.016417 0.997815
vt 12.983285 0.997815
vt 0.682443 0.896521
vt 1.482541 -1.002529
vt 2.534202 -0.600150
vt 1.700960 1.199157
vt 0.936863 0.449737
vt 0.499192 0.357742
vt 0.499192 0.574183
vt 0.838524 -1.038821
vt 1.722730 -1.165064
vt 0.292587 -0.626858
vt 0.389724 -0.957951
vt -0.897445 0.306044
vt -0.697019 0.997269
vt -9.517623 3.501545
vt -9.541323 2.624010
vt -6.899244 2.264537
vt -6.869209 3.273524
vt -4.100179 3.021646
vt -4.179095 1.790343
vt -1.883224 1.363373
vt -1.807826 2.712473
vt 0.496776 1.057396
vt 0.642954 2.364493
vt -11.701077 3.747842
vt -11.339618 2.587486
vt -6.862101 0.573426
vt -6.928761 0.999889
vt -2.143143 0.999889
vt -2.157196 0.573426
vt 1.037201 2.351937
vt 1.960546 2.676397
vt 0.999936 0.000064
vt 0.829893 0.355814
vt 0.532887 0.411592
vt -0.927012 2.165064
vt 1.240687 1.054399
vt 0.217259 -0.602279
vt 0.159213 -1.246855
vt 0.901810 -1.084854
vt 0.995317 -0.247918
vt 0.271967 -0.642684
vt -0.826138 -0.031480
vt -1.127788 -0.423561
vt 0.335679 -1.495997
vt 2.074001 0.347356
vt 1.958102 0.804930
vt 2.342612 0.999879
vt 2.355831 0.585794
vt 3.751501 0.585794
vt 3.694711 0.999879
vt 6.434881 1.669606
vt 6.202193 2.154427
vt 5.488408 1.929940
vt 5.613823 1.434796
vt 0.998631 0.000066
vt 0.401767 0.000065
vt 0.458009 0.000068
vt 0.997780 0.003743
vt 0.598272 -0.525901
vt 1.451825 0.343037
vt 1.053839 0.734211
vt 0.199268 -0.029595
vt 0.033541 0.991602
vt -0.006218 0.744718
vt 0.748065 0.076098
vt 0.579195 0.834210
vt 0.022696 0.827893
vt 1.761627 -0.069292
vt 3.122508 0.480780
vt 2.772557 1.003624
vt 1.201365 2.694077
vt 1.469208 3.449421
vt 6.980685 1.878489
vt 6.724158 2.383376
vt 0.321103 2.200881
vt -4.447060 0.988546
vt -2.707158 0.988546
vt -2.711081 0.566562
vt -4.466816 0.566562
vt -1.380805 0.571122
vt -1.385766 1.000028
vt -3.739054 1.000028
vt -3.725133 0.571122
vt 0.625796 0.454130
vt 0.256568 0.092876
vt -0.881344 0.988546
vt -0.850768 0.566562
vt -0.246109 2.200884
vt -0.464107 1.330502
vt 0.997914 1.823152
vt 0.000212 2.264657
vt -0.743820 0.000296
vt -0.615021 1.000267
vt -1.486591 0.458857
vt -1.935359 0.336689
vt 7.534280 2.208408
vt 8.030784 2.601947
vt 7.678068 2.976183
vt 7.235805 2.660292
vt 0.000016 1.197536
vt 0.997915 1.687381
vt 1.589503 -0.199468
vt 1.599081 0.532566
vt 1.303326 0.513216
vt -0.812425 2.083673
vt -1.500705 0.928932
vt -1.205489 1.168265
vt -1.638010 1.670009
vt -1.905494 1.425804
vt -1.252999 1.928234
vt -2.641383 0.574141
vt -2.648216 0.999638
vt 0.178904 0.999638
vt 0.152908 0.574141
vt 3.704549 2.549964
vt 3.071148 1.947581
vt 3.718589 1.296870
vt 4.503016 2.007338
vt -1.465276 0.000296
vt -1.195150 1.000267
vt 0.000212 -0.366337
vt 0.997914 -0.097599
vt -2.062094 1.204568
vt 2.906191 0.566280
vt 2.849054 0.999290
vt 2.041324 0.999638
vt 2.036856 0.574141
vt -2.126800 1.508750
vt -2.395861 0.532872
vt -1.727585 1.294699
vt -1.253530 1.137259
vt -1.204610 0.014113
vt 1.196100 1.097185
vt 1.604701 1.719719
vt 0.291429 1.717396
vt 0.662274 0.950677
vt 0.584789 0.006601
vt 0.564890 0.566562
vt 2.187912 0.566562
vt 2.219385 0.006601
vt -0.771176 1.045155
vt 3.628234 0.574141
vt 3.648216 0.999638
vt 4.296468 0.999399
vt 2.221079 0.999399
vt 2.322680 0.000863
vt 4.508500 0.000863
vt 6.203228 0.999399
vt 6.416682 0.000863
vt -0.175330 0.970047
vt 0.424477 -0.062757
vt 0.330309 0.967250
vt 0.451080 0.999399
vt 0.531074 0.000863
vt 3.450259 1.508750
vt 1.630253 1.120888
vt 2.058889 0.217442
vt 3.708619 0.595820
vt 2.800823 0.999399
vt 0.635219 0.999399
vt 0.712453 0.000863
vt 2.880816 0.000863
vt 0.997914 -0.808087
vt 0.991050 0.247312
vt 0.991051 1.754246
vt 0.000011 1.668870
vt 0.000011 0.166871
vt 0.991050 -1.020338
vt 0.000011 -1.051230
vt 0.991051 3.208916
vt 0.000012 3.125939
vt 0.991051 4.074949
vt 0.000012 4.009180
vt 0.991050 -3.879463
vt 0.991050 -2.453060
vt 0.000011 -2.513036
vt 0.000011 -3.865141
vt 0.300372 0.149029
vt 1.063539 0.809526
vt 2.355413 0.002479
vt 0.595739 0.978528
vt -1.355784 0.007733
vt 0.086027 -1.946610
vt 0.459234 -1.982576
vt 3.437267 0.564965
vt 3.389737 0.992738
vt -0.394869 0.002655
vt -2.995123 0.002655
vt 0.000070 3.656414
vt 0.000064 0.000065
vt 2.482804 0.001509
vt 2.479746 0.573426
vt 7.835227 0.573426
vt 7.838741 0.001509
vt -1.074156 0.001264
vt 0.164173 0.001264
vt -2.714385 0.006601
vt -0.842614 0.006601
vt 0.998015 3.707341
vt 1.759973 0.001439
vt 0.654440 0.001439
vt 0.000233 0.139537
vt 2.028079 0.001615
vt 0.152000 0.001615
vt -12.244858 0.002874
vt -23.009670 0.002874
vt 2.909771 0.001439
vt 6.578131 0.002655
vt 4.542783 0.002655
vt 0.924827 0.000176
vt -0.138935 0.000176
vt -5.853463 0.000159
vt -3.708149 0.000159
vt -5.873850 0.571122
vt 0.934192 0.000159
vt 0.931169 0.571122
vt -1.370686 0.000159
vt 2.367112 0.000176
vt 2.052141 0.002655
vt 2.047786 0.593738
vt 2.283929 0.001264
vt 3.471144 0.001264
vt -1.461018 0.001923
vt -3.043915 0.001923
vt -3.044874 0.578138
vt -1.575277 0.002874
vt 2.014711 0.001923
vt 1.981499 0.578138
vt 4.006171 0.578138
vt 4.044876 0.001923
vt -29.343735 0.002874
vt -29.346668 0.580262
vt 19.110723 0.006441
vt 9.885998 0.006441
vt 9.888526 0.544471
vt 19.112862 0.544471
vt -4.477477 0.006601
vt -8.589405 0.006441
vt -17.885498 0.006441
vt -17.887218 0.544471
vt -8.587468 0.544471
vt 6.872370 0.000159
vt 6.879426 0.571122
vt 3.941424 0.571122
vt 3.937357 0.000159
vt -2.059315 0.001262
vt 0.844636 0.001262
vt 3.819500 0.001262
vt -0.618179 0.001439
vt 0.136316 0.001923
vt -5.573561 0.593738
vt -5.560100 0.002655
vt -2.154246 0.001509
vt -6.858832 0.001509
vt 1.246364 0.001264
vt -2.637063 0.001615
vt -24.884411 0.006441
vt -24.889709 0.544471
vt -2.220549 0.000183
vt 3.177836 0.000183
vt 3.178516 0.565180
vt -2.219858 0.565180
vt 0.653152 0.006441
vt 0.655677 0.544471
vt 9.069818 0.002874
vt 19.712740 0.002874
vt 19.714848 0.580262
vt 3.769660 0.000176
vt 3.742891 0.006601
vt 3.700084 0.566562
vt 3.616658 0.001615
vt -1.878934 0.566280
vt -1.909772 0.001439
vt -1.299043 0.000176
vt 5.424727 0.566562
vt 5.477477 0.006601
vt 7.167319 0.007805
vt -1.710841 0.007805
vt -1.709751 0.593841
vt 7.168400 0.593841
vt -2.769660 0.000176
vt 0.544700 0.988546
vt 2.159771 0.988546
vt 1.807743 -0.007794
vt 0.991999 1.007209
vt 1.009102 0.007045
vt 0.008481 -0.010421
vt -0.006714 0.989297
vt -17.990570 0.998679
vt -14.753329 0.998679
vt -15.138219 0.001431
vt -18.807730 0.001431
vt 2.470525 1.000267
vt -29.478569 0.997548
vt 0.286738 -2.560383
vt -2.084138 -1.382991
vt -2.581000 -2.168299
vt -0.699268 -2.992616
vt -3.440093 -0.499810
vt -4.294812 -1.279867
vt 19.718853 0.997548
vt 3.220550 0.999331
vt -2.218103 0.999331
vt 2.484402 0.999889
vt 7.928761 0.999889
vt -5.814291 0.999849
vt -5.806718 0.000016
vt -1.703679 0.994968
vt 7.271502 0.994956
vt 9.898717 0.995914
vt 19.121281 0.995914
vt 0.669375 0.995914
vt -8.574635 0.995914
vt -17.870811 0.995914
vt -24.887999 0.995914
vt 8.153678 3.412200
vt 8.605474 3.121624
vt 2.053447 0.999126
vt -1.603419 0.869661
vt -1.709542 0.353533
vt 8.635281 4.045353
vt 8.421798 3.742004
vt 9.030389 3.616617
vt 0.922298 1.000028
vt -2.374641 0.911972
vt -2.382739 0.392834
vt 6.909206 1.000028
vt 3.953863 1.000028
vt -2.035147 0.913520
vt -2.091490 0.386473
vt -5.587025 0.999126
vt -5.909204 1.000028
vt 0.003677 -0.001735
vt 0.993258 0.000092
vt 0.989121 0.999908
vt 0.000092 0.999803
vt 2.136358 2.321082
vt 2.631152 3.157977
vt 1.963994 0.998440
vt 3.952646 0.998440
vt -3.013831 0.998440
vt -1.837099 0.999290
vt -3.414163 1.504943
vt -3.946090 2.061325
vt -4.413369 1.560219
vt -3.720353 1.074248
vt 3.722393 0.988546
vt 5.313451 0.988546
vt -4.747406 0.947707
vt -3.874699 0.710150
vt -4.826243 -0.279601
vt -4.640265 -0.802930
vt -3.800249 -0.051021
vt -4.842591 0.291546
vt -3.832067 0.274311
vt 0.997979 -1.112611
vt 0.064082 -0.725013
vt 0.064082 -0.288721
vt 0.997979 -1.702240
vt 0.064082 -1.197441
vt 12.667343 0.001732
vt 4.144415 0.001732
vt 4.125324 0.561659
vt 12.647865 0.561659
vt -4.379150 0.001732
vt -4.398643 0.561659
vt -12.895600 0.001732
vt -12.915882 0.561659
vt -21.386274 0.001732
vt -21.406910 0.561659
vt -28.705242 0.001732
vt -28.717838 0.561659
vt 21.186363 0.001732
vt 21.166336 0.561659
vt 29.717840 0.001732
vt 29.697561 0.561659
vt 29.675167 0.999350
vt 21.172848 0.999350
vt 12.645134 0.999350
vt 4.134261 0.999350
vt -4.396765 0.999350
vt -12.911568 0.999350
vt -21.399797 0.999350
vt -28.709604 0.999350
vt -14.118189 -20.336338
vt -14.804375 -20.026180
vt -15.662048 -21.986858
vt -14.972224 -22.289953
vt -12.973830 -17.675095
vt -13.682825 -17.411333
vt -11.843279 -14.951044
vt -12.511228 -14.643240
vt -10.624831 -11.960309
vt -11.295731 -11.714766
vt -9.506246 -9.157788
vt -10.144355 -8.874384
vt -8.495014 -6.253809
vt -8.985997 -6.086055
vt -7.502378 -3.757277
vt -7.911994 -3.515704
vt -3.341002 0.368467
vt -3.045541 0.194218
vt -3.267981 1.515606
vt -3.342497 0.965525
vt -0.456298 0.999535
vt 0.640484 0.993272
vt 0.999505 1.983262
vt 0.000495 2.354651
vt -2.319143 0.558429
vt -2.318179 0.998200
vt 0.998154 0.694378
vt 0.815798 0.684830
vt 0.998560 1.154802
vt -3.713525 1.375561
vt 0.238358 0.195500
vt 0.453780 0.354315
vt -2.937847 0.008865
vt -2.918273 0.572667
vt -3.867252 1.602567
vt -3.738484 1.840044
vt -4.022265 1.850705
vt 0.002489 -0.174651
vt 0.282334 -0.174128
vt 0.002489 0.288403
vt -0.087684 0.999535
vt 0.002489 1.242872
vt 0.002489 0.761998
vt 0.362189 -0.221605
vt 0.476684 0.241466
vt 0.009735 0.272767
vt 0.001002 -0.135008
vt 0.936863 -0.059412
vt 0.936863 -0.710255
vt 0.499192 -0.463803
vt 0.990555 0.999917
vt 0.990555 -0.000752
vt 0.001961 0.000083
vt 0.000083 0.999631
vt -2.158135 1.023097
vt -0.266065 0.004070
vt -0.694849 0.995447
vt 1.692959 1.076368
vt 0.833205 1.070406
vt 0.830643 0.269880
vt 1.255174 -0.055435
vt 0.309709 1.381030
vt -2.920119 0.993272
vt -4.422868 0.993272
vt -4.350292 0.572667
vt 0.273272 0.883140
vt 0.360564 0.554621
vt 0.864631 0.555575
vt 0.864631 0.884801
vt -18.877975 0.005061
vt -9.183469 0.005061
vt -9.206800 0.571263
vt -18.900209 0.571263
vt -1.421588 0.995447
vt -1.183924 0.504484
vt 1.799868 -0.281232
vt -4.365731 0.008865
vt -1.796241 0.005350
vt 0.118304 0.005350
vt 0.113117 0.595943
vt -1.798144 0.595943
vt 0.499716 0.005061
vt 0.474438 0.571263
vt 2.022376 0.005350
vt 4.007935 0.005350
vt 3.993199 0.595943
vt 2.010840 0.595943
vt 2.954092 0.011590
vt 2.943002 0.502303
vt -2.882053 0.011590
vt -2.886486 0.502303
vt 19.881231 0.998814
vt 10.178133 0.998814
vt 0.481795 0.998814
vt 0.509399 0.301398
vt 3.186441 0.294937
vt 3.208148 0.868516
vt 0.521700 0.828202
vt -9.205217 0.998814
vt -18.887299 0.998814
vt -2.060394 0.359193
vt -2.006971 0.934339
vt -2.859369 1.059537
vt -2.912647 0.461479
vt -0.939664 0.989953
vt 0.990833 0.989953
vt -2.888930 0.989953
vt -5.271211 1.194017
vt -4.573405 0.893549
vt -4.438175 1.485681
vt -5.071637 1.799475
vt 1.989188 0.996027
vt 0.100454 0.996027
vt -1.795849 0.996027
vt -5.577968 2.133710
vt -6.031913 2.553203
vt -6.430064 2.055934
vt -5.887035 1.581182
vt 3.971172 0.996027
vt -3.753532 0.631986
vt -3.669278 1.245832
vt 2.937942 0.989953
vt 5.924987 0.320606
vt 5.943720 0.919980
vt 8.748211 0.952916
vt 8.723289 0.344377
vt 0.340051 0.007623
vt 1.563906 -0.000535
vt 0.885570 0.503710
vt 0.261665 0.474929
vt -0.536454 0.079227
vt -0.530131 0.035331
vt -0.327743 0.032940
vt -0.272220 0.462438
vt -4.513766 2.682328
vt 0.600129 0.007028
vt -1.955145 0.007028
vt -1.944015 0.576221
vt 0.605798 0.576221
vt 0.995312 1.554141
vt 0.004688 1.835997
vt 0.464902 1.616972
vt 0.001878 1.456947
vt 2.399536 0.485173
vt -4.344022 0.007028
vt -4.328146 0.576221
vt 5.790482 0.007028
vt 2.994576 0.007028
vt 3.000265 0.576221
vt 5.797037 0.576221
vt 2.010693 0.855946
vt 7.638446 0.605136
vt 7.570045 0.994660
vt 7.660850 0.008034
vt 3.712133 0.008258
vt -4.266472 0.992070
vt -1.909946 0.992070
vt 0.604900 0.992070
vt 3.009851 0.992070
vt -6.643653 4.482966
vt -7.296867 4.664449
vt -7.065934 3.931399
vt -6.566725 3.898308
vt 0.611092 -0.368941
vt 0.079897 -0.373455
vt -6.902656 3.304089
vt -6.438513 3.429004
vt 5.866434 0.992070
vt -6.708269 2.644298
vt -6.270463 2.955308
vt 0.413706 -1.429155
vt 0.998241 -1.207753
vt 0.758458 -0.053213
vt 1.562591 -0.053213
vt 1.572107 0.621041
vt 0.999375 0.621041
vt 0.991552 -0.369250
vt 0.028984 -1.777323
vt 0.998241 -0.403889
vt -0.233741 0.989098
vt -0.254734 0.602541
vt 1.360737 0.602541
vt 1.403960 0.989098
vt -0.049928 -0.053213
vt 0.473639 0.621041
vt -0.081096 0.621041
vt -0.839604 -0.195263
vt 0.019791 -0.195263
vt -0.052767 0.659088
vt -0.801697 0.659088
vt 0.001489 0.165822
vt 0.001489 0.658230
vt 0.097511 0.653731
vt -1.283586 0.585266
vt -0.544523 0.250449
vt -0.499724 0.438195
vt 1.672339 0.987511
vt 1.707099 0.571147
vt 0.622713 0.722697
vt 0.300190 0.090095
vt 0.550215 0.024006
vt 1.731646 0.010850
vt 1.041649 0.010850
vt 0.477863 0.239733
vt 0.864631 0.322461
vt 0.009598 0.641100
vt 4.417455 0.992181
vt 4.422257 0.568163
vt 3.425724 0.583047
vt 3.441149 0.017300
vt -7.604307 1.034323
vt -7.583667 0.775890
vt 1.488989 0.995162
vt 0.939466 0.007115
vt 1.562907 0.007115
vt 3.432214 0.989084
vt 0.001690 0.996160
vt 0.000097 0.000097
vt 0.991285 0.002710
vt 0.991719 0.996160
vt 0.006986 -3.413387
vt 0.993013 -3.471409
vt 0.998891 0.493752
vt 0.998894 0.986433
vt 0.049457 1.187345
vt -0.003460 -0.393664
vt 0.611092 -0.393579
vt 0.413706 -1.462903
vt 0.991552 -0.393404
vt 0.998241 -1.244936
vt -1.282629 -0.012494
vt -8.598459 0.004990
vt -9.632416 0.004990
vt -9.420125 0.994983
vt -7.871049 0.994983
vt 0.802108 -0.424600
vt 1.881103 -0.116127
vt -4.186647 0.004990
vt -6.374665 0.004990
vt -5.145437 0.994983
vt 1.314594 1.377143
vt -0.062731 0.882149
vt 0.829801 -0.346721
vt 2.500073 0.728552
vt 2.158897 -0.981002
vt 3.356328 0.998517
vt 3.263578 0.546875
vt 3.723605 0.556190
vt 3.381002 -1.267914
vt -1.958571 1.059005
vt -1.839243 1.616091
vt -2.963645 1.491366
vt -2.826532 0.611156
vt -1.986755 0.671708
vt -2.081064 1.713020
vt 0.997823 -1.316691
vt 0.997823 -0.430793
vt 0.062631 -0.368974
vt 0.062631 -1.258882
vt -1.198656 1.854521
vt -1.150929 0.677625
vt -0.354247 0.681685
vt -0.355991 1.854519
vt -1.506044 1.518596
vt 0.351477 0.402006
vt 0.548869 -0.199468
vt 0.680784 2.282855
vt -0.596304 1.862521
vt 0.527891 0.023911
vt 0.427605 0.001416
vt 0.679866 1.445546
vt 0.811781 2.096820
vt 0.252262 2.025835
vt 0.308660 1.646066
vt 0.338679 1.040277
vt 0.554986 0.979207
vt -1.390759 0.792485
vt -0.995779 1.317694
vt 0.999433 1.511029
vt 0.999433 2.511842
vt 0.000010 2.461206
vt 0.000010 1.458689
vt 0.999433 4.163484
vt 0.999433 4.447423
vt 0.061157 4.507061
vt 0.000010 4.206347
vt 0.999433 -3.806297
vt 0.999433 -2.719460
vt 0.000009 -2.798657
vt 0.000009 -3.867200
vt 0.997281 -3.160206
vt 0.997281 -3.793030
vt 0.055866 -3.815141
vt 0.055866 -3.196879
vt 0.999433 -0.560403
vt 0.999433 0.511752
vt 0.000009 0.457568
vt 0.000009 -0.633311
vt 0.999433 3.338633
vt 0.000010 3.339188
vt 0.997823 0.455082
vt 0.062631 0.521205
vt 0.997823 -2.249926
vt 0.062631 -2.191451
vt 0.997823 2.834944
vt 0.997823 3.431227
vt 0.062631 3.518868
vt 0.062631 2.882062
vt 0.997823 1.302696
vt 0.997823 2.150313
vt 0.062631 2.206978
vt 0.062631 1.364669
vt 3.254428 0.001477
vt 0.575607 0.001477
vt 0.999272 5.241802
vt 0.999272 4.997618
vt 0.246120 4.890139
vt 0.267501 4.992986
vt 1.566379 0.143668
vt 1.362669 0.664462
vt 0.991552 1.372339
vt 0.408315 0.984899
vt 0.062631 3.939569
vt 0.998241 1.808494
vt 0.998241 1.479913
vt 0.097511 1.653212
vt 0.097511 2.098368
vt 2.265114 0.914688
vt 2.199723 1.685935
vt 0.028011 -3.188492
vt 0.993812 -3.377573
vt 0.207239 0.437988
vt 0.996825 0.718345
vt 0.579563 -0.254232
vt 0.369520 0.152523
vt 0.233668 -0.205776
vt 1.535126 1.109783
vt 0.715082 1.729468
vt 0.614821 0.962286
vt 0.933224 0.799833
vt 0.306817 -0.163645
vt -0.243631 -0.724266
vt -0.735643 0.228618
vt -0.336600 0.002145
vt -0.322799 0.996020
vt -2.001150 1.676409
vt -2.686974 0.740145
vt -1.388784 0.055632
vt -0.422086 1.279070
vt 0.720564 0.160688
vt 0.637857 0.462713
vt -0.715492 0.352466
vt -0.611635 0.003795
vt -1.376463 0.262119
vt -3.498689 0.233396
vt -3.512944 -0.212192
vt -1.377130 -0.207923
vt -1.930037 0.004990
vt -2.112918 0.994983
vt 1.033816 0.994983
vt 1.047125 0.004990
vt 0.993812 3.589984
vt 0.006188 3.573007
vt 0.999433 -1.628502
vt 0.000009 -1.719874
vt -3.494338 1.437708
vt -2.484196 -0.190369
vt -0.908445 0.094181
vt -0.847540 0.957461
vt -2.411903 0.978287
vt 4.008711 0.004990
vt 4.125686 0.994983
vt 0.997363 0.418596
vt 0.002637 0.539147
vt -3.642322 0.962244
vt -3.642214 1.638379
vt 0.671599 0.156918
vt 0.700868 0.835039
vt 0.999272 -4.339012
vt 0.000207 -4.423940
vt 16.001472 0.003181
vt 16.002182 0.545197
vt 1.614314 0.321065
vt 1.389676 0.680701
vt 0.718277 0.680701
vt 0.945058 0.321065
vt 0.005439 0.006278
vt 0.006054 0.993469
vt 0.990452 0.991749
vt 0.809030 0.006278
vt -0.913859 0.076061
vt 0.013033 0.168773
vt -0.016594 0.695383
vt -0.949211 0.695383
vt 0.937451 0.195682
vt 0.900568 0.567269
vt 18.731134 0.995937
vt 21.452995 0.995937
vt 1.800269 0.182255
vt 0.000009 -4.279125
vt 0.999433 -4.546635
vt 0.999433 -4.532390
vt -9.376347 0.004707
vt -14.614212 0.004707
vt 0.225026 0.997985
vt -0.768779 0.997985
vt -0.850137 0.003540
vt 0.558375 0.003540
vt 0.760651 2.327166
vt 0.822155 2.734463
vt 23.388514 0.004707
vt 23.436943 0.595836
vt -0.852551 -0.150941
vt 1.017112 -0.411021
vt 1.244846 1.035330
vt 0.475758 -0.000707
vt 0.415240 0.997135
vt 0.143395 0.999064
vt -0.106832 0.182311
vt -2.313675 0.003540
vt -1.918906 0.997985
vt 0.670125 0.469368
vt 0.113047 0.634390
vt -0.374509 0.004883
vt 0.201913 -0.185201
vt -0.445242 0.209210
vt -0.646873 0.834729
vt -1.968741 0.649160
vt -1.749294 -0.002626
vt -3.301023 0.385841
vt -3.021891 -0.390821
vt 0.483468 0.996383
vt -0.186492 0.996383
vt -0.383843 0.002077
vt 0.350559 0.002077
vt 0.000208 -4.851501
vt 0.999272 -5.111680
vt 0.555179 0.321065
vt 4.661248 -0.180114
vt 4.696473 0.025267
vt 0.003444 0.765948
vt 0.293762 0.838536
vt 0.003243 0.978690
vt 4.276684 0.629509
vt 3.631707 1.270961
vt 2.804162 0.891610
vt 2.983065 -0.087140
vt -2.305918 0.001477
vt 1.374712 0.000238
vt 1.372597 0.556383
vt 7.535982 0.556383
vt 7.538268 0.000238
vt -3.905268 0.000238
vt -3.908640 0.556383
vt -6.457505 0.000238
vt -6.462164 0.556383
vt 2.389452 -0.557391
vt 2.267355 0.404292
vt 0.471043 0.491053
vt -0.080467 -0.234815
vt -3.897092 0.999903
vt 1.331604 0.999903
vt -1.250560 -0.025341
vt -1.391389 0.958508
vt -2.252169 1.034829
vt -4.197776 0.995937
vt 15.999714 0.999850
vt 11.594755 0.999850
vt 5.182129 -0.259763
vt 7.237499 -0.151550
vt 7.265399 0.193711
vt 5.231493 0.299414
vt 2.988847 0.296070
vt 2.970657 -0.231874
vt 0.765848 -0.204966
vt 0.825599 0.292980
vt -1.164785 0.999850
vt -5.222364 0.999850
vt -9.270395 0.999850
vt -12.644918 0.999850
vt -15.002183 0.999850
vt -15.001084 0.545197
vt 0.227808 0.413272
vt 3.008607 0.999850
vt 7.188765 0.999850
vt 1.463728 0.999890
vt -0.672160 0.999890
vt 0.598591 0.000077
vt 0.598591 0.999923
vt 0.304005 0.900081
vt 0.000077 0.327187
vt -19.367842 0.004707
vt 3.491289 0.192551
vt 3.234649 0.737829
vt 0.031783 0.045127
vt 0.293762 0.219043
vt 0.003444 0.294254
vt 0.051684 -0.004279
vt 0.142584 0.993194
vt 0.037478 0.629168
vt 0.003444 0.559193
vt 0.293762 0.565715
vt 0.400852 2.072212
vt 0.553817 2.072214
vt 0.306393 0.922025
vt 0.191213 -0.104566
vt 7.556924 0.999903
vt 1.418975 0.995937
vt 7.039673 0.995937
vt 12.761097 0.995937
vt 23.452698 0.995937
vt -6.556923 0.999903
vt -22.452700 0.598332
vt 0.798319 0.092046
vt 0.662546 0.297563
vt 0.453008 0.364240
vt 4.248343 0.263896
vt 4.301023 0.525666
vt 3.778547 0.019029
vt 2.791324 0.019029
vt -3.922191 0.019029
vt -1.876931 0.019029
vt 0.001489 1.048978
vt 0.001489 1.372625
vt 0.097511 1.346512
vt 0.097511 1.027240
vt 0.581963 -1.212210
vt 0.400852 -1.216589
vt -0.693548 0.241592
vt -0.313693 0.322850
vt -0.300959 1.534647
vt -0.721393 0.846696
vt -0.186516 0.695147
vt 0.031384 1.014731
vt 0.250504 4.658281
vt 0.999272 4.750422
vt -14.996066 0.003181
vt 1.252080 -0.522672
vt 1.459839 -0.319366
vt 1.073921 -0.115883
vt 1.044154 -0.406115
vt -0.076556 -0.630017
vt 0.171235 -0.729467
vt 0.128214 -0.447046
vt 0.000207 4.566440
vt 0.128634 4.711696
vt 0.541533 0.577570
vt 0.538923 0.001768
vt 0.678111 0.573748
vt -0.003216 0.574773
vt -0.006180 0.996071
vt -0.184033 0.576823
vt 1.401248 -0.013202
vt 0.490445 0.655103
vt 0.512395 0.383984
vt 1.710327 0.412148
vt 1.070457 0.492995
vt 0.667454 -0.490411
vt 0.700441 -0.729468
vt 1.228856 -0.603397
vt 1.132900 -0.517840
vt 1.233640 0.651755
vt 0.966569 1.113743
vt 0.725564 0.867726
vt 0.957802 0.371933
vt -0.250056 0.898082
vt -0.179968 0.617103
vt 0.131692 0.636241
vt 1.233640 0.258104
vt 0.066393 1.104927
vt -0.401248 -0.013202
vt 0.585491 1.254232
vt 1.134849 -0.110154
vt 0.144626 0.788831
vt 0.144626 0.170273
vt 0.855374 0.133382
vt 0.842530 0.727591
vt -5.846056 -0.504939
vt 0.018002 0.043137
vt 1.707089 -0.099708
vt 2.506290 -0.327974
vt -20.622889 1.993351
vt -20.509066 1.993927
vt -1.074195 0.006207
vt -0.740552 -0.056673
vt 0.466813 -0.283188
vt 2.012940 0.993045
vt 2.077736 0.586856
vt 1.122177 0.928235
vt 0.172303 0.948111
vt 0.309023 0.390459
vt 1.108128 0.539954
vt 2.266946 0.481497
vt 1.145404 -0.259491
vt -0.168849 0.613846
vt -0.259479 0.278203
vt 2.794628 0.011418
vt 1.352400 0.011418
vt 0.312792 -1.039468
vt -0.484281 -0.761771
vt 0.998241 1.213849
vt 0.006829 4.515347
vt 0.001489 1.690855
vt 0.001489 2.149989
vt 0.998241 0.628791
vt 0.000183 -25.667145
vt 0.998688 -25.060061
vt 0.997924 -26.035381
vt 0.346864 0.009013
vt 2.096541 0.005667
vt 1.272874 0.012555
vt 2.650082 0.582252
vt 2.695346 0.012555
vt -0.125000 0.011418
vt 0.681568 0.003073
vt 3.826207 0.003073
vt 3.825358 0.602936
vt 0.675191 0.602936
vt -0.196286 0.012555
vt -1.742505 0.011418
vt -1.756802 0.607931
vt 0.988655 0.009985
vt 0.988655 0.585518
vt 0.362951 0.585518
vt 0.362951 0.009985
vt -1.637284 0.012555
vt -1.658509 0.582252
vt -2.094638 0.602936
vt -2.089521 0.003073
vt 0.068339 0.010850
vt 1.842264 0.009985
vt 1.842264 0.585518
vt -0.126366 0.609071
vt -0.387457 -0.059590
vt 0.522879 1.000615
vt -20.402027 2.003668
vt -2.799194 0.602936
vt -2.100637 0.995313
vt -2.826207 0.995313
vt -2.799731 0.003073
vt 0.988655 0.994819
vt 0.362951 0.994819
vt -0.254890 0.585518
vt -0.254890 0.009985
vt -1.370708 0.659088
vt -1.890125 0.659088
vt -1.515992 -0.195263
vt -1.562357 0.834086
vt 2.629185 0.990314
vt -1.794627 0.996297
vt -0.572107 0.621041
vt 1.798618 0.994819
vt -0.254890 0.994819
vt 0.672936 0.659088
vt 0.894235 -0.195263
vt 3.780549 0.995313
vt 0.670430 0.995313
vt -1.695345 0.990314
vt 0.898570 0.105678
vt 0.998241 0.931422
vt -0.258538 0.019029
vt 1.357720 0.019029
vt 4.875818 0.019029
vt 4.874335 0.545480
vt 4.815231 0.989098
vt 3.751671 0.989098
vt 1.598689 0.533892
vt 1.493424 0.056852
vt 1.880966 0.094533
vt 2.102700 0.585265
vt 0.063774 0.392404
vt 0.082249 -0.048016
vt 0.066521 0.610076
vt 0.150739 0.606557
vt 0.066612 0.987922
vt 0.149479 0.986680
vt 0.400852 -1.942518
vt 0.581963 -1.945477
vt 2.087520 0.142854
vt 2.185383 0.477966
vt -1.506290 -0.443385
vt 0.062738 -5.511650
vt 0.937261 -5.540280
vt 0.937261 0.641945
vt 0.062738 0.596028
vt 0.162538 5.868751
vt 0.991576 5.834169
vt 0.998960 1.608181
vt 0.000937 0.884801
vt 0.000069 -16.358517
vt 0.000069 -17.877838
vt 0.000069 -10.544394
vt 0.000069 -12.738301
vt 0.159458 -12.734324
vt 0.159458 -10.539286
vt 0.000069 -14.856591
vt 0.159456 -14.850573
vt 0.000069 -8.190580
vt 0.001646 -0.199104
vt 0.160043 0.559172
vt 0.160043 -0.201577
vt 0.999753 6.840359
vt 0.999945 5.993807
vt 0.999933 -3.713613
vt 0.159456 -3.741268
vt 0.999439 -2.278926
vt 0.999439 -0.598331
vt 0.998094 2.329152
vt 0.998098 1.193765
vt 0.998479 0.000529
vt 0.999439 1.030146
vt 0.999439 2.531808
vt 0.999931 15.900346
vt 0.999931 17.907833
vt 0.999931 13.608964
vt 0.999931 11.531707
vt 0.999931 9.502899
vt 0.999931 7.044354
vt 0.159456 7.015211
vt 0.999931 4.758280
vt 0.999931 3.058591
vt 0.999931 0.620846
vt 0.999931 -1.647605
vt 1.000539 -0.000570
vt 0.940778 1.378890
vt 0.950473 1.558248
vt 0.950799 0.002214
vt 0.950179 3.056883
vt 1.001595 8.022902
vt -0.001385 8.169279
vt 0.000693 5.680294
vt 0.050920 5.679729
vt 0.000691 6.607426
vt 0.051052 6.611653
vt 0.001206 -5.316789
vt 0.000078 6.608732
vt 0.000078 4.374310
vt 0.000078 1.984311
vt 0.000078 -0.015601
vt 0.000078 -2.067871
vt 0.000077 -4.347596
vt 0.000077 -6.340510
vt 0.996994 1.033028
vt 0.996994 1.971453
vt 0.055790 2.008696
vt 0.055790 1.043559
vt 0.996994 -0.325865
vt 0.996994 0.391828
vt 0.055789 0.381605
vt 0.055789 -0.329952
vt 0.998794 -0.796695
vt 0.998794 1.558460
vt 0.998794 3.773193
vt 0.998794 5.891557
vt 0.998794 7.451587
vt 0.996994 -1.741938
vt 0.055789 -1.751250
vt 0.999307 -5.548784
vt 0.999307 -3.277864
vt 0.999307 -0.925096
vt 0.999308 1.322785
vt 0.999308 3.500024
vt 0.999308 5.644826
vt 0.998893 -0.193930
vt -4.006037 1.446328
vt 0.077501 2.851738
vt -7.935002 0.994408
vt -7.295510 0.002834
vt 1.000086 3.056334
vt 0.999942 1.569050
vt 0.999792 0.015925
vt 0.971823 0.573048
vt 0.948652 -0.000666
vt 1.000539 1.380811
vt 0.998474 -0.000346
vt 0.952362 0.567488
vt 0.997700 0.395438
vt 3.333163 3.588343
vt -1.159896 0.995162
vt -1.256598 0.007115
vt 1.193338 0.993854
vt 1.119717 0.006106
vt -1.043867 1.211178
vt -1.205570 0.668344
vt -0.834714 0.006106
vt -1.456871 0.005619
vt -1.461590 0.570770
vt -5.134004 0.570770
vt -5.128806 0.005619
vt -8.799756 0.570770
vt -5.157914 0.996042
vt -8.847893 0.996042
vt 1.477835 0.996042
vt 1.478566 0.570770
vt 9.796531 0.005619
vt 4.417233 0.005619
vt 1.482759 0.005619
vt -1.856371 -1.108377
vt -1.571173 -2.204689
vt -0.822154 -1.980880
vt -1.285396 -0.888830
vt 0.996147 0.001499
vt 0.842766 0.995801
vt 0.153915 0.911237
vt 0.040359 0.268312
vt -0.389141 -0.587516
vt 1.051595 -0.218836
vt 0.889737 0.491217
vt -0.355606 0.570125
vt 3.391986 0.093935
vt 3.445348 0.772226
vt 4.062643 -0.016930
vt 0.993689 0.998360
vt 0.000741 0.999259
vt 0.000741 0.470098
vt 0.998360 -0.001461
vt 1.097615 0.006370
vt 1.086084 0.562357
vt -0.727591 0.562357
vt -0.734072 0.006370
vt 3.055599 0.006370
vt 3.034835 0.562357
vt 2.407630 0.020331
vt 2.391119 0.594769
vt -0.192134 0.594769
vt -0.194900 0.020331
vt -2.097607 0.006370
vt -2.081130 0.562357
vt 4.049945 0.020331
vt 4.020181 0.594769
vt -3.263032 0.020331
vt -3.248141 0.594769
vt 3.973191 0.984106
vt 2.394819 0.984106
vt 1.077197 0.989741
vt -0.732947 0.989741
vt 3.097607 0.989741
vt 0.251385 -2.358223
vt -0.501589 0.039366
vt -0.451886 -0.013129
vt 1.501589 0.039361
vt -0.704019 -0.202687
vt -0.094938 -0.537749
vt 0.367866 -0.283076
vt 0.393409 0.315334
vt 0.336775 -0.643439
vt 0.776625 -0.643439
vt -0.195604 0.984106
vt -3.245846 0.984106
vt -2.049358 0.989741
vt -1.266946 0.443914
vt -0.058539 1.151403
vt 0.008167 1.201176
vt 0.017722 -0.876535
vt 3.393072 -0.736486
vt 3.530142 0.566980
vt -0.389142 1.587516
vt 0.783049 1.202458
vt -0.109345 1.033628
vt -0.000918 -0.101875
vt 1.229113 -0.824048
vt 1.279597 0.602347
vt -0.676619 0.406885
vt -0.034235 -1.095055
vt 1.313544 2.095055
vt -0.686525 2.095055
vt -1.650985 -1.859834
vt -9.381786 0.586569
vt -9.335224 0.986307
vt 0.995212 0.747545
vt 0.004789 0.578590
vt -5.988082 0.989805
vt -6.009768 0.596479
vt -0.668227 -1.834322
vt -0.762450 -2.436362
vt -6.025061 0.015235
vt 0.030667 0.992808
vt 0.000745 -0.178296
vt 0.000745 0.160523
vt -9.430307 0.013666
vt 0.995212 11.735104
vt 0.004789 11.946085
vt 0.000745 0.479048
vt 0.000745 0.792349
vt -1.239167 -2.197169
vt 0.513946 -0.425305
vt 0.001320 -0.201418
vt 0.001320 0.104729
vt 0.995212 15.037164
vt 0.004790 15.479512
vt 0.928696 0.474256
vt 1.754903 0.484317
vt 2.604438 1.573139
vt -0.145865 1.506993
vt 0.001320 0.344114
vt 0.001320 0.594028
vt 0.000929 0.996796
vt 0.000929 0.743217
vt 10.336540 0.986307
vt 1.903035 1.802694
vt 0.571661 1.164837
vt 0.433795 1.208095
vt 1.008785 -0.103306
vt 1.233242 0.423818
vt 1.755975 0.978323
vt 2.368111 2.019051
vt 1.201357 2.629260
vt 0.393443 1.176274
vt 0.018963 0.442184
vt 2.917234 0.605886
vt -0.994958 0.479832
vt 1.150664 -0.058437
vt 0.999433 4.732450
vt 0.097368 4.808987
vt -2.879900 1.573139
vt -2.276783 0.460555
vt 0.008193 4.821539
vt 0.055866 3.932724
vt 0.997281 4.073983
vt 1.658722 0.998753
vt 3.622989 0.998753
vt 3.727711 0.000446
vt 1.818534 0.000446
vt 2.139493 0.995447
vt 2.421588 0.004070
vt -0.286355 0.998753
vt 0.686180 0.998753
vt 0.689769 0.000446
vt -0.338462 0.000446
vt -2.662503 0.998753
vt -1.473305 0.998753
vt -1.560701 0.000446
vt -2.748026 0.000446
vt -2.140193 1.168623
vt -2.073741 0.300867
vt -1.681370 0.400890
vt -0.324267 0.052807
vt -0.039598 0.170710
vt -0.064727 0.395543
vt 1.291169 0.052808
vt 7.897688 0.039705
vt 7.774323 0.545259
vt 0.055930 1.016702
vt 0.179853 1.021523
vt 0.076551 -0.120571
vt 0.000929 -0.099395
vt 0.000929 -0.364299
vt 0.485822 -0.580554
vt 0.000911 -0.214242
vt 0.000911 -0.538347
vt 0.509501 -0.784086
vt -2.195061 0.997819
vt -2.170643 0.558774
vt 2.012762 1.485520
vt 3.202080 1.729444
vt 1.884364 -0.289115
vt 2.360293 -0.213460
vt 0.000871 0.883704
vt 0.000871 0.640215
vt 0.964462 1.416496
vt 0.493307 0.783261
vt 0.000871 0.376169
vt 0.000871 0.114557
vt -7.589592 0.006475
vt -2.480710 0.408319
vt -5.122436 0.408319
vt -5.125299 0.599068
vt -2.481949 0.599068
vt 5.826154 0.993585
vt 3.591322 0.993585
vt 0.505829 1.045143
vt 0.001035 0.941355
vt 0.001035 0.738016
vt 0.488979 1.099150
vt 0.003626 0.878500
vt 0.003626 0.705876
vt -2.059700 0.583982
vt 0.027703 0.583982
vt 0.050547 0.985554
vt -2.005397 0.985554
vt 0.001035 0.538189
vt 0.001035 0.339703
vt 8.545361 0.598241
vt 8.589588 0.006475
vt 8.526970 0.994202
vt 0.003626 0.491574
vt 0.999371 1.674894
vt 0.999371 3.162409
vt 0.999941 12.170408
vt 0.994474 1.493122
vt 0.993822 0.617408
vt 0.999941 13.281951
vt 0.000630 -1.328389
vt 0.999370 -4.702697
vt 0.999370 -4.061952
vt 0.000069 0.146144
vt 0.001788 0.557652
vt 0.053093 0.498819
vt 0.000140 0.119304
vt 0.000218 0.498407
vt 0.999371 4.645806
vt 0.095574 0.001611
vt 0.095220 0.112852
vt 0.000576 -0.001335
vt 0.095038 0.116382
vt 0.060669 0.429899
vt 0.000242 0.387246
vt 0.000242 -0.002243
vt 0.043484 0.429899
vt 0.043484 0.751778
vt 0.000242 0.692207
vt 0.995312 -0.218606
vt 0.004688 -0.237177
vt -8.794568 0.005619
vt 0.939875 -0.353082
vt 0.939876 0.087029
vt -1.461746 0.996042
vt -0.581055 0.169209
vt -0.583095 0.802330
vt -2.864687 -0.574921
vt -2.918064 0.296861
vt -4.020945 0.229165
vt -4.170472 -0.719775
vt -4.218925 0.989309
vt -4.449589 0.005127
vt 0.303619 0.778425
vt 7.737824 0.591133
vt 7.771906 0.016255
vt 0.941864 1.120381
vt 0.941864 1.360705
vt 0.498326 1.139610
vt 7.717875 0.985697
vt 0.498326 -0.092826
vt 0.941864 -0.360705
vt 0.941864 -0.000794
vt 0.001918 0.513157
vt 0.001918 0.681976
vt 7.176283 0.015235
vt 0.950395 0.963764
vt 0.002213 0.174235
vt 0.002213 0.918525
vt 0.939876 0.452187
vt 0.939876 1.319832
vt 0.997893 1.148965
vt 0.998057 0.114554
vt 0.998057 1.178196
vt 0.998057 0.786615
vt 0.998017 -1.034314
vt 0.000745 -0.435902
vt 0.046353 -0.411017
vt 0.000745 -0.796824
vt 0.997608 -0.564378
vt 0.941864 0.861780
vt 0.941864 0.435495
vt 0.001918 -0.217598
vt 0.001918 0.875375
vt 0.939875 -0.785998
vt 0.001320 0.852496
vt 0.000745 0.406142
vt 0.046353 0.412477
vt 0.046353 -0.005137
vt 0.000745 -0.019913
vt 0.001035 0.131755
vt 0.000871 -0.094521
vt 0.000871 1.121878
vt 0.000911 0.126002
vt 0.000929 1.245660
vt 0.000745 1.072182
vt 0.000745 -0.501253
vt 0.001918 1.087356
vt 0.001918 0.345047
vt -0.012651 0.584294
vt 1.872633 0.596582
vt 1.851930 0.992131
vt -0.017120 0.992131
vt 1.380756 1.232421
vt 1.617836 -0.087864
vt -1.258011 1.384917
vt -0.206784 1.266258
vt -0.502568 -0.170444
vt -1.592541 -0.301848
vt 0.588636 1.227757
vt 0.570413 -0.100600
vt -2.543218 0.010243
vt -4.853265 0.585820
vt -4.839104 0.010243
vt 1.778072 0.076058
vt 1.790782 0.252280
vt 1.029228 0.141754
vt 1.037713 0.066952
vt 2.640225 1.711411
vt 2.342481 1.159531
vt 2.853182 0.414071
vt 3.419186 1.043949
vt 1.699505 0.010243
vt -0.229805 0.010243
vt 1.994931 0.017509
vt 3.872927 0.017509
vt -0.011609 -0.000022
vt 1.873676 0.012303
vt 0.027397 0.017509
vt -2.068690 0.017509
vt 0.566721 -0.983145
vt 0.903680 -1.304556
vt 0.993806 -1.101102
vt 0.128239 -0.647232
vt 0.993806 -0.688614
vt 0.128239 -0.275827
vt -7.077775 0.008985
vt -7.094773 0.594429
vt 0.999980 0.041427
vt 0.000020 0.041427
vt 0.953700 0.000020
vt 2.126410 -0.083353
vt 1.795156 0.890840
vt 3.820305 1.715506
vt 3.883595 2.996624
vt 2.563568 2.747926
vt 7.785619 0.541137
vt -1.527855 -0.263041
vt -1.610597 0.739925
vt -4.859354 0.993585
vt -2.900642 -0.430938
vt -3.178146 0.536112
vt 2.219855 0.086248
vt 2.708904 1.368450
vt 2.342406 -0.320428
vt 3.787510 -0.067805
vt 1.042325 0.747595
vt 0.217855 0.764049
vt 0.225779 0.158108
vt -2.787510 -0.253217
vt 1.254876 -0.287416
vt -0.716686 0.070914
vt -0.718334 0.176391
vt -2.036298 0.183463
vt -2.045372 -0.045003
vt -0.729389 0.778167
vt -1.672264 0.854665
vt 0.221765 0.070342
vt 0.993806 -1.396034
vt 0.998057 1.451499
vt 0.998057 0.407769
vt 1.125210 -1.596170
vt 1.876658 -1.596170
vt 0.701064 -0.483975
vt -1.799131 -1.443004
vt -1.109087 -1.507423
vt -0.748255 -0.580295
vt -2.102268 -0.570375
vt -0.487976 -1.541190
vt 0.309021 -1.567544
vt -5.037675 -1.334222
vt -4.946891 -0.222480
vt -3.486735 -1.377285
vt -2.590824 -1.409710
vt -3.350621 -0.405364
vt 0.164764 3.992975
vt -0.007616 4.024459
vt 0.053566 3.819327
vt 0.805568 0.600926
vt -1.639505 0.600926
vt -1.221554 -0.701343
vt 0.788849 -0.308045
vt -3.209306 -0.020259
vt -2.982107 -1.076466
vt 2.974139 0.417237
vt 2.994486 -0.020742
vt 2.775680 -0.990579
vt 3.374366 -0.813544
vt 3.339075 -0.057609
vt 2.420503 -1.512644
vt -0.050736 4.317353
vt -0.162181 4.288330
vt 0.042290 0.300299
vt 0.963750 2.709549
vt -9.272390 0.008985
vt -9.291849 0.594429
vt 4.193738 0.280028
vt 4.209306 0.080344
vt 0.052471 4.300395
vt 0.571661 2.399451
vt 0.433795 2.510680
vt 0.019748 0.693553
vt 0.020260 0.610393
vt 0.553924 0.642721
vt 0.581704 0.825569
vt -9.315170 0.992808
vt -7.102024 0.992808
vt 0.020743 0.531963
vt 0.040535 0.108528
vt 0.706335 0.579642
vt -0.079349 0.576988
vt -0.082421 0.980990
vt 0.718109 0.980990
vt 0.002419 0.005357
vt 2.825183 0.983702
vt 0.414972 0.577358
vt 2.834401 0.579683
vt -0.001024 0.008586
vt 2.429278 0.008586
vt -2.165560 0.008586
vt 2.834400 0.016980
vt 0.414973 0.016980
vt -0.105359 -0.186972
vt -2.198084 1.200240
vt -2.587861 0.016980
vt -6.001993 0.564767
vt -8.055715 0.564767
vt -6.015995 0.999575
vt -3.889678 0.564767
vt -3.893419 0.999575
vt -1.729612 0.564767
vt -1.721264 0.999575
vt 0.994773 -0.418572
vt 0.000745 1.261142
vt 0.046353 1.248244
vt 0.046353 0.859502
vt 0.000745 0.868396
vt 0.998719 -0.796824
vt 0.000745 1.645391
vt -2.226777 0.413939
vt -2.231700 0.616140
vt -1.456340 0.396272
vt -1.456340 0.297700
vt -0.997153 0.373550
vt -1.086351 -0.007817
vt -2.808744 -0.055149
vt -2.184950 -0.044110
vt -2.210536 0.341523
vt 1.182853 0.152032
vt 1.233725 0.581103
vt -2.073970 0.604752
vt -2.718712 -0.006401
vt -1.992684 -0.357870
vt -10.306351 0.644704
vt -0.694800 -0.109397
vt -0.536298 0.639687
vt -1.586495 -0.279985
vt -1.517152 0.614469
vt 2.948755 -0.958670
vt 2.948755 -0.249281
vt 1.681288 0.006106
vt 1.841716 0.993854
vt 1.328855 0.414106
vt 1.237987 0.695516
vt 1.090304 0.385050
vt 1.717872 0.191786
vt 2.202328 0.651586
vt 0.994733 0.167439
vt 0.511070 0.391390
vt 0.994733 0.252316
vt 0.927469 -0.179088
vt 0.213890 1.082971
vt 0.215895 -0.112343
vt -0.011216 1.293502
vt 0.995734 0.817066
vt 0.500164 0.491930
vt -55.162724 2.768944
vt -55.810059 2.551685
vt 5.779973 0.413939
vt 5.783599 0.616140
vt -4.789714 0.996028
vt -4.635738 0.995457
vt -4.793507 0.620222
vt 0.088290 0.076897
vt 0.415177 0.995973
vt 3.182957 0.995973
vt -0.850898 0.608125
vt -0.878534 0.993600
vt 2.017102 0.993600
vt 2.009339 0.597639
vt -2.232291 0.995973
vt 5.794051 0.995973
vt 2.707653 0.989842
vt 0.309779 0.989842
vt 0.360035 0.628416
vt 2.587048 0.628416
vt -1.705986 0.628416
vt -1.697132 0.989842
vt -4.794050 0.616140
vt -4.635757 0.995973
vt 0.358425 0.477327
vt 2.585515 0.477327
vt -4.788510 0.413939
vt 0.689767 -0.004444
vt -0.081011 0.536776
vt 0.000013 0.581962
vt 0.999987 0.581960
vt 0.000100 0.599415
vt 2.010741 0.429181
vt -0.849468 0.439634
vt 3.601639 0.599068
vt 3.626320 0.981181
vt 6.167964 0.981181
vt 6.148428 0.599068
vt -2.490312 0.981181
vt 0.536955 0.981181
vt 0.541947 0.599068
vt -5.167962 0.981181
vt 3.596829 0.408319
vt 0.539986 0.408319
vt 0.194694 0.560848
vt 0.800979 0.560848
vt 0.805232 0.985010
vt 0.197925 0.985010
vt 0.828469 0.994073
vt 0.310941 0.988255
vt 0.310941 0.582396
vt 0.828469 0.582396
vt 6.142505 0.408319
vt 0.801955 0.464294
vt 0.195063 0.111637
vt 0.310941 0.343979
vt 0.828469 -0.004295
vt 0.096053 0.810809
vt -0.064450 0.819115
vt -0.182211 -0.175667
vt 0.569387 0.611828
vt 0.425844 0.677378
vt -0.336807 0.789878
vt 1.319055 0.365541
vt 1.100642 0.418916
vt 1.059011 -0.429527
vt 2.031704 0.896596
vt -0.493168 0.896596
vt 0.151528 0.134141
vt 0.899105 0.110843
vt -1.949570 0.917705
vt -2.391064 0.005928
vt -2.619782 0.990943
vt 4.273787 0.005928
vt 4.222771 0.990943
vt 3.124549 0.819842
vt -0.453381 0.593806
vt -2.124549 0.819842
vt 3.844595 1.676412
vt 1.786793 -0.745692
vt 4.940768 0.213304
vt 3.585110 0.997985
vt 3.811791 0.003540
vt 0.567969 0.999368
vt -1.487623 0.999368
vt -1.824272 0.002785
vt 0.297298 0.002785
vt 2.322178 -1.209138
vt 3.071729 -0.813668
vt 2.162309 -0.600165
vt 0.640195 0.994332
vt 0.174566 0.003407
vt -0.599081 0.060175
vt -1.210909 0.994332
vt -1.532384 0.003407
vt 1.341358 0.444421
vt -0.341358 0.444421
vt 1.673243 0.002785
vt 1.774532 0.999368
vt 2.702216 0.002785
vt 2.824272 0.999368
vt 1.975730 0.000058
vt 2.582005 -0.501183
vt -1.965873 0.950028
vt 4.199817 1.059223
vt 4.556415 2.115679
vt 3.528034 1.269176
vt 3.281909 -1.124770
vt 3.784084 -0.018490
vt 3.101937 0.203566
vt 2.567569 -0.852579
vt -0.047871 0.002675
vt 4.904085 3.176505
vt 1.993322 0.258359
vt 0.093285 0.534073
vt 0.877683 0.350538
vt 0.878894 0.656288
vt 0.092914 0.977389
vt 0.048467 0.544459
vt 0.000585 0.992887
vt 7.632925 0.524853
vt 7.607409 0.891688
vt 6.310142 0.891688
vt 6.347431 0.477622
vt 6.704466 0.107304
vt 6.789448 0.107304
vt 0.993004 0.134109
vt -0.009514 -1.394142
vt -0.009758 -3.094882
vt 0.995767 -1.535684
vt 0.002637 1.250642
vt 0.986451 0.418596
vt 0.986451 0.864216
vt 0.134977 -0.418574
vt 0.127492 -0.129481
vt 0.159814 0.301084
vt 0.993806 1.639230
vt 0.156566 1.758111
vt 5.615523 -0.013926
vt 7.197736 0.500530
vt 7.479290 1.332340
vt 4.691689 -0.405067
vt 0.937262 8.047709
vt 0.062738 8.045087
vt 0.945536 -4.872022
vt 0.945536 -1.753012
vt 0.048190 -0.707164
vt 0.048190 -4.801878
vt -8.661448 2.939712
vt 0.945536 4.921031
vt 0.945536 9.508430
vt 0.048190 9.329215
vt 0.048190 5.019697
vt 0.945536 0.601593
vt 0.048190 0.564856
vt 2.194869 1.031740
vt -1.440307 2.023284
vt -0.408435 1.370902
vt 0.135031 2.482327
vt -1.183047 2.482329
vt 0.864363 0.649893
vt 1.880434 0.864020
vt 1.629530 -1.513962
vt 0.729895 -0.475661
vt 3.511957 0.090093
vt 0.014526 0.496972
vt 0.348874 0.658796
vt 0.036858 0.885955
vt 0.338030 0.585010
vt 0.008895 0.757190
vt 0.008895 0.260438
vt 0.427465 0.711196
vt 0.001291 0.664437
vt 0.341330 0.565063
vt 0.013494 0.736008
vt 0.013719 0.290847
vt 0.998709 0.773871
vt 2.888652 2.860534
vt 3.289343 3.492475
vt 2.856153 3.462247
vt -0.549941 0.862428
vt -0.995540 0.065550
vt 0.006919 -4.040878
vt 0.006919 -8.297955
vt 0.989514 -8.538918
vt 0.989514 -4.226198
vt 5.704055 -0.541494
vt 4.467892 1.026971
vt 3.950527 0.398415
vt 4.521924 -0.685518
vt 3.628167 1.889097
vt 2.794339 2.446650
vt 0.990264 -2.217828
vt 0.990264 -0.974269
vt -2.957906 -0.830498
vt 0.989514 -1.594485
vt 0.006919 -1.593922
vt 0.894591 1.260503
vt 0.101843 1.090086
vt -0.212290 0.906385
vt 3.777192 -0.026732
vt 3.497822 3.364112
vt 3.204454 3.403687
vt 2.919557 2.954368
vt 3.792115 2.885256
vt 3.709878 3.180191
vt 3.487456 3.348076
vt -1.904332 0.235568
vt -0.140648 0.374704
vt 0.924971 -1.051476
vt 0.991378 1.884696
vt 0.008622 1.898174
vt 0.067216 -1.171566
vt 0.082841 -1.613582
vt 5.863891 -2.452579
vt 6.827559 -1.974230
vt -2.124202 -0.321078
vt -2.183752 -0.859846
vt -0.054439 1.194328
vt -0.047344 0.645234
vt -0.204416 0.480819
vt -0.392214 0.461770
vt -2.785738 0.361025
vt -2.505496 -0.068527
vt 0.009509 1.061796
vt 0.009509 0.624487
vt 0.990491 0.452474
vt 0.990491 0.878197
vt -2.247003 -0.644615
vt 0.990264 -3.805353
vt 0.231627 -3.995472
vt 0.071517 2.599386
vt 0.009509 2.331365
vt 0.990491 1.754525
vt 0.922282 2.093170
vt -1.003104 -0.858039
vt -1.159676 -0.382295
vt -1.557498 -1.280261
vt 0.009509 1.503386
vt 0.990491 1.330930
vt -2.325447 -0.449737
vt -2.405350 -0.259115
vt 0.990491 1.934348
vt 0.009509 1.965607
vt 0.990491 1.733073
vt 5.864544 -1.130690
vt 7.915009 -0.657842
vt 0.990844 -1.516186
vt -1.616449 1.601195
vt -2.701638 1.560750
vt -2.785738 0.779191
vt -1.652139 0.875094
vt 0.921808 0.000067
vt 0.982188 0.453334
vt 0.057221 0.335072
vt 0.070380 0.000069
vt -0.419507 1.601199
vt 0.997355 0.213333
vt 0.997355 4.772949
vt 0.000927 4.975731
vt 0.000926 0.297508
vt 0.980034 -4.382036
vt 0.018247 -4.868514
vt 0.911746 -0.841710
vt 0.990491 -2.268540
vt -0.252671 1.534406
vt -0.125153 1.380335
vt 0.920178 0.037304
vt -0.262067 -0.925787
vt 0.190310 -0.521056
vt -1.300875 -0.628989
vt -0.107818 -0.073448
vt -2.525995 0.473529
vt -0.671439 -0.296759
vt -1.707652 0.477327
vt 0.356832 0.477327
vt 0.995734 0.816773
vt 0.995734 -0.417611
vt -0.009185 0.792268
vt -0.009185 0.117308
vt 0.019232 0.107450
vt 0.020000 0.793194
vt 2.522270 0.210093
vt 2.517062 0.879578
vt 2.978744 0.879577
vt 2.982415 0.193644
vt 0.482820 0.833811
vt 0.513785 0.833811
vt 0.511338 0.856597
vt 0.484329 0.856596
vt 2.026042 0.227831
vt 2.023256 0.879579
vt 2.481990 0.879578
vt 2.481570 0.211547
vt -1.478069 0.850799
vt -1.481654 0.387048
vt -1.516632 0.387299
vt -1.515309 0.868085
vt 1.520345 0.245908
vt 1.518743 0.879579
vt 1.979447 0.879579
vt 1.977656 0.229561
vt 0.009378 0.789667
vt 0.009378 0.212924
vt -0.016517 0.201881
vt -0.016517 0.789667
vt 1.025535 0.269994
vt 1.022556 0.878390
vt 1.480688 0.879548
vt 1.477586 0.247756
vt 0.018415 0.118471
vt 0.017717 0.792454
vt -0.012151 0.793337
vt -0.010503 0.108430
vt 0.520703 0.294828
vt 0.519489 0.877118
vt 0.977717 0.878277
vt 0.978426 0.272311
vt 0.023426 0.319290
vt 0.021423 0.875860
vt 0.482473 0.877025
vt 0.481499 0.296757
vt 0.530902 0.345994
vt 0.528429 0.876188
vt 0.975325 0.875514
vt 0.975241 0.324309
vt 0.481116 0.311017
vt 0.521476 0.311017
vt 0.520210 0.356453
vt 0.483936 0.356450
vt -0.973934 0.372546
vt -0.976495 0.877095
vt -0.518530 0.876254
vt -0.519990 0.348090
vt -0.014225 0.792454
vt -0.015974 0.266957
vt 0.014985 0.255512
vt 0.017037 0.792454
vt -1.477982 0.399702
vt -1.481497 0.878023
vt -1.019525 0.877174
vt -1.021849 0.375127
vt 0.017010 0.222090
vt 0.017010 0.883552
vt -0.005823 0.883552
vt -0.005823 0.213196
vt -1.971693 0.426301
vt -1.976533 0.878932
vt -1.516608 0.878087
vt -1.515977 0.401749
vt 0.017921 0.872010
vt -0.019677 0.872010
vt -0.019677 0.237363
vt 0.017921 0.237363
vt 0.019503 0.139527
vt 0.019503 0.637341
vt -0.017063 0.637341
vt -0.017063 0.137853
vt 0.020354 0.108430
vt 0.017950 0.793337
vt -0.016789 0.793194
vt -0.017933 0.107450
vt 0.017975 0.206352
vt 0.017975 0.874604
vt -0.018545 0.874604
vt -0.018545 0.206352
vt 0.017817 0.213196
vt 0.017817 0.883552
vt -0.018677 0.883552
vt -0.018677 0.213196
vt 0.933270 0.515469
vt 0.953041 0.183210
vt 0.970577 0.515559
vt 0.017605 0.177058
vt 0.017605 0.790190
vt -0.016622 0.790190
vt -0.016622 0.177058
vt -0.016166 0.201881
vt -0.016166 0.789667
vt 0.017663 0.789667
vt 0.017663 0.201881
vt 0.515002 0.229729
vt 0.513824 0.796095
vt 0.488528 0.796095
vt 0.488064 0.229729
vt 0.020516 0.255512
vt 0.019445 0.792454
vt -0.017414 0.792454
vt -0.019466 0.255512
vt 0.518723 0.185130
vt 0.518723 0.710867
vt 0.484548 0.710867
vt 0.484548 0.185130
vt 0.019709 0.157342
vt 0.019709 0.637341
vt -0.016152 0.637341
vt -0.016152 0.139527
vt -0.009033 0.872010
vt -0.009033 0.245826
vt 0.017235 0.237363
vt 0.017235 0.872010
vt 0.016831 0.268973
vt 0.016146 0.792454
vt -0.015006 0.792454
vt -0.013935 0.255512
vt 0.517671 0.270663
vt 0.485679 0.270663
vt 0.486380 0.244774
vt 0.515898 0.244774
vt -0.010388 0.874604
vt -0.010388 0.214231
vt 0.018001 0.206352
vt 0.018001 0.874604
vt 0.226260 0.103682
vt 0.256459 0.103010
vt 0.256459 0.124160
vt 0.229379 0.124010
vt -0.003995 0.214905
vt -0.003995 0.789667
vt 0.018072 0.789667
vt 0.018072 0.201881
vt -0.015424 0.637341
vt -0.015424 0.156090
vt 0.018592 0.137853
vt 0.018592 0.637341
vt 4.988465 0.292929
vt 5.554758 0.298667
vt 5.843052 0.553068
vt 0.346216 0.368051
vt 0.367460 0.368051
vt 0.366621 0.384174
vt 0.348045 0.384174
vt 0.018536 0.247954
vt 0.018536 0.872010
vt -0.007302 0.872010
vt -0.007302 0.237363
vt 0.492035 0.710867
vt 0.492035 0.196336
vt 0.511892 0.185130
vt 0.511892 0.710867
vt 0.216043 0.543177
vt 0.248981 0.543177
vt 0.246111 0.563566
vt 0.219958 0.563566
vt 0.018664 0.215519
vt 0.018664 0.874604
vt -0.009857 0.874604
vt -0.009857 0.206352
vt 0.493614 0.796095
vt 0.493684 0.239472
vt 0.512672 0.229729
vt 0.513135 0.796095
vt 0.486207 0.570998
vt 0.516138 0.570998
vt 0.514073 0.589985
vt 0.489325 0.589987
vt -0.007275 0.790190
vt -0.007275 0.187234
vt 0.014382 0.177058
vt 0.014382 0.790190
vt 0.511236 0.198890
vt 0.511236 0.710867
vt 0.491379 0.710867
vt 0.491379 0.185130
vt -0.005531 0.883552
vt -0.005531 0.220289
vt 0.017365 0.213196
vt 0.017365 0.883552
vt 0.510847 0.241547
vt 0.510847 0.796095
vt 0.491177 0.796095
vt 0.492355 0.229729
vt 0.181630 0.108059
vt 0.205503 0.108059
vt 0.204665 0.122246
vt 0.183203 0.122246
vt 0.012872 0.189620
vt 0.012872 0.790190
vt -0.008748 0.790190
vt -0.008748 0.177058
vt -1.516385 0.387172
vt -1.516220 0.849216
vt -1.477649 0.868085
vt -1.481428 0.386978
vt 0.178408 0.367338
vt 0.210663 0.367338
vt 0.209241 0.386943
vt 0.179911 0.386943
vt -1.616927 0.210440
vt -1.524360 0.553450
vt -1.551737 0.554156
vt 0.485775 0.662093
vt 0.516325 0.662093
vt 0.515221 0.685266
vt 0.489391 0.685269
vt -0.281493 0.521514
vt -0.311600 0.522288
vt -0.294829 0.189251
vt -1.176108 0.203278
vt -1.141797 0.543611
vt -0.743221 0.196230
vt -0.692534 0.532069
vt -0.728327 0.532989
vt -1.871727 0.928752
vt 0.102612 0.513775
vt -1.112592 0.542859
vt -1.630107 0.190263
vt -1.525850 0.922598
vt -1.139204 0.915718
vt 0.864373 0.817475
vt 0.761833 0.152919
vt 0.551991 0.514552
vt 1.373146 0.184757
vt 1.351777 0.516475
vt 1.383423 0.517357
vt 4.320421 0.233532
vt 4.373228 0.238225
vt 4.265619 0.467139
vt 1.782180 0.197856
vt 1.766455 0.532763
vt 0.610573 0.907690
vt 1.802875 0.534229
vt 2.215596 0.211732
vt 2.184265 0.549571
vt 2.213425 0.550743
vt 14.980365 0.002307
vt 15.035095 0.489822
vt 14.916746 0.002307
vt 7.589709 0.107304
vt 7.661208 0.107304
vt 5.613044 0.303850
vt 6.172325 0.353579
vt 6.213530 0.203711
vt 6.855061 0.260185
vt 1.708693 0.166759
vt 1.735790 0.168569
vt 1.680045 0.330852
vt 4.939958 0.288617
vt 2.512276 0.111262
vt 3.699836 0.190521
vt 2.465175 0.108119
vt 1.900253 0.137316
vt 3.748060 0.193737
vt 4.130561 -0.621625
vt 6.153427 0.197284
s 1
usemtl None
f 3491/466/621 873/467/622 872/468/623 3493/469/624
f 3491/466/621 3511/470/625 874/471/626 873/467/622
f 3511/470/625 3510/472/627 876/473/628 874/471/626
f 3510/472/627 3516/474/629 878/475/630 876/473/628
f 3516/474/629 3518/476/631 880/477/632 878/475/630
f 3518/476/631 3514/478/633 882/479/634 880/477/632
f 3514/478/633 3513/480/635 884/481/636 882/479/634
f 3513/480/635 3512/482/637 886/483/638 884/481/636
f 3512/482/637 3515/484/639 888/485/640 886/483/638
f 3515/484/639 3517/486/641 890/487/642 888/485/640
f 3507/488/643 3503/489/644 895/490/645 893/491/646
f 3503/489/644 3504/492/647 897/493/648 895/490/645
f 899/494/649 2733/495/650 2734/496/651 900/497/652
f 3504/498/647 3501/499/653 903/500/654 897/501/648
f 3501/499/653 3502/502/655 905/503/656 903/500/654
f 3502/502/655 3505/504/657 907/505/658 905/503/656
f 909/506/659 3699/507/660 3704/508/661 2660/509/662
f 913/510/663 916/511/664 2832/512/665 2833/513/666
f 917/514/667 920/515/668 919/516/669 918/517/670
f 914/518/671 915/519/672 922/520/673 921/521/674
f 921/521/674 922/520/673 920/515/668 917/514/667
f 923/522/675 2730/523/676 2724/524/677 924/525/678
f 927/526/679 2730/523/676 923/522/675
f 929/527/680 932/528/681 2665/529/682 930/530/683
f 933/531/684 936/532/685 935/533/686 934/534/687
f 937/535/688 940/536/689 939/537/690 938/538/691
f 938/538/691 939/537/690 936/532/685 933/531/684
f 936/539/685 2764/540/692 2763/541/693 935/542/686
f 940/543/689 2757/544/694 2762/545/695 939/546/690
f 939/546/690 2762/545/695 2764/540/692 936/539/685
f 942/547/696 2677/548/697 2757/544/694 940/543/689
f 2859/549/698 958/550/699 955/551/700 2860/552/701
f 935/533/686 953/553/702 952/554/703 934/534/687
f 943/555/704 954/556/705 2676/557/706 2763/558/693
f 955/559/700 958/560/699 2728/561/707 2731/562/708
f 2729/563/709 2731/564/708 4074/565/710 4116/566/711
f 954/556/705 962/567/712 2760/568/713 2676/557/706
f 2860/552/701 955/551/700 951/569/714 2861/570/715
f 953/553/702 961/571/716 963/572/717 952/554/703
f 962/567/712 969/573/718 2761/574/719 2760/568/713
f 2861/575/715 2862/576/720 2778/577/721 2787/578/722
f 961/571/716 968/579/723 970/580/724 963/572/717
f 2736/581/725 2740/582/726 1139/583/727 1120/584/728
f 3506/585/729 975/586/730 976/587/731 3499/588/732
f 2577/589/733 3703/590/734 3697/591/735 2578/592/736
f 2359/593/737 978/594/738 2658/595/739 2656/596/740
f 2335/597/741 980/598/742 979/599/743 2317/600/744
f 2371/601/745 982/602/746 981/603/747 2308/604/748
f 2320/605/749 984/606/750 983/607/751 2341/608/752
f 2365/609/753 986/610/754 985/611/755 2314/612/756
f 2338/613/757 988/614/758 987/615/759 2311/616/760
f 2305/617/761 990/618/762 989/619/763 2377/620/764
f 2380/621/765 991/622/766 980/598/742 2335/597/741
f 2359/593/737 2362/623/767 992/624/768 978/594/738
f 2302/625/769 993/626/770 982/602/746 2371/601/745
f 2347/627/771 994/628/772 984/606/750 2320/605/749
f 2317/600/744 979/599/743 995/629/773 2344/630/774
f 2314/612/756 985/611/755 996/631/775 2374/632/776
f 2344/630/774 995/629/773 990/618/762 2305/617/761
f 2308/604/748 981/603/747 986/610/754 2365/609/753
f 2341/608/752 983/607/751 988/614/758 2338/613/757
f 2323/633/777 997/634/778 991/622/766 2380/621/765
f 2311/616/760 987/615/759 993/626/770 2302/625/769
f 2353/635/779 977/636/780 997/634/778 2323/633/777
f 2377/620/764 989/619/763 994/628/772 2347/627/771
f 1006/637/781 2904/638/782 2902/639/783 1007/640/784
f 902/641/785 2737/642/786 2741/643/787 2674/644/788
f 1009/645/789 2717/646/790 2719/647/791 2680/648/792
f 1011/649/793 2744/650/794 2748/651/795 2678/652/796
f 1013/653/797 2751/654/798 2754/655/799 2675/656/800
f 2875/657/801 2758/658/802 3122/659/803 3119/660/804
f 2876/661/805 1020/662/806 1019/663/807 2877/664/808
f 2877/665/808 1019/666/807 1023/667/809 2878/668/810
f 2878/668/810 1023/667/809 1022/669/811 2879/670/812
f 2879/670/812 1022/669/811 1021/671/813 2880/672/814
f 2880/672/814 1021/671/813 1018/673/815 2881/674/816
f 1017/675/817 1026/676/818 1025/677/819 1024/678/820
f 1021/679/813 1028/680/821 1027/681/822 1018/682/815
f 1023/683/809 1030/684/823 1029/685/824 1022/686/811
f 1020/687/806 1032/688/825 1031/689/826 1019/690/807
f 1018/682/815 1027/681/822 1026/676/818 1017/675/817
f 1022/686/811 1029/685/824 1028/680/821 1021/679/813
f 1019/690/807 1031/689/826 1030/684/823 1023/683/809
f 1026/691/818 1034/692/827 1033/693/828 1025/694/819
f 1028/695/821 1035/696/829 1034/697/827 1027/698/822
f 1030/699/823 1036/700/830 1035/696/829 1029/701/824
f 1032/702/825 3932/703/831 3930/704/832 1031/705/826
f 1027/706/822 1034/692/827 1026/691/818
f 1029/701/824 1035/696/829 1028/695/821
f 1031/705/826 3930/704/832 1030/707/823
f 1036/708/830 1039/709/833 1038/710/834 1035/711/829
f 1037/712/835 1040/713/836 1039/709/833 1036/708/830
f 1034/714/827 1042/715/837 1041/716/838 1033/717/828
f 1035/711/829 1038/710/834 1042/715/837 1034/714/827
f 988/718/758 1044/719/839 1043/720/840 987/721/759
f 980/722/742 1046/723/841 1045/724/842 979/725/743
f 983/726/751 1047/727/843 1044/719/839 988/718/758
f 985/728/755 1049/729/844 1048/730/845 996/731/775
f 991/732/766 1050/733/846 1046/723/841 980/722/742
f 984/734/750 1051/735/847 1047/727/843 983/726/751
f 986/736/754 1052/737/848 1049/729/844 985/728/755
f 997/738/778 1053/739/849 1050/733/846 991/732/766
f 994/740/772 1054/741/850 1051/735/847 984/734/750
f 981/742/747 1055/743/851 1052/737/848 986/736/754
f 977/744/780 1056/745/852 1053/739/849 997/738/778
f 989/746/763 1057/747/853 1054/741/850 994/740/772
f 982/748/746 1058/749/854 1055/743/851 981/742/747
f 978/750/738 1059/751/855 2655/752/856 2658/753/739
f 990/754/762 1060/755/857 1057/756/853 989/757/763
f 993/758/770 1061/759/858 1058/749/854 982/748/746
f 978/750/738 992/760/768 1062/761/859 1059/751/855
f 995/762/773 1063/763/860 1060/755/857 990/754/762
f 987/721/759 1043/720/840 1061/764/858 993/765/770
f 979/725/743 1045/724/842 1063/766/860 995/767/773
f 1051/768/847 1065/769/861 1064/770/862 1047/771/843
f 1044/772/839 1067/773/863 1066/774/864 1043/775/840
f 1061/776/858 1069/777/865 1068/778/866 1058/779/854
f 1054/780/850 1070/781/867 1065/769/861 1051/768/847
f 1047/771/843 1064/770/862 1067/773/863 1044/772/839
f 1043/775/840 1066/774/864 1069/777/865 1061/776/858
f 1057/782/853 1071/783/868 1070/781/867 1054/780/850
f 1059/784/855 1062/785/859 1073/786/869 1072/787/870
f 1053/788/849 1075/789/871 1074/790/872 1050/791/846
f 1045/792/842 1077/793/873 1076/794/874 1063/795/860
f 1056/796/852 1078/797/875 1075/789/871 1053/788/849
f 1046/798/841 1079/799/876 1077/793/873 1045/792/842
f 1060/800/857 1080/801/877 1071/783/868 1057/782/853
f 1059/784/855 1072/787/870 2655/802/856
f 1050/791/846 1074/790/872 1079/799/876 1046/798/841
f 1063/795/860 1076/794/874 1080/801/877 1060/800/857
f 1081/803/878 1083/804/879 1082/805/880
f 1058/779/854 1068/778/866 1081/806/878 1055/807/851
f 1082/805/880 1083/804/879 1085/808/881 1084/809/882
f 1084/809/882 1085/808/881 1087/810/883 1086/811/884
f 973/812/885 1089/813/886 1088/814/887 972/815/888
f 3549/816/889 966/817/890 1091/818/891 3545/819/892
f 1073/786/869 1062/785/859 1093/820/893 1092/821/894
f 1094/822/895 1097/823/896 3698/824/897 3696/825/898
f 899/826/899 2888/827/900 2900/828/901 2898/829/902
f 1103/830/903 2663/831/904 916/832/905
f 1106/833/906 1108/834/907 2857/835/908 1107/836/909
f 2734/837/651 2733/838/650 902/641/785 2674/644/788
f 2705/839/910 1111/840/911 2746/841/912 2883/842/913
f 2916/843/914 2902/844/783 2897/845/915 2914/846/916
f 2883/842/913 2746/841/912 1110/847/917 2884/848/918
f 3067/849/919 1135/850/920 1113/851/921 3068/852/922
f 2925/853/923 2924/854/924 1117/855/925 1116/856/926
f 1118/857/927 2927/858/928 1119/859/929
f 1121/860/930 3002/861/931 3004/862/932 1122/863/933
f 1125/864/934 3006/865/935 3003/866/936 1126/867/937
f 1122/863/933 3004/862/932 3001/868/938 1129/869/939
f 1129/869/939 3001/868/938 3005/870/940 1131/871/941
f 1131/871/941 3005/870/940 3006/865/935 1125/864/934
f 3068/852/922 1113/851/921 1112/872/942 3069/873/943
f 1137/874/944 2740/875/726 2736/876/725 1138/877/945
f 1140/878/946 1142/879/947 1141/880/948 1111/881/911
f 1137/882/944 1138/883/945 2738/884/949 2715/885/950
f 3071/886/951 3025/887/952 3013/888/953 3069/889/943
f 2736/890/725 2935/891/954 1138/892/945
f 1142/893/947 2937/894/955 2936/895/956 1141/896/948
f 1147/897/957 2935/891/954 1148/898/958
f 1109/899/959 1150/900/960 2758/901/802
f 1110/902/917 1151/903/961 2752/904/962 2753/905/963
f 1111/906/911 1141/907/948 2743/908/964 2746/909/912
f 1150/910/960 3937/911/965 3932/703/831 1032/702/825
f 1153/912/966 1152/913/967 3937/914/965 3934/915/968
f 1152/916/967 1154/917/969 1040/713/836 1037/712/835
f 1153/918/966 1155/919/970 1154/917/969 1152/916/967
f 1156/920/971 2946/921/972 2944/922/973 1157/923/974
f 1160/924/975 2947/925/976 2946/926/972 1156/927/971
f 1159/928/977 2955/929/978 2954/930/979 1158/931/980
f 1161/932/981 2953/933/982 2955/934/978 1159/935/977
f 1163/936/983 2959/937/984 2961/938/985 1162/939/986
f 1164/940/987 2945/941/988 2959/942/984 1163/943/983
f 1166/944/989 2965/945/990 2966/946/991 1165/947/992
f 1167/948/993 2963/949/994 2965/950/990 1166/951/989
f 1169/952/995 2977/953/996 2976/954/997 1168/955/998
f 1170/956/999 2979/957/1000 2977/958/996 1169/959/995
f 1172/960/1001 2981/961/1002 2982/962/1003 1171/963/1004
f 1173/964/1005 2984/965/1006 2981/966/1002 1172/967/1001
f 2923/968/1007 3101/969/1008 1001/970/1009
f 3112/971/1010 3037/972/1011 3057/973/1012 3113/974/1013
f 3112/971/1010 3103/975/1014 3055/976/1015 3037/972/1011
f 3103/977/1014 2978/978/1016 1177/979/1017 3104/980/1018
f 3104/980/1018 1177/979/1017 2964/981/1019 3105/982/1020
f 3105/983/1020 3106/984/1021 3033/985/1022 3054/986/1023
f 1180/987/1024 2962/988/1025 2952/989/1026 2950/990/1027
f 2295/991/1028 2290/992/1029 2325/993/1030 2324/994/1031
f 1180/987/1024 2950/990/1027 2951/995/1032 2956/996/1033
f 1510/997/1034 2295/991/1028 2324/994/1031 1507/998/1035
f 2969/999/1036 2972/1000/1037 2284/1001/1038 2915/1002/1039
f 1115/1003/1040 1131/1004/941 1125/1005/934 1114/1006/1041
f 1145/1007/1042 1129/1008/939 1131/1004/941 1115/1003/1040
f 1146/1009/1043 1122/1010/933 1129/1008/939 1145/1007/1042
f 1114/1006/1041 1125/1005/934 1126/1011/937 1136/1012/1044
f 1184/1013/1045 1121/1014/930 1122/1010/933 1146/1009/1043
f 2970/1015/1046 2974/1016/1047 2284/1001/1038 2973/1017/1048
f 3072/1018/1049 3074/1019/1050 3041/1020/1051 3043/1021/1052
f 3063/1022/1053 3117/1023/1054 3116/1024/1055 3042/1025/1056
f 1186/1026/1057 2970/1027/1046 3000/1028/1058
f 3008/1029/1059 2938/1030/1060 3078/1031/1061 3077/1032/1062
f 3079/1033/1063 2996/1034/1064 2995/1035/1065 3080/1036/1066
f 3080/1036/1066 2995/1035/1065 2994/1037/1067 3081/1038/1068
f 3081/1038/1068 2994/1037/1067 2993/1039/1069 3082/1040/1070
f 3082/1040/1070 2993/1039/1069 2998/1041/1071 3083/1042/1072
f 3130/1043/1073 2949/1044/1074 1238/1045/1075 3088/1046/1076
f 3083/1042/1072 2998/1041/1071 2992/1047/1077 3084/1048/1078
f 1066/1049/864 1198/1050/1079 1069/1051/865
f 1083/1052/879 1199/1053/1080 1085/1054/881
f 1068/1055/866 1200/1056/1081 1081/1057/878
f 1081/1057/878 1200/1056/1081 1199/1058/1080 1083/1059/879
f 1070/1060/867 1201/1061/1082 1065/1062/861
f 1085/1054/881 1199/1053/1080 1202/1063/1083 1087/1064/883
f 1067/1065/863 1203/1066/1084 1198/1050/1079 1066/1049/864
f 1064/1067/862 1203/1068/1084 1067/1069/863
f 1069/1051/865 1198/1050/1079 1200/1056/1081 1068/1055/866
f 1065/1062/861 1201/1061/1082 1203/1068/1084 1064/1067/862
f 3042/1025/1056 3116/1024/1055 3115/1070/1085 3059/1071/1086
f 1153/918/966 1205/1072/1087 1204/1073/1088 1155/919/970
f 1149/1074/1089 1191/1075/1090 3931/1076/1091 3929/1077/1092
f 1206/1078/1093 1208/1079/1094 3933/1080/1095
f 1205/1072/1087 1207/1081/1096 1209/1082/1097 1204/1073/1088
f 1212/1083/1098 1206/1084/1093 1213/1085/1099
f 1213/1085/1099 1206/1084/1093 1191/1086/1090
f 1208/1087/1094 1215/1088/1100 1214/1089/1101 1207/1090/1096
f 1207/1081/1096 1214/1091/1101 1216/1092/1102 1209/1082/1097
f 1215/1093/1100 1218/1094/1103 1217/1095/1104 1214/1096/1101
f 1214/1091/1101 1217/1097/1104 1219/1098/1105 1216/1092/1102
f 1218/1094/1103 1221/1099/1106 1220/1100/1107 1217/1095/1104
f 1217/1101/1104 1220/1102/1107 1222/1103/1108 1219/1104/1105
f 1211/1105/1109 1224/1106/1110 3952/1107/1111
f 1191/1075/1090 1206/1078/1093 3933/1080/1095 3931/1076/1091
f 3049/1108/1112 3029/1109/1113 3088/1110/1076 3094/1111/1114
f 1228/1112/1115 1230/1113/1116 1229/1114/1117
f 1231/1115/1118 3947/1116/1119 3946/1117/1120 1232/1118/1121
f 1236/1119/1122 2957/1120/1123 3259/1121/1124
f 3049/1108/1112 3094/1111/1114 3095/1122/1125 3030/1123/1126
f 3030/1123/1126 3095/1122/1125 3097/1124/1127 3050/1125/1128
f 3050/1126/1128 3097/1127/1127 3099/1128/1129 3032/1129/1130
f 2960/1130/1131 3089/1131/1132 3099/1132/1129 1236/1133/1122
f 1242/1134/1133 3085/1135/1134 3089/1131/1132 2960/1130/1131
f 3034/1136/1135 3085/1137/1134 3092/1138/1136 3053/1139/1137
f 1133/1140/1138 1174/1141/1139 2986/1142/1140
f 1244/1143/1141 1247/1144/1142 3258/1145/1143 2958/1146/1144
f 1242/1147/1133 1245/1148/1145 2967/1149/1146 2968/1150/1147
f 1238/1151/1075 1249/1152/1148 2943/1153/1149
f 1237/1154/1150 1250/1155/1151 2957/1120/1123
f 1240/1156/1152 1252/1157/1153 1251/1158/1154 1239/1159/1155
f 1236/1119/1122 1244/1160/1141 2958/1161/1144 2960/1162/1131
f 1227/1163/1156 1241/1164/1157 2975/1165/1158 2980/1166/1159
f 1080/1167/877 1253/1168/1160 1201/1061/1082 1071/1169/868
f 1077/1170/873 1254/1171/1161 1253/1168/1160 1076/1172/874
f 1076/1172/874 1253/1168/1160 1080/1167/877
f 1071/1169/868 1201/1061/1082 1070/1060/867
f 2872/1173/1162 2874/1174/1163 3940/1175/1164 3939/1176/1165
f 958/1177/699 2859/1178/698 3938/1179/1166
f 1041/716/838 1259/1180/1167 1258/1181/1168 1033/717/828
f 1033/693/828 1258/1182/1168 1260/1183/1169 1025/694/819
f 1025/677/819 3942/1184/1170 1024/678/820
f 2873/1185/1171 2874/1186/1163 2821/1187/1172 2792/1188/1173
f 1089/813/886 1262/1189/1174 1088/814/887
f 1260/1190/1169 1264/1191/1175 1263/1192/1176 1257/1193/1177
f 1257/1193/1177 1263/1192/1176 2766/1194/1178 2767/1195/1179
f 1258/1182/1168 1266/1196/1180 1264/1197/1175 1260/1183/1169
f 1259/1180/1167 1267/1198/1181 1266/1199/1180 1258/1181/1168
f 1097/1200/896 1269/1201/1182 3702/1202/1183 3698/1203/897
f 1256/1204/1184 1265/1205/1185 1261/1206/1186 1255/1207/1187
f 3545/819/892 1091/818/891 1271/1208/1188 3548/1209/1189
f 1264/1210/1175 1273/1211/1190 1272/1212/1191 1263/1213/1176
f 1272/1214/1191 1276/1215/1192 1275/1216/1193 2765/1217/1194
f 1263/1213/1176 1272/1212/1191 2765/1218/1194 2766/1219/1178
f 1273/1220/1190 1277/1221/1195 1276/1222/1192 1272/1223/1191
f 1274/1224/1196 1275/1225/1193 1279/1226/1197 1278/1227/1198
f 1273/1228/1190 1281/1229/1199 1280/1230/1200 1277/1231/1195
f 1282/1232/1201 1285/1233/1202 1284/1234/1203 1283/1235/1204
f 1286/1236/1205 1289/1237/1206 1288/1238/1207 1287/1239/1208
f 1287/1240/1208 1288/1241/1207 1291/1242/1209 1290/1243/1210
f 1292/1244/1211 1293/1245/1212 1289/1246/1206 1286/1247/1205
f 1294/1248/1213 1295/1249/1214 1293/1250/1212 1292/1251/1211
f 1073/1252/869 1092/1253/894 1297/1254/1215 1296/1255/1216
f 1078/1256/875 1298/1257/1217 1075/1258/871
f 1079/1259/876 1299/1260/1218 1254/1171/1161 1077/1170/873
f 1072/1261/870 1296/1255/1216 1298/1257/1217 1078/1256/875
f 1074/1262/872 1299/1263/1218 1079/1264/876
f 1072/1261/870 1073/1252/869 1296/1255/1216
f 1075/1258/871 1298/1257/1217 1299/1263/1218 1074/1262/872
f 1300/1265/1219 1303/1266/1220 1302/1267/1221 1301/1268/1222
f 1295/1249/1214 1304/1269/1223 1303/1270/1220 1300/1271/1219
f 1305/1272/1224 1308/1273/1225 1307/1274/1226 1306/1275/1227
f 1306/1276/1227 1307/1277/1226 1310/1278/1228 1309/1279/1229
f 1311/1280/1230 1314/1281/1231 1313/1282/1232
f 1315/1283/1233 1316/1284/1234 1285/1285/1202 1282/1286/1201
f 1317/1287/1235 1320/1288/1236 1319/1289/1237 1318/1290/1238
f 1301/1291/1222 1302/1292/1221 1322/1293/1239 1321/1294/1240
f 1321/1295/1240 1322/1296/1239 1308/1297/1225 1305/1298/1224
f 1088/1299/887 1262/1300/1174 1269/1301/1182 1097/1302/896
f 972/1303/888 1088/1299/887 1097/1302/896 1094/1304/895
f 2831/1305/1241 2804/1306/1242 3960/1307/1243 3964/1308/1244
f 3223/1309/1245 2286/1310/1246 1458/1311/1247 3222/1312/1248
f 3441/1313/1249 3450/1314/1250 3471/1315/1251 3459/1316/1252
f 2837/1317/1253 2755/1318/1254 1341/1319/1255 2838/1320/1256
f 1103/1321/903 2845/1322/1257 2849/1323/1258 1100/1324/1259
f 2866/1325/1260 2858/1326/1261 2853/1327/1262 2867/1328/1263
f 1103/1321/903 916/1329/905 1337/1330/1264
f 2838/1320/1256 1341/1319/1255 2750/1331/1265 2839/1332/1266
f 2839/1332/1266 2750/1331/1265 1340/1333/1267 2840/1334/1268
f 2840/1335/1268 2841/1336/1269 2817/1337/1270 2799/1338/1271
f 2841/1339/1269 2747/1340/1272 1339/1341/1273 2843/1342/1274
f 2824/1343/1275 2826/1344/1276 1343/1345/1277 1342/1346/1278
f 1343/1347/1279 1345/1348/1280 1344/1349/1281 1342/1350/1282
f 1345/1348/1280 921/521/674 917/514/667 1344/1349/1281
f 2825/1351/1283 1346/1352/1284 1343/1345/1277 2826/1344/1276
f 1346/1353/1285 1347/1354/1286 1345/1348/1280 1343/1347/1279
f 1347/1354/1286 914/518/671 921/521/674 1345/1348/1280
f 2823/1355/1287 2824/1343/1275 1342/1346/1278 1348/1356/1288
f 1342/1350/1282 1344/1349/1281 1349/1357/1289 1348/1358/1290
f 1344/1349/1281 917/514/667 918/517/670 1349/1357/1289
f 2672/1359/1291 2827/1360/1292 2836/1361/1293
f 1337/1362/1294 1350/1363/1295 2835/1364/1296 2836/1365/1297
f 1350/1363/1295 913/510/663 2833/513/666 2835/1364/1296
f 930/530/683 931/1366/1298 928/1367/1299 927/1368/679
f 4117/1369/1300 1352/1370/1301 1351/1371/1302 4119/1372/1303
f 2829/1373/1304 2828/1374/1305 2809/1375/1306 2776/1376/1307
f 2829/1377/1304 4119/1378/1308 1351/1379/1309
f 1352/1370/1301 1353/1380/1310 959/1381/1311 1351/1371/1302
f 1327/1382/1312 959/1383/1312 1353/1384/1312 1354/1385/1312
f 4118/1386/1313 949/1387/1314 1355/1388/1315 4120/1389/1316
f 949/1387/1314 1327/1390/1317 1354/1391/1318 1355/1388/1315
f 1355/1388/1315 1354/1391/1318 1353/1380/1310 1352/1370/1301
f 4120/1389/1316 1355/1388/1315 1352/1370/1301 4117/1369/1300
f 951/1392/714 955/559/700 2731/562/708 2729/1393/709
f 1357/1394/1319 930/1395/683 927/1396/679 1358/1397/1320
f 925/1398/1321 4115/1399/1322 2724/1400/677
f 1104/1401/1323 929/1402/680 930/1395/683 1357/1394/1319
f 948/1403/1324 1359/1404/1325 923/1405/675
f 948/1406/1324 924/1407/678 2720/1408/1326
f 2731/564/708 956/1409/1327 4074/565/710
f 1360/1410/1328 1089/1411/886 973/1412/885
f 4048/1413/1329 4046/1414/1329 4093/1415/1329 4094/1416/1329
f 2742/1417/1330 2740/1418/726 1137/1419/944
f 922/1420/1331 1358/1421/1320 1359/1422/1325 920/1423/1332
f 915/1424/1333 1357/1425/1319 1358/1421/1320 922/1420/1331
f 959/1426/1334 1327/1427/1335 960/1428/1336
f 916/1429/1337 913/1430/1337 1350/1431/1337 1337/1432/1337
f 2862/1433/720 925/1434/1321 926/1435/1338 2863/1436/1339
f 2864/1437/1340 2780/1438/1341 2777/1439/1342 2863/1440/1339
f 2864/1437/1340 2865/1441/1343 2779/1442/1344 2780/1438/1341
f 2865/1443/1343 931/1444/1298 2665/1445/682 2866/1446/1260
f 2843/1447/1274 2844/1448/1345 2811/1449/1346 2797/1450/1347
f 1006/1451/781 2906/1452/1348 2905/1453/1349
f 1361/1454/1350 2903/1455/1351 2906/1456/1348 1006/1457/781
f 1363/1458/1352 2893/1459/1353 2890/1460/1354 2732/1461/1355
f 894/1462/1356 2888/1463/1357 2887/1464/1358 896/1465/1359
f 1004/1466/1360 1364/1467/1361 1007/1468/784
f 1119/859/929 2927/858/928 1362/1469/1362
f 3517/1470/641 3507/488/643 893/491/646 890/1471/642
f 900/1472/652 3705/1473/1363 3706/1474/1364 2887/1475/1358
f 2844/1476/1345 2718/1477/1365 1338/1478/1366 2846/1479/1367
f 1139/583/727 2666/1480/1368 1120/584/728
f 1099/1481/1369 2735/1482/1370 2668/1483/1371 2664/1484/1372
f 1339/1485/1273 2667/1486/1373 2718/1487/1365
f 2858/1488/1261 2866/1446/1260 2665/1445/682 932/1489/681
f 1106/1490/906 1341/1491/1255 1108/1492/907
f 932/1493/681 929/1494/680 1098/1495/1374
f 929/1496/680 2663/1497/904 2664/1498/1372 1098/1499/1374
f 2885/1500/1375 2819/1501/1376 2800/1502/1377 2884/1503/918
f 2755/1504/1254 2855/1505/1378 1108/1506/907
f 941/1507/1379 2768/1508/1380 937/535/688
f 2882/1509/1381 2789/1510/1382 2788/1511/1383 2881/1512/816
f 2882/1513/1381 1017/1514/817 1024/1515/820 2873/1516/1171
f 2771/1517/1384 2893/1518/1353 2891/1519/1385 2814/1520/1386
f 2991/1521/1387 2582/1522/1388 2580/1523/1389 2988/1524/1390
f 2814/1520/1386 2891/1519/1385 2894/1525/1391 2796/1526/1392
f 2582/1527/1388 3002/861/931 1121/860/930 2580/1528/1389
f 1184/1013/1045 1190/1529/1393 1188/1530/1394 1121/1014/930
f 3070/1531/1395 3072/1018/1049 3043/1021/1052 3064/1532/1396
f 2930/1533/1397 1113/1534/921 1135/1535/920 2928/1536/1398
f 2926/1537/1399 1112/1538/942 1113/1534/921 2930/1533/1397
f 2932/1539/1400 1143/1540/1401 1144/1541/1402 2929/1542/1403
f 2929/1542/1403 1144/1541/1402 1112/1538/942 2926/1537/1399
f 2925/853/923 1116/856/926 1143/1540/1401 2932/1539/1400
f 998/1543/1404 1365/1544/1405 1004/1545/1360
f 3071/1546/951 1144/1547/1402 1143/1548/1401 3073/1549/1406
f 3075/1550/1407 3040/1551/1408 3026/1552/1409 3073/1553/1406
f 1189/1554/1410 3011/1555/1411 3009/1556/1412
f 1048/1557/845 1086/1558/884 1367/1559/1413 1366/1560/1414
f 1368/1561/1415 1371/1562/1416 1370/1563/1417 1369/1564/1418
f 1395/1565/1419 1372/1566/1420 1373/1567/1421
f 1375/1568/1422 1376/1569/1423 1371/1562/1416 1368/1561/1415
f 1377/1570/1424 1379/1571/1425 1378/1572/1426
f 1378/1572/1426 1379/1571/1425 1380/1573/1427
f 1381/1574/1428 1382/1575/1429 1376/1576/1423 1375/1577/1422
f 1383/1578/1430 1372/1579/1420 1384/1580/1431
f 1385/1581/1432 2948/1582/1433 1387/1583/1434 1386/1584/1435
f 870/1585/1436 2940/1586/1437 2941/1587/1438 875/1588/1439
f 875/1589/1439 2941/1590/1438 2942/1591/1440 877/1592/1441
f 3106/1593/1021 1182/1594/1442 2962/1595/1025 3107/1596/1443
f 2924/1597/924 3065/1598/1444 1176/1599/1445 2933/1600/1446
f 2938/1030/1060 2934/1601/1447 3067/1602/919 3078/1031/1061
f 1135/1535/920 2934/1603/1447 1148/1604/958 2928/1536/1398
f 3059/1071/1086 3115/1070/1085 3102/1605/1448 3022/1606/1449
f 2939/1607/1450 3076/1608/1451 2999/1609/1452
f 1243/1610/1453 3096/1611/1454 3092/1612/1136 2968/1613/1147
f 2542/1614/1455 1324/1615/1456 1325/1616/1457 2538/1617/1458
f 2528/1618/1459 1090/1619/1460 1270/1620/1461 2529/1621/1462
f 2360/1622/1463 2528/1618/1459 2527/1623/1464 2361/1624/1465
f 1369/1564/1418 1370/1563/1417 1390/1625/1466 1389/1626/1467
f 1389/1626/1467 1390/1625/1466 1391/1627/1468 1366/1628/1414
f 1381/1629/1428 1392/1630/1469 1379/1631/1425 1377/1632/1424
f 1393/1633/1470 1396/1634/1471 1395/1635/1419 1394/1636/1472
f 1393/1637/1470 1398/1638/1473 1397/1639/1474 1380/1640/1427
f 1372/1566/1420 1383/1641/1430 1374/1642/1475 1373/1567/1421
f 1394/1643/1472 1395/1565/1419 1373/1567/1421
f 1394/1643/1472 1373/1567/1421 1374/1642/1475
f 1384/1644/1431 1402/1645/1476 1401/1646/1477 1400/1647/1478
f 964/1648/1479 3508/1649/1480 3524/1650/1481 965/1651/1482
f 1006/1457/781 1404/1652/1483 1403/1653/1484 1361/1454/1350
f 1404/1652/1483 1119/1654/929 1362/1655/1362 1403/1653/1484
f 1007/1468/784 1364/1467/1361 1404/1656/1483 1006/1657/781
f 1364/1467/1361 1118/1658/927 1119/1659/929 1404/1656/1483
f 1361/1454/1350 1403/1653/1484 2732/1660/1355
f 1363/1458/1352 2732/1461/1355 2666/1661/1368 1139/1662/727
f 1363/1458/1352 1139/1662/727 2740/1418/726 2742/1417/1330
f 1365/1663/1405 1118/1658/927 1364/1467/1361 1004/1466/1360
f 2931/1664/1485 2927/1665/928 1118/1666/927 1365/1667/1405
f 2928/1668/1398 2931/1664/1485 1365/1667/1405 998/1669/1404
f 3493/469/624 872/468/623 1406/1670/1486 3494/1671/1487
f 1407/1672/1488 1410/1673/1489 1409/1674/1490 1408/1675/1491
f 3293/1676/1492 1411/1677/1493 1409/1678/1490
f 3256/1679/1494 1414/1680/1495 3319/1681/1496 1413/1682/1497
f 3319/1683/1496 1417/1684/1498 1413/1685/1497
f 1212/1083/1098 1210/1686/1499 1208/1687/1094 1206/1084/1093
f 1418/1688/1500 1421/1689/1501 1420/1690/1502 1419/1691/1503
f 1422/1692/1504 1392/1630/1469 1381/1629/1428 1375/1693/1422
f 1423/1694/1505 1424/1695/1506 1392/1696/1469 1422/1697/1504
f 1425/1698/1507 1424/1699/1506 1423/1700/1505
f 1408/1675/1491 1409/1674/1490 1421/1689/1501 1418/1688/1500
f 1423/1694/1505 1422/1697/1504 1426/1701/1508
f 1426/1702/1508 1422/1692/1504 1375/1693/1422 1368/1703/1415
f 1427/1704/1509 1428/1705/1510 1367/1706/1413
f 1429/1707/1511 1425/1708/1507 1423/1709/1505 1430/1710/1512
f 1430/1711/1512 1423/1694/1505 1426/1701/1508 1431/1712/1513
f 1431/1713/1513 1426/1702/1508 1368/1703/1415 1369/1714/1418
f 1428/1715/1510 1431/1713/1513 1369/1714/1418 1389/1716/1467
f 1367/1559/1413 1428/1715/1510 1389/1716/1467 1366/1560/1414
f 1427/1704/1509 1430/1711/1512 1431/1712/1513 1428/1705/1510
f 1429/1707/1511 1430/1710/1512 1427/1717/1509
f 1556/1718/1514 1544/1719/1515 1435/1720/1516 3230/1721/1517
f 1087/1064/883 1202/1063/1083 1429/1707/1511 1427/1717/1509
f 1086/811/884 1087/810/883 1427/1704/1509 1367/1706/1413
f 996/731/775 1048/730/845 1366/1628/1414 1391/1627/1468
f 2297/1722/1518 1376/1723/1423 1382/1724/1429 2330/1725/1519
f 2348/1726/1520 1371/1727/1416 1376/1728/1423 2297/1729/1518
f 2354/1730/1521 1370/1731/1417 1371/1727/1416 2348/1726/1520
f 2381/1732/1522 1390/1733/1466 1370/1731/1417 2354/1730/1521
f 2366/1734/1523 1391/1735/1468 1390/1733/1466 2381/1732/1522
f 2374/632/776 996/631/775 1391/1735/1468 2366/1734/1523
f 3761/1736/1524 3778/1737/1525 3689/1738/1526 1633/1739/1527
f 1449/1740/1528 1450/1741/1529 3785/1742/1530 3745/1743/1531
f 3216/1744/1532 2282/1745/1533 2281/1746/1534 3215/1747/1535
f 3217/1748/1536 2283/1749/1537 2280/1750/1538 3214/1751/1539
f 3231/1752/1540 3426/1753/1541 3427/1754/1542 3229/1755/1543
f 1456/1756/1544 3433/1757/1545 3226/1758/1546 1455/1759/1547
f 3226/1758/1546 3437/1760/1548 2285/1761/1549 3227/1762/1550
f 3224/1763/1551 1459/1764/1552 1460/1765/1553 3225/1766/1554
f 3451/1767/1555 3472/1768/1556 3458/1769/1557 3442/1770/1558
f 3124/1771/1559 3449/1772/1560 3463/1773/1561 3138/1774/1562
f 3277/1775/1563 3286/1776/1564 3248/1777/1565 1410/1778/1489
f 1333/1779/1566 3430/1780/1567 1461/1781/1568
f 1470/1782/1569 3425/1783/1570 3427/1754/1542
f 1334/1784/1571 1462/1785/1572 3431/1786/1573 3429/1787/1574
f 3285/1788/1575 3288/1789/1576 3273/1790/1577 1467/1791/1578
f 1459/1764/1552 3229/1755/1543 1471/1792/1579 1460/1765/1553
f 1470/1793/1580 3444/1794/1581 3454/1795/1582 3425/1796/1583
f 1499/1797/1584 3391/1798/1585 3375/1799/1586
f 3489/1800/1587 2515/1801/1588 2516/1802/1589 3488/1803/1590
f 1475/1804/1591 2169/1805/1592 3627/1806/1593 1476/1807/1594
f 3451/1767/1555 3443/1808/1595 3464/1809/1596 3472/1768/1556
f 3444/1794/1581 3446/1810/1597 3460/1811/1598 3473/1812/1599
f 1479/1813/1600 3466/1814/1601 3469/1815/1602 3400/1816/1603
f 1479/1817/1600 3432/1818/1604 3490/1819/1605
f 3415/1820/1606 3400/1821/1603 3469/1822/1602 3876/1823/1607
f 3285/1824/1608 1467/1825/1609 3357/1826/1610 3360/1827/1611
f 3290/1828/1612 1480/1829/1613 3358/1830/1614 3361/1831/1615
f 1480/1829/1613 3305/1832/1616 3362/1833/1617 3358/1830/1614
f 1481/1834/1618 3318/1835/1619 3363/1836/1620 3359/1837/1621
f 3305/1838/1622 3314/1839/1623 3274/1840/1624 1481/1841/1625
f 1483/1842/1626 3264/1843/1627 3323/1844/1628 3317/1845/1629
f 3290/1846/1630 3296/1847/1631 3270/1848/1632 1480/1849/1633
f 3282/1850/1634 3287/1851/1635 3269/1852/1636 1468/1853/1637
f 1481/1841/1625 3274/1840/1624 3321/1854/1638 3318/1855/1639
f 1474/1856/1640 3276/1857/1641 3456/1858/1642
f 3308/1859/1643 3313/1860/1644 3264/1843/1627 1483/1842/1626
f 3289/1861/1645 3295/1862/1646 3265/1863/1647 1484/1864/1648
f 1489/1865/1649 3334/1866/1650 3337/1867/1651 3306/1868/1652
f 1485/1869/1653 1490/1870/1654 1492/1871/1655 3272/1872/1656
f 3299/1873/1657 1496/1874/1658 3310/1875/1659 3346/1876/1660
f 1513/1877/1661 3381/1878/1662 3389/1879/1663
f 3349/1880/1664 3283/1881/1665 1498/1882/1666 3343/1883/1667
f 3345/1884/1668 3304/1885/1669 1496/1886/1658 3299/1887/1657
f 3368/1888/1670 3356/1889/1671 3354/1890/1672 3383/1891/1673
f 1500/1892/1674 1502/1893/1675 3302/1894/1676 3304/1895/1669
f 1496/1896/1658 1501/1897/1677 3316/1898/1678 3310/1899/1659
f 3395/1900/1679 3266/1901/1680 3332/1902/1681 3374/1903/1682
f 3283/1904/1665 3284/1905/1683 1505/1906/1684 1498/1907/1666
f 1498/1907/1666 1505/1906/1684 3297/1908/1685 3300/1909/1686
f 1438/1910/1687 3393/1911/1688 3486/1912/1689 3487/1913/1690
f 2326/1914/1691 1509/1915/1692 3143/1916/1693 3140/1917/1694
f 2330/1725/1519 1382/1724/1429 1511/1918/1695 2296/1919/1696
f 3263/1920/1697 2967/1921/1146 1245/1922/1145 3258/1145/1143
f 3305/1832/1616 1481/1834/1618 3359/1837/1621 3362/1833/1617
f 3330/1923/1698 1486/1924/1699 3333/1925/1700 3339/1926/1701
f 1512/1927/1702 1513/1928/1661 3947/1116/1119 1231/1115/1118
f 2504/1929/1703 1528/1930/1704 1527/1931/1705 2516/1932/1589
f 2512/1933/1706 1532/1934/1707 1531/1935/1708 2508/1936/1709
f 2518/1937/1710 1535/1938/1711 3243/1939/1712 3238/1940/1713
f 2497/1941/1714 1537/1942/1715 1532/1934/1707 2512/1933/1706
f 2508/1936/1709 1531/1935/1708 1528/1930/1704 2504/1929/1703
f 2489/1943/1716 1534/1944/1717 1537/1942/1715 2497/1941/1714
f 3483/1945/1718 3484/1946/1719 3398/1947/1720 3479/1948/1721
f 3477/1949/1722 3488/1950/1590 3482/1951/1723 3476/1952/1724
f 1509/1953/1692 1378/1954/1426 3143/1955/1693
f 1516/1956/1725 1374/1957/1475 1539/1958/1726 1522/1959/1727
f 1398/1960/1473 1393/1961/1470 1394/1962/1472 1399/1963/1728
f 1522/1959/1727 1539/1958/1726 1540/1964/1729 1520/1965/1730
f 3163/1966/1731 3164/1967/1732 1541/1968/1733 1525/1969/1734
f 3156/1970/1735 3154/1971/1736 1542/1972/1737 1519/1973/1738
f 1435/1974/1516 1544/1975/1515 2291/1976/1739 2289/1977/1740
f 1502/1978/1675 1546/1979/1741 3303/1980/1742 3302/1981/1676
f 3284/1982/1683 3278/1983/1743 1547/1984/1744 1505/1985/1684
f 1505/1985/1684 1547/1984/1744 3298/1986/1745 3297/1987/1685
f 1501/1988/1677 1545/1989/1746 3315/1990/1747 3316/1991/1678
f 1534/1992/1717 1550/1993/1748 1549/1994/1749 1537/1995/1715
f 1532/1996/1707 1552/1997/1750 1551/1998/1751 1531/1999/1708
f 1531/1999/1708 1551/1998/1751 1553/2000/1752 1528/2001/1704
f 1535/2002/1711 1554/2003/1753 3242/2004/1754 3243/2005/1712
f 1537/1995/1715 1549/1994/1749 1552/1997/1750 1532/1996/1707
f 1528/2001/1704 1553/2000/1752 1555/2006/1755 1527/2007/1705
f 1555/2008/1755 1538/2009/1756 3219/2010/1757
f 1396/1634/1471 1393/1633/1470 1380/1573/1427 1379/1571/1425
f 1538/2011/1756 1555/2012/1755 3434/2013/1758
f 1473/2014/1759 3396/2015/1760 2294/2016/1761 2292/2017/1762
f 1379/2018/1425 1424/2019/1506 1396/2020/1471
f 1392/1696/1469 1424/1695/1506 1379/2021/1425
f 1544/2022/1515 1558/2023/1763 2291/2024/1739
f 1547/2025/1744 1560/2026/1764 3298/2027/1745
f 3303/2028/1742 1561/2029/1765 1545/2030/1746
f 3278/2031/1743 3281/2032/1766 1560/2026/1764 1547/2025/1744
f 1550/2033/1748 3955/2034/1767 3958/2035/1768 1549/2036/1749
f 1549/2036/1749 3958/2035/1768 3959/2037/1769 1552/2038/1750
f 1551/2039/1751 3957/2040/1770 3956/2041/1771 1553/2042/1752
f 1552/2038/1750 3959/2037/1769 3957/2040/1770 1551/2039/1751
f 1556/2043/1514 1558/2044/1763 1544/2045/1515
f 1566/2046/1772 3281/2047/1766 1557/2048/1773 1567/2049/1774
f 1527/2050/1705 1555/2008/1755 3219/2010/1757
f 3619/2051/1775 1571/2052/1776 3600/2053/1777 3908/2054/1778
f 1565/2055/1779 1564/2056/1780 1567/2057/1774
f 1563/2058/1781 3900/2059/1782 1572/2060/1783 1562/2061/1784
f 1562/2062/1784 1572/2063/1783 1567/2057/1774 1564/2056/1780
f 1559/2064/1785 1575/2065/1786 1574/2066/1787 1561/2067/1765
f 1576/2068/1788 1575/2069/1786 1559/2070/1785 1560/2071/1764
f 1579/2072/1789 2500/2073/1790 3594/2074/1791 2277/2075/1792
f 1567/2049/1774 1582/2076/1793 1581/2077/1794 1566/2046/1772
f 1567/2057/1774 1572/2063/1783 1582/2078/1793
f 1514/2079/1795 1515/2080/1796 1584/2081/1797 1583/2082/1798
f 1515/2080/1796 1521/2083/1799 1585/2084/1800 1584/2081/1797
f 3757/2085/1801 3780/2086/1802 3725/2087/1803 1587/2088/1804
f 1523/2089/1805 1514/2079/1795 1583/2082/1798 1590/2090/1806
f 3781/2091/1807 3758/2092/1808 1578/2093/1809 1592/2094/1810
f 3758/2095/1808 3766/2096/1811 3592/2097/1812 1578/2098/1809
f 3756/2099/1813 3767/2100/1814 3597/2101/1815 1577/2102/1816
f 3746/2103/1817 3768/2104/1818 3602/2105/1819 1569/2106/1820
f 3748/2107/1821 3769/2108/1822 3610/2109/1823 1568/2110/1824
f 3749/2111/1825 3770/2112/1826 3891/2113/1827 1600/2114/1828
f 1555/2115/1755 1553/2116/1752 3956/2117/1771 1556/2118/1514
f 1907/2119/1829 2167/2120/1830 1909/2121/1831
f 2176/2122/1832 1900/2123/1833 1849/2124/1834
f 1603/2125/1835 1606/2126/1836 2473/2127/1837 3601/2128/1838
f 2479/2129/1839 1607/2130/1840 3588/2131/1841
f 2473/2127/1837 1606/2126/1836 3607/2132/1842
f 3762/2133/1843 3747/2134/1844 1609/2135/1845 2178/2136/1846
f 2459/2137/1847 2177/2138/1848 3712/2139/1849
f 2464/2140/1850 1613/2141/1851 1607/2130/1840 2479/2129/1839
f 2714/2142/1852 2694/2143/1853 3738/2144/1854
f 2419/2145/1855 1611/2146/1856 3724/2147/1857
f 2428/2148/1858 1616/2149/1859 3734/2150/1858
f 3750/2151/1860 3771/2152/1861 3890/2153/1862 3889/2154/1863
f 3744/2155/1864 3772/2156/1865 3887/2157/1866 3888/2158/1867
f 3753/2159/1868 3773/2160/1869 3657/2161/1870 1619/2162/1871
f 3755/2163/1872 3751/2164/1873 3833/2165/1874 1621/2166/1875
f 3752/2167/1876 3774/2168/1877 3834/2169/1878 3832/2170/1879
f 3760/2171/1880 3775/2172/1881 3675/2173/1882 1625/2174/1883
f 3742/2175/1884 3776/2176/1885 3683/2177/1886 1627/2178/1887
f 3743/2179/1888 3777/2180/1889 1631/2181/1890 1629/2182/1891
f 2431/2183/1892 1636/2184/1893 1635/2185/1894 3669/2186/1895
f 2422/2187/1896 1637/2188/1897 1636/2184/1893 3668/2189/1898
f 2443/2190/1899 1638/2191/1900 1612/2192/1901 3690/2193/1902
f 2425/2194/1903 1639/2195/1904 1637/2188/1897 3656/2196/1905
f 2440/2197/1906 1640/2198/1907 1639/2195/1904 3650/2199/1908
f 2437/2200/1909 1605/2201/1910 1640/2198/1907 3618/2202/1911
f 2449/2203/1912 1641/2204/1913 1638/2191/1900 3684/2205/1914
f 2446/2206/1915 1642/2207/1916 1641/2204/1913 3678/2208/1917
f 2452/2209/1918 1635/2185/1894 1642/2207/1916 3673/2210/1919
f 1639/2211/1904 1643/2212/1920 1637/2213/1897
f 1635/2214/1894 1644/2215/1921 1642/2216/1916
f 1645/2217/1922 1648/2218/1923 1647/2219/1924 1646/2220/1925
f 1605/2221/1910 1649/2222/1926 1640/2223/1907
f 1638/2224/1900 1651/2225/1927 1650/2226/1928 1612/2227/1901
f 1650/2226/1928 1611/2228/1856 2177/2229/1848
f 1640/2223/1907 1649/2222/1926 1643/2212/1920 1639/2211/1904
f 1642/2216/1916 1644/2215/1921 1651/2225/1927 1641/2230/1913
f 1637/2213/1897 1643/2212/1920 1636/2231/1893
f 1641/2230/1913 1651/2225/1927 1638/2224/1900
f 1636/2231/1893 1643/2212/1920 1644/2215/1921 1635/2214/1894
f 1613/2232/1851 1652/2233/1929 1607/2234/1840
f 1616/2235/1859 1653/2236/1930 1614/2237/1931
f 3616/2238/1932 3612/2239/1933 2435/2240/1934 1602/2241/1935
f 1604/2242/1936 1655/2243/1937 1603/2244/1835
f 1611/2228/1856 1650/2226/1928 1653/2236/1930 1615/2245/1938
f 1603/2244/1835 1655/2243/1937 1654/2246/1939 1606/2247/1836
f 1607/2234/1840 1652/2233/1929 1655/2243/1937 1604/2242/1936
f 2694/2248/1853 2708/2249/1940 1652/2233/1929 1613/2232/1851
f 1643/2250/1920 1656/2251/1941 1644/2252/1921
f 1657/2253/1942 3850/2254/1943 3847/2255/1944 1658/2256/1945
f 1654/2257/1939 1656/2251/1941 1649/2258/1926
f 1494/2259/1946 3341/2260/1947 3348/2261/1948 1661/2262/1949
f 1649/2258/1926 1656/2251/1941 1643/2250/1920
f 1651/2263/1927 1656/2251/1941 1650/2264/1928
f 1644/2252/1921 1656/2251/1941 1651/2263/1927
f 1662/2265/1950 1663/2266/1951 1221/2267/1106 1234/2268/1952
f 1664/2269/1953 1667/2270/1954 1666/2271/1955 1665/2272/1956
f 3537/2273/1957 3541/2274/1958 1533/2275/1959 1536/2276/1960
f 1652/2277/1929 1656/2251/1941 1655/2278/1937
f 1655/2278/1937 1656/2251/1941 1654/2257/1939
f 1656/2251/1941 1653/2279/1930 1650/2264/1928
f 1667/2270/1954 1671/2280/1961 1658/2281/1945 1666/2271/1955
f 1671/2280/1961 1672/2282/1962 1657/2283/1942 1658/2281/1945
f 1658/2256/1945 3847/2255/1944 3849/2284/1963 1666/2285/1955
f 3863/2286/1964 3853/2287/1965 1665/2288/1956
f 3597/2289/1966 3866/2290/1967 2517/2291/1968 1577/2292/1969
f 1676/2293/1970 1677/2294/1971 1673/2295/1972 1659/2296/1973
f 1678/2297/1974 3844/2298/1975 1679/2299/1976
f 1682/2300/1977 3845/2301/1978 3844/2298/1975 1678/2297/1974
f 1684/2302/1979 3837/2303/1980 3845/2301/1978 1682/2300/1977
f 1689/2304/1981 3841/2305/1982 3843/2306/1983 3620/2307/1984
f 1692/2308/1985 3836/2309/1986 3846/2310/1987 3649/2311/1988
f 1695/2312/1989 3193/2313/1990 3196/2314/1991
f 1586/2315/1992 1694/2316/1993 3730/2317/1994 3728/2318/1995
f 1465/2319/1996 3431/2320/1573 3432/2321/1604 1479/2322/1600
f 1541/1968/1733 3191/2323/1997 3199/2324/1998
f 1425/1698/1507 1697/2325/1999 1402/2326/1476 1424/1699/1506
f 1424/2019/1506 1402/1645/1476 1395/2327/1419 1396/2020/1471
f 1402/1645/1476 1384/1644/1431 1395/2327/1419
f 1697/2325/1999 1698/2328/2000 1401/2329/1477 1402/2326/1476
f 1699/2330/2001 1702/2331/2002 1701/2332/2003 1700/2333/2004
f 1703/2334/2005 1383/1578/1430 1384/1580/1431 1400/2335/1478
f 1704/2336/2006 1703/2334/2005 1400/2335/1478
f 1714/2337/2007 1718/2338/2008 1717/2339/2009 1715/2340/2010
f 1698/2341/2000 1707/2342/2011 1706/2343/2012 1401/2344/1477
f 1401/1646/1477 1706/2345/2012 1708/2346/2013 1400/1647/1478
f 1709/2347/2014 2191/2348/2015 3168/2349/2016
f 3630/2350/2017 1685/2351/2018 1691/2352/2019 1710/2353/2020
f 1709/2347/2014 1711/2354/2021 2190/2355/2022 3192/2356/2023
f 1707/2342/2011 1713/2357/2024 1712/2358/2025 1706/2343/2012
f 1706/2345/2012 1712/2359/2025 1714/2360/2007 1708/2346/2013
f 1711/2354/2021 3645/2361/2026 2188/2362/2027 2190/2355/2022
f 1716/2363/2028 1648/2364/1923 1645/2365/1922
f 1715/2366/2010 1717/2367/2009 3644/2368/2029 3645/2369/2026
f 1713/2357/2024 1716/2370/2028 1645/2371/1922 1712/2358/2025
f 1514/2372/2030 1523/2373/2031 3172/2374/2032 3169/2375/2033
f 1663/2376/1951 1719/2377/2034 1220/1100/1107 1221/1099/1106
f 1719/2378/2034 1720/2379/2035 1222/1103/1108 1220/1102/1107
f 1719/2378/2034 1721/2380/2036 1720/2379/2035
f 1647/2381/1924 2003/2382/2037 2004/2383/2038 1911/2384/2039
f 1725/2385/2040 1661/2262/1949 3348/2261/1948 3347/2386/2041
f 1721/2380/2036 3954/2387/2042 1726/2388/2043 1720/2379/2035
f 1727/2389/2044 1729/2390/2045 1728/2391/2046 1726/2392/2043
f 1730/2393/2047 1733/2394/2048 1732/2395/2049 1731/2396/2050
f 1548/2397/2051 1724/2398/2052 1503/2399/2053
f 1548/2400/2051 1735/2401/2054 1734/2402/2055 1724/2403/2052
f 1548/2404/2051 3315/2405/1747 1561/2029/1765
f 3344/2406/2056 3301/2407/2057 3266/2408/1680 3343/2409/1667
f 1661/2410/1949 1737/2411/2058 1736/2412/2059
f 3306/1868/1652 3337/1867/1651 3329/2413/2060 1487/2414/2061
f 3336/2415/2062 3332/1902/1681 3266/1901/1680 3388/2416/2063
f 3950/2417/2064 1227/2418/1156 2980/2419/1159 3254/2420/2065
f 3322/2421/2066 3338/2422/2067 3333/1925/1700 1486/1924/1699
f 1663/2423/1951 1738/2424/2068 1721/2425/2036 1719/2426/2034
f 1724/2427/2052 1734/2428/2055 1730/2429/2047 1723/2430/2069
f 1722/2431/2070 1739/2432/2071 3347/2433/2041
f 1737/2434/2058 1661/2262/1949 1725/2385/2040
f 1725/2385/2040 1739/2435/2071 1738/2436/2068 1737/2434/2058
f 1739/2437/2071 1722/2438/2070 1723/2439/2069
f 1723/2439/2069 1740/2440/2072 1738/2441/2068 1739/2437/2071
f 1741/2442/2073 1744/2443/2074 1743/2444/2075 1742/2445/2076
f 1730/2393/2047 1731/2396/2050 1740/2440/2072 1723/2439/2069
f 1738/2446/2068 1740/2447/2072 1721/2448/2036
f 1721/2448/2036 1740/2447/2072 1731/2449/2050 3954/2450/2042
f 1734/2428/2055 1745/2451/2077 1733/2452/2048 1730/2429/2047
f 1735/2401/2054 1746/2453/2078 1745/2454/2077 1734/2402/2055
f 1561/2455/1765 1574/2456/1787 1746/2457/2078 1735/2458/2054
f 2493/2459/2079 1747/2460/2080 1535/1938/1711 2518/1937/1710
f 3869/2461/2081 2517/2291/1968 3866/2290/1967 3870/2462/2082
f 1747/2463/2080 1748/2464/2083 1554/2003/1753 1535/2002/1711
f 1554/2465/1753 2276/2466/2084 3242/2467/1754
f 1748/2468/2083 2275/2469/2085 2276/2466/2084 1554/2465/1753
f 1749/2470/2086 3901/2471/2087 3902/2472/2088 3553/2473/2089
f 1563/2474/1781 2276/2475/2084 3553/2476/2089
f 3147/2477/2090 3152/2478/2091 3139/2479/2092 1508/2480/2093
f 3765/2481/2094 3201/2482/2095 1446/2483/2096 3764/2484/2097
f 3204/2485/2098 1615/2486/1938 1616/2149/1859 2428/2148/1858
f 1450/2487/2099 1449/2488/2100 2414/2489/2101 2483/2490/2102
f 2415/2491/2103 2484/2492/2104 2483/2490/2102 2414/2489/2101
f 3538/2493/2105 3537/2273/1957 1536/2276/1960 1529/2494/2106
f 2708/2495/1940 1653/2279/1930 1656/2251/1941
f 1653/2236/1930 1616/2235/1859 1615/2245/1938
f 3894/2496/2107 3895/2497/2108 3897/2498/2109 3896/2499/2110
f 3896/2500/2110 3898/2500/2111 1570/2500/2112 3894/2500/2107
f 1749/2470/2086 2175/2501/2113 2273/2502/2114 3901/2471/2087
f 2197/2503/2115 2871/2504/2116 2869/2505/2117
f 2175/2501/2113 2278/2506/2118 2279/2507/2119 2273/2502/2114
f 1750/2508/2120 1755/2509/2121 3552/2510/2122 3551/2511/2123
f 1573/2512/2124 1754/2513/2125 1756/2514/2126
f 1572/2060/1783 1756/2515/2126 1741/2516/2073 1582/2517/1793
f 1582/2517/1793 1741/2516/2073 1742/2518/2076 1581/2519/1794
f 1576/2520/1788 1758/2521/2127 1757/2522/2128 1575/2523/1786
f 1581/2519/1794 1742/2518/2076 1758/2521/2127 1576/2520/1788
f 1575/2523/1786 1757/2522/2128 1759/2524/2129 1574/2525/1787
f 1746/2457/2078 1574/2456/1787 1759/2526/2129
f 1731/2527/2050 1732/2528/2049 1727/2529/2044
f 1727/2529/2044 1761/2530/2130 1760/2531/2131 1729/2532/2045
f 1733/2533/2048 1763/2534/2132 1762/2535/2133 1732/2536/2049
f 1745/2537/2077 1764/2538/2134 1763/2539/2132 1733/2540/2048
f 1765/2541/2135 1766/2542/2136 1764/2543/2134 1745/2544/2077
f 1763/2534/2132 1768/2545/2137 1767/2546/2138 1762/2535/2133
f 1766/2542/2136 1770/2547/2139 1769/2548/2140 1764/2543/2134
f 1764/2549/2134 1769/2550/2140 1768/2551/2137 1763/2552/2132
f 1768/2545/2137 1772/2553/2141 1771/2554/2142 1767/2546/2138
f 1770/2547/2139 1774/2555/2143 1773/2556/2144 1769/2548/2140
f 1769/2550/2140 1773/2557/2144 1772/2558/2141 1768/2551/2137
f 1772/2553/2141 1776/2559/2145 1775/2560/2146 1771/2554/2142
f 1774/2555/2143 1778/2561/2147 1777/2562/2148 1773/2556/2144
f 1773/2557/2144 1777/2563/2148 1776/2564/2145 1772/2558/2141
f 1776/2559/2145 1780/2565/2149 1779/2566/2150 1775/2560/2146
f 1778/2561/2147 1782/2567/2151 1781/2568/2152 1777/2562/2148
f 1777/2569/2148 1781/2570/2152 1780/2571/2149 1776/2572/2145
f 1780/2565/2149 1784/2573/2153 1783/2574/2154 1779/2566/2150
f 1782/2567/2151 1786/2575/2155 1785/2576/2156 1781/2568/2152
f 1781/2570/2152 1785/2577/2156 1784/2578/2153 1780/2571/2149
f 1761/2579/2130 1732/2580/2049 1762/2581/2133
f 1732/2528/2049 1761/2530/2130 1727/2529/2044
f 1760/2582/2131 1761/2579/2130 1762/2581/2133 1767/2583/2138
f 1756/2584/2126 1787/2585/2157 1744/2443/2074 1741/2442/2073
f 1757/2586/2128 1789/2587/2158 1788/2588/2159 1759/2589/2129
f 1742/2445/2076 1743/2444/2075 1790/2590/2160 1758/2591/2127
f 1754/2592/2125 3552/2593/2122 1787/2594/2157
f 1758/2591/2127 1790/2590/2160 1789/2595/2158 1757/2596/2128
f 1759/2589/2129 1788/2588/2159 1765/2597/2135 1746/2598/2078
f 1746/2598/2078 1765/2597/2135 1745/2599/2077
f 1790/2600/2160 1792/2601/2161 1791/2602/2162 1789/2603/2158
f 1788/2604/2159 1793/2605/2163 1766/2606/2136 1765/2607/2135
f 1744/2608/2074 1794/2609/2164 1792/2601/2161 1743/2610/2075
f 1787/2611/2157 1794/2609/2164 1744/2608/2074
f 1789/2603/2158 1791/2602/2162 1793/2605/2163 1788/2604/2159
f 1755/2509/2121 1795/2612/2165 1794/2613/2164 1787/2614/2157
f 1743/2610/2075 1792/2601/2161 1790/2600/2160
f 1794/2615/2164 1797/2616/2166 1796/2617/2167 1792/2618/2161
f 1798/2619/2168 1800/2620/2169 1799/2621/2170 1728/2391/2046
f 1791/2622/2162 1802/2623/2171 1801/2624/2172 1793/2625/2163
f 1729/2390/2045 1798/2619/2168 1728/2391/2046
f 1795/2612/2165 1803/2626/2173 1797/2627/2166 1794/2613/2164
f 1793/2628/2163 1801/2629/2172 1770/2630/2139 1766/2631/2136
f 1750/2508/2120 1753/2632/2174 1755/2509/2121
f 1775/2633/2146 1804/2634/2175 1771/2635/2142
f 1767/2583/2138 1771/2635/2142 1804/2634/2175 1760/2582/2131
f 1801/2629/2172 1774/2636/2143 1770/2630/2139
f 1802/2637/2171 1806/2638/2176 1805/2639/2177 1801/2640/2172
f 1775/2641/2146 1779/2642/2150 1807/2643/2178 1804/2644/2175
f 1801/2645/2172 1805/2646/2177 1778/2647/2147 1774/2648/2143
f 1796/2649/2167 1809/2650/2179 1808/2651/2180
f 1796/2652/2167 1808/2653/2180 1806/2654/2176 1802/2655/2171
f 1804/2656/2175 1807/2657/2178 1800/2658/2169 1798/2659/2168
f 1760/2531/2131 1804/2656/2175 1798/2659/2168 1729/2532/2045
f 1810/2660/2181 1812/2661/2182 1811/2662/2183 1809/2663/2179
f 1805/2664/2177 1813/2665/2184 1782/2666/2151 1778/2667/2147
f 1809/2650/2179 1811/2668/2183 1814/2669/2185 1808/2651/2180
f 1808/2670/2180 1814/2671/2185 1815/2672/2186 1806/2673/2176
f 1797/2674/2166 3975/2675/2187 1796/2676/2167
f 1807/2657/2178 1817/2677/2188 1816/2678/2189 1800/2658/2169
f 1806/2679/2176 1815/2680/2186 1813/2681/2184 1805/2682/2177
f 1813/2665/2184 1818/2683/2190 1786/2684/2155 1782/2666/2151
f 1811/2668/2183 1820/2685/2191 1819/2686/2192 1814/2669/2185
f 1814/2687/2185 1819/2688/2192 1821/2689/2193 1815/2690/2186
f 1800/2620/2169 1816/2691/2189 1799/2621/2170
f 1792/2692/2161 1796/2693/2167 1802/2694/2171 1791/2695/2162
f 1815/2680/2186 1821/2696/2193 1818/2697/2190 1813/2681/2184
f 1812/2661/2182 1822/2698/2194 1820/2699/2191 1811/2662/2183
f 1779/2700/2150 1783/2701/2154 1817/2702/2188 1807/2703/2178
f 1786/2575/2155 1824/2704/2195 1823/2705/2196 1785/2576/2156
f 1820/2685/2191 1826/2706/2197 1825/2707/2198 1819/2686/2192
f 1821/2696/2193 1828/2708/2199 1827/2709/2200 1818/2697/2190
f 1784/2573/2153 1830/2710/2201 1829/2711/2202 1783/2574/2154
f 1822/2698/2194 1831/2712/2203 1826/2713/2197 1820/2699/2191
f 1783/2714/2154 1829/2715/2202 1832/2716/2204 1817/2717/2188
f 1785/2577/2156 1823/2718/2196 1830/2719/2201 1784/2578/2153
f 1816/2691/2189 1834/2720/2205 1833/2721/2206 1799/2621/2170
f 1819/2688/2192 1825/2722/2198 1828/2723/2199 1821/2689/2193
f 1818/2683/2190 1827/2724/2200 1824/2725/2195 1786/2684/2155
f 1817/2677/2188 1832/2726/2204 1834/2727/2205 1816/2678/2189
f 1679/2728/1976 1835/2729/2207 1672/2730/1962
f 1672/2282/1962 1835/2731/2207 1836/2732/2208 1657/2283/1942
f 1657/2253/1942 1836/2733/2208 3848/2734/2209 3850/2254/1943
f 1838/2735/2210 1840/2736/2211 1839/2737/2212 1835/2738/2207
f 1835/2739/2207 1839/2740/2212 3976/2741/2213 1836/2742/2208
f 1836/2743/2208 1841/2744/2214 3848/2745/2209
f 2166/2746/2215 3982/2747/2216 3973/2748/2217
f 1843/2749/2218 3839/2750/2219 1844/2751/2220
f 3975/2752/2187 3978/2753/2221 3981/2754/2222
f 1844/2751/2220 3839/2750/2219 3842/2755/2223 3655/2756/2224
f 2166/2757/2215 2165/2758/2225 1845/2759/2226 1842/2760/2227
f 3823/2761/2228 3792/2762/2229 3786/2763/2230
f 1822/2764/2194 1851/2765/2231 1850/2766/2232 1831/2767/2203
f 1812/2768/2182 1852/2769/2233 1851/2765/2231 1822/2764/2194
f 1810/2770/2181 1853/2771/2234 1852/2769/2233 1812/2768/2182
f 1680/2772/2235 3634/2773/2236 3628/2774/2237 1838/2775/2210
f 1845/2759/2226 1853/2776/2234 3979/2777/2238 1842/2760/2227
f 1685/2351/2018 3630/2350/2017 3629/2778/2239 1683/2779/2240
f 1838/2735/2210 3628/2780/2237 3636/2781/2241 1840/2736/2211
f 1857/2782/2242 1860/2783/2243 1859/2784/2244 1858/2785/2245
f 1681/2786/2246 3633/2787/2247 3634/2773/2236 1680/2772/2235
f 2165/2788/2225 3631/2789/2248 3635/2790/2249 1845/2791/2226
f 1683/2779/2240 3629/2778/2239 3633/2787/2247 1681/2786/2246
f 1845/2791/2226 3635/2790/2249 1853/2792/2234
f 1854/2793/2250 1863/2794/2251 1862/2795/2252 1856/2796/2253
f 1856/2796/2253 1862/2795/2252 1864/2797/2254 1861/2798/2255
f 2292/2017/1762 3379/2799/2256 3637/2800/2257
f 1863/2794/2251 1865/2801/2258 1862/2795/2252
f 1851/2765/2231 1852/2769/2233 1861/2798/2255 1864/2797/2254
f 1866/2802/2259 1868/2803/2260 1867/2804/2261 1699/2805/2001
f 1869/2806/2262 3858/2807/2263 3854/2808/2264 1870/2809/2265
f 1708/2810/2013 1714/2337/2007 1711/2811/2021 1709/2812/2014
f 1708/2810/2013 1709/2812/2014 1705/2813/2266
f 1400/2335/1478 1708/2810/2013 1705/2813/2266 1704/2336/2006
f 1540/2814/1729 1539/2815/1726 1703/2816/2005 1704/2817/2006
f 1712/2359/2025 1645/2818/1922 1718/2819/2008 1714/2360/2007
f 1855/2820/2267 1874/2821/2268 1873/2822/2269 1854/2823/2250
f 1700/2824/2004 1701/2825/2003 1874/2821/2268 1855/2820/2267
f 1871/2826/2270 3661/2827/2271 3856/2828/2272 3854/2829/2264
f 1868/2830/2260 1847/2831/2273 1875/2832/2274 1867/2833/2261
f 1867/2834/2261 1875/2835/2274 1877/2836/2275 1876/2837/2276
f 3672/2838/2277 3666/2839/2278 2451/2840/2279 2450/2841/2280
f 1872/2842/2281 3838/2843/2282 3839/2750/2219 1843/2749/2218
f 1871/2844/2270 1872/2842/2281 1843/2749/2218 1688/2845/2283
f 3665/2846/2284 3662/2847/2285 2430/2848/2286 2429/2849/2287
f 3878/2850/2288 3807/2851/2289 3820/2852/2290 3879/2853/2291
f 1688/2845/2283 1843/2749/2218 1844/2751/2220 3807/2854/2289
f 1692/2308/1985 3649/2311/1988 3881/2855/2292 3810/2856/2293
f 1617/2857/2294 1689/2858/1981 3620/2859/1984 3626/2860/2295
f 1664/2861/1953 1684/2862/1979 1682/2863/1977 1667/2864/1954
f 1667/2864/1954 1682/2863/1977 1678/2865/1974 1671/2866/1961
f 1671/2866/1961 1678/2865/1974 1679/2728/1976 1672/2730/1962
f 1680/2867/2235 1838/2868/2210 1835/2869/2207 1679/2870/1976
f 1867/2804/2261 1876/2871/2276 1702/2872/2002 1699/2805/2001
f 1710/2353/2020 3664/2873/2296 1700/2874/2004
f 1701/2875/2003 1879/2876/2297 1878/2877/2298 1874/2878/2268
f 1702/2879/2002 1880/2880/2299 1879/2881/2297 1701/2882/2003
f 1874/2883/2268 1878/2884/2298 1881/2885/2300 1873/2886/2269
f 1877/2836/2275 1883/2887/2301 1882/2888/2302 1876/2837/2276
f 1876/2889/2276 1882/2890/2302 1880/2891/2299 1702/2892/2002
f 1854/2823/2250 1873/2822/2269 1863/2893/2251
f 1865/2894/2258 1863/2893/2251 1873/2822/2269 1881/2895/2300
f 1850/2896/2232 1884/2897/2303 1885/2898/2304 1831/2899/2203
f 1829/2715/2202 1887/2900/2305 1886/2901/2306 1832/2716/2204
f 1826/2706/2197 1889/2902/2307 1888/2903/2308 1825/2707/2198
f 1823/2718/2196 1891/2904/2309 1890/2905/2310 1830/2719/2201
f 1831/2712/2203 1885/2906/2304 1889/2907/2307 1826/2713/2197
f 1825/2722/2198 1888/2908/2308 1892/2909/2311 1828/2723/2199
f 1824/2704/2195 1893/2910/2312 1891/2911/2309 1823/2705/2196
f 1827/2724/2200 1894/2912/2313 1893/2913/2312 1824/2725/2195
f 1828/2708/2199 1892/2914/2311 1894/2915/2313 1827/2709/2200
f 1830/2710/2201 1890/2916/2310 1887/2917/2305 1829/2711/2202
f 1521/2083/1799 1517/2918/2314 1669/2919/2315 1585/2084/1800
f 3539/2920/2316 3538/2493/2105 1529/2494/2106 1530/2921/2317
f 3543/2922/2318 3539/2920/2316 1530/2921/2317 1526/2923/2319
f 1453/2924/2320 3543/2922/2318 1526/2923/2319
f 3542/2925/2321 3536/2926/2322 1433/2927/2323 1439/2928/2324
f 3535/2929/2325 3234/2930/2326 1432/2931/2327
f 3536/2926/2322 3535/2929/2325 1432/2931/2327 1433/2927/2323
f 3540/2932/2328 3542/2925/2321 1439/2928/2324 1442/2933/2329
f 3534/2934/2330 3540/2932/2328 1442/2933/2329 1405/2935/2331
f 3541/2936/1958 3525/2937/2332 3244/2938/2333 1533/2939/1959
f 1517/2918/2314 2590/2940/2334 1670/2941/2335 1669/2919/2315
f 3193/2313/1990 3194/2942/2336 3195/2943/2337
f 3623/2944/2338 3624/2945/2339 2438/2946/2340 1618/2947/2341
f 1610/2948/2342 3562/2949/2343 1634/2950/2344
f 1896/2951/2345 1897/2952/2346 1902/2953/2347 1901/2954/2348
f 1901/2954/2348 1902/2953/2347 1677/2955/1971 1676/2956/1970
f 1673/2295/1972 1677/2294/1971 1674/2957/2349
f 1677/2955/1971 1902/2953/2347 1675/2958/2350 1674/2959/2349
f 1837/2960/2351 1904/2961/2352 1903/2962/2353 1660/2963/2354
f 1660/2963/2354 1903/2962/2353 1676/2293/1970 1659/2296/1973
f 1903/2964/2353 1905/2965/2355 1901/2954/2348 1676/2956/1970
f 1904/2966/2352 1905/2965/2355 1903/2964/2353
f 1905/2965/2355 1906/2967/2356 1896/2951/2345 1901/2954/2348
f 1904/2966/2352 1907/2968/1829 1906/2967/2356 1905/2965/2355
f 3771/2152/1861 3623/2969/2357 1618/2970/2358 3744/2155/1864
f 1906/2971/2356 1908/2972/2359 1895/2973/2360 1896/2974/2345
f 1907/2975/1829 1909/2976/1831 1908/2972/2359 1906/2971/2356
f 1608/2977/2361 1654/2246/1939 1649/2222/1926 1605/2221/1910
f 2434/2978/2362 1612/2192/1901 2177/2138/1848 2459/2137/1847
f 3759/2979/2363 3749/2980/1825 1600/2981/1828 1597/2982/2364
f 1668/2983/2365 1690/2984/2366 1684/2862/1979 1664/2861/1953
f 3872/2985/2367 3910/2986/2368 3911/2987/2369
f 1690/2988/2366 3835/2989/2370 3837/2303/1980 1684/2302/1979
f 1668/2990/2365 1664/2991/1953 1665/2992/1956 3860/2993/2371
f 1675/2958/2350 1902/2953/2347 1897/2952/2346
f 1665/2288/1956 1666/2285/1955 3849/2284/1963 3863/2286/1964
f 1646/2994/1925 1647/2995/1924 1911/2996/2039 1910/2997/2372
f 3158/2998/2373 3173/2999/2374 3174/3000/2375 3159/3001/2376
f 1912/3002/2377 1915/3003/2378 3582/3004/2379 3576/3005/2380
f 1910/3006/2372 1911/3007/2039 3718/3008/2381 3722/3009/2382
f 1717/3010/2009 1910/3011/2372 3722/3012/2382 3721/3013/2383
f 1899/3014/2384 1912/3015/2377 3576/3016/2380 3583/3017/2385
f 1718/3018/2008 1646/3019/1925 1910/3011/2372 1717/3010/2009
f 1645/3020/1922 1646/3021/1925 1718/3022/2008
f 3786/2763/2230 3792/2762/2229 3809/3023/2386 3819/3024/2387
f 3800/3025/2388 3811/3026/2389 3814/3027/2390 3801/3028/2391
f 3796/3029/2392 3818/3030/2393 3819/3031/2387 3803/3032/2394
f 3796/3029/2392 3804/3033/2395 3816/3034/2396 3818/3030/2393
f 3444/1794/1581 3473/1812/1599 3467/3035/2397 3454/1795/1582
f 3840/3036/2398 3966/3037/2399 1686/3038/2400 1687/3039/2401
f 1920/3040/2402 1923/3041/2403 1922/3042/2404 1921/3043/2405
f 1921/3043/2405 1922/3042/2404 1925/3044/2406 1924/3045/2407
f 1916/3046/2408 1923/3041/2403 1920/3040/2402
f 1917/3047/2409 1926/3048/2410 3693/3049/2411 3680/3050/2412
f 1919/3051/2413 1926/3048/2410 1917/3047/2409
f 1927/3052/2414 1930/3053/2415 1929/3054/2416 1928/3055/2417
f 1931/3056/2418 1932/3057/2419 1930/3053/2415 1927/3052/2414
f 1875/3058/2274 1934/3059/2420 1228/3060/1115 1933/3061/2421
f 1877/3062/2275 1936/3063/2422 1935/3064/2423 1883/3065/2301
f 1937/3066/2424 1938/3067/2425 3695/3068/2426 3694/3069/2427
f 1875/3070/2274 1933/3071/2421 1936/3063/2422 1877/3062/2275
f 1939/3072/2428 1230/3073/1116 1228/3060/1115 1934/3059/2420
f 1924/3074/2407 1939/3075/2428 1934/3076/2420 1940/3077/2429
f 1847/3078/2273 1848/3079/2430 1940/3077/2429
f 1693/3080/2431 3660/3081/2432 3664/2873/2296 1710/2353/2020
f 1869/2806/2262 1870/2809/2265 1868/2803/2260 1866/2802/2259
f 1870/3082/2265 1846/3083/2433 3880/3084/2434 1868/2830/2260
f 3886/3085/2435 3806/3086/2436 3830/3087/2437 1688/3088/2283
f 1941/3089/2438 1942/3090/2439 1929/3091/2416
f 1923/3092/2403 1931/3093/2418 1927/3094/2414 1922/3095/2404
f 1926/3096/2410 1937/3097/2424 3694/3098/2427 3693/3099/2411
f 3884/3100/2440 3882/3101/2441 3869/3102/2081 3870/3103/2082
f 1922/3095/2404 1927/3094/2414 1928/3104/2417 1925/3105/2406
f 1945/3106/2442 1948/3107/2443 1947/3108/2444 1946/3109/2445
f 1891/2904/2309 1950/3110/2446 1949/3111/2447 1890/2905/2310
f 1889/2902/2307 1952/3112/2448 1951/3113/2449 1888/3114/2308
f 1883/2887/2301 1954/3115/2450 1953/3116/2451 1882/2888/2302
f 1881/3117/2300 1955/3118/2452 1884/3119/2303
f 1880/2880/2299 1957/3120/2453 1956/3121/2454 1879/2881/2297
f 1890/2916/2310 1949/3122/2447 1887/2917/2305
f 1885/3123/2304 1958/3124/2455 1952/3125/2448 1889/3126/2307
f 1888/2908/2308 1951/3127/2449 1959/3128/2456 1892/2909/2311
f 1884/3119/2303 1955/3118/2452 1958/3129/2455 1885/3130/2304
f 1935/3064/2423 1960/3131/2457 1954/3132/2450 1883/3065/2301
f 1892/2914/2311 1959/3133/2456 1961/3134/2458 1894/2915/2313
f 1893/2910/2312 1962/3135/2459 1950/3136/2446 1891/2911/2309
f 1894/2912/2313 1961/3137/2458 1962/3138/2459 1893/2913/2312
f 1882/3139/2302 1953/3140/2451 1957/3141/2453 1880/3142/2299
f 1879/2876/2297 1956/3143/2454 1963/3144/2460 1878/2877/2298
f 1887/2900/2305 1949/3145/2447 1964/3146/2461 1886/2901/2306
f 1958/3147/2455 1965/3148/2462 1952/3149/2448
f 1947/3150/2444 1967/3151/2463 1966/3152/2464
f 1953/3153/2451 1969/3154/2465 1968/3155/2466 1957/3156/2453
f 1932/3157/2419 1971/3158/2467 1970/3159/2468 1930/3160/2415
f 1963/3161/2460 1966/3162/2464 1967/3163/2463 1955/3164/2452
f 1960/3131/2457 1945/3106/2442 1946/3109/2445 1954/3132/2450
f 1951/3165/2449 1974/3166/2469 1973/3167/2470 1959/3168/2456
f 1954/3115/2450 1946/3169/2445 1969/3170/2465 1953/3116/2451
f 1959/3168/2456 1973/3167/2470 1961/3171/2458
f 1938/3172/2425 1975/3173/2471 1971/3158/2467 3695/3174/2426
f 1961/3171/2458 1973/3167/2470 1976/3175/2472 1962/3176/2459
f 1955/3177/2452 1967/3178/2463 1965/3148/2462 1958/3147/2455
f 1949/3145/2447 1972/3179/2473 1977/3180/2474 1964/3146/2461
f 1962/3135/2459 1976/3181/2472 1950/3136/2446
f 1952/3149/2448 1965/3148/2462 1974/3166/2469 1951/3165/2449
f 1950/3110/2446 1976/3182/2472 1972/3183/2473 1949/3111/2447
f 1946/3169/2445 1947/3150/2444 1966/3152/2464 1969/3170/2465
f 1878/2877/2298 1963/3144/2460 1955/3184/2452 1881/3185/2300
f 1969/3154/2465 1966/3186/2464 1968/3155/2466
f 1957/3120/2453 1968/3187/2466 1956/3121/2454
f 1956/3188/2454 1968/3189/2466 1966/3190/2464 1963/3191/2460
f 1930/3160/2415 1970/3159/2468 1941/3089/2438 1929/3091/2416
f 1970/3192/2468 1978/3193/2475 1943/3194/2476 1941/3195/2438
f 1971/3196/2467 1979/3197/2477 1978/3193/2475 1970/3192/2468
f 1975/3173/2471 1980/3198/2478 1979/3199/2477 1971/3158/2467
f 1928/3200/2417 1982/3201/2479 1981/3202/2480 1925/3203/2406
f 1929/3204/2416 1942/3205/2439 1982/3206/2479 1928/3207/2417
f 1924/3208/2407 1925/3209/2406 1939/3210/2428
f 1230/3211/1116 1939/3210/2428 1925/3209/2406
f 1921/3212/2405 1924/3213/2407 3822/3214/2481 3857/3215/2482
f 1983/3216/2483 1984/3217/2484 1860/2783/2243 1857/2782/2242
f 1985/3218/2485 1984/3217/2484 1983/3216/2483
f 1985/3219/2485 1987/3220/2486 1986/3221/2487 1984/3222/2484
f 1984/3222/2484 1986/3221/2487 1988/3223/2488 1860/3224/2243
f 1860/3224/2243 1988/3223/2488 1989/3225/2489 1859/3226/2244
f 1987/3220/2486 1991/3227/2490 1990/3228/2491 1986/3221/2487
f 1986/3221/2487 1990/3228/2491 1992/3229/2492 1988/3223/2488
f 1988/3223/2488 1992/3229/2492 1993/3230/2493 1989/3225/2489
f 1993/3231/2493 1995/3232/2494 1994/3233/2495 1989/3234/2489
f 1989/3234/2489 1994/3233/2495 1858/2785/2245 1859/2784/2244
f 1996/3235/2496 3989/3236/2497 3994/3237/2498 1997/3238/2499
f 1995/3239/2494 2001/3240/2500 2000/3241/2501 1994/3242/2495
f 1994/3242/2495 2000/3241/2501 2002/3243/2502 1858/3244/2245
f 2017/3245/2503 2004/3246/2504 2018/3247/2504 2006/3248/2505
f 2001/3240/2500 2008/3249/2506 2007/3250/2507 2000/3241/2501
f 2000/3241/2501 2007/3250/2507 2009/3251/2508 2002/3243/2502
f 2010/3252/2509 1997/3238/2499 3994/3237/2498 3992/3253/2510
f 2002/3254/2502 2009/3255/2508 2012/3256/2511 2011/3257/2512
f 1858/3258/2245 2002/3254/2502 2011/3257/2512
f 1698/3259/2000 1985/3260/2485 1983/3261/2483 1707/3262/2011
f 1707/3262/2011 1983/3261/2483 1857/3263/2242 1713/3264/2024
f 1857/3265/2242 1858/3266/2245 2013/3267/2513
f 2015/3268/2514 2013/3269/2513 3968/3270/2515
f 2026/3271/2516 2023/3272/2517 2063/3273/2518 2006/3274/2519
f 2019/3275/2520 2021/3276/2521 2020/3277/2522 2005/3278/2523
f 2062/3279/2524 2026/3271/2516 2006/3274/2519 2018/3280/2525
f 2021/3276/2521 2025/3281/2526 2024/3282/2527 2020/3277/2522
f 2418/3283/2528 3715/3284/2529 3712/3285/1849 2419/3286/1855
f 2024/3282/2527 2025/3281/2526 2029/3287/2530
f 2031/3288/2531 2025/3289/2526 2021/3290/2521
f 2011/3291/2512 2012/3292/2511 2034/3293/2532 2033/3294/2533
f 2010/3252/2509 2013/3295/2513 4019/3296/2534
f 4001/3297/2535 2037/3298/2536 2036/3299/2537 4004/3300/2538
f 2037/3301/2536 2039/3302/2539 2038/3303/2540 2036/3304/2537
f 2039/3305/2539 2041/3306/2541 2040/3307/2542 2038/3308/2540
f 2042/3309/2543 2045/3310/2544 3971/3311/2545 3970/3312/2546
f 2046/3313/2547 2042/3309/2543 3970/3312/2546 3972/3314/2548
f 2048/3315/2549 4003/3316/2550 4006/3317/2551 3969/3318/2552
f 2014/3319/2553 1999/3320/2554 2005/3278/2523 2003/2382/2037
f 2033/3321/2533 2048/3315/2549 3969/3318/2552 3967/3322/2555
f 2034/3323/2532 2049/3324/2556 2048/3315/2549 2033/3321/2533
f 2049/3324/2556 4005/3325/2557 4003/3316/2550 2048/3315/2549
f 2050/3326/2558 2042/3309/2543 2046/3313/2547
f 2043/3327/2559 2044/3328/2560 4028/3329/2561 4026/3330/2562
f 2047/3331/2563 2043/3327/2559 4026/3330/2562 4027/3332/2564
f 3999/3333/2565 4021/3334/2566 4023/3335/2567 4013/3336/2568
f 1996/3235/2496 4012/3337/2569 4007/3338/2570 3989/3236/2497
s 0
f 3997/3339/2571 3996/3340/2571 3993/3341/2572 3990/3342/2571
s 1
f 3986/3343/2573 2054/3344/2574 2053/3345/2575
f 2054/3346/2574 2040/3347/2542 2041/3348/2541 2055/3349/2576
f 2056/3350/2577 2057/3351/2578 2025/3289/2526 2031/3288/2531
f 2015/3352/2514 2032/3353/2579 4018/3354/2580 4019/3296/2534
f 2054/3344/2574 2055/3355/2576 2053/3345/2575
f 2058/3356/2581 2053/3357/2575 2055/3358/2576 2059/3359/2582
f 2035/3360/2583 4020/3361/2584 4018/3354/2580 2032/3353/2579
f 1998/3362/2585 1716/3363/2028 3985/3364/2586 3988/3365/2587
f 1857/3263/2242 2013/3366/2513 3991/3367/2588
f 1998/3368/2585 1999/3320/2554 2014/3319/2553
f 2019/3275/2520 2005/3278/2523 1999/3320/2554
f 1850/2766/2232 1851/2765/2231 1864/2797/2254
f 1716/2363/2028 1998/3369/2585 2014/3370/2553 1648/2364/1923
f 2030/3371/2589 4008/3372/2590 4011/3373/2591 3987/3374/2592
f 2003/3375/2593 2005/3376/2593 2062/3377/2593 2060/3378/2593
f 2022/3379/2594 2017/3245/2503 2006/3248/2505 2016/3380/2594
f 2004/3246/2504 2003/3381/2595 2060/3382/2595 2018/3247/2504
f 2454/3383/2596 3726/3384/2597 3724/3385/1857 2455/3386/2598
f 2024/3387/2599 2061/3388/2600 2063/3389/2600 2023/3390/2599
f 2020/3391/2601 2024/3392/2602 2023/3393/2602 2026/3394/2603
f 3718/3395/2381 1911/3396/2039 2004/3397/2038 2017/3398/2604
f 2003/2382/2037 1647/2381/1924 1648/3399/1923 2014/3319/2553
f 2066/3400/2605 2068/3401/2606 2067/3402/2607 2057/3403/2578
f 2060/3404/2608 2062/3279/2524 2018/3280/2525
f 2006/3405/2519 2063/3406/2518 2016/3407/2609
f 1975/3408/2471 2070/3409/2610 2069/3410/2611 1980/3411/2478
f 1938/3412/2425 2071/3413/2612 2070/3409/2610 1975/3408/2471
f 2072/3414/2613 2073/3415/2614 2028/3416/2615 2064/3417/2616
f 2074/3418/2617 2073/3419/2614 2070/3420/2610 2071/3421/2612
f 2075/3422/2618 2076/3423/2619 2064/3424/2616 2065/3425/2620
f 2077/3426/2621 2076/3423/2619 2075/3422/2618 2029/3427/2530
f 2022/3428/2622 3584/3429/2623 1914/3430/2624 3582/3431/2379
f 2025/3289/2526 2057/3351/2578 2067/3432/2607 2029/3427/2530
f 2075/3433/2618 2024/3282/2527 2029/3287/2530
f 2067/3432/2607 2077/3426/2621 2029/3427/2530
f 2024/3282/2527 2075/3433/2618 2065/3434/2620 2061/3435/2625
f 2005/3436/2626 2020/3391/2601 2026/3394/2603 2062/3437/2626
f 2076/3438/2619 2078/3439/2627 2072/3414/2613 2064/3417/2616
f 2077/3440/2621 2079/3441/2628 2078/3439/2627 2076/3438/2619
f 2067/3402/2607 2068/3401/2606 2079/3441/2628 2077/3440/2621
f 2027/3442/2629 2028/3416/2615 2073/3415/2614 2074/3443/2617
f 2069/3444/2611 2070/3420/2610 2073/3419/2614 2072/3445/2613
f 2058/3446/2581 2081/3447/2630 2066/3448/2605 2080/3449/2631
f 2080/3450/2631 2066/3400/2605 2057/3403/2578 2056/3451/2577
f 2052/3452/2632 2080/3450/2631 2056/3451/2577 2051/3453/2633
f 2053/3454/2575 2058/3446/2581 2080/3449/2631 2052/3455/2632
f 2081/3456/2630 2058/3356/2581 2059/3359/2582 2082/3457/2634
f 2031/3288/2531 2021/3290/2521 2051/3458/2633
f 2079/3459/2628 2084/3460/2635 2083/3461/2636 2078/3462/2627
f 2066/3448/2605 2081/3447/2630 2085/3463/2637 2068/3464/2606
f 2078/3462/2627 2083/3461/2636 2069/3444/2611 2072/3445/2613
f 2068/3464/2606 2085/3463/2637 2084/3465/2635 2079/3466/2628
f 2084/3460/2635 2087/3467/2638 2086/3468/2639 2083/3461/2636
f 2087/3467/2638 2089/3469/2640 2088/3470/2641 2086/3468/2639
f 2083/3471/2636 1980/3411/2478 2069/3410/2611
f 2086/3472/2639 1979/3199/2477 1980/3198/2478 2083/3473/2636
f 2086/3474/2639 2088/3475/2641 1978/3193/2475 1979/3197/2477
f 1943/3194/2476 1978/3193/2475 2088/3475/2641
f 1945/3476/2442 2091/3477/2642 2090/3478/2643 1948/3479/2443
f 1933/3480/2421 2093/3481/2644 2092/3482/2645 1936/3483/2422
f 1936/3483/2422 2092/3482/2645 2094/3484/2646 1935/3485/2423
f 1935/3485/2423 2094/3484/2646 2095/3486/2647 1960/3487/2457
f 1960/3487/2457 2095/3486/2647 2091/3477/2642 1945/3476/2442
f 2094/3488/2646 2097/3489/2648 2096/3490/2649 2095/3491/2647
f 2092/3492/2645 2098/3493/2650 2097/3489/2648 2094/3488/2646
f 2091/3494/2642 2096/3490/2649 2099/3495/2651 2090/3496/2643
f 2093/3497/2644 2100/3498/2652 2098/3493/2650 2092/3492/2645
f 2095/3491/2647 2096/3490/2649 2091/3494/2642
f 2097/3499/2648 2102/3500/2653 2101/3501/2654 2096/3502/2649
f 2098/3503/2650 2103/3504/2655 2102/3500/2653 2097/3499/2648
f 2096/3502/2649 2101/3501/2654 2104/3505/2656 2099/3506/2651
f 2100/3507/2652 2105/3508/2657 2103/3504/2655 2098/3503/2650
f 2089/3509/2640 2108/3510/2658 2107/3511/2659 2106/3512/2660
f 2102/3513/2653 2110/3514/2661 2109/3515/2662 2101/3516/2654
f 2103/3517/2655 2111/3518/2663 2110/3514/2661 2102/3513/2653
f 2101/3516/2654 2109/3515/2662 2112/3519/2664 2104/3520/2656
f 2105/3521/2657 2113/3522/2665 2111/3518/2663 2103/3517/2655
f 2093/3497/2644 1229/3523/1117 1944/3524/2666 2100/3498/2652
f 2100/3507/2652 1944/3525/2666 2106/3526/2660 2105/3508/2657
f 2105/3527/2657 2106/3512/2660 2107/3511/2659 2113/3528/2665
f 1933/3480/2421 1228/3529/1115 1229/3530/1117 2093/3481/2644
f 1981/3531/2480 1229/3532/1117 1230/3211/1116
f 1982/3201/2479 1944/3533/2666 1229/3534/1117 1981/3202/2480
f 1942/3535/2439 1944/3536/2666 1982/3537/2479
f 1944/3536/2666 1943/3538/2476 2088/3539/2641 2106/3512/2660
f 1942/3535/2439 1941/3540/2438 1943/3538/2476 1944/3536/2666
f 2089/3509/2640 2106/3512/2660 2088/3539/2641
f 2108/3541/2658 2115/3542/2667 2114/3543/2668
f 2107/3544/2659 2116/3545/2669 2111/3546/2663 2113/3547/2665
f 2108/3548/2658 2114/3549/2668 2116/3550/2669 2107/3551/2659
f 2081/3456/2630 2082/3457/2634 2117/3552/2670 2085/3553/2637
f 2084/3554/2635 2117/3552/2670 2118/3555/2671 2087/3556/2638
f 2085/3553/2637 2117/3552/2670 2084/3554/2635
f 2059/3557/2582 2055/3558/2576 2115/3559/2667
f 2115/3542/2667 2120/3560/2672 2119/3561/2673 2114/3543/2668
f 2120/3560/2672 2122/3562/2674 2121/3563/2675 2119/3561/2673
f 2122/3562/2674 2124/3564/2676 2123/3565/2677 2121/3563/2675
f 2044/3566/2560 3971/3567/2545 2122/3568/2674
f 2120/3569/2672 4028/3329/2561 2044/3328/2560 2122/3570/2674
f 2082/3571/2634 2059/3557/2582 2115/3559/2667 2108/3572/2658
f 2108/3573/2658 2118/3574/2671 2117/3575/2670
f 2117/3576/2670 2082/3571/2634 2108/3572/2658
f 2121/3577/2675 2125/3578/2678 2119/3579/2673
f 2116/3580/2669 2127/3581/2679 2126/3582/2680 2111/3583/2663
f 2123/3584/2677 2128/3585/2681 2125/3578/2678 2121/3577/2675
f 2111/3583/2663 2126/3582/2680 2110/3586/2661
f 2114/3587/2668 2127/3581/2679 2116/3580/2669
f 2119/3579/2673 2125/3578/2678 2127/3581/2679 2114/3587/2668
f 2109/3588/2662 2130/3589/2682 2129/3590/2683 2112/3591/2664
f 2110/3586/2661 2126/3582/2680 2130/3589/2682 2109/3588/2662
f 1918/3592/2684 2183/3593/2684 2182/3594/2684 2074/3595/2684
f 2186/3596/2685 2185/3597/2686 1633/3598/1527 3689/3599/1526
f 1938/3067/2425 1937/3066/2424 2071/3600/2612
f 3555/3601/2687 3643/3602/2688 3642/3603/2689 3572/3604/2690
f 1926/3096/2410 2179/3605/2691 2180/3606/2692 1937/3097/2424
f 1221/2267/1106 1218/3607/1103 1233/3608/2693 1234/2268/1952
f 1218/3607/1103 1215/3609/1100 1223/3610/2694 1233/3608/2693
f 1133/1140/1138 2583/3611/2695 2991/3612/1387 2988/3613/1390
f 1233/3614/2693 1223/3615/2694 3951/3616/2696 3953/3617/2697
f 1416/3618/2698 1413/3619/1497 1417/3620/1498 3262/3621/2699
f 1409/3622/1490 1411/3623/1493 3544/3624/2700 1421/3625/1501
f 3544/3624/2700 3257/3626/2701 1420/3627/1502 1421/3625/1501
f 3249/3628/2702 1226/3629/2703 1227/3630/1156 3950/3631/2064
f 3311/3632/2704 3255/3633/2705 3257/3634/2701 3544/3635/2700
f 1566/3636/1772 1560/2071/1764 3281/3637/1766
f 3280/3638/2706 3403/3639/2707 3408/3640/2708 3366/3641/2709
f 1049/3642/844 1084/3643/882 1086/1558/884 1048/1557/845
f 1052/3644/848 1082/3645/880 1084/3643/882 1049/3642/844
f 1055/807/851 1081/806/878 1082/3645/880 1052/3644/848
f 1512/1927/1702 1231/1115/1118 3251/3646/2710
f 2296/1919/1696 1511/1918/1695 1509/1915/1692 2326/1914/1691
f 3215/1747/1535 2281/1746/1534 2283/3647/1537 3217/3648/1536
f 2291/2024/1739 1558/2023/1763 1557/3649/1773 1543/3650/2711
f 1511/3651/1695 1382/1575/1429 1381/1574/1428 1377/3652/1424
f 1523/3653/1805 1590/3654/1806 2589/3655/2712
f 1511/3651/1695 1377/3652/1424 1378/3656/1426 1509/3657/1692
f 912/3658/2713 2633/3659/2714 2651/3660/2715
f 2135/3661/2716 2652/3662/2717 3963/3663/2718
f 2643/3664/2719 2611/3665/2720 2606/3666/2721
f 1261/3667/1186 1278/3668/1198 2727/3669/2722 2726/3670/2723
f 1265/3671/1185 1274/3672/1196 1278/3673/1198 1261/3674/1186
f 1238/1151/1075 2949/3675/1074 2948/1582/1433 1385/1581/1432
f 2136/3676/2724 1252/1157/1153 1420/3677/1502
f 2134/3678/2725 2136/3676/2724 1420/3677/1502
f 2134/3679/2725 1247/3680/1142 1244/3681/1141 2137/3682/2726
f 1252/1157/1153 2136/3676/2724 1387/3683/1434 1251/1158/1154
f 1252/1157/1153 1240/1156/1152 1419/3684/1503 1420/3677/1502
f 3260/3685/2727 3949/3686/2728 3252/3687/2729 3251/3646/2710
f 1249/1152/1148 1238/1151/1075 1385/1581/1432 1386/1584/1435
f 2137/3688/2726 1387/3683/1434 2136/3676/2724 2134/3678/2725
f 1244/1160/1141 1236/1119/1122 3259/1121/1124
f 1250/3689/1151 2137/3690/2726 1244/3691/1141
f 1194/3692/2730 1210/3693/1499 1212/3694/1098 1193/3695/2731
f 1197/3696/2732 3250/3697/2733 1196/3698/2734
f 1224/3699/1110 1211/3700/1109 1195/3701/2735
f 1192/3702/2736 1213/3703/1099 1191/3704/1090
f 1211/3705/1109 1210/3693/1499 1194/3692/2730
f 1193/3695/2731 1212/3694/1098 1213/3703/1099 1192/3702/2736
f 1232/1118/1121 3260/3685/2727 3251/3646/2710 1231/1115/1118
f 1226/3629/2703 3249/3628/2702 3250/3697/2733 1197/3696/2732
f 1311/3706/1230 2140/3707/2737 2139/3708/2738 2138/3709/2739
f 1298/3710/1217 2142/3711/2740 2141/3712/2741 1299/3713/1218
f 2143/3714/2742 2139/3708/2738 2144/3715/2743 1297/3716/1215
f 1312/3717/2744 2145/3718/2745 2140/3707/2737 1311/3706/1230
f 1299/3713/1218 2141/3712/2741 2146/3719/2746 1254/3720/1161
f 1296/3721/1216 2142/3711/2740 1298/3710/1217
f 1253/3722/1160 2146/3719/2746 1203/3723/1084 1201/3724/1082
f 1253/3722/1160 1254/3720/1161 2146/3719/2746
f 2144/3715/2743 2142/3711/2740 1296/3721/1216 1297/3716/1215
f 1093/3725/893 1062/761/859 992/760/768 1388/3726/2747
f 1093/820/893 2148/3727/2748 2147/3728/2749 1092/821/894
f 1388/3729/2747 2149/3730/2750 2148/3731/2748 1093/3732/893
f 1267/1198/1181 1281/3733/1199 1266/1199/1180
f 1278/3668/1198 1279/3734/1197 2725/3735/2751 2727/3669/2722
f 2532/3736/2752 2543/3737/2753 2149/3738/2750 1388/3739/2747
f 1092/1253/894 2147/3740/2749 1297/1254/1215
f 3523/3741/2754 3521/3742/2755 2151/3743/2756 1270/3744/2757
f 1269/1201/1182 1282/1232/1201 3702/1202/1183
f 1280/1230/1200 1294/1248/1213 1292/1251/1211 1277/1231/1195
f 2152/3745/2758 1316/3746/1234 1290/3747/1210 1291/3748/1209
f 2543/3737/2753 2533/3749/2759 2153/3750/2760 2149/3738/2750
f 2149/3730/2750 2153/3751/2760 2155/3752/2761 2148/3731/2748
f 1279/3734/1197 1290/3753/1210 2725/3735/2751
f 1276/1215/1192 1286/1236/1205 1287/1239/1208 1275/1216/1193
f 3521/3742/2755 3520/3754/2762 2154/3755/2763 2151/3743/2756
f 2157/3756/2764 2158/3757/2765 2138/3758/2739 2143/3759/2742
f 2148/3727/2748 2155/3760/2761 2157/3761/2764 2147/3728/2749
f 1275/1225/1193 1287/1240/1208 1290/1243/1210 1279/1226/1197
f 1277/1221/1195 1292/1244/1211 1286/1247/1205 1276/1222/1192
f 2155/3760/2761 2159/3762/2766 2158/3763/2765 2157/3761/2764
f 2153/3751/2760 2160/3764/2767 2159/3765/2766 2155/3752/2761
f 2143/3759/2742 1297/1254/1215 2147/3740/2749 2157/3756/2764
f 3520/3754/2762 3522/3766/2768 2161/3767/2769 2154/3755/2763
f 1285/1233/1202 2152/3768/2758 2163/3769/2770 1284/1234/1203
f 2533/3749/2759 2522/3770/2771 2160/3771/2767 2153/3750/2760
f 1316/1284/1234 2152/3772/2758 1285/1285/1202
f 2522/3770/2771 2540/3773/2772 1320/3774/1236 2160/3771/2767
f 2159/3762/2766 1317/3775/1235 1314/3776/1231 2158/3763/2765
f 1289/1237/1206 1301/1291/1222 1321/1294/1240 1288/1238/1207
f 3522/3777/2768 1324/3778/2773 2161/3779/2769
f 2152/3768/2758 1306/1276/1227 1309/1279/1229 2163/3769/2770
f 2158/3757/2765 1314/1281/1231 1311/1280/1230 2138/3758/2739
f 1291/3780/1209 1305/3781/1224 1306/3782/1227 2152/3783/2758
f 2139/3708/2738 2143/3714/2742 2138/3709/2739
f 2160/3764/2767 1320/1288/1236 1317/1287/1235 2159/3765/2766
f 1288/1241/1207 1321/1295/1240 1305/1298/1224 1291/1242/1209
f 1293/1245/1212 1300/1265/1219 1301/1268/1222 1289/1246/1206
f 1295/1249/1214 1300/1271/1219 1293/1250/1212
f 1262/1300/1174 1315/1283/1233 1282/1286/1201 1269/1301/1182
f 1273/1228/1190 1264/1197/1175 1266/1196/1180 1281/1229/1199
f 1736/2412/2059 1737/2411/2058 1738/3784/2068 1663/2266/1951
f 2176/3785/1832 3716/3786/2774 3719/3787/2775 1900/3788/1833
f 1474/3789/2776 3446/1810/1597 3444/1794/1581 1470/1793/1580
f 1314/3776/1231 1317/3775/1235 1318/3790/1238 1313/3791/1232
f 3642/3792/2689 3643/3793/2688 3573/3794/2777 3563/3795/2778
f 1862/2795/2252 1865/2801/2258 1850/2766/2232 1864/2797/2254
f 1840/2736/2211 3636/2781/2241 3631/2789/2248 2165/2788/2225
f 1839/3796/2212 1840/3797/2211 2165/2758/2225 2166/2757/2215
f 1839/2740/2212 2166/2746/2215 3973/2748/2217 3976/2741/2213
f 1865/2894/2258 1881/2895/2300 1884/2897/2303 1850/2896/2232
f 1755/2509/2121 1753/2632/2174 2173/3798/2779 1795/2612/2165
f 3873/3799/2780 1675/3800/2350 1897/3801/2346 3595/3802/2781
f 1795/2612/2165 2173/3798/2779 2171/3803/2782
f 1904/3804/2352 1837/3805/2351 1841/2744/2214
f 1907/2119/1829 1904/3804/2352 1841/2744/2214 2167/2120/1830
f 2167/3806/1830 2171/3803/2782 2170/3807/2783 1909/3808/1831
f 1908/2500/2359 1571/2500/1776 3911/2500/2369
f 1570/2500/2112 3600/2500/1777 3606/2500/2784 2170/2500/2783
f 1580/2500/2785 3599/2500/2786 2272/2500/2787
f 1803/2626/2173 1795/2612/2165 2171/3803/2782 2167/3806/1830
f 2171/3803/2782 2173/3798/2779 2164/3809/2788
f 1909/2976/1831 2170/3810/2783 3606/3811/2784
f 2170/3807/2783 2171/3803/2782 2164/3809/2788
f 1580/2500/2785 2272/2500/2787 2271/2500/2789 1752/2500/2790
f 2172/2500/2791 2170/2500/2783 2164/2500/2788
f 2174/3812/2792 2164/3809/2788 2173/3798/2779 1753/2632/2174
f 2175/3813/2113 1749/3814/2086 2275/3815/2085 2274/3816/2793
f 2457/3817/2794 2458/3818/2795 2465/3819/2796 2466/3820/2797
f 2458/3818/2795 3612/2239/1933 3616/2238/1932 1599/3821/2798
f 3754/3822/2799 3779/3823/2800 3710/3824/2801 1588/3825/2799
f 1612/2227/1901 1650/2226/1928 2177/2229/1848
f 1918/3826/2802 2179/3827/2691 1926/3048/2410 1919/3051/2413
f 3794/3828/2803 3787/3829/2804 1919/3830/2413 3790/3831/2805
f 3579/3832/2806 3581/3833/2807 1913/3834/2808
f 2074/3835/2617 2071/3600/2612 1937/3066/2424 2180/3836/2692
f 1631/3837/2809 3798/3838/2810 3797/3839/2811 1629/3840/2812
f 3580/3841/2813 1631/3842/1890 1633/3598/1527
f 2182/3594/2814 2183/3593/2814 2184/3843/2814 2181/3844/2814
f 2180/3836/2692 3579/3845/2806 2027/3846/2629 2074/3835/2617
f 1898/3847/2815 1918/3848/2815 2074/3849/2815 2027/3850/2815
f 3206/3851/2816 3211/3852/2817 3556/3853/2818 3557/3854/2819
f 2185/3597/2686 2187/3855/2820 1633/3598/1527
f 2185/3597/2686 2186/3596/2685 1898/3856/2821 1918/3857/2821
f 1633/3598/1527 2187/3855/2820 3580/3841/2813
f 3788/3858/2822 3816/3859/2396 3813/3860/2823 3791/3861/2824
f 3168/3862/2016 2191/3863/2015 1541/3864/1733 3164/3865/1732
f 3555/3866/2687 3714/3867/2825 3711/3868/2826 3641/3869/2827
f 1540/3870/1729 3166/3871/2828 3154/3872/1736
f 2189/3873/2829 3720/3874/2830 3723/3875/2831 1899/3876/2384
f 3556/3877/2818 3639/3878/2832 3729/3879/2833 3731/3880/2834
f 2191/3863/2015 3192/3881/2023 3191/3882/1997 1541/3864/1733
f 3694/3069/2427 3695/3068/2426 1932/3057/2419 1931/3056/2418
f 1914/3883/2624 3584/3884/2623 2028/3885/2615 2027/3886/2629
f 1302/1267/1221 1303/1266/1220 2196/3887/2835 2195/3888/2836
f 2538/1617/1458 1325/1616/1457 2204/3889/2837 2548/3890/2838
f 1325/3891/2839 1326/3892/2840 2205/3893/2841 2204/3894/2842
f 1322/1293/1239 1302/1292/1221 2195/3895/2836 2203/3896/2843
f 1303/1270/1220 1304/1269/1223 2196/3897/2835
f 1307/3898/1226 1308/3899/1225 2199/3900/2844 2198/3901/2845
f 1313/3791/1232 1318/3790/1238 2206/3902/2846 2201/3903/2847
f 1308/1297/1225 1322/1296/1239 2203/3904/2843 2199/3905/2844
f 1310/1278/1228 1307/1277/1226 2198/3906/2845 2200/3907/2848
f 2198/3908/2845 2199/3909/2844 2211/3910/2849 2210/3911/2850
f 2201/3903/2847 2206/3902/2846 2219/3912/2851 2214/3913/2852
f 2199/3905/2844 2203/3904/2843 2216/3914/2853 2211/3915/2849
f 2200/3907/2848 2198/3906/2845 2210/3916/2850 2212/3917/2854
f 1312/3918/2744 2201/3919/2847 2214/3920/2852 2213/3921/2855
f 2251/3922/2856 2601/3923/2857 2600/3924/2858
f 2195/3888/2836 2196/3887/2835 2208/3925/2859 2207/3926/2860
f 2548/3890/2838 2204/3889/2837 2217/3927/2861 2551/3928/2862
f 2204/3894/2842 2205/3893/2841 2218/3929/2863 2217/3930/2864
f 2203/3896/2843 2195/3895/2836 2207/3931/2860 2216/3932/2853
f 2196/3897/2835 1304/1269/1223 2209/3933/2865 2208/3934/2859
f 2213/3921/2855 2214/3920/2852 2226/3935/2866
f 2601/3923/2857 2251/3922/2856 2225/3936/2867 2602/3937/2868
f 2207/3926/2860 2208/3925/2859 2221/3938/2869 2220/3939/2870
f 2551/3928/2862 2217/3927/2861 2229/3940/2871 2554/3941/2872
f 2217/3930/2864 2218/3929/2863 2230/3942/2873 2229/3943/2874
f 2216/3932/2853 2207/3931/2860 2220/3944/2870 2228/3945/2875
f 2208/3934/2859 2209/3933/2865 2221/3946/2869
f 2210/3947/2850 2211/3948/2849 2223/3949/2876 2222/3950/2877
f 2214/3913/2852 2219/3912/2851 2232/3951/2878 2226/3952/2866
f 2211/3915/2849 2216/3914/2853 2228/3953/2875 2223/3954/2876
f 2212/3917/2854 2210/3916/2850 2222/3955/2877 2224/3956/2879
f 2554/3941/2872 2229/3940/2871 2242/3957/2880 2557/3958/2881
f 2229/3943/2874 2230/3942/2873 2243/3959/2882 2242/3960/2883
f 2228/3945/2875 2220/3944/2870 2233/3961/2884
f 2221/3946/2869 2209/3933/2865 2235/3962/2885 2234/3963/2886
f 2222/3964/2877 2223/3965/2876 2237/3966/2887 2236/3967/2888
f 2226/3952/2866 2232/3951/2878 2245/3968/2889 2240/3969/2890
f 2223/3954/2876 2228/3953/2875 2233/3970/2884 2237/3971/2887
f 2224/3956/2879 2222/3955/2877 2236/3972/2888 2238/3973/2891
f 2145/3718/2745 2213/3974/2855 2239/3975/2892 2244/3976/2893
f 2213/3921/2855 2226/3935/2866 2240/3977/2890 2239/3978/2892
f 2602/3979/2868 2225/3980/2867 2256/3981/2894 2603/3982/2895
f 2220/3939/2870 2221/3938/2869 2234/3983/2886 2233/3984/2884
f 2236/3985/2888 2237/3986/2887 2246/3987/2896 2249/3988/2897
f 2240/3969/2890 2245/3968/2889 2257/3989/2898 2252/3990/2899
f 2237/3971/2887 2233/3970/2884 2246/3991/2896
f 2238/3973/2891 2236/3972/2888 2249/3992/2897 2250/3993/2900
f 2239/3978/2892 2240/3977/2890 2252/3994/2899
f 2256/3995/2894 2231/3996/2901 2604/3997/2902 2603/3998/2895
f 2233/3984/2884 2234/3983/2886 2247/3999/2903 2246/4000/2896
f 2557/3958/2881 2242/3957/2880 2254/4001/2904 2560/4002/2905
f 2242/3960/2883 2243/3959/2882 2255/4003/2906 2254/4004/2907
f 2234/3963/2886 2235/3962/2885 2247/4005/2903
f 2239/3978/2892 2252/3994/2899 2264/4006/2908 2263/4007/2909
f 2604/4008/2902 2231/4009/2901 2270/4010/2910 2605/4011/2911
f 2246/4012/2896 2247/4013/2903 2259/4014/2912 2258/4015/2913
f 2560/4002/2905 2254/4001/2904 2266/4016/2914 2563/4017/2915
f 2254/4004/2907 2255/4003/2906 2267/4018/2916 2266/4019/2916
f 1312/3717/2744 2213/3974/2855 2145/3718/2745
f 2247/4005/2903 2235/3962/2885 2260/4020/2917 2259/4021/2912
f 2249/4022/2897 2246/4012/2896 2258/4015/2913 2261/4023/2918
f 2252/3990/2899 2257/3989/2898 2269/4024/2919 2264/4025/2908
f 2250/3993/2900 2249/3992/2897 2261/4026/2918 2262/4027/2920
f 2244/3976/2893 2239/3975/2892 2263/4028/2909 2268/4029/2921
f 2231/4030/2901 2256/4031/2894 2238/4032/2891 2250/4033/2900
f 2256/4034/2894 2225/4035/2867 2224/4036/2879 2238/4037/2891
f 2225/4038/2867 2251/4039/2856 2618/4040/2922 2224/4041/2879
f 2202/4042/2923 2206/4043/2846 1318/1290/1238 1319/1289/1237
f 2206/4044/2846 2202/4045/2923 2215/4046/2924 2219/4047/2851
f 2227/4048/2925 2232/4049/2878 2219/4047/2851 2215/4046/2924
f 2241/4050/2926 2245/4051/2889 2232/4049/2878 2227/4048/2925
f 2245/4051/2889 2241/4050/2926 2253/4052/2927 2257/4053/2898
f 2265/4054/2928 2269/4055/2919 2257/4053/2898 2253/4052/2927
f 2270/4056/2910 2231/4030/2901 2250/4033/2900 2262/4057/2920
f 2061/3388/2600 2022/4058/2929 2016/4059/2929 2063/3389/2600
f 2271/2500/2789 2272/2500/2787 2172/2500/2791 2164/2500/2788
f 2272/2500/2787 2170/2500/2783 2172/2500/2791
f 2274/4060/2793 2275/2469/2085 1748/2468/2083 3899/4061/2930
f 2271/4062/2789 3903/4063/2931 1752/4064/2790
f 3904/4065/2932 3906/4066/2933 1751/4067/2934
f 2164/3809/2788 2174/3812/2792 3905/4068/2935
f 2273/4069/2114 2279/4070/2119 4122/4071/2936 4121/4072/2937
f 2279/4070/2119 2174/3812/2792 4122/4071/2936
f 2289/1977/1740 2291/1976/1739 1543/4073/2711 1504/4074/2938
f 3480/4075/2939 1538/4076/1756 3434/4077/1758 3483/4078/1718
f 3214/1751/1539 2280/1750/1538 1331/4079/2940 3213/4080/2941
f 3220/4081/2942 3222/1312/1248 1458/1311/1247 1332/4082/2943
f 3218/4083/2944 3221/4084/2945 1456/1756/1544 1455/1759/1547
f 2976/954/997 2977/953/996 1172/960/1001 1171/963/1004
f 3218/4083/2944 3223/4085/1245 2283/3647/1537 2281/1746/1534
f 3392/4086/2946 3485/4087/2947 3484/4088/1719
f 3227/4089/1550 2285/4090/1549 1459/1764/1552 3224/1763/1551
f 2287/4091/2948 2288/4092/2949 1474/4093/1640 1470/1782/1569
f 3376/4094/2950 1504/4095/2938 1499/4096/1584
f 3392/4086/2946 1435/4097/1516 3393/4098/1688 3394/4099/2951
f 2293/4100/2952 1469/4101/2953 2169/4102/1592 2168/4103/2954
f 3388/4104/2063 3266/4105/1680 3301/4106/2057
f 2284/1001/1038 2972/1000/1037 2973/1017/1048
f 2385/4107/2955 2296/4108/1696 2326/4109/1691 2394/4110/2956
f 1478/4111/2957 3460/4112/1598 3470/4113/2958
f 2284/1001/1038 2974/1016/1047 2971/4114/2959 2915/1002/1039
f 1441/4115/2960 2332/4116/2961 2295/4117/1028 1510/4118/1034
f 2332/4116/2961 2331/4119/2962 2290/4120/1029 2295/4117/1028
f 2396/4121/2963 2330/4122/1519 2296/4123/1696 2385/4124/2955
f 3145/4125/2964 3144/4126/2965 2329/4127/2966 1508/4128/2967
f 2324/994/1031 2325/993/1030 3141/4129/2968 3144/4126/2965
f 2394/4130/2956 2326/4131/1691 3140/4132/1694 3142/4133/2969
f 872/4134/2970 2372/4135/2971 2368/4136/2972 1406/4137/2973
f 2372/4135/2971 2373/4138/2974 2367/4139/2975 2368/4136/2972
f 2410/4140/2976 2374/4141/776 2366/4142/1523 2408/4143/2977
f 1406/4137/2973 2368/4136/2972 2383/4144/2978 1445/4145/2979
f 2368/4136/2972 2367/4139/2975 2382/4146/2980 2383/4144/2978
f 2408/4143/2977 2366/4142/1523 2381/4147/1522 2413/4148/2981
f 1445/4145/2979 2383/4144/2978 2356/4149/2982 1444/4150/2983
f 2383/4144/2978 2382/4146/2980 2355/4151/2984 2356/4149/2982
f 2413/4148/2981 2381/4147/1522 2354/4152/1521 2404/4153/2985
f 1444/4150/2983 2356/4149/2982 2350/4154/2986 1443/4155/2987
f 2356/4149/2982 2355/4151/2984 2349/4156/2988 2350/4154/2986
f 2404/4153/2985 2354/4152/1521 2348/4157/1520 2402/4158/2989
f 1443/4155/2987 2350/4154/2986 2299/4159/2990 1440/4160/2991
f 2350/4154/2986 2349/4156/2988 2298/4161/2992 2299/4159/2990
f 2402/4158/2989 2348/4157/1520 2297/4162/1518 2384/4163/2993
f 1440/4160/2991 2299/4159/2990 2332/4116/2961 1441/4115/2960
f 2299/4159/2990 2298/4161/2992 2331/4119/2962 2332/4116/2961
f 2384/4163/2993 2297/4162/1518 2330/4122/1519 2396/4121/2963
f 893/4164/2994 2375/4165/2995 2345/4166/2996 890/4167/2997
f 2375/4165/2995 2376/4168/2998 2346/4169/2999 2345/4166/2996
f 2411/4170/3000 2377/4171/764 2347/4172/771 2401/4173/3001
f 975/4174/3002 2351/4175/3003 2321/4176/3004 976/4177/3005
f 2351/4175/3003 2352/4178/3006 2322/4179/3007 2321/4176/3004
f 2403/4180/3008 2353/4181/779 2323/4182/777 2393/4183/3009
f 882/4184/3010 2309/4185/3011 2300/4186/3012 880/4187/3013
f 2309/4185/3011 2310/4188/3014 2301/4189/3015 2300/4186/3012
f 2389/4190/3016 2311/4191/760 2302/4192/769 2386/4193/3017
f 976/4177/3005 2321/4176/3004 2378/4194/3018 907/4195/3019
f 2321/4176/3004 2322/4179/3007 2379/4196/3020 2378/4194/3018
f 2393/4183/3009 2323/4182/777 2380/4197/765 2412/4198/3021
f 886/4199/3022 2339/4200/3023 2336/4201/3024 884/4202/3025
f 2339/4200/3023 2340/4203/3026 2337/4204/3027 2336/4201/3024
f 2399/4205/3028 2341/4206/752 2338/4207/757 2398/4208/3029
f 876/4209/3030 2306/4210/3031 2363/4211/3032 874/4212/3033
f 2306/4210/3031 2307/4213/3034 2364/4214/3035 2363/4211/3032
f 2388/4215/3036 2308/4216/748 2365/4217/753 2407/4218/3037
f 897/4219/3038 2342/4220/3039 2303/4221/3040 895/4222/3041
f 2342/4220/3039 2343/4223/3042 2304/4224/3043 2303/4221/3040
f 2400/4225/3044 2344/4226/774 2305/4227/761 2387/4228/3045
f 873/4229/3046 2312/4230/3047 2372/4135/2971 872/4134/2970
f 2312/4230/3047 2313/4231/3048 2373/4138/2974 2372/4135/2971
f 2390/4232/3049 2314/4233/756 2374/4141/776 2410/4140/2976
f 903/4234/3050 2315/4235/3051 2342/4220/3039 897/4219/3038
f 2315/4235/3051 2316/4236/3052 2343/4223/3042 2342/4220/3039
f 2391/4237/3053 2317/4238/744 2344/4226/774 2400/4225/3044
f 890/4167/2997 2345/4166/2996 2318/4239/3054 888/4240/3055
f 2345/4166/2996 2346/4169/2999 2319/4241/3056 2318/4239/3054
f 2401/4173/3001 2347/4172/771 2320/4242/749 2392/4243/3057
f 880/4187/3013 2300/4186/3012 2369/4244/3058 878/4245/3059
f 2300/4186/3012 2301/4189/3015 2370/4246/3060 2369/4244/3058
f 2386/4193/3017 2302/4192/769 2371/4247/745 2409/4248/3061
f 964/4249/3062 965/4250/3063 2360/1622/1463 2357/4251/3064
f 2357/4251/3064 2360/1622/1463 2361/1624/1465 2358/4252/3065
f 2405/4253/3066 2406/4254/3067 2362/4255/767 2359/4256/737
f 907/4195/3019 2378/4194/3018 2333/4257/3068 905/4258/3069
f 2378/4194/3018 2379/4196/3020 2334/4259/3070 2333/4257/3068
f 2412/4198/3021 2380/4197/765 2335/4260/741 2397/4261/3071
f 895/4222/3041 2303/4221/3040 2375/4165/2995 893/4164/2994
f 2303/4221/3040 2304/4224/3043 2376/4168/2998 2375/4165/2995
f 2387/4228/3045 2305/4227/761 2377/4171/764 2411/4170/3000
f 884/4202/3025 2336/4201/3024 2309/4185/3011 882/4184/3010
f 2336/4201/3024 2337/4204/3027 2310/4188/3014 2309/4185/3011
f 2398/4208/3029 2338/4207/757 2311/4191/760 2389/4190/3016
f 874/4212/3033 2363/4211/3032 2312/4230/3047 873/4229/3046
f 2363/4211/3032 2364/4214/3035 2313/4231/3048 2312/4230/3047
f 2407/4218/3037 2365/4217/753 2314/4233/756 2390/4232/3049
f 888/4240/3055 2318/4239/3054 2339/4200/3023 886/4199/3022
f 2318/4239/3054 2319/4241/3056 2340/4203/3026 2339/4200/3023
f 2392/4243/3057 2320/4242/749 2341/4206/752 2399/4205/3028
f 878/4245/3059 2369/4244/3058 2306/4210/3031 876/4209/3030
f 2369/4244/3058 2370/4246/3060 2307/4213/3034 2306/4210/3031
f 2409/4248/3061 2371/4247/745 2308/4216/748 2388/4215/3036
f 905/4258/3069 2333/4257/3068 2315/4235/3051 903/4234/3050
f 2333/4257/3068 2334/4259/3070 2316/4236/3052 2315/4235/3051
f 2397/4262/3071 2335/4260/741 2317/4238/744 2391/4237/3053
f 964/4249/3062 2357/4251/3064 1328/4263/3072 2657/4264/3073
f 2357/4251/3064 2358/4252/3065 2659/4265/3074 1328/4263/3072
f 2405/4253/3066 2359/4256/737 2656/4266/740 2654/4267/3075
f 2358/4268/3065 2405/4269/3066 2654/4270/3075 2659/4271/3074
f 2334/4272/3070 2397/4273/3071 2391/4274/3053 2316/4275/3052
f 2370/4276/3060 2409/4277/3061 2388/4278/3036 2307/4279/3034
f 2319/4280/3056 2392/4281/3057 2399/4282/3028 2340/4283/3026
f 2364/4284/3035 2407/4285/3037 2390/4286/3049 2313/4287/3048
f 2337/4288/3027 2398/4289/3029 2389/4290/3016 2310/4291/3014
f 2304/4292/3043 2387/4293/3045 2411/4294/3000 2376/4295/2998
f 2379/4296/3020 2412/4297/3021 2397/4273/3071 2334/4272/3070
f 2358/4268/3065 2361/4298/1465 2406/4299/3067 2405/4269/3066
f 2301/4300/3015 2386/4301/3017 2409/4277/3061 2370/4276/3060
f 2346/4302/2999 2401/4303/3001 2392/4281/3057 2319/4280/3056
f 2316/4275/3052 2391/4274/3053 2400/4304/3044 2343/4305/3042
f 2313/4287/3048 2390/4286/3049 2410/4306/2976 2373/4307/2974
f 2343/4305/3042 2400/4304/3044 2387/4293/3045 2304/4292/3043
f 2307/4279/3034 2388/4278/3036 2407/4285/3037 2364/4284/3035
f 2340/4283/3026 2399/4282/3028 2398/4289/3029 2337/4288/3027
f 2322/4308/3007 2393/4309/3009 2412/4297/3021 2379/4296/3020
f 2310/4291/3014 2389/4290/3016 2386/4301/3017 2301/4300/3015
f 2352/4310/3006 2403/4311/3008 2393/4309/3009 2322/4308/3007
f 2376/4295/2998 2411/4294/3000 2401/4303/3001 2346/4302/2999
f 2298/4312/2992 2384/4313/2993 2396/4314/2963 2331/4315/2962
f 2349/4316/2988 2402/4317/2989 2384/4313/2993 2298/4312/2992
f 2355/4318/2984 2404/4319/2985 2402/4317/2989 2349/4316/2988
f 2382/4320/2980 2413/4321/2981 2404/4319/2985 2355/4318/2984
f 2367/4322/2975 2408/4323/2977 2413/4321/2981 2382/4320/2980
f 2373/4307/2974 2410/4306/2976 2408/4323/2977 2367/4322/2975
f 2325/4324/1030 2394/4325/2956 3142/4326/2969 3141/4327/2968
f 2331/4315/2962 2396/4314/2963 2385/4328/2955 2290/4329/1029
f 2290/4330/1029 2385/4331/2955 2394/4325/2956 2325/4324/1030
f 1605/2201/1910 2437/2200/1909 3613/4332/3076
f 2456/4333/3077 3613/4334/3076 3614/4335/3078 2457/4336/2794
f 2457/3817/2794 3614/4337/3078 3612/2239/1933 2458/3818/2795
f 1609/4338/3079 2432/4339/3080 2461/4340/3081 2178/4341/3082
f 2432/4339/3080 2433/4342/3083 2460/4343/3084 2461/4340/3081
f 2433/4344/3083 2434/4345/2362 2459/4346/1847 2460/4347/3084
f 3201/4348/3085 3202/4349/3086 2426/4350/3087 1446/4351/3088
f 3202/4349/3086 3203/4352/3089 2427/4353/3090 2426/4350/3087
f 3203/4354/3089 3204/4355/2098 2428/4356/1858 2427/4357/3090
f 1626/4358/3091 2450/2841/2280 3676/4359/3092 3677/4360/3093
f 2450/2841/2280 2451/2840/2279 3674/4361/3094 3676/4359/3092
f 2451/4362/2279 2452/4363/1918 3673/4364/1919 3674/4365/3094
f 1628/4366/3095 2444/4367/3096 3682/4368/3097 3681/4369/3098
f 2444/4367/3096 2445/4370/3099 3679/4371/3100 3682/4368/3097
f 2445/4372/3099 2446/4373/1915 3678/4374/1917 3679/4375/3100
f 1630/4376/3101 2447/4377/3102 3686/4378/3103 3687/4379/3104
f 2447/4377/3102 2448/4380/3105 3685/4381/3106 3686/4378/3103
f 2448/4382/3105 2449/4383/1912 3684/4384/1914 3685/4385/3106
f 1602/4386/1935 2435/4387/1934 3624/2945/2339 3623/2944/2338
f 2435/4387/1934 2436/4388/3107 3622/4389/3108 3624/2945/2339
f 2436/4390/3107 2437/4391/1909 3618/4392/1911 3622/4393/3108
f 1618/2947/2341 2438/2946/2340 3647/4394/3109 3646/4395/3110
f 2438/2946/2340 2439/4396/3111 3651/4397/3112 3647/4394/3109
f 2439/4398/3111 2440/4399/1906 3650/4400/1908 3651/4401/3112
f 1620/4402/3113 2423/4403/3114 3654/4404/3115 3658/4405/3116
f 2423/4403/3114 2424/4406/3117 3659/4407/3118 3654/4404/3115
f 2424/4408/3117 2425/4409/1903 3656/4410/1905 3659/4411/3118
f 1632/4412/3119 2441/4413/3120 3688/4414/3121 3691/4415/3122
f 2441/4413/3120 2442/4416/3123 3692/4417/3124 3688/4414/3121
f 2442/4418/3123 2443/4419/1899 3690/4420/1902 3692/4421/3124
f 1622/4422/3125 2420/4423/3126 3665/2846/2284 3667/4424/3127
f 2420/4423/3126 2421/4425/3128 3662/2847/2285 3665/2846/2284
f 2421/4426/3128 2422/4427/1896 3668/4428/1898 3662/4429/2285
f 1624/4430/3129 2429/2849/2287 3672/4431/2277 3670/4432/3130
f 2429/2849/2287 2430/2848/2286 3666/4433/2278 3672/4431/2277
f 2430/4434/2286 2431/4435/1892 3669/4436/1895 3666/4437/2278
f 1446/4351/3088 2426/4350/3087 3737/4438/3131 3736/4439/3132
f 2426/4350/3087 2427/4353/3090 3735/4440/3133 3737/4438/3131
f 2427/4357/3090 2428/4356/1858 3734/4441/1858 3735/4442/3133
f 1588/4443/3134 2417/4444/3135 3727/4445/3136 3725/4446/3137
f 2417/4444/3135 2418/4447/2528 3726/4448/2597 3727/4445/3136
f 2178/4341/3082 2461/4340/3081 3717/4449/3138 3710/4450/3139
f 2461/4340/3081 2460/4343/3084 3715/4451/2529 3717/4449/3138
f 1591/4452/3140 2462/4453/3141 2477/4454/3142 1593/4455/3143
f 2462/4453/3141 2463/4456/3144 2478/4457/3145 2477/4454/3142
f 2463/4458/3144 2464/4459/1850 2479/4460/1839 2478/4461/3145
f 1596/4462/3146 2471/4463/3147 3611/4464/3148 3609/4465/3149
f 2471/4463/3147 2472/4466/3150 3608/4467/3151 3611/4464/3148
f 2472/4468/3150 2473/4469/1837 3607/4470/1842 3608/4471/3151
f 1593/4455/3143 2477/4454/3142 3591/4472/3152 3590/4473/3153
f 2477/4454/3142 2478/4457/3145 3589/4474/3154 3591/4472/3152
f 2478/4461/3145 2479/4460/1839 3588/4475/1841 3589/4476/3154
f 1595/4477/3155 2468/4478/3156 3605/4479/3157 3604/4480/3158
f 2468/4478/3156 2469/4481/3159 3603/4482/3160 3605/4479/3157
f 2469/4483/3159 2470/4484/3161 3601/4485/1838 3603/4486/3160
f 3598/4487/3162 3587/4488/3163 2468/4478/3156 1595/4477/3155
f 3587/4488/3163 3586/4489/3164 2469/4481/3159 2468/4478/3156
f 2475/4490/3165 2476/4491/3166 3585/4492/3167 3586/4493/3164
f 1452/4494/3168 2248/4495/3169 2803/4496/3170 1016/4497/3171
f 2712/4498/3172 2713/4499/3173 3739/4500/3174 3740/4501/3175
f 2713/4502/3173 2714/4503/1852 3738/4504/1854 3739/4505/3174
f 2465/3819/2796 2458/3818/2795 1599/3821/2798 1598/4506/3176
f 2456/4333/3077 2457/4336/2794 2466/4507/2797 2467/4508/3177
f 2467/4509/3177 1608/4510/2361 2456/4511/3077
f 2416/4512/3178 2485/4513/3179 2484/4514/2104 2415/4515/2103
f 1614/4516/1931 2485/4517/3179 2416/4518/3178
f 2480/4519/3180 2462/4453/3141 1591/4452/3140 2852/4520/3181
f 2463/4456/3144 2462/4453/3141 2480/4519/3180 2481/4521/3182
f 2464/4459/1850 2463/4458/3144 2481/4522/3182 2482/4523/3183
f 2482/4524/3183 1613/2141/1851 2464/2140/1850
f 1578/4525/3184 2498/4526/3185 2490/4527/3186 1592/4528/3187
f 2498/4526/3185 2499/4529/3188 2491/4530/3189 2490/4527/3186
f 2499/4531/3188 2500/4532/1790 2492/4533/3190 2491/4534/3189
f 2500/2073/1790 1579/2072/1789 2493/4535/2079 2492/4536/3190
f 1592/4528/3187 2490/4527/3186 2521/4537/3191 1451/4538/3192
f 2490/4527/3186 2491/4530/3189 2520/4539/3193 2521/4537/3191
f 2491/4534/3189 2492/4533/3190 2519/4540/3194 2520/4541/3193
f 2492/4536/3190 2493/4535/2079 2518/4542/1710 2519/4543/3194
f 1577/2292/1969 2517/2291/1968 3596/4544/3195 3592/4545/3196
f 1533/4546/3197 2486/4547/3198 2494/4548/3199 1536/4549/3200
f 2486/4547/3198 2487/4550/3201 2495/4551/3202 2494/4548/3199
f 2487/4552/3201 2488/4553/3203 2496/4554/3204 2495/4555/3202
f 2488/4556/3203 2489/4557/1716 2497/4558/1714 2496/4559/3204
f 1530/4560/3205 2505/4561/3206 2501/4562/3207 1526/4563/3208
f 2505/4561/3206 2506/4564/3209 2502/4565/3210 2501/4562/3207
f 2506/4566/3209 2507/4567/3211 2503/4568/3212 2502/4569/3210
f 2507/4570/3211 2508/4571/1709 2504/4572/1703 2503/4573/3212
f 1536/4549/3200 2494/4548/3199 2509/4574/3213 1529/4575/3214
f 2494/4548/3199 2495/4551/3202 2510/4576/3215 2509/4574/3213
f 2495/4555/3202 2496/4554/3204 2511/4577/3216 2510/4578/3215
f 2496/4559/3204 2497/4558/1714 2512/4579/1706 2511/4580/3216
f 1451/4581/3192 2521/4582/3191 3239/4583/3217 3244/4584/3218
f 2521/4582/3191 2520/4585/3193 3241/4586/3219 3239/4583/3217
f 2520/4587/3193 2519/4588/3194 3240/4589/3220 3241/4590/3219
f 2519/4591/3194 2518/4592/1710 3238/4593/1713 3240/4594/3220
f 1529/4575/3214 2509/4574/3213 2505/4561/3206 1530/4560/3205
f 2509/4574/3213 2510/4576/3215 2506/4564/3209 2505/4561/3206
f 2510/4578/3215 2511/4577/3216 2507/4567/3211 2506/4566/3209
f 2511/4580/3216 2512/4579/1706 2508/4571/1709 2507/4570/3211
f 1526/4563/3208 2501/4562/3207 3397/4595/3221 2513/4596/3222 1453/4597/3223
f 2501/4562/3207 2502/4565/3210 2514/4598/3224 3397/4595/3221
f 2502/4569/3210 2503/4568/3212 2515/4599/1588 2514/4600/3224
f 2503/4573/3212 2504/4572/1703 2516/4601/1589 2515/4602/1588
f 2253/4052/2927 2559/4603/3225 2562/4604/3226 2265/4054/2928
f 2559/4605/3225 2560/4606/2905 2563/4607/2915 2562/4608/3226
f 2616/4609/3227 2596/4610/3228 2564/4611/3229 2615/4612/3230
f 2241/4050/2926 2556/4613/3231 2559/4603/3225 2253/4052/2927
f 2556/4614/3231 2557/4615/2881 2560/4606/2905 2559/4605/3225
f 2611/3665/2720 2608/4616/3232 2539/4617/3233 2606/3666/2721
f 2227/4048/2925 2553/4618/3234 2556/4613/3231 2241/4050/2926
f 2553/4619/3234 2554/4620/2872 2557/4615/2881 2556/4614/3231
f 2612/4621/3235 2549/4622/3236 2539/4617/3233 2608/4616/3232
f 2215/4046/2924 2550/4623/3237 2553/4618/3234 2227/4048/2925
f 2550/4624/3237 2551/4625/2862 2554/4620/2872 2553/4619/3234
f 2609/4626/3238 2552/4627/3239 2549/4622/3236 2612/4621/3235
f 2202/4045/2923 2547/4628/3240 2550/4623/3237 2215/4046/2924
f 2547/4629/3240 2548/4630/2838 2551/4625/2862 2550/4624/3237
f 2613/4631/3241 2555/4632/3242 2552/4627/3239 2609/4626/3238
f 1319/4633/1237 2537/4634/3243 2547/4635/3240 2202/4636/2923
f 2537/4637/3243 2538/4638/1458 2548/4630/2838 2547/4629/3240
f 2614/4639/3244 2558/4640/3245 2555/4632/3242 2613/4631/3241
f 2161/4641/3246 1324/1615/1456 2542/1614/1455 2524/4642/3247
f 2524/4642/3247 2542/1614/1455 2541/4643/3248 2523/4644/3249
f 2523/4645/3249 2541/4646/3248 2540/4647/2772 2522/4648/2771
f 2154/4649/3250 2161/4641/3246 2524/4642/3247 2536/4650/3251
f 2536/4650/3251 2524/4642/3247 2523/4644/3249 2535/4651/3252
f 2535/4652/3252 2523/4653/3249 2522/4654/2771 2534/4655/3253
f 2534/4656/3253 2522/4657/2771 2533/4658/2759
f 2151/4659/3254 2154/4649/3250 2536/4650/3251 2546/4660/3255
f 2546/4660/3255 2536/4650/3251 2535/4651/3252 2545/4661/3256
f 2545/4662/3256 2535/4663/3252 2534/4664/3253 2544/4665/3257
f 2544/4666/3257 2534/4667/3253 2533/4668/2759 2543/4669/2753
f 1270/1620/1461 2151/4659/3254 2546/4660/3255 2529/1621/1462
f 2529/1621/1462 2546/4660/3255 2545/4661/3256 2530/4670/3258
f 2530/4671/3258 2545/4662/3256 2544/4665/3257 2531/4672/3259
f 2531/4673/3259 2544/4666/3257 2543/4669/2753 2532/4674/2752
f 992/624/768 2525/4675/3260 2532/4676/2752 1388/4677/2747
f 2525/4678/3260 2526/4679/3261 2531/4673/3259 2532/4674/2752
f 2526/4680/3261 2527/4681/1464 2530/4671/3258 2531/4672/3259
f 2527/1623/1464 2528/1618/1459 2529/1621/1462 2530/4670/3258
f 1320/3774/1236 2540/3773/2772 2537/4634/3243 1319/4633/1237
f 2540/4682/2772 2541/4683/3248 2538/4638/1458 2537/4637/3243
f 2541/4643/3248 2542/1614/1455 2538/1617/1458
f 992/624/768 2362/623/767 2525/4675/3260
f 2362/4255/767 2406/4254/3067 2526/4684/3261 2525/4685/3260
f 2406/4299/3067 2361/4298/1465 2527/4686/1464 2526/4687/3261
f 1313/1282/1232 2201/3919/2847 1312/3918/2744 1311/1280/1230
f 2565/4688/3262 3652/4689/3263 3648/4690/3264 3865/4691/3265
f 3865/4692/3265 1617/4693/2294 3626/4694/2295 3625/4695/3266
f 2024/4696/3267 2571/4697/3267 2572/4698/3267 2061/4699/3267
f 2005/4700/3268 2003/4701/3268 2566/4702/3268 2568/4703/3268
f 2003/4704/3269 2004/4705/3270 2567/4706/3270 2566/4707/3269
f 2020/4708/3271 2005/4709/3272 2568/4710/3272 2570/4711/3273
f 2024/4712/3274 2020/4708/3271 2570/4711/3273 2571/4713/3274
f 2017/4714/3275 2569/4715/3275 2567/4706/3270 2004/4705/3270
f 2056/3350/2577 2031/3288/2531 2051/3458/2633
f 1568/4716/3276 3610/4717/3277 3913/4718/3278 3917/4719/3279
f 3618/2202/1911 1640/2198/1907 2440/2197/1906
f 2528/1618/1459 2360/1622/1463 965/4250/3063 1090/1619/1460
f 3505/504/657 2577/4720/733 2578/4721/736 3499/588/732
f 906/4722/3280 908/4723/3281 3703/590/734 3709/4724/3282
f 904/4725/3283 906/4722/3280 3709/4724/3282 3701/4726/3284
f 898/4727/3285 904/4725/3283 3701/4726/3284 3708/4728/3286
f 896/4729/1359 3707/4730/3287 3708/4731/3286 2576/4732/3288 2575/4733/3289
f 2889/4734/3290 894/4735/1356 2579/4736/3291
f 911/4737/3292 2578/592/736 3697/591/735 3700/4738/3293
f 3011/1555/1411 2580/4739/1389 1188/4740/1394 3009/1556/1412
f 3076/4741/1451 3084/1048/1078 2992/1047/1077 2999/4742/1452
f 1223/3615/2694 3952/4743/1111 3951/3616/2696
f 1134/4744/3294 2583/4745/2695 2986/4746/1140 2990/4747/3295
f 2582/4748/1388 2991/4749/1387 2989/4750/3296 2581/4751/3297
f 1133/1140/1138 2986/1142/1140 2583/3611/2695
f 2587/4752/3298 2586/4753/3299 3150/4754/3300 3149/4755/3301
f 2584/4756/3302 2585/4757/3303 3148/4758/3304 3146/4759/3305
f 2585/4757/3303 2588/4760/3306 3147/4761/3307 3148/4758/3304
f 1384/1580/1431 1372/1579/1420 1395/4762/1419
f 3139/2479/2092 3152/2478/2091 1590/3654/1806
f 2162/4763/3308 2599/4764/3309 2595/4765/3310 1323/4766/3311
f 2150/4767/3312 1271/4768/3313 2594/4769/3314 2597/4770/3315
f 2255/4771/3316 2243/4772/3317 2603/4773/2895 2604/4774/2902
f 2156/4775/3318 2598/4776/3319 2599/4764/3309 2162/4763/3308
f 2150/4767/3312 2597/4770/3315 2598/4776/3319 2156/4775/3318
f 2267/4777/3320 2255/4778/3316 2604/4779/2902 2605/4780/2911
f 1323/4781/3311 2595/4782/3310 2596/4783/3228 1326/4784/3321
f 2230/4785/3322 2602/4786/2868 2603/4787/2895 2243/4788/3317
f 2230/4785/3322 2218/4789/3323 2601/4790/2857 2602/4786/2868
f 1326/4791/3321 2596/4792/3228 2600/4793/2858 2205/4794/3324
f 2218/4789/3323 2205/4794/3324 2600/4793/2858 2601/4790/2857
f 966/4795/3325 2591/4796/3326 2593/4797/3327 1091/4798/3328
f 967/4799/3329 2592/4800/3330 2591/4796/3326 966/4795/3325
f 1091/4798/3328 2593/4797/3327 2594/4769/3314 1271/4768/3313
f 2212/4801/2854 2618/4802/2922 2617/4803/3331 2200/4804/2848
f 2607/4805/3332 2600/4806/2858 2596/4807/3228 2616/4808/3227
f 2596/4783/3228 2595/4782/3310 2564/4809/3229
f 2561/4810/3333 2564/4811/3229 2595/4765/3310 2599/4764/3309
f 2561/4810/3333 2599/4764/3309 2598/4776/3319 2558/4812/3245
f 2558/4812/3245 2598/4776/3319 2597/4770/3315 2555/4813/3242
f 2555/4813/3242 2597/4770/3315 2594/4769/3314 2552/4814/3239
f 2552/4814/3239 2594/4769/3314 2593/4797/3327 2549/4815/3236
f 2549/4815/3236 2593/4797/3327 2591/4796/3326 2539/4816/3233
f 2606/4817/2721 2539/4816/3233 2591/4796/3326 2592/4800/3330
f 2610/4818/3334 2561/4819/3333 2558/4640/3245 2614/4639/3244
f 2610/4818/3334 2615/4612/3230 2564/4611/3229 2561/4819/3333
f 2621/4820/3335 2626/4821/3336 2615/4822/3230 2610/4823/3334
f 2607/4805/3332 2251/4824/2856 2600/4806/2858
f 2621/4820/3335 2610/4823/3334 2614/4825/3244 2625/4826/3337
f 2625/4826/3337 2614/4825/3244 2613/4827/3241 2624/4828/3338
f 2624/4829/3338 2613/4830/3241 2609/4831/3238 2620/4832/3339
f 2620/4833/3339 2609/4834/3238 2612/4835/3235 2623/4836/3340
f 2623/4836/3340 2612/4835/3235 2608/4837/3232 2619/4838/3341
f 2622/4839/3342 2619/4840/3341 2608/4841/3232 2611/4842/2720
f 2627/4843/3343 2616/4844/3227 2615/4845/3230 2626/4846/3336
f 2617/4847/3331 2607/4848/3332 2616/4849/3227 2627/4850/3343
f 2200/4804/2848 2617/4803/3331 2627/4851/3343 1310/4852/1228
f 1310/4852/1228 2627/4851/3343 2626/4853/3336 1309/4854/1229
f 1096/4855/3344 2623/4856/3340 2619/4857/3341 1095/4858/3345
f 1268/4859/3346 2620/4860/3339 2623/4856/3340 1096/4855/3344
f 1283/4861/1204 2624/4862/3338 2620/4860/3339 1268/4859/3346
f 1284/4863/1203 2625/4864/3337 2624/4862/3338 1283/4861/1204
f 2163/4865/2770 2621/4866/3335 2625/4864/3337 1284/4863/1203
f 2163/4865/2770 1309/4854/1229 2626/4853/3336 2621/4866/3335
f 2224/4867/2879 2618/4802/2922 2212/4801/2854
f 2617/4868/3331 2618/4040/2922 2251/4039/2856 2607/4869/3332
f 2639/4870/3347 2642/4871/3348 2647/4872/3349
f 2629/4873/3350 2631/4874/3351 2652/4875/2717
f 1095/4876/3345 3963/4877/2718 3961/4878/3352 3696/4879/898
f 2641/4880/3353 2642/4881/3348 2634/4882/3354
f 2653/4883/3355 3699/4884/660 2652/4885/2717
f 2632/4886/3356 912/4887/2713 2652/4875/2717
f 2622/4888/3342 2646/4889/3357 2645/4890/3358 2619/4891/3341
f 2631/4892/3359 2629/4893/3360 2638/4894/3361 2640/4895/3362
f 2630/4896/3363 2633/4897/3364 2642/4898/3348 2639/4899/3347
f 967/4900/3329 2628/4901/3365 2637/4902/3366 2592/4903/3330
f 2633/4897/3364 912/4904/3367 2634/4905/3354 2642/4898/3348
f 1095/4906/3368 2635/4907/3369 2636/4908/3370 2135/4909/3371
f 2632/4910/3372 2631/4911/3359 2640/4912/3362 2641/4913/3353
f 2632/4910/3372 2641/4913/3353 2634/4914/3354 912/4915/3367
f 2628/4916/3365 2630/4917/3363 2639/4918/3347 2637/4919/3366
f 2637/4902/3366 2643/4920/2719 2606/4921/2721 2592/4903/3330
f 2611/4922/2720 2643/4923/2719 2644/4924/3373 2622/4925/3342
f 2622/4888/3342 2644/4926/3373 2646/4889/3357
f 2647/4927/3349 2643/4928/2719 2637/4929/3366 2639/4930/3347
f 2645/4931/3358 2646/4932/3357 2636/4908/3370 2635/4907/3369
f 2646/4933/3357 2644/4934/3373 2638/4935/3361 2636/4936/3370
f 2647/4937/3349 2642/4871/3348 2641/4938/3353 2648/4939/3374
f 2648/4940/3374 2644/4941/3373 2643/4942/2719 2647/4943/3349
f 2648/4944/3374 2641/4938/3353 2640/4945/3362
f 2644/4946/3373 2648/4947/3374 2640/4895/3362 2638/4894/3361
f 1095/4948/3368 2649/4949/3375 2635/4950/3369
f 2645/4951/3358 2635/4950/3369 2649/4949/3375 2650/4952/3376
f 2619/4891/3341 2645/4890/3358 2650/4953/3376
f 3508/4954/1480 964/4955/1479 2657/4956/3377 3509/4957/3378
f 2651/4958/2715 2630/4959/3379 2628/4960/3380
f 2651/4958/2715 2633/4961/2714 2630/4959/3379
f 967/4962/3381 2651/4958/2715 2628/4960/3380
f 912/4963/2713 2651/4964/2715 2653/4965/3355
f 2652/4875/2717 2631/4874/3351 2632/4886/3356
f 2652/4875/2717 2135/4966/2716 2629/4873/3350
f 2636/4936/3370 2638/4935/3361 2629/4967/3360 2135/4968/3371
f 2653/4883/3355 2652/4885/2717 912/4969/2713
f 2655/802/856 1072/787/870 1078/797/875 1056/796/852
f 3509/4957/3378 2657/4956/3377 975/586/730 3506/585/729
f 2658/753/739 2655/752/856 1056/745/852 977/744/780
f 2654/4267/3075 2656/4266/740 2353/4181/779 2403/4180/3008
f 2659/4271/3074 2654/4270/3075 2403/4311/3008 2352/4310/3006
f 2657/4264/3073 1328/4263/3072 2351/4175/3003 975/4174/3002
f 2656/596/740 2658/595/739 977/636/780 2353/635/779
f 1328/4263/3072 2659/4265/3074 2352/4178/3006 2351/4175/3003
f 2660/509/662 3704/508/661 3700/4738/3293 910/4970/3382
f 2662/4971/3383 2723/4972/3384 1315/4973/1233 1262/4974/1174
f 1105/4975/3385 957/4976/3386 973/4977/885
f 2828/1374/1305 2830/4978/3387 2775/4979/3388 2809/1375/1306
f 2842/4980/3389 2845/1322/1257 1103/1321/903 1337/1330/1264
f 1338/1478/1366 2735/4981/1370 2847/4982/3390 2846/1479/1367
f 2667/4983/1373 1106/4984/906 1107/4985/909
f 2664/1498/1372 2668/4986/1371 1107/4987/909 1098/1499/1374
f 2664/1484/1372 2663/4988/904 1103/4989/903 1100/4990/1259
f 2827/4991/1292 2769/4992/3391 2810/4993/3392 2842/4994/3389
f 2664/1484/1372 1100/4990/1259 1099/1481/1369
f 1104/4995/1323 2670/4996/3393 2832/4997/3394 2834/4998/3395
f 930/530/683 2665/529/682 931/1366/1298
f 1356/4999/3396 2729/563/709 4116/566/711
f 2825/1351/1283 2827/5000/1292 2672/5001/1291 1346/1352/1284
f 2671/5002/3397 2670/5003/3398 915/519/672 914/518/671
f 2672/5004/3399 2669/5005/3400 1347/1354/1286 1346/1353/1285
f 2670/5006/3393 1104/5007/1323 1357/1425/1319 915/1424/1333
f 2669/5005/3400 2671/5002/3397 914/518/671 1347/1354/1286
f 1107/5008/909 2857/5009/908 932/5010/681 1098/1495/1374
f 2890/5011/1354 2893/1518/1353 2771/1517/1384 2813/5012/3401
f 1100/1324/1259 2849/1323/1258 2848/5013/3402 1099/5014/1369
f 2484/4514/2104 2485/4513/3179 2714/4503/1852 2713/4502/3173
f 2680/5015/792 2719/5016/791 2716/5017/3403 1008/5018/3404
f 2677/5019/697 3120/5020/3405 3118/5021/3406 947/5022/3407
f 2678/5023/796 2748/5024/795 2745/5025/3408 1010/5026/3409
f 2666/5027/1368 2732/1660/1355 1403/1653/1484 1362/1655/1362
f 2674/5028/788 2741/5029/787 2739/5030/3410 901/5031/3411
f 2675/5032/800 2754/5033/799 2749/5034/3412 1012/5035/3413
f 2756/5036/3414 2759/5037/3415 2679/5038/3416 1015/5039/3417
f 2483/2490/2102 2484/2492/2104 2713/5040/3173 2712/5041/3172
f 1450/2487/2099 2483/2490/2102 2712/5041/3172 2689/5042/3418
f 2584/5043/3302 3146/5044/3305 3150/5045/3300 2586/5046/3299
f 3495/5047/3419 1507/5048/3420 2702/5049/3421 2685/5050/3422
f 1670/5051/2335 3236/5052/3423 3235/5053/3424 2700/5054/3425
f 3494/1671/1487 3498/5055/3426 2698/5056/3427 2684/5057/3428
f 3498/5055/3426 3500/5058/3429 2706/5059/3430 2698/5056/3427
f 3497/5060/3431 3496/5061/3432 2686/5062/3433 2687/5063/3434
f 3496/5061/3432 3492/5064/3435 2682/5065/3436 2686/5062/3433
f 3500/5058/3429 3497/5060/3431 2687/5063/3434 2706/5059/3430
f 3492/5064/3435 3495/5066/3419 2685/5067/3422 2682/5065/3436
f 1507/5048/3420 3139/5068/2092 2704/5069/3437 2702/5049/3421
f 1590/5070/1806 1583/5071/1798 2709/5072/3438 2693/5073/3439
f 1583/5071/1798 1584/5074/1797 2695/5075/3440 2709/5072/3438
f 1584/5074/1797 1585/5076/1800 2692/5077/3441 2695/5075/3440
f 1585/5076/1800 1669/5078/2315 2691/5079/3442 2692/5077/3441
f 1669/5078/2315 1670/5051/2335 2700/5054/3425 2691/5079/3442
f 1614/2237/1931 1653/2236/1930 2708/2249/1940 2694/2248/1853
f 2485/4517/3179 1614/4516/1931 2694/2143/1853 2714/2142/1852
f 3533/5080/3443 2683/5081/3444 2684/5082/3428 3534/2934/2330
f 3531/5083/3445 892/5084/3446 2579/5085/3291 2707/5086/3447
f 3529/5087/3448 3531/5083/3445 2707/5086/3447 2701/5088/3449
f 3526/5089/3450 3529/5087/3448 2701/5088/3449 2696/5090/3451
f 3527/5091/3452 3526/5089/3450 2696/5090/3451 2697/5092/3453
f 3528/5093/3454 3527/5091/3452 2697/5092/3453 2699/5094/3455
f 3532/5095/3456 3528/5093/3454 2699/5094/3455 2711/5096/3457
f 3530/5097/3458 3532/5095/3456 2711/5096/3457 2703/5098/3459
f 877/5099/1441 3530/5097/3458 2703/5098/3459 2688/5100/3460
f 875/5101/1439 877/5102/1441 2688/5103/3460 2690/5104/3461
f 870/5105/1436 875/5101/1439 2690/5104/3461 2681/5106/3462
f 870/5107/1436 2681/5108/3462 2683/5081/3444 3533/5080/3443
f 1652/2277/1929 2708/2495/1940 1656/2251/1941
f 3763/5109/3463 3781/2091/1807 1592/2094/1810 1451/5110/3464
f 2480/4519/3180 2852/4520/3181 3741/5111/3465 3740/4501/3175
f 2892/5112/3466 2705/5113/910 2798/5114/3467 2812/5115/3468
f 2579/4736/3291 892/5116/3446 2889/4734/3290
f 2716/5017/3403 2719/5016/791 2678/5023/796 1010/5026/3409
f 2719/647/791 2717/646/790 1011/649/793 2678/652/796
f 2718/1487/1365 2667/1486/1373 2668/1483/1371 1338/5117/1366
f 2846/5118/1367 2847/5119/3390 2815/5120/3469 2795/5121/3470
f 900/1472/652 2734/5122/651 1335/5123/3471 3705/1473/1363
f 957/5124/3386 1360/5125/1328 973/5126/885
f 957/5127/3386 2728/5128/707 2726/5129/2723 1360/5130/1328
f 1358/1397/1320 927/1396/679 923/1405/675 1359/1404/1325
f 2723/5131/3384 1290/5132/1210 1316/5133/1234 1315/5134/1233
f 2730/5135/676 927/1368/679 928/1367/1299 926/5136/1338
f 2728/5128/707 957/5127/3386 4041/5137/3472
f 2727/5138/2722 2725/5139/2751 2723/5140/3384 2662/5141/3383
f 2726/5142/2723 2728/561/707 958/560/699 1261/5143/1186
f 2725/5139/2751 1290/5144/1210 2723/5140/3384
f 2726/5129/2723 2727/5138/2722 2662/5141/3383 1360/5130/1328
f 2724/1400/677 2730/5135/676 926/5136/1338 925/1398/1321
f 957/5145/3386 1105/5146/3385 4030/5147/3473
f 1356/5148/3396 4116/5149/711 4048/5150/3474 4050/5151/3475
f 1140/5152/946 2705/5153/910 2892/5154/3466 2715/5155/950
f 4118/5156/3476 4059/5157/3477 4057/5158/3478
f 1335/5159/3471 2734/5160/651 2674/5028/788 901/5031/3411
f 920/1423/1332 1359/1422/1325 948/5161/1324 919/5162/3479
f 972/5163/888 3962/5164/3480 4031/5165/3481 4029/5166/3482
f 2668/5167/1371 2667/4983/1373 1107/4985/909
f 1340/5168/1267 2750/5169/1265 1106/1490/906
f 1151/5170/961 2936/5171/956 3936/5172/3483 3935/5173/3484
f 1138/892/945 2935/891/954 2937/894/955 2738/5174/949
f 2715/5175/950 2738/5176/949 1142/5177/947 1140/5178/946
f 2847/4982/3390 2735/4981/1370 1099/5014/1369 2848/5013/3402
f 2668/1483/1371 2735/1482/1370 1338/5117/1366
f 2739/5030/3410 2741/5029/787 2680/5015/792 1008/5018/3404
f 2741/643/787 2737/642/786 1009/645/789 2680/648/792
f 2745/5179/3408 2748/5180/795 2675/5032/800 1012/5035/3413
f 2849/5181/1258 2807/5182/3485 2770/5183/3486 2848/5184/3402
f 2746/5185/912 2743/5186/964 1151/903/961 1110/902/917
f 2886/5187/3487 2802/5188/3488 2819/1501/1376 2885/1500/1375
f 2748/5189/795 2744/5190/794 1013/653/797 2675/656/800
f 1141/896/948 2936/895/956 2743/5191/964
f 1151/5170/961 3935/5173/3484 3934/5192/968 2752/5193/962
f 2749/5034/3412 2754/5033/799 2679/5194/3416 1014/5195/3489
f 2845/5196/1257 2808/5197/3490 2807/5182/3485 2849/5181/1258
f 2753/905/963 2752/904/962 1150/900/960 1109/899/959
f 1106/1490/906 2750/5169/1265 1341/1491/1255
f 2754/655/799 2751/654/798 1015/5039/3417 2679/5038/3416
f 2875/657/801 2886/5198/3487 1109/5199/959 2758/658/802
f 2759/5200/3415 1016/5201/3491 1014/5195/3489 2679/5194/3416
f 2762/5202/695 2757/5203/694 946/5204/3492 945/5205/3493
f 2806/5206/3494 2868/5207/3495 2870/5208/3496 2854/5209/3497
f 2803/4496/3170 2248/4495/3169 2871/5210/2116 2837/5211/1253
f 2758/901/802 1150/900/960 1032/688/825 3122/5212/803
f 2763/558/693 2764/5213/692 944/5214/3498 943/555/704
f 2764/5213/692 2762/5202/695 945/5205/3493 944/5214/3498
f 2676/5215/706 2760/5216/713 961/5217/716 953/5218/702
f 2763/541/693 2676/5215/706 953/5218/702 935/542/686
f 2760/5216/713 2761/5219/719 968/5220/723 961/5217/716
f 2757/5203/694 2677/5221/697 947/5222/3407 946/5204/3492
f 2872/5223/1162 2859/5224/698 2793/5225/3499 2791/5226/3500
f 2767/1195/1179 2766/1194/1178 1265/1205/1185 1256/1204/1184
f 2765/5227/1194 1275/1225/1193 1274/1224/1196
f 2766/1219/1178 2765/1218/1194 1274/3672/1196 1265/3671/1185
f 2896/5228/3501 942/5229/696 940/536/689
f 2806/5206/3494 2822/5230/3502 2867/5231/1263 2868/5207/3495
f 2768/5232/1380 1102/5233/3503 2896/5234/3501
f 2660/5235/3504 910/5236/3505 2776/1376/1307 2809/1375/1306
f 2749/5237/3506 2818/5238/3507 2799/5239/1271 1012/5240/3508
f 945/5241/3509 946/5242/3510 2785/5243/3511 2784/5244/3512
f 1013/5245/3513 2800/1502/1377 2819/1501/1376 2751/5246/3514
f 2717/5247/3515 2812/5115/3468 2798/5114/3467 1011/5248/3516
f 908/5249/3517 2774/5250/3518 2794/5251/3519 974/5252/3520
f 933/5253/3521 2777/1439/1342 2780/1438/1341 938/5254/3522
f 1101/5255/3523 2805/5256/3524 2248/5257/3169 1452/5258/3168
f 910/5236/3505 974/5252/3520 2794/5251/3519 2776/1376/1307
f 1009/5259/3525 2737/5260/3526 2814/1520/1386 2796/1526/1392
f 962/5261/3527 2789/1510/1382 2792/5262/1173 969/5263/3528
f 898/5264/3529 2769/5265/3391 2772/5266/3530 904/5267/3531
f 2739/5268/3532 2815/5269/3469 2770/5183/3486 901/5270/3533
f 952/5271/3534 963/5272/3535 2790/5273/3536 2787/578/722
f 934/5274/3537 952/5271/3534 2787/578/722 2778/577/721
f 2733/5275/3538 2813/5012/3401 2771/1517/1384 902/5276/3539
f 1094/5277/3540 3965/5278/3541 3960/1307/1243 2804/1306/1242
f 2716/5279/3542 1010/5280/3543 2797/1450/1347 2811/1449/1346
f 969/5281/3528 2792/1188/1173 2821/1187/1172 2761/5282/3544
f 2749/5237/3506 1014/5283/3545 2801/5284/3546 2818/5238/3507
f 1335/5285/3547 901/5270/3533 2770/5183/3486 2807/5182/3485
f 2739/5286/3532 1008/5287/3548 2795/5121/3470 2815/5120/3469
f 1336/5288/3549 1335/5285/3547 2807/5182/3485 2808/5197/3490
f 908/5249/3517 906/5289/3550 2773/5290/3551 2774/5250/3518
f 1013/5245/3513 2744/5291/3552 2816/5292/3553 2800/1502/1377
f 937/5293/3554 2779/5294/1344 2781/5295/3555 941/5296/3556
f 898/5297/3529 2673/5298/3557 2810/4993/3392 2769/4992/3391
f 2756/5299/3558 2820/5300/3559 3121/5301/3560 3118/5302/3561
f 1011/5303/3516 2798/5304/3467 2816/5292/3553 2744/5291/3552
f 2768/5305/3562 941/5306/3556 2781/5307/3555 2822/5308/3502
f 1336/5309/3549 2808/5310/3490 2810/4993/3392 2673/5298/3557
f 2745/5311/3563 2817/1337/1270 2797/1450/1347 1010/5280/3543
f 2751/5246/3514 2819/1501/1376 2802/5188/3488 1015/5312/3564
f 1102/5313/3565 2768/5314/3562 2822/5230/3502 2806/5206/3494
f 944/5315/3566 945/5241/3509 2784/5244/3512 2783/5316/3567
f 902/5276/3539 2771/1517/1384 2814/1520/1386 2737/5260/3526
f 943/5317/3568 944/5315/3566 2783/5316/3567 2782/5318/3569
f 938/5254/3522 2780/1438/1341 2779/1442/1344 937/5319/3554
f 954/5320/3570 2788/1511/1383 2789/1510/1382 962/5261/3527
f 968/5321/3571 2791/5226/3500 2793/5225/3499 970/5322/3572
f 2761/5282/3544 2821/1187/1172 2791/5226/3500 968/5321/3571
f 1014/5283/3545 1016/4497/3171 2803/4496/3170 2801/5284/3546
f 934/5274/3537 2778/577/721 2777/1439/1342 933/5253/3521
f 2660/5235/3504 2809/1375/1306 2775/4979/3388 909/5323/3573
f 943/5317/3568 2782/5318/3569 2788/1511/1383 954/5320/3570
f 946/5324/3510 947/5325/3574 2786/5326/3575 2785/5327/3511
f 2716/5279/3542 2811/1449/1346 2795/5121/3470 1008/5287/3548
f 963/5272/3535 970/5328/3572 2793/5329/3499 2790/5273/3536
f 2756/5299/3558 1015/5312/3564 2802/5188/3488 2820/5300/3559
f 906/5289/3550 904/5267/3531 2772/5266/3530 2773/5290/3551
f 1009/5259/3525 2796/1526/1392 2812/5115/3468 2717/5247/3515
f 1102/5313/3565 2806/5206/3494 2854/5209/3497 2856/5330/3576
f 2745/5311/3563 1012/5331/3508 2799/1338/1271 2817/1337/1270
f 2772/5266/3530 2769/5265/3391 2827/5332/1292 2825/5333/1283
f 959/1426/1334 960/1428/1336 2830/5334/3387 2828/5335/1305
f 2794/5251/3519 2823/5336/1287 2829/1373/1304 2776/1376/1307
f 1351/1379/1309 959/5337/1334 2828/5338/1305 2829/1377/1304
f 2794/5251/3519 2774/5250/3518 2824/5339/1275 2823/5336/1287
f 2772/5266/3530 2825/5333/1283 2826/5340/1276 2773/5290/3551
f 2774/5250/3518 2773/5290/3551 2826/5340/1276 2824/5339/1275
f 972/5163/888 2831/5341/1241 3964/5342/1244 3962/5164/3480
f 1104/5343/1323 2834/5344/3395 2663/1497/904 929/1496/680
f 2815/5269/3469 2847/5345/3390 2848/5184/3402 2770/5183/3486
f 2834/5346/3395 2832/5347/3394 916/832/905
f 2836/1365/1297 2835/1364/1296 2669/5005/3400 2672/5004/3399
f 2663/831/904 2834/5346/3395 916/832/905
f 2835/1364/1296 2833/513/666 2671/5002/3397 2669/5005/3400
f 2833/513/666 2832/512/665 2670/5003/3398 2671/5002/3397
f 2810/4993/3392 2808/5310/3490 2845/5348/1257 2842/4994/3389
f 2811/1449/1346 2844/1448/1345 2846/5118/1367 2795/5121/3470
f 1339/1341/1273 2718/1477/1365 2844/1476/1345 2843/1342/1274
f 2817/1337/1270 2841/1336/1269 2843/1447/1274 2797/1450/1347
f 1340/1333/1267 2747/1340/1272 2841/1339/1269 2840/1334/1268
f 2818/5238/3507 2839/5349/1266 2840/5350/1268 2799/5239/1271
f 2801/5284/3546 2838/5351/1256 2839/5349/1266 2818/5238/3507
f 2803/4496/3170 2837/5211/1253 2838/5351/1256 2801/5284/3546
f 2836/5352/1293 2827/5353/1292 2842/4980/3389 1337/1330/1264
f 2804/5354/1242 2831/5355/1241 2851/5356/3577 2850/5357/3578
f 2831/5358/1241 972/5359/888 2851/5360/3577
f 1094/5361/3540 2804/5354/1242 2850/5357/3578
f 1101/5362/3579 1452/5363/3580 2895/5364/3581
f 2855/1505/1378 2755/1504/1254 2197/5365/2115
f 1108/1506/907 2855/1505/1378 2853/5366/1262
f 2856/5367/3582 1101/5362/3579 2895/5364/3581 2896/5234/3501
f 2856/5330/3576 2854/5209/3497 2805/5256/3524 1101/5255/3523
f 2854/5209/3497 2870/5208/3496 2869/5368/2117 2805/5256/3524
f 2853/5366/1262 2858/5369/1261 2857/5370/908 1108/1506/907
f 1341/1491/1255 2755/5371/1254 1108/1492/907
f 2857/5370/908 2858/5369/1261 932/5372/681
f 1339/1485/1273 2747/5373/1272 2667/1486/1373
f 1106/1490/906 2667/1486/1373 2747/5373/1272 1340/5168/1267
f 2779/5294/1344 2865/5374/1343 2866/5375/1260 2781/5295/3555
f 928/5376/1299 931/1444/1298 2865/1443/1343 2864/5377/1340
f 928/5376/1299 2864/5377/1340 2863/1436/1339 926/1435/1338
f 2778/577/721 2862/576/720 2863/1440/1339 2777/1439/1342
f 951/569/714 925/1434/1321 2862/1433/720 2861/570/715
f 2790/5273/3536 2860/5378/701 2861/575/715 2787/578/722
f 2793/5329/3499 2859/5379/698 2860/5378/701 2790/5273/3536
f 2781/5307/3555 2866/5380/1260 2867/5381/1263 2822/5308/3502
f 2873/5382/1171 1024/5383/820 3942/5384/1170 3941/5385/3583
f 2869/5368/2117 2871/5386/2116 2248/5257/3169 2805/5256/3524
f 2869/2505/2117 2870/5387/3496 2855/5388/1378 2197/2503/2115
f 2837/1317/1253 2871/2504/2116 2197/2503/2115 2755/1318/1254
f 2868/5389/3495 2867/1328/1263 2853/1327/1262
f 2870/5387/3496 2868/5389/3495 2853/1327/1262 2855/5388/1378
f 2791/5226/3500 2821/1187/1172 2874/1186/1163 2872/5223/1162
f 1257/5390/1177 2767/5391/1179 3940/5392/1164 3941/5393/3583
f 1256/5394/1184 1255/5395/1187 3938/5396/1166 3939/5397/1165
f 2820/5300/3559 2802/5188/3488 2886/5187/3487 2875/5398/801
f 1109/5199/959 2886/5198/3487 2885/5399/1375 2753/5400/963
f 2789/1510/1382 2882/1509/1381 2873/5401/1171 2792/5262/1173
f 1017/1514/817 2882/1513/1381 2881/674/816 1018/673/815
f 2753/5402/963 2885/5403/1375 2884/848/918 1110/847/917
f 2816/5292/3553 2883/5404/913 2884/1503/918 2800/1502/1377
f 2798/5304/3467 2705/5405/910 2883/5404/913 2816/5292/3553
f 2782/5318/3569 2880/5406/814 2881/1512/816 2788/1511/1383
f 2783/5316/3567 2879/5407/812 2880/5406/814 2782/5318/3569
f 2784/5244/3512 2878/5408/810 2879/5407/812 2783/5316/3567
f 2785/5243/3511 2877/5409/808 2878/5408/810 2784/5244/3512
f 2786/5326/3575 2876/5410/805 2877/5411/808 2785/5327/3511
f 2820/5300/3559 2875/5398/801 3119/5412/804 3121/5301/3560
f 2887/1475/1358 3706/1474/1364 3707/5413/3287 896/5414/1359
f 2890/5415/1354 2903/1455/1351 1361/1454/1350 2732/1660/1355
f 2887/1464/1358 2888/1463/1357 899/494/649 900/497/652
f 2899/5416/3584 2901/5417/3585 2904/5418/782 2905/5419/1349
f 2796/1526/1392 2894/1525/1391 2892/5112/3466 2812/5115/3468
f 2891/5420/1385 2893/1459/1353 1363/1458/1352 2742/1417/1330
f 2894/5421/1391 2891/5420/1385 2742/1417/1330 1137/1419/944
f 2705/839/910 1140/5422/946 1111/840/911
f 1137/1419/944 2715/5155/950 2892/5154/3466 2894/5421/1391
f 894/5423/3586 2889/5424/3587 2901/5417/3585 2899/5416/3584
f 899/826/899 2898/829/902 2813/5012/3401 2733/5275/3538
f 2768/1508/1380 2896/5228/3501 940/536/689 937/535/688
f 2895/5364/3581 1452/5363/3580 1016/5425/3491
f 2896/5234/3501 1102/5233/3503 2856/5367/3582
f 2896/5426/3501 2895/5427/3581 942/5428/696
f 894/4735/1356 896/4729/1359 2575/4733/3289 2579/4736/3291
f 2889/5424/3587 892/5429/3588 2897/5430/915 2901/5417/3585
f 2888/5431/900 894/5432/3586 2899/5433/3584 2900/5434/901
f 2902/5435/783 2904/5418/782 2901/5417/3585 2897/5430/915
f 2905/5436/1349 2906/5437/1348 2900/5434/901 2899/5433/3584
f 2905/1453/1349 2904/5438/782 1006/1451/781
f 2903/5439/1351 2890/5011/1354 2813/5012/3401 2898/829/902
f 2906/5440/1348 2903/5439/1351 2898/829/902 2900/828/901
f 2897/845/915 892/5441/3588 891/5442/3589 2914/846/916
f 887/5443/3590 885/5444/3591 2911/5445/3592 2912/5446/3593
f 889/5447/3594 887/5443/3590 2912/5446/3593 2913/5448/3595
f 885/5444/3591 883/5449/3596 2910/5450/3597 2911/5445/3592
f 891/5442/3589 889/5451/3594 2913/5452/3595 2914/846/916
f 879/5453/3598 877/5454/3599 2907/5455/3600 2908/5456/3601
f 883/5449/3596 881/5457/3602 2909/5458/3603 2910/5450/3597
f 881/5459/3602 879/5460/3598 2908/5461/3601 2909/5462/3603
f 2916/843/914 2914/846/916 2913/5452/3595 2917/5463/3604
f 2917/5464/3604 2913/5448/3595 2912/5446/3593 2918/5465/3605
f 2918/5465/3605 2912/5446/3593 2911/5445/3592 2919/5466/3606
f 2919/5466/3606 2911/5445/3592 2910/5450/3597 2920/5467/3607
f 2920/5467/3607 2910/5450/3597 2909/5458/3603 2921/5468/3608
f 2921/5469/3608 2909/5462/3603 2908/5461/3601 2922/5470/3609
f 2922/5471/3609 2908/5456/3601 2907/5455/3600 2923/5472/1007
f 1000/5473/3610 2922/5474/3609 2923/5475/1007 1001/5476/1009
f 1005/5477/3611 2921/5478/3608 2922/5474/3609 1000/5473/3610
f 1003/5479/3612 2920/5480/3607 2921/5478/3608 1005/5477/3611
f 1002/5481/3613 2919/5482/3606 2920/5480/3607 1003/5479/3612
f 999/5483/3614 2918/5484/3605 2919/5482/3606 1002/5481/3613
f 998/1543/1404 2917/5485/3604 2918/5484/3605 999/5483/3614
f 1004/1545/1360 2916/5486/914 2917/5485/3604 998/1543/1404
f 1004/1545/1360 1007/640/784 2902/639/783 2916/5486/914
f 1360/5487/1328 2662/5488/3383 1262/5489/1174 1089/5490/886
f 2710/5491/3615 3784/5492/3616 3783/5493/3617
f 1148/898/958 2931/5494/1485 2928/5495/1398
f 1148/898/958 1120/5496/728 2927/5497/928
f 1117/5498/925 2924/1597/924 2933/1600/1446 3066/5499/3618
f 1000/5500/3610 2925/5501/923 2932/5502/1400 1005/5503/3611
f 1003/5504/3612 2929/5505/1403 2926/5506/1399 1002/5507/3613
f 1005/5503/3611 2932/5502/1400 2929/5505/1403 1003/5504/3612
f 1002/5507/3613 2926/5506/1399 2930/5508/1397 999/5509/3614
f 999/5509/3614 2930/5508/1397 2928/1668/1398 998/1669/1404
f 1000/5500/3610 1001/5510/1009 2924/5511/924 2925/5501/923
f 3018/5512/3619 3076/5513/1451 3077/5514/1062 3062/5515/3620
f 2927/5516/928 1120/584/728 2666/1480/1368 1362/5517/1362
f 1148/898/958 2927/5497/928 2931/5494/1485
f 1149/5518/1089 2939/5519/1450 2999/5520/1452
f 2936/895/956 1151/5521/961 2743/5191/964
f 2935/891/954 2736/890/725 1120/5496/728 1148/898/958
f 2937/894/955 2935/891/954 1147/897/957 3007/5522/3621
f 1149/1074/1089 3929/1077/1092 3936/5172/3483 2936/5171/956
f 2937/894/955 1142/893/947 2738/5174/949
f 2938/5523/1060 3008/5524/1059 3007/5525/3621 1147/5526/957
f 3066/5527/3618 2971/5528/2959 1185/5529/3622 1117/5530/925
f 2942/1591/1440 2941/1590/1438 1156/920/971 1157/923/974
f 2941/1587/1438 2940/1586/1437 1160/924/975 1156/927/971
f 2975/5531/1158 3086/5532/3623 3096/1611/1454 1243/1610/1453
f 3130/5533/1073 3045/5534/3624 3012/5535/3625 3131/5536/3626
f 1241/5537/1157 3098/5538/3627 3086/5539/3623 2975/5540/1158
f 2944/922/973 2946/921/972 1159/5541/977 1158/5542/980
f 2946/926/972 2947/925/976 1161/5543/981 1159/5544/977
f 3066/5545/3618 2933/5546/1446 2951/5547/1032 1183/5548/3628
f 2948/1582/1433 2949/3675/1074 1239/5549/1155 1251/5550/1154
f 2943/1153/1149 1249/1152/1148 1250/5551/1151
f 2951/5547/1032 2950/5552/1027 1183/5548/3628
f 1387/1583/1434 2948/1582/1433 1251/5550/1154
f 2952/5553/1026 2969/999/1036 2915/1002/1039 1183/5548/3628
f 2950/5552/1027 2952/5553/1026 1183/5548/3628
f 2951/995/1032 2933/5554/1446 1176/5555/1445 1179/5556/3629
f 2958/1146/1144 3258/1145/1143 1245/1922/1145
f 2956/996/1033 2951/995/1032 1179/5556/3629
f 2955/934/978 2953/933/982 1164/940/987 1163/943/983
f 3107/1596/1443 2962/1595/1025 1180/5557/1024 3108/5558/3630
f 2954/930/979 2955/929/978 1163/936/983 1162/939/986
f 2957/1120/1123 1250/1155/1151 3259/1121/1124
f 2985/5559/3631 3100/5560/3632 3098/5538/3627 1241/5537/1157
f 2961/938/985 2959/937/984 1166/944/989 1165/947/992
f 2952/989/1026 2962/988/1025 1182/5561/1442
f 2960/1162/1131 2958/1161/1144 1245/1148/1145 1242/1147/1133
f 2959/942/984 2945/941/988 1167/948/993 1166/951/989
f 3108/5562/3630 3109/5563/3633 3051/5564/3634 3031/5565/3635
f 3058/5566/3636 3100/5567/3632 3087/5568/3637 3039/5569/3638
f 1248/5570/3639 2967/1921/1146 3263/1920/1697 3254/5571/2065
f 3109/5563/3633 3110/5572/3640 3028/5573/3641 3051/5564/3634
f 2964/5574/1019 2969/5575/1036 2952/989/1026 1182/5561/1442
f 2965/5576/990 2963/5577/994 1170/956/999 1169/959/995
f 2968/1150/1147 2967/1149/1146 1248/5578/3639 1243/5579/1453
f 2971/5528/2959 2974/5580/1047 1187/5581/3642 1185/5529/3622
f 1225/5582/3643 2987/5583/3644 3093/5584/3645 3087/5585/3637
f 2966/5586/991 2965/5587/990 1169/952/995 1168/955/998
f 3254/5588/2065 3263/5589/1697 3261/5590/3646
f 2964/5574/1019 1177/5591/1017 2969/5575/1036
f 2973/5592/1048 2972/5593/1037 1178/5594/3647 2983/5595/3648
f 2972/5593/1037 2969/5575/1036 1177/5591/1017 2978/5596/1016
f 2977/958/996 2979/957/1000 1173/964/1005 1172/967/1001
f 2971/4114/2959 3066/5545/3618 1183/5548/3628 2915/1002/1039
f 3061/5597/3649 3093/5598/3645 3090/5599/3650 3023/5600/3651
f 2978/5596/1016 1178/5594/3647 2972/5593/1037
f 3110/5601/3640 1179/5602/3629 1176/5603/1445 3111/5604/3652
f 2980/5605/1159 2975/5606/1158 1243/5579/1453 1248/5578/3639
f 2982/962/1003 2981/961/1002 1174/1141/1139 1133/1140/1138
f 2981/966/1002 2984/965/1006 1175/5607/3653 1174/5608/1139
f 2983/5595/3648 1181/5609/3654 2973/5592/1048
f 3113/974/1013 3057/973/1012 3022/5610/1449 3102/5611/1448
f 3023/5600/3651 3090/5599/3650 3091/5612/3655 3060/5613/3656
f 1241/5614/1157 1227/5615/1156 2985/5616/3631
f 1225/5617/3643 2985/5616/3631 1227/5615/1156 1226/5618/2703
f 3007/5619/3621 1149/5620/1089 2936/5621/956 2937/5622/955
f 2944/5623/3657 3047/5624/3658 3027/5625/3659 1157/5626/3660
f 1226/5618/2703 2987/5627/3644 1225/5617/3643
f 2990/4747/3295 2986/4746/1140 1174/5608/1139 1175/5607/3653
f 3044/5628/3661 3060/5613/3656 3091/5612/3655 3079/5629/1063
f 2992/5630/1077 2998/5631/1071 1193/5632/2731 1192/5633/2736
f 2999/5634/1452 2992/5630/1077 1192/5633/2736 1191/5635/1090
f 2997/5636/3662 2987/5627/3644 1226/5618/2703 1197/5637/2732
f 2996/5638/1064 2997/5636/3662 1197/5637/2732
f 2998/5631/1071 2993/5639/1069 1194/5640/2730 1193/5632/2731
f 2994/5641/1067 2995/5642/1065 1196/5643/2734 1195/5644/2735
f 2995/5642/1065 2996/5638/1064 1197/5637/2732 1196/5643/2734
f 2993/5645/1069 2994/5646/1067 1195/5647/2735 1194/5648/2730
f 3000/1028/1058 2970/1027/1046 2973/5592/1048 1181/5609/3654
f 2989/4750/3296 2991/5649/1387 2583/4745/2695 1134/4744/3294
f 3001/5650/938 3004/5651/932 1123/5652/3663 1130/5653/3664
f 3005/5654/940 3001/5650/938 1130/5653/3664 1132/5655/3665
f 3004/5651/932 3002/5656/931 1124/5657/3666 1123/5652/3663
f 3002/5656/931 2582/5658/1388 2581/5659/3297 1124/5657/3666
f 3003/5660/936 3006/5661/935 1128/5662/3667 1127/5663/3668
f 3006/5661/935 3005/5654/940 1132/5655/3665 1128/5662/3667
f 2934/5664/1447 2938/5523/1060 1147/5526/957 1148/5665/958
f 1135/5666/920 3067/5667/919 2934/5668/1447
f 3007/5525/3621 3008/5524/1059 2939/5669/1450 1149/5670/1089
f 3063/1022/1053 3041/5671/1051 3074/5672/1050 3117/1023/1054
f 1167/5673/3669 3034/1136/1135 3053/1139/1137 2963/5674/3670
f 1187/5581/3642 2974/5580/1047 2970/1027/1046 1186/1026/1057
f 1184/1013/1045 3010/5675/3671 1190/1529/1393
f 1191/5676/1090 1149/5518/1089 2999/5520/1452
f 1126/5677/3672 3017/5678/3673 3024/5679/3674 1136/5680/3675
f 1133/5681/3676 2988/5682/3677 3059/1071/1086 3022/1606/1449
f 2954/5683/3678 3051/5564/3634 3028/5573/3641 1158/5684/3679
f 1188/1530/1394 2580/5685/1389 1121/1014/930
f 2982/5686/3680 3057/973/1012 3037/972/1011 1171/5687/3681
f 2988/5688/1390 2580/4739/1389 3011/1555/1411 1189/1554/1410
f 2989/5689/3682 1134/5690/3683 3023/5600/3651 3060/5613/3656
f 1146/5691/3684 3026/1552/1409 3040/1551/1408 1184/5692/3685
f 1133/5693/3676 3022/5610/1449 3057/973/1012 2982/5686/3680
f 2953/5694/3686 3050/1126/1128 3032/1129/1130 1164/5695/3687
f 1160/5696/3688 3029/1109/1113 3049/1108/1112 2947/5697/3689
f 2990/5698/3690 1175/5699/3691 3039/5569/3638 3061/5700/3649
f 1173/5701/3692 3038/5702/3693 3058/5566/3636 2984/5703/3694
f 2940/5704/3695 3045/5534/3624 3029/1109/1113 1160/5696/3688
f 2945/5705/3696 3048/5706/3697 3034/1136/1135 1167/5673/3669
f 3009/5707/3698 1188/5708/3699 3041/5671/1051 3063/1022/1053
f 2966/5709/3700 1168/5710/3701 3035/5711/3702 3054/986/1023
f 1146/5691/3684 1145/5712/3703 3025/887/952 3026/1552/1409
f 2961/5713/3704 3052/5714/3705 3031/5715/3635 1162/5716/3706
f 3010/5717/3707 1184/5692/3685 3040/1551/1408 3064/5718/1396
f 1164/5695/3687 3032/1129/1130 3048/5706/3697 2945/5705/3696
f 1128/5719/3708 1132/5720/3709 3021/5721/3710 3019/5722/3711
f 2954/5683/3678 1162/5723/3706 3031/5565/3635 3051/5564/3634
f 1123/5724/3712 1124/5725/3713 3016/5726/3714 3015/5727/3715
f 1170/5728/3716 3036/5729/3717 3056/5730/3718 2979/5731/3719
f 1188/5732/3699 1190/5733/3720 3043/1021/1052 3041/1020/1051
f 1190/5733/3720 3010/5734/3707 3064/1532/1396 3043/1021/1052
f 2976/5735/3721 1171/5687/3681 3037/972/1011 3055/976/1015
f 2961/5713/3704 1165/5736/3722 3033/985/1022 3052/5714/3705
f 2984/5703/3694 3058/5566/3636 3039/5569/3638 1175/5699/3691
f 2944/5623/3657 1158/5684/3679 3028/5573/3641 3047/5624/3658
f 2963/5674/3670 3053/1139/1137 3036/5737/3717 1170/5738/3716
f 3003/5739/3723 1127/5740/3724 3018/5512/3619 3062/5515/3620
f 2988/5682/3677 1189/5741/3725 3042/1025/1056 3059/1071/1086
f 1134/5690/3683 2990/5742/3690 3061/5597/3649 3023/5600/3651
f 1124/5725/3713 2581/5743/3726 3044/5744/3661 3016/5726/3714
f 1114/5745/3727 1136/5746/3675 3024/5747/3674 3014/5748/3728
f 1132/5720/3709 1130/5749/3729 3020/5750/3730 3021/5721/3710
f 1130/5749/3729 1123/5724/3712 3015/5727/3715 3020/5750/3730
f 1115/5751/3731 1114/5752/3727 3014/5753/3728 3013/888/953
f 1115/5751/3731 3013/888/953 3025/887/952 1145/5712/3703
f 1189/5741/3725 3009/5707/3698 3063/1022/1053 3042/1025/1056
f 870/5754/3732 3012/5535/3625 3045/5534/3624 2940/5704/3695
f 3003/5739/3723 3062/5515/3620 3017/5678/3673 1126/5677/3672
f 2942/5755/3733 1157/5626/3660 3027/5625/3659 3046/5756/3734
f 2989/5689/3682 3060/5613/3656 3044/5628/3661 2581/5757/3726
f 2966/5709/3700 3054/986/1023 3033/985/1022 1165/5736/3722
f 2976/5735/3721 3055/976/1015 3035/5758/3702 1168/5759/3701
f 2979/5731/3719 3056/5730/3718 3038/5702/3693 1173/5701/3692
f 1161/5760/3735 2947/5697/3689 3049/1108/1112 3030/1123/1126
f 2942/5755/3733 3046/5756/3734 2907/5761/3600 877/5762/3599
f 1127/5763/3724 1128/5764/3708 3019/5765/3711 3018/5766/3619
f 1161/5760/3735 3030/1123/1126 3050/1125/1128 2953/5767/3686
f 3111/5768/3652 3114/5769/3736 3027/5625/3659 3047/5624/3658
f 3065/1598/1444 2924/1597/924 1001/5770/1009
f 3114/5771/3736 3065/5772/1444 1001/5773/1009 3101/5774/1008
f 3070/5775/1395 3075/5776/1407 1116/5777/926 1117/5778/925
f 1386/1584/1435 1387/1583/1434 1249/1152/1148
f 1237/1154/1150 2943/5779/1149 1250/1155/1151
f 3064/5718/1396 3040/1551/1408 3075/1550/1407 3070/5780/1395
f 1116/5777/926 3075/5776/1407 3073/1549/1406 1143/1548/1401
f 3025/887/952 3071/886/951 3073/1553/1406 3026/1552/1409
f 1117/5781/925 1185/5782/3622 3072/5783/1049 3070/5784/1395
f 1185/5782/3622 1187/5785/3642 3074/5786/1050 3072/5783/1049
f 1144/1547/1402 3071/1546/951 3069/873/943 1112/872/942
f 3014/5753/3728 3068/5787/922 3069/889/943 3013/888/953
f 3024/5747/3674 3067/5788/919 3068/5789/922 3014/5748/3728
f 3078/5790/1061 3067/5791/919 3024/5679/3674 3017/5678/3673
f 3077/1032/1062 3076/5792/1451 2939/5793/1450 3008/1029/1059
f 3077/5514/1062 3078/5790/1061 3017/5678/3673 3062/5515/3620
f 3018/5766/3619 3019/5765/3711 3084/5794/1078 3076/5795/1451
f 3021/5721/3710 3083/5796/1072 3084/5797/1078 3019/5722/3711
f 3020/5750/3730 3082/5798/1070 3083/5796/1072 3021/5721/3710
f 3015/5727/3715 3081/5799/1068 3082/5798/1070 3020/5750/3730
f 3016/5726/3714 3080/5800/1066 3081/5799/1068 3015/5727/3715
f 3044/5744/3661 3079/5801/1063 3080/5800/1066 3016/5726/3714
f 3090/5802/3650 3093/5584/3645 2987/5583/3644 2997/5803/3662
f 3089/5804/1132 3085/1137/1134 3034/1136/1135 3048/5706/3697
f 3099/1132/1129 3097/5805/1127 2957/5806/1123 1236/1133/1122
f 3079/5807/1063 3091/5808/3655 2996/5809/1064
f 3098/5810/3627 3100/5567/3632 3058/5566/3636 3038/5702/3693
f 3087/5585/3637 3100/5560/3632 2985/5559/3631 1225/5582/3643
f 3094/5811/1114 3088/1046/1076 1238/1045/1075 2943/5812/1149
f 3096/5813/1454 3086/5814/3623 3056/5730/3718 3036/5729/3717
f 3086/5814/3623 3098/5810/3627 3038/5702/3693 3056/5730/3718
f 3099/1128/1129 3089/5804/1132 3048/5706/3697 3032/1129/1130
f 3092/1612/1136 3085/1135/1134 1242/1134/1133 2968/1613/1147
f 3091/5808/3655 3090/5802/3650 2997/5803/3662 2996/5809/1064
f 3095/5815/1125 3094/5811/1114 2943/5812/1149 1237/5816/1150
f 3092/1138/1136 3096/5817/1454 3036/5737/3717 3053/1139/1137
f 3087/5568/3637 3093/5818/3645 3061/5700/3649 3039/5569/3638
f 3097/5805/1127 3095/5815/1125 1237/5816/1150 2957/5806/1123
f 1176/5819/1445 3065/5820/1444 3114/5821/3736 3111/5822/3652
f 3028/5573/3641 3110/5572/3640 3111/5768/3652 3047/5624/3658
f 2956/5823/1033 1179/5602/3629 3110/5601/3640 3109/5824/3633
f 1180/5557/1024 2956/5823/1033 3109/5824/3633 3108/5558/3630
f 3052/5714/3705 3107/5825/1443 3108/5826/3630 3031/5715/3635
f 3033/985/1022 3106/984/1021 3107/5825/1443 3052/5714/3705
f 2964/981/1019 1182/1594/1442 3106/1593/1021 3105/982/1020
f 3035/5711/3702 3104/5827/1018 3105/983/1020 3054/986/1023
f 3055/976/1015 3103/975/1014 3104/5828/1018 3035/5758/3702
f 1178/5829/3647 2978/978/1016 3103/977/1014 3112/5830/1010
f 1178/5829/3647 3112/5830/1010 3113/5831/1013 2983/5832/3648
f 3027/5625/3659 3114/5769/3736 3101/5833/1008 3046/5756/3734
f 2907/5761/3600 3046/5756/3734 3101/5833/1008 2923/5834/1007
f 2983/5832/3648 3113/5831/1013 3102/5835/1448 1181/5836/3654
f 3116/5837/1055 3117/5838/1054 1187/5785/3642 1186/5839/1057
f 3102/5835/1448 3115/5840/1085 3000/5841/1058 1181/5836/3654
f 3117/5838/1054 3074/5786/1050 1187/5785/3642
f 3115/5840/1085 3116/5837/1055 1186/5839/1057 3000/5841/1058
f 2759/5200/3415 3120/5842/3405 2895/5843/3581 1016/5844/3491
f 3122/5212/803 1032/688/825 1020/687/806
f 3118/5302/3561 3121/5301/3560 2786/5326/3575 947/5325/3574
f 2895/5843/3581 3120/5842/3405 2677/5845/697 942/5846/696
f 3118/5021/3406 3120/5020/3405 2759/5037/3415 2756/5036/3414
f 3121/5301/3560 3119/5412/804 2876/5410/805 2786/5326/3575
f 3119/660/804 3122/659/803 1020/662/806 2876/661/805
f 1405/5847/3737 1442/5848/3738 3129/5849/3739 3125/5850/3740
f 1442/5848/3738 1439/5851/3741 3128/5852/3742 3129/5849/3739
f 1439/5851/3741 1433/5853/3743 3127/5854/3744 3128/5852/3742
f 1433/5853/3743 1432/5855/3745 3126/5856/3746 3127/5854/3744
f 1432/5855/3745 3234/5857/3747 3233/5858/3748 3126/5856/3746
f 871/5859/3749 1405/5847/3737 3125/5850/3740 3123/5860/3750
f 870/5861/3732 871/5859/3749 3123/5860/3750 3012/5862/3625
f 3131/5863/3626 3012/5862/3625 3123/5860/3750 3132/5864/3751
f 3133/5865/3752 3132/5864/3751 3123/5860/3750 3125/5850/3740
f 3134/5866/3753 3133/5865/3752 3125/5850/3740 3129/5849/3739
f 3134/5866/3753 3129/5849/3739 3128/5852/3742 3135/5867/3754
f 3135/5867/3754 3128/5852/3742 3127/5854/3744 3136/5868/3755
f 3136/5868/3755 3127/5854/3744 3126/5856/3746 3137/5869/3756
f 3137/5869/3756 3126/5856/3746 3233/5858/3748 3232/5870/3757
f 1434/5871/3758 3137/5872/3756 3232/5873/3757 1461/5874/1568
f 1407/5875/1488 3136/5876/3755 3137/5872/3756 1434/5871/3758
f 1408/5877/1491 3135/5878/3754 3136/5876/3755 1407/5875/1488
f 1418/5879/1500 3134/5880/3753 3135/5878/3754 1408/5877/1491
f 1418/5879/1500 1419/5881/1503 3133/5882/3752 3134/5880/3753
f 1419/5881/1503 1240/5883/1152 3132/5884/3751 3133/5882/3752
f 1239/5885/1155 3131/5886/3626 3132/5884/3751 1240/5883/1152
f 2949/1044/1074 3130/1043/1073 3131/5887/3626 1239/5888/1155
f 3045/5534/3624 3130/5533/1073 3088/1110/1076 3029/1109/1113
f 1507/998/1035 2324/994/1031 3144/4126/2965 3145/4125/2964
f 3139/5068/2092 1590/5070/1806 2693/5073/3439 2704/5069/3437
f 3140/1917/1694 3143/1916/1693 1506/5889/3759 2327/5890/3760
f 3143/1955/1693 1378/1954/1426 1506/5891/3759
f 3144/4126/2965 3141/4129/2968 2328/5892/3761 2329/4127/2966
f 3141/4327/2968 3142/4326/2969 2395/5893/3762 2328/5894/3761
f 3142/4133/2969 3140/4132/1694 2327/5895/3760 2395/5896/3762
f 1508/5897/2093 3139/5898/2092 3145/5899/3763
f 3146/4759/3305 3148/4758/3304 2329/4127/2966 2328/5892/3761
f 3148/4758/3304 3147/4761/3307 1508/4128/2967 2329/4127/2966
f 3150/5045/3300 3146/5044/3305 2328/5894/3761 2395/5893/3762
f 1506/5889/3759 3149/5900/3301 2327/5890/3760
f 3149/4755/3301 3150/4754/3300 2395/5896/3762 2327/5895/3760
f 3152/2478/2091 2589/3655/2712 1590/3654/1806
f 1524/5901/3764 2589/3655/2712 2588/5902/3765
f 2589/3655/2712 1524/5901/3764 1523/3653/1805
f 1524/5903/3766 2588/4760/3306 2585/4757/3303 3151/5904/3767
f 3152/2478/2091 3147/2477/2090 2588/5902/3765 2589/3655/2712
f 2587/5905/3298 3189/5906/3768 3190/5907/3769
f 1518/5908/3770 2590/5909/2334 3159/5910/3771
f 1539/2815/1726 1374/1642/1475 1383/1641/1430 1703/2816/2005
f 1378/1954/1426 3189/5911/3768 1506/5891/3759
f 2590/5909/2334 1517/5912/2314 3158/5913/3772
f 3200/5914/3773 3153/5915/3774 3160/5916/3775 1447/5917/3776
f 3745/1743/1531 1448/5918/3777 3153/5919/3774 3782/5920/3778
f 1520/5921/1730 1540/5922/1729 3154/5923/1736 3157/5924/3779
f 3157/5925/3779 3154/1971/1736 3156/1970/1735
f 2192/5926/3780 3168/3862/2016 3164/3865/1732 1542/5927/1737
f 1704/5928/2006 1705/5929/2266 2192/5930/3780 3166/5931/2828
f 3159/5910/3771 2590/5909/2334 3158/5913/3772
f 1711/2811/2021 1714/2337/2007 1715/2340/2010
f 1519/1973/1738 1542/1972/1737 3164/1967/1732 3162/5932/3781
f 3162/5932/3781 3164/1967/1732 3163/1966/1731
f 3177/5933/3782 3178/5934/3783 3172/5935/2032 3151/5904/3767
f 2590/5936/2334 3237/5937/3784 3236/5938/3423 1670/5939/2335
f 1517/5940/3785 1521/5941/3786 3171/5942/3787 3167/5943/3788
f 1705/5929/2266 1709/2347/2014 3168/2349/2016 2192/5930/3780
f 3154/5944/1736 3166/5945/2828 2192/5926/3780 1542/5927/1737
f 3166/5931/2828 1540/5946/1729 1704/5928/2006
f 1524/5903/3766 3151/5904/3767 3172/5935/2032 1523/5947/2031
f 1447/5948/3789 3160/5949/3790 3175/5950/3791 3165/5951/3792
f 1521/5941/3786 1515/5952/3793 3155/5953/3794 3171/5942/3787
f 3161/5954/3795 1518/5955/3796 3170/5956/3797 3176/5957/3798
f 1515/5952/3793 1514/2372/2030 3169/2375/2033 3155/5953/3794
f 1517/5958/3785 3167/5959/3788 3173/2999/2374 3158/2998/2373
f 3160/5949/3790 3161/5954/3795 3176/5957/3798 3175/5950/3791
f 1518/5960/3796 3159/3001/2376 3174/3000/2375 3170/5961/3797
f 3178/5962/3783 3179/5963/3799 3169/2375/2033 3172/2374/2032
f 3180/5964/3800 3155/5953/3794 3169/2375/2033 3179/5963/3799
f 3181/5965/3801 3180/5966/3800 1516/5967/1725 1522/5968/1727
f 3181/5969/3801 3182/5970/3802 3167/5943/3788 3171/5942/3787
f 3182/5971/3802 1520/5972/1730 3157/5973/3779 3183/5974/3803
f 3184/5975/3804 3174/3000/2375 3173/2999/2374 3183/5976/3803
f 3185/5977/3805 3170/5961/3797 3174/3000/2375 3184/5975/3804
f 3186/5978/3806 3185/5979/3805 1519/5980/1738 3162/5981/3781
f 3186/5982/3806 3187/5983/3807 3175/5950/3791 3176/5957/3798
f 3187/5983/3807 3188/5984/3808 3165/5951/3792 3175/5950/3791
f 3163/5985/1731 1525/5986/1734 3188/5987/3808 3187/5988/3807
f 3162/5981/3781 3163/5985/1731 3187/5988/3807 3186/5978/3806
f 3176/5957/3798 3170/5956/3797 3185/5989/3805 3186/5982/3806
f 1519/5980/1738 3185/5979/3805 3184/5990/3804 3156/5991/1735
f 3156/5991/1735 3184/5990/3804 3183/5974/3803 3157/5973/3779
f 3167/5959/3788 3182/5992/3802 3183/5976/3803 3173/2999/2374
f 1522/5968/1727 1520/5972/1730 3182/5971/3802 3181/5965/3801
f 3171/5942/3787 3155/5953/3794 3180/5964/3800 3181/5969/3801
f 1516/5967/1725 3180/5966/3800 3179/5993/3799 1399/5994/1728
f 1398/5995/1473 1399/5994/1728 3179/5993/3799 3178/5996/3783
f 1397/5997/1474 1398/5998/1473 3178/5999/3783 3177/6000/3782
f 2584/4756/3302 3177/5933/3782 3151/5904/3767 2585/4757/3303
f 3189/5911/3768 1378/1954/1426 1380/1640/1427 1397/1639/1474
f 2586/6001/3299 2587/6002/3298 3190/6003/3769
f 2584/6004/3302 2586/6001/3299 3190/6003/3769
f 2584/6004/3302 3190/6003/3769 1397/5997/1474 3177/6000/3782
f 3190/5907/3769 3189/5906/3768 1397/6005/1474
f 2587/5905/3298 3149/5900/3301 1506/5889/3759 3189/5906/3768
f 2191/2348/2015 1709/2347/2014 3192/2356/2023
f 3195/6006/3809 3194/6007/3810 3207/6008/3811 3208/6009/3812
f 1694/2316/1993 1586/2315/1992 3193/6010/1990 1695/6011/1989
f 3200/6012/3773 1447/6013/3776 3194/2942/2336 3193/2313/1990
f 1541/1968/1733 3199/2324/1998 3198/6014/3813
f 3194/6007/3810 1447/6015/3789 3165/6016/3792 3207/6008/3811
f 1695/6017/3814 3196/6018/3815 3209/6019/3816 3206/6020/2816
f 3196/6018/3815 3195/6006/3809 3208/6009/3812 3209/6019/3816
f 1525/1969/1734 1541/1968/1733 3197/6021/3817
f 3193/2313/1990 3195/2943/2337 3196/2314/1991
f 2454/3383/2596 2455/3386/2598 3204/4355/2098 3203/4354/3089
f 2453/6022/3818 2454/6023/2596 3203/4352/3089 3202/4349/3086
f 1587/6024/3819 2453/6022/3818 3202/4349/3086 3201/4348/3085
f 2455/6025/2598 1615/2486/1938 3204/2485/2098
f 3757/2085/1801 1587/2088/1804 3201/2482/2095 3765/2481/2094
f 3197/6021/3817 1541/1968/1733 3198/6014/3813
f 3165/6016/3792 3188/6026/3808 3210/6027/3820 3207/6008/3811
f 3208/6009/3812 3207/6008/3811 3210/6027/3820 3205/6028/3821
f 3208/6009/3812 3205/6028/3821 3212/6029/3822 3209/6019/3816
f 3191/6030/1997 3211/6031/2817 3212/6032/3822 3199/6033/1998
f 1329/6034/3823 3214/1751/1539 3213/4080/2941 1330/6035/3824
f 3212/6032/3822 3205/6036/3821 3198/6037/3813 3199/6033/1998
f 3212/6029/3822 3211/6038/2817 3206/6020/2816 3209/6019/3816
f 3210/6039/3820 3188/5987/3808 1525/5986/1734 3197/6040/3817
f 3205/6036/3821 3210/6039/3820 3197/6040/3817 3198/6037/3813
f 1454/6041/3825 3215/1747/1535 3217/3648/1536 1457/6042/3826
f 1333/6043/1566 1461/6044/1568 3463/6045/1561 3459/6046/1252
f 1457/6047/3826 3217/1748/1536 3214/1751/1539 1329/6034/3823
f 1453/6048/2320 3216/1744/1532 3215/1747/1535 1454/6041/3825
f 1455/1759/1547 2286/6049/1246 3223/4085/1245 3218/4083/2944
f 2281/1746/1534 2282/1745/1533 3221/4084/2945 3218/4083/2944
f 1331/4079/2940 2280/1750/1538 3222/1312/1248 3220/4081/2942
f 3480/6050/2939 3475/6051/3827 3478/6052/3828 3481/6053/3829
f 1334/6054/1571 1333/6043/1566 3471/6055/1251 3458/6056/1557
f 2283/1749/1537 3223/1309/1245 3222/1312/1248 2280/1750/1538
f 2286/1310/1246 3227/4089/1550 3224/1763/1551 1458/1311/1247
f 1477/6057/3830 1462/6058/1572 3464/6059/1596 3461/6060/3831
f 1458/1311/1247 3224/1763/1551 3225/1766/1554 1332/4082/2943
f 1455/1759/1547 3226/1758/1546 3227/1762/1550 2286/6049/1246
f 1437/6061/3832 3228/6062/3833 3438/6063/3834 3437/1760/1548
f 2285/4090/1549 3231/1752/1540 3229/1755/1543 1459/1764/1552
f 1435/6064/1516 3392/6065/2946 3230/6066/1517
f 3232/6067/3757 3233/6068/3748 3124/1771/1559 3138/1774/1562
f 1461/6069/1568 3232/6070/3757 3138/6071/1562
f 3233/6068/3748 3234/6072/3747 1330/6073/3835 3124/1771/1559
f 3236/5938/3423 3237/5937/3784 3153/6074/3774 1448/6075/3777
f 3237/5937/3784 3161/6076/3836 3160/5916/3775 3153/5915/3774
f 3240/4594/3220 3238/4593/1713 2489/6077/1716 2488/6078/3203
f 3244/4584/3218 3239/4583/3217 2486/6079/3198 1533/6080/3197
f 3238/6081/1713 3243/6082/1712 1534/1944/1717 2489/1943/1716
f 3242/6083/1754 2276/2475/2084 3955/6084/1767 1550/6085/1748
f 3239/4583/3217 3241/4586/3219 2487/6086/3201 2486/6079/3198
f 3243/6087/1712 3242/6088/1754 1550/6089/1748 1534/6090/1717
f 3241/4590/3219 3240/4589/3220 2488/6091/3203 2487/6092/3201
f 3525/2937/2332 3235/6093/3424 2710/6094/3615 1451/6095/3464
f 3234/6096/2326 3247/6097/3837 1329/6034/3823 1330/6035/3824
f 3246/6098/3838 1453/6048/2320 1454/6041/3825
f 3247/6097/3837 3245/6099/3839 1457/6047/3826 1329/6034/3823
f 3245/6100/3839 3246/6098/3838 1454/6041/3825 1457/6042/3826
f 3432/1818/1604 3431/1786/1573 1462/1785/1572 1477/6101/3830
f 3286/6102/1564 3405/6103/3840 3403/6104/2707 3280/6105/2706
f 3294/6106/3841 1412/6107/3842 1411/1677/1493 3293/1676/1492
f 3294/6108/3841 3248/6109/1565 1463/6110/3843
f 3249/6111/2702 3260/6112/2727 1232/6113/1121
f 3250/6114/2733 3249/6111/2702 1232/6113/1121 2131/6115/3844
f 3368/1888/1670 3369/6116/3845 3352/6117/3846 3356/1889/1671
f 1196/6118/2734 3250/6114/2733 2131/6115/3844 1224/6119/1110
f 3257/3634/2701 3255/3633/2705 1416/6120/2698 2132/6121/3847
f 1411/6122/1493 1412/6123/3842 3253/6124/3848 2133/6125/3849
f 3274/6126/1624 3314/6127/1623 3308/6128/1643 1483/6129/1626
f 3311/6130/2704 3312/6131/3850 3256/6132/1494 3255/6133/2705
f 1416/6120/2698 1246/6134/3851 2132/6121/3847
f 3254/5588/2065 3261/5590/3646 3262/6135/2699 1235/6136/3852
f 3249/6111/2702 3950/6137/2064 3949/6138/2728 3260/6112/2727
f 3255/6133/2705 3256/6132/1494 1413/3619/1497 1416/3618/2698
f 3254/5571/2065 2980/6139/1159 1248/5570/3639
f 2137/6140/2726 1250/5551/1151 1249/1152/1148 1387/1583/1434
f 1250/1155/1151 1244/1160/1141 3259/1121/1124
f 3258/6141/1143 1247/6142/1142 2132/6143/3847 1246/6144/3851
f 3261/6145/3646 3263/6146/1697 3258/6141/1143 1246/6144/3851
f 3262/6147/2699 3261/6148/3646 1246/6134/3851 1416/6120/2698
f 3295/6149/1646 3269/6150/1636 1488/6151/3853 3291/6152/3854
f 2293/6153/2952 2168/6154/2954 3632/6155/3855 1472/6156/3856
f 3268/6157/3857 3323/6158/1628 3322/6159/3858 1486/6160/3859
f 3268/6161/3857 3267/6162/3860 1490/6163/1654 1485/6164/1653
f 3313/6165/1644 3265/6166/1647 1489/6167/3861 3306/6168/3862
f 3287/6169/1635 2293/6153/2952 1472/6156/3856 3279/6170/3863
f 3314/6127/1623 3270/6171/1632 1484/6172/1648 3308/6128/1643
f 3272/1872/1656 3321/6173/1638 3317/6174/1629 1485/1869/1653
f 3288/6175/1576 3271/6176/3864 1469/6177/2953 3282/6178/1634
f 3296/6179/1631 3273/6180/1577 1468/6181/1637 3289/6182/1645
f 1482/6183/3865 3351/6184/3866 3356/1889/1671 3352/6117/3846
f 1476/6185/1594 3627/6186/1593 3406/6187/3867 3404/6188/3868
f 1465/2319/1996 1479/2322/1600 3400/6189/1603 3399/6190/3869
f 3275/6191/3870 3276/6192/1641 1474/4093/1640 2288/4092/2949
f 1475/1804/1591 3276/6193/1641 2169/1805/1592
f 3275/6194/3870 2288/6195/2949 3439/6196/3871 3436/6197/3872
f 3273/6180/1577 3288/6175/1576 3282/6178/1634 1468/6181/1637
f 3269/6150/1636 3287/6169/1635 3279/6170/3863 1488/6151/3853
f 3248/6109/1565 3286/6102/1564 3280/6105/2706 1463/6110/3843
f 1543/3650/2711 1557/3649/1773 3281/2032/1766 3278/2031/1743
f 1504/4074/2938 1543/4073/2711 3278/6198/1743 3284/6199/1683
f 1499/6200/1584 1504/6201/2938 3284/1905/1683 3283/1904/1665
f 2294/6202/1761 2289/6203/1740 1504/4095/2938 3376/4094/2950
f 1469/4101/2953 2293/4100/2952 3287/1851/1635 3282/1850/1634
f 3420/6204/3873 1464/6205/3874 3423/6206/3875
f 3277/6207/1563 3413/6208/3876 3420/6209/3873 3423/6210/3875
f 3434/2013/1758 1555/2012/1755 1556/1718/1514 1436/6211/3877
f 3270/6171/1632 3296/6179/1631 3289/6182/1645 1484/6172/1648
f 3265/6166/1647 3295/6149/1646 3291/6152/3854 1489/6167/3861
f 3302/1981/1676 3303/1980/1742 1545/1989/1746 1501/1988/1677
f 3248/6212/1565 3294/6106/3841 3293/1676/1492 1410/6213/1489
f 1468/1853/1637 3269/1852/1636 3295/1862/1646 3289/1861/1645
f 1467/1791/1578 3273/1790/1577 3296/1847/1631 3290/1846/1630
f 1467/1825/1609 3290/1828/1612 3361/1831/1615 3357/1826/1610
f 3297/1987/1685 3298/1986/1745 1546/1979/1741 1502/1978/1675
f 3300/1909/1686 3297/1908/1685 1502/1893/1675 1500/1892/1674
f 3298/2027/1745 1560/2026/1764 1559/6214/1785 1546/6215/1741
f 3385/6216/3878 3328/6217/3879 3325/6218/3880 3384/6219/3881
f 3344/6220/2056 3300/6221/1686 1500/6222/1674 3342/6223/3882
f 3292/6224/3883 1463/6225/3843 3373/6226/3884 3372/6227/3885
f 1412/6228/3842 3294/6108/3841 1463/6110/3843 3292/6229/3883
f 1412/6228/3842 3292/6229/3883 1415/6230/3886 3253/6231/3848
f 3304/1895/1669 3302/1894/1676 1501/6232/1677 1496/6233/1658
f 3264/6234/1627 3313/6165/1644 3306/6168/3862 1487/6235/3887
f 2133/6125/3849 3253/6124/3848 3312/6131/3850 3311/6130/2704
f 2133/6236/3849 3311/3632/2704 3544/3635/2700
f 3385/6237/3878 3386/6238/3888 3327/6239/3889 3328/6240/3879
f 1484/1864/1648 3265/1863/1647 3313/1860/1644 3308/1859/1643
f 1480/1849/1633 3270/1848/1632 3314/1839/1623 3305/1838/1622
f 3366/3641/2709 3373/6226/3884 1463/6225/3843 3280/3638/2706
f 3312/6241/3850 3309/6242/3890 1414/1680/1495 3256/1679/1494
f 3342/6223/3882 1500/6222/1674 3304/1885/1669 3345/1884/1668
f 1546/6215/1741 1559/6214/1785 1561/2029/1765 3303/2028/1742
f 1410/6213/1489 3293/1676/1492 1409/1678/1490
f 1561/2029/1765 3315/2405/1747 1545/2030/1746
f 3310/1899/1659 3316/1898/1678 1503/6243/2053 1495/6244/3891
f 3316/1991/1678 3315/1990/1747 1548/6245/2051 1503/6246/2053
f 3386/6238/3888 3387/6247/3892 3326/6248/3893 3327/6239/3889
f 3322/6159/3858 3323/6158/1628 3264/6234/1627 1487/6235/3887
f 3318/1855/1639 3321/1854/1638 3272/6249/1656 1482/6250/3894
f 3317/1845/1629 3323/1844/1628 3268/6161/3857 1485/6164/1653
f 3318/1835/1619 1482/6251/3865 3352/6252/3846 3363/1836/1620
f 3317/6174/1629 3321/6173/1638 3274/6126/1624 1483/6129/1626
f 3346/6253/1660 3310/6254/1659 1495/6255/3891 3341/6256/1947
f 1415/6230/3886 3309/6242/3890 3312/6241/3850 3253/6231/3848
f 3387/6247/3892 3388/4104/2063 3301/4106/2057 3326/6248/3893
f 3325/6257/3880 3328/6258/3879 1493/6259/3895 3320/6260/3896
f 3328/6261/3879 3327/6262/3889 3307/6263/3897 1493/6264/3895
f 3327/6262/3889 3326/6265/3893 1497/6266/3898 3307/6263/3897
f 1487/2414/2061 3329/2413/2060 3338/2422/2067 3322/2421/2066
f 3333/1925/1700 3390/6267/3899 3389/6268/1663 3339/1926/1701
f 3326/6265/3893 3301/6269/2057 1497/6266/3898
f 3330/6270/3900 1491/6271/3901 3267/6272/3860
f 3291/6273/3902 1488/6274/3903 3332/1902/1681 3336/2415/2062
f 3330/6270/3900 3267/6272/3860 3268/6157/3857 1486/6160/3859
f 3291/6273/3902 3336/2415/2062 3334/1866/1650 1489/1865/1649
f 1513/6275/1661 3324/6276/3904 3331/6277/3905 1662/6278/1950
f 1662/2265/1950 3331/6279/3905 1736/2412/2059 1663/2266/1951
f 3331/6279/3905 1494/6280/1946 1661/2410/1949 1736/2412/2059
f 1491/6281/3906 3330/1923/1698 3339/1926/1701 3335/6282/3907
f 3340/6283/3908 3324/6284/3904 3390/6285/3899 3384/6219/3881
f 1494/6286/1946 3340/6287/3908 3325/6288/3880 3320/6289/3896
f 1494/6290/1946 3331/6277/3905 3324/6276/3904 3340/6291/3908
f 3320/6292/3896 3346/6293/1660 3341/6294/1947 1494/6295/1946
f 1497/6296/3898 3342/6297/3882 3345/6298/1668 3307/6299/3897
f 3301/2407/2057 3344/2406/2056 3342/6297/3882 1497/6296/3898
f 3300/6221/1686 3344/6220/2056 3343/1883/1667 1498/1882/1666
f 3307/6299/3897 3345/6298/1668 3299/6300/1657 1493/6301/3895
f 1493/6302/3895 3299/6303/1657 3346/6304/1660 3320/6305/3896
f 3351/6306/3909 1482/6250/3894 3272/6249/1656 1492/6307/1655
f 3347/2433/2041 3348/6308/1948 1495/6255/3891 1722/2431/2070
f 3347/2386/2041 1739/2435/2071 1725/2385/2040
f 3348/6308/1948 3341/6256/1947 1495/6255/3891
f 3349/1880/1664 3391/6309/1585 1499/6310/1584 3283/1881/1665
f 3375/6311/1586 3376/6312/2950 1499/6313/1584
f 3252/6314/2729 3368/6315/1670 3383/6316/1673 3944/6317/3910
f 3351/6184/3866 1492/6318/3911 3354/1890/1672 3356/1889/1671
f 1490/6319/3912 3353/6320/3913 3354/6321/1672 1492/6322/3911
f 1490/6319/3912 3267/6323/3914 3355/6324/3915 3353/6320/3913
f 3267/6323/3914 1491/6325/3906 3335/6326/3907 3355/6324/3915
f 3251/6327/2710 3944/6328/3910 3945/6329/3916 1512/6330/1702
f 3353/6320/3913 3355/6324/3915 3382/6331/3917 3380/6332/3918
f 3943/6333/3919 3382/6334/3917 3381/6335/1662
f 3334/1866/1650 3336/2415/2062 3388/2416/2063 3387/6336/3892
f 3369/6337/3845 3367/6338/3920 3363/1836/1620 3352/6252/3846
f 3365/6339/3921 3367/6340/3920 3319/6341/1496 1414/6342/1495
f 3365/6339/3921 1414/6342/1495 3309/6343/3890 3370/6344/3922
f 3371/6345/3923 3370/6344/3922 3309/6343/3890 1415/6346/3886
f 3371/6347/3923 3372/6348/3885 3361/1831/1615 3358/1830/1614
f 3372/6348/3885 3373/6349/3884 3357/1826/1610 3361/1831/1615
f 3366/6350/2709 3408/6351/2708 3409/6352/3924 3360/1827/1611
f 1560/2071/1764 1566/3636/1772 1581/6353/1794 1576/2068/1788
f 1415/6346/3886 3292/6224/3883 3372/6227/3885 3371/6345/3923
f 3358/1830/1614 3362/1833/1617 3370/6354/3922 3371/6347/3923
f 3359/1837/1621 3365/6355/3921 3370/6354/3922 3362/1833/1617
f 3359/1837/1621 3363/1836/1620 3367/6338/3920 3365/6355/3921
f 1417/1684/1498 3319/1683/1496 3367/6356/3920 3369/6357/3845
f 3360/1827/1611 3357/1826/1610 3373/6349/3884 3366/6350/2709
f 3252/6358/2729 1417/6359/1498 3369/6360/3845 3368/6361/1670
f 1488/6274/3903 3279/6362/3925 3374/1903/1682 3332/1902/1681
f 3343/2409/1667 3266/2408/1680 3395/6363/1679 3349/6364/1664
f 1436/6211/3877 1556/1718/1514 3230/1721/1517
f 3378/6365/3926 1472/6366/3856 3377/6367/3927
f 3279/6368/3863 1472/6369/3856 3378/6370/3926
f 3350/6371/3928 3379/6372/2256 3376/6312/2950 3375/6311/1586
f 3379/2799/2256 1472/6373/3856 3637/2800/2257
f 3376/6374/2950 3379/2799/2256 2292/2017/1762 2294/2016/1761
f 1472/6366/3856 3379/6372/2256 3350/6371/3928 3377/6367/3927
f 3380/6375/3918 3382/6334/3917 3943/6333/3919 3945/6376/3916
f 3380/6332/3918 3383/6377/1673 3354/6321/1672 3353/6320/3913
f 3337/1867/1651 3334/1866/1650 3387/6336/3892 3386/6378/3888
f 3329/2413/2060 3337/1867/1651 3386/6378/3888 3385/6379/3878
f 3329/2413/2060 3385/6379/3878 3384/6380/3881 3338/2422/2067
f 3389/6268/1663 3381/6381/1662 3335/6282/3907 3339/1926/1701
f 3384/6219/3881 3325/6218/3880 3340/6283/3908
f 3381/6382/1662 3382/6331/3917 3355/6324/3915 3335/6326/3907
f 3384/6380/3881 3390/6267/3899 3333/1925/1700 3338/2422/2067
f 3389/1879/1663 3390/6285/3899 3324/6284/3904 1513/1877/1661
f 3374/1903/1682 3279/6362/3925 3378/6383/3926
f 3391/1798/1585 3378/6384/3926 3377/6385/3927
f 3391/1798/1585 3350/6386/3928 3375/1799/1586
f 3374/1903/1682 3378/6383/3926 3395/1900/1679
f 3395/6363/1679 3378/6387/3926 3391/6388/1585 3349/6364/1664
f 3350/6386/3928 3391/1798/1585 3377/6385/3927
f 3216/6389/3929 3477/1949/1722 3476/1952/1724 2282/6390/3930
f 1437/6391/3832 3433/6392/3931 3479/1948/1721 3398/1947/1720
f 1438/6393/1687 3487/6394/1690 3435/6395/3932 3474/6396/3933
f 3394/6397/2951 3393/1911/1688 1438/1910/1687 3228/6398/3833
f 3487/1913/1690 3486/1912/1689 3396/2015/1760 1473/2014/1759
f 3399/6399/3869 3400/1821/1603 3415/1820/1606 3410/6400/3934
f 3401/6401/3935 3402/6402/3936 3417/6403/3937 3422/6404/3938
f 3285/1788/1575 3428/6405/3939 3271/6406/3864 3288/1789/1576
f 3409/6352/3924 3407/6407/3940 3285/1824/1608 3360/1827/1611
f 3408/6408/2708 3403/6409/2707 3414/6410/3941 3364/6411/3942
f 3404/6412/3868 3406/6413/3867 3411/6414/3943
f 3407/6415/3940 3418/6416/3944 3428/6405/3939
f 3452/6417/3945 3404/6418/3868 3876/6419/1607
f 3409/6420/3924 3408/6421/2708 3875/6422/3946
f 3277/6423/1563 1434/6424/3758 3413/6425/3876
f 3403/6409/2707 3405/6426/3840 3412/6427/3947 3414/6410/3941
f 3416/6428/3948 3418/6429/3944 3407/6430/3940 3875/6431/3946
f 3410/6432/3934 3415/6433/1606 3421/6434/3949 3419/6435/3950
f 3364/6436/3942 3414/6437/3941 1466/6438/3951
f 3410/6432/3934 3419/6435/3950 3417/6439/3937
f 3364/6436/3942 1466/6438/3951 3416/6440/3948
f 3418/6429/3944 3416/6428/3948 3411/6414/3943 3406/6413/3867
f 1434/6424/3758 3401/6441/3935 3413/6425/3876
f 3413/6208/3876 3401/6401/3935 3422/6404/3938 3420/6209/3873
f 3415/6433/1606 3411/6442/3943 3421/6434/3949
f 3420/6204/3873 3422/6443/3938 3419/6435/3950 1464/6205/3874
f 3422/6443/3938 3417/6439/3937 3419/6435/3950
f 3419/6444/3950 3421/6445/3949 1466/6446/3951 1464/6447/3874
f 3277/1775/1563 3405/6448/3840 3286/1776/1564
f 3414/6437/3941 3412/6449/3947 1464/6205/3874 1466/6438/3951
f 3412/6427/3947 3405/6426/3840 3277/6207/1563 3423/6210/3875
f 1466/6438/3951 3421/6434/3949 3411/6442/3943 3416/6440/3948
f 1464/6205/3874 3412/6449/3947 3423/6206/3875
f 3401/6450/3935 1434/6451/3758 1461/1781/1568
f 3402/6402/3936 3399/6399/3869 3410/6400/3934 3417/6403/3937
f 3424/6452/3952 3276/1857/1641 3440/6453/3953
f 1478/4111/2957 3462/6454/3954 3468/6455/3955
f 1435/4097/1516 3486/6456/1689 3393/4098/1688
f 3427/1754/1542 3425/1783/1570 1471/1792/1579 3229/1755/1543
f 3454/1795/1582 3467/3035/2397 3461/6457/3831 3445/6458/3956
f 3427/1754/1542 3426/1753/1541 2287/4091/2948 1470/1782/1569
f 3402/6459/3936 3430/6460/1567 1465/6461/1996 3399/6462/3869
f 3641/6463/2827 3643/3602/2688 3555/3601/2687
f 3428/6405/3939 3285/1788/1575 3407/6415/3940
f 3428/6405/3939 3418/6416/3944 3406/6187/3867
f 1461/1781/1568 3430/1780/1567 3402/6464/3936 3401/6450/3935
f 1334/1784/1571 3429/1787/1574 3430/1780/1567 1333/1779/1566
f 3429/6465/1574 1465/6461/1996 3430/6460/1567
f 3429/6465/1574 3431/6466/1573 1465/6461/1996
f 1332/6467/3957 3225/6468/3958 3451/1767/1555 3442/1770/1558
f 1565/6469/1779 1567/2049/1774 1557/2048/1773 1558/6470/1763
f 3481/6053/3829 3478/6052/3828 3476/1952/1724 3482/1951/1723
f 3437/1760/1548 3226/1758/1546 3433/1757/1545 1437/6061/3832
f 3435/6395/3932 3439/6196/3871 2288/6195/2949 2287/6471/2948
f 1472/6156/3856 3632/6155/3855 3637/6472/2257
f 3436/6197/3872 3439/6196/3871 1473/6473/1759 2292/6474/1762
f 3437/1760/1548 3438/6063/3834 3231/6475/1540 2285/1761/1549
f 2514/6476/3224 2515/6477/1588 3489/6478/1587
f 2294/6202/1761 3396/6479/1760 2289/6203/1740
f 3425/1796/1583 3454/1795/1582 3445/6458/3956 1471/6480/3959
f 1331/6481/3960 3441/1313/1249 3449/6482/1560 3213/6483/3961
f 1460/6484/3962 3443/1808/1595 3451/1767/1555 3225/6468/3958
f 1476/6485/3963 3404/6486/3868 3452/6487/3945 3448/6488/3964
f 1331/6481/3960 3220/6489/3965 3450/1314/1250 3441/1313/1249
f 1460/6484/3962 1471/6490/3959 3445/6491/3956 3443/1808/1595
f 3424/6492/3966 3453/6493/3967 3457/6494/3968 3456/6495/3969
f 1332/6496/3957 3442/6497/1558 3450/1314/1250 3220/6489/3965
f 1476/6485/3963 3448/6488/3964 3447/6498/3970 1475/6499/3971
f 1330/6073/3835 3213/6500/3961 3449/1772/1560 3124/1771/1559
f 3424/6492/3966 3440/6501/3972 3455/6502/3973 3453/6493/3967
f 1479/1813/1600 3490/6503/1605 3465/6504/3974 3466/1814/1601
f 3452/6417/3945 3876/6419/1607 3469/6505/1602
f 3440/6453/3953 3276/1857/1641 1475/6506/1591
f 3455/6507/3973 3447/6498/3970 3465/6508/3974 3468/6509/3955
f 3455/6507/3973 3440/6510/3972 1475/6499/3971 3447/6498/3970
f 3456/1858/1642 3276/1857/1641 3424/6452/3952
f 3457/6494/3968 3453/6493/3967 3462/6511/3954 3470/6512/2958
f 3456/6495/3969 3457/6494/3968 3446/6513/1597 1474/6514/2776
f 3461/6060/3831 3467/6515/2397 1477/6057/3830
f 3467/6515/2397 3473/6516/1599 1478/6517/2957 1477/6057/3830
f 3470/4113/2958 3462/6454/3954 1478/4111/2957
f 3473/6518/1599 3460/4112/1598 1478/4111/2957
f 3459/1316/1252 3463/6519/1561 3449/6482/1560 3441/1313/1249
f 3461/6520/3831 3464/1809/1596 3443/1808/1595 3445/6491/3956
f 3458/6056/1557 3472/6521/1556 1334/6054/1571
f 3468/6522/3955 3462/6511/3954 3453/6493/3967 3455/6502/3973
f 3470/6512/2958 3460/6523/1598 3446/6513/1597 3457/6494/3968
f 3472/6524/1556 3464/6059/1596 1462/6058/1572 1334/6525/1571
f 3469/6526/1602 3466/6527/1601 3448/6488/3964 3452/6487/3945
f 3459/6046/1252 3471/6055/1251 1333/6043/1566
f 3458/6528/1557 3471/1315/1251 3450/1314/1250 3442/6497/1558
f 3466/6527/1601 3465/6508/3974 3447/6498/3970 3448/6488/3964
f 3138/6071/1562 3463/6529/1561 1461/6069/1568
f 3438/6063/3834 3474/6396/3933 3426/6530/1541 3231/6475/1540
f 3474/6396/3933 3435/6395/3932 2287/6471/2948 3426/6530/1541
f 1438/6393/1687 3474/6396/3933 3438/6063/3834 3228/6062/3833
f 1456/6531/3975 3221/6532/3976 3478/6052/3828 3475/6051/3827
f 2282/6390/3930 3476/1952/1724 3478/6052/3828 3221/6532/3976
f 3216/6389/3929 1453/6533/3977 3397/6534/3978 3477/1949/1722
f 1456/6531/3975 3475/6051/3827 3479/1948/1721 3433/6392/3931
f 3477/1949/1722 3397/6534/3978 2514/6535/3224 3489/6536/1587
f 3219/6537/1757 3481/6538/3829 3482/6539/1723 1527/6540/1705
f 1538/4076/1756 3480/4075/2939 3481/6538/3829 3219/6537/1757
f 3475/6051/3827 3480/6050/2939 3483/1945/1718 3479/1948/1721
f 3434/4077/1758 1436/6541/3877 3484/6542/1719 3483/4078/1718
f 3230/6066/1517 3392/6065/2946 3484/6542/1719 1436/6541/3877
f 1437/6543/3832 3398/6544/1720 3485/6545/2947
f 3485/6545/2947 3398/6544/1720 3484/6546/1719
f 3486/6456/1689 1435/4097/1516 2289/6203/1740 3396/6479/1760
f 3435/6395/3932 3487/6394/1690 1473/6473/1759 3439/6196/3871
f 1437/6547/3832 3485/6548/2947 3394/6397/2951 3228/6398/3833
f 3394/4099/2951 3485/4087/2947 3392/4086/2946
f 3489/6536/1587 3488/1950/1590 3477/1949/1722
f 3465/6504/3974 3490/6503/1605 1478/4111/2957 3468/6455/3955
f 3488/6549/1590 2516/6550/1589 1527/6540/1705 3482/6539/1723
f 3490/1819/1605 3432/1818/1604 1477/6101/3830 1478/6551/2957
f 2015/6552/2514 3968/6553/2515 3967/6554/2555 2032/6555/2579
f 3235/5053/3424 3236/5052/3423 1448/6556/3777 2710/6557/3615
f 3139/5898/2092 1507/6558/3420 3145/5899/3763
f 2710/5491/3615 1448/5918/3777 3785/1742/1530 3784/5492/3616
f 3161/6076/3836 3237/5937/3784 2590/5936/2334 1518/6559/3770
f 1441/6560/3979 1510/6561/3980 3495/5066/3419 3492/5064/3435
f 1444/6562/3981 1443/6563/3982 3497/6564/3431 3500/6565/3429
f 1440/6566/3983 1441/6560/3979 3492/5064/3435 3496/6567/3432
f 1443/6563/3982 1440/6566/3983 3496/6567/3432 3497/6564/3431
f 1445/6568/3984 1444/6562/3981 3500/6565/3429 3498/5055/3426
f 1406/1670/1486 1445/6568/3984 3498/5055/3426 3494/1671/1487
f 1510/6569/3980 1507/6570/3420 3495/6571/3419
f 2661/6572/3985 3509/4957/3378 3506/585/729 911/6573/3292
f 2653/4965/3355 3508/4954/1480 3509/4957/3378 2661/6572/3985
f 907/505/658 3505/504/657 3499/588/732 976/587/731
f 2683/6574/3444 3493/6575/624 3494/1671/1487 2684/5057/3428
f 2707/6576/3447 2579/6577/3291 3507/488/643 3517/1470/641
f 911/6573/3292 3506/585/729 3499/588/732 2578/4721/736
f 2574/6578/3986 2577/4720/733 3505/504/657 3502/502/655
f 2573/6579/3987 2574/6578/3986 3502/502/655 3501/499/653
f 2576/6580/3288 2573/6579/3987 3501/499/653 3504/498/647
f 2575/6581/3289 2576/6582/3288 3504/492/647 3503/489/644
f 2579/6577/3291 2575/6581/3289 3503/489/644 3507/488/643
f 2701/6583/3449 2707/6584/3447 3517/486/641 3515/484/639
f 2696/6585/3451 2701/6583/3449 3515/484/639 3512/482/637
f 2697/6586/3453 2696/6585/3451 3512/482/637 3513/480/635
f 2699/6587/3455 2697/6586/3453 3513/480/635 3514/478/633
f 2711/6588/3457 2699/6587/3455 3514/478/633 3518/6589/631
f 2703/6590/3459 2711/6588/3457 3518/6589/631 3516/474/629
f 2688/6591/3460 2703/6590/3459 3516/474/629 3510/472/627
f 2690/6592/3461 2688/6591/3460 3510/472/627 3511/470/625
f 2681/6593/3462 2690/6592/3461 3511/470/625 3491/466/621
f 2681/6593/3462 3491/466/621 3493/6575/624 2683/6574/3444
f 1323/6594/3988 1324/3778/2773 3522/3777/2768 3547/6595/3989
f 3546/6596/3990 3547/6597/3989 3522/3766/2768 3520/3754/2762
f 3550/6598/3991 3546/6596/3990 3520/3754/2762 3521/3742/2755
f 3548/1209/1189 3550/6598/3991 3521/3742/2755 3523/3741/2754
f 1323/6599/3988 1326/3892/2840 1325/3891/2839 1324/6600/2773
f 1090/6601/3992 3519/6602/3993 3523/3741/2754 1270/3744/2757
f 965/6603/1482 3524/6604/1481 3519/6602/3993 1090/6601/3992
f 2651/4964/2715 3508/4954/1480 2653/4965/3355
f 870/5107/1436 3533/5080/3443 871/6605/3994
f 877/5099/1441 879/6606/3995 3530/5097/3458
f 879/6606/3995 881/6607/3996 3532/5095/3456 3530/5097/3458
f 881/6607/3996 883/6608/3997 3528/5093/3454 3532/5095/3456
f 883/6608/3997 885/6609/3998 3527/5091/3452 3528/5093/3454
f 885/6609/3998 887/6610/3999 3526/5089/3450 3527/5091/3452
f 887/6610/3999 889/6611/4000 3529/5087/3448 3526/5089/3450
f 889/6611/4000 891/6612/4001 3531/5083/3445 3529/5087/3448
f 891/6612/4001 892/5084/3446 3531/5083/3445
f 871/6605/3994 3533/5080/3443 3534/2934/2330 1405/2935/2331
f 2704/6613/3437 2693/6614/3439 1453/6615/2320 3246/6616/3838
f 2685/6617/3422 2702/6618/3421 3245/6619/3839 3247/6620/3837
f 2684/5082/3428 2698/6621/3427 3540/2932/2328 3534/2934/2330
f 2698/6621/3427 2706/6622/3430 3542/2925/2321 3540/2932/2328
f 2687/6623/3434 2686/6624/3433 3535/2929/2325 3536/2926/2322
f 2686/6624/3433 2682/6625/3436 3234/2930/2326 3535/2929/2325
f 2706/6622/3430 2687/6623/3434 3536/2926/2322 3542/2925/2321
f 2682/6626/3436 2685/6617/3422 3247/6620/3837 3234/6627/2326
f 2702/6618/3421 2704/6613/3437 3246/6616/3838 3245/6619/3839
f 2693/6628/3439 2709/6629/3438 3543/2922/2318 1453/2924/2320
f 2709/6629/3438 2695/6630/3440 3539/2920/2316 3543/2922/2318
f 2695/6630/3440 2692/6631/3441 3538/2493/2105 3539/2920/2316
f 2692/6631/3441 2691/6632/3442 3537/2273/1957 3538/2493/2105
f 2691/6632/3442 2700/6633/3425 3541/2274/1958 3537/2273/1957
f 2700/6634/3425 3235/6093/3424 3525/2937/2332 3541/2936/1958
f 3244/2938/2333 3525/2937/2332 1451/6095/3464
f 3544/3635/2700 1411/6635/1493 2133/6236/3849
f 1247/6142/1142 3257/6636/2701 2132/6143/3847
f 3257/3626/2701 1247/3680/1142 2134/3679/2725 1420/3627/1502
f 1410/1673/1489 1407/1672/1488 1434/6637/3758 3277/6638/1563
f 1271/1208/1188 2150/6639/4002 3550/6598/3991 3548/1209/1189
f 2150/6639/4002 2156/6640/4003 3546/6596/3990 3550/6598/3991
f 2156/6640/4003 2162/6641/4004 3547/6597/3989 3546/6596/3990
f 3519/6602/3993 3545/819/892 3548/1209/1189 3523/3741/2754
f 3524/6604/1481 3549/816/889 3545/819/892 3519/6602/3993
f 3508/1649/1480 2651/6642/2715 3549/6643/889 3524/1650/1481
f 2162/6644/4004 1323/6594/3988 3547/6595/3989
f 966/6645/890 3549/6643/889 2651/6646/2715 967/6647/3381
f 3397/2500/3221 2514/2500/4005 2513/2500/3222
f 1572/2060/1783 1573/6648/2124 1756/2515/2126
f 3553/2476/2089 3902/6649/2088 3900/6650/1782 1563/2474/1781
f 3551/6651/2123 3552/2593/2122 1754/2592/2125 1573/6652/2124
f 1787/2614/2157 3552/2510/2122 1755/2509/2121
f 3553/6653/2089 2276/6654/2084 2275/3815/2085 1749/3814/2086
f 1756/6655/2126 1754/2592/2125 1787/2594/2157
f 1696/6656/4006 3558/6657/4007 3713/6658/4008 3719/6659/4009
f 3559/6660/4010 3713/6658/4008 3714/6661/2825 3555/6662/2687
f 3557/3854/2819 3556/3853/2818 3731/6663/2834 3733/6664/4011
f 1695/6665/3814 3206/3851/2816 3557/3854/2819 1694/6666/4012
f 1694/6666/4012 3557/3854/2819 3733/6664/4011 3730/6667/4013
f 2065/6668/2620 3584/6669/2623 2022/6670/2622 2061/6671/2625
f 1899/6672/2384 3583/6673/2385 3573/6674/2777 2189/6675/2829
f 3561/6676/4014 1913/6677/2808 3581/6678/2807 1898/6679/4015
f 3211/6680/2817 3640/6681/4016 3639/3878/2832 3556/3877/2818
f 3211/6680/2817 3191/6682/1997 3640/6681/4016
f 3573/6683/2777 3643/6684/2688 3641/6685/2827 2189/6686/2829
f 1849/6687/4017 3565/6688/4018 3569/6689/4019 2194/6690/4020
f 1900/6691/4021 3567/6692/4022 3565/6688/4018 1849/6687/4017
f 1634/6693/4023 3564/6694/4024 3568/6695/4025 2186/6696/4026
f 3562/6697/4027 2194/6690/4020 3569/6689/4019 3570/6698/4028
f 3562/6699/4027 3570/6700/4028 3564/6694/4024 1634/6693/4023
f 1898/6701/4015 2186/6696/4026 3568/6695/4025 3566/6702/4029
f 3564/6694/4024 3570/6700/4028 3577/6703/4030 3578/6704/4031
f 3569/6689/4019 3565/6688/4018 3572/6705/2690 3574/6706/4032
f 3555/6707/2687 3572/6705/2690 3565/6688/4018 3567/6692/4022
f 2022/3428/2622 3582/3431/2379 1915/6708/2378 2017/3398/2604
f 1898/2500/4015 3566/2500/4029 3571/2500/4033
f 1898/6709/4015 3571/6710/4033 3561/6711/4014
f 2180/3606/2692 2179/3605/2691 3581/3833/2807 3579/3832/2806
f 3575/6712/4034 3578/6713/4031 3560/6714/4035 3563/6715/4036
f 3577/6716/4030 3574/6717/4032 3560/6714/4035
f 3566/6702/4029 3568/6695/4025 3575/6718/4034 3571/6719/4033
f 3578/6713/4031 3577/6716/4030 3560/6714/4035
f 3570/6698/4028 3569/6689/4019 3574/6706/4032 3577/6720/4030
f 3568/6695/4025 3564/6694/4024 3578/6704/4031 3575/6718/4034
s 0
f 3571/6721/4037 3575/6712/4037 3563/6715/4038 3561/6722/4037
f 3572/3604/4039 3642/3603/4039 3560/6714/4039 3574/6717/4039
s 1
f 2181/3844/4040 2184/3843/4040 1898/6723/4040 2027/6724/4040
f 3579/3845/2806 1913/6725/2808 1914/6726/2624 2027/3846/2629
f 1918/6727/2802 1898/6679/4015 3581/6678/2807 2179/6728/2691
f 3583/6729/2385 3561/6730/4014 3563/3795/2778 3573/3794/2777
f 3583/6731/2385 3576/6732/2380 1913/6733/2808 3561/6734/4014
f 3576/6732/2380 3582/6735/2379 1914/6736/2624 1913/6733/2808
f 3584/3884/2623 2065/3425/2620 2064/3424/2616 2028/3885/2615
f 3586/4493/3164 3585/4492/3167 2470/4484/3161 2469/4483/3159
f 2470/6737/3161 1603/2125/1835 3601/2128/1838
f 3586/4489/3164 3587/4488/3163 2474/6738/4041 2475/6739/3165
f 2499/4531/3188 3593/6740/4042 3594/6741/1791 2500/4532/1790
f 3591/4472/3152 3589/4474/3154 2475/6742/3165 2474/6743/4041
f 3588/2131/1841 1607/2130/1840 1604/6744/1936 2476/6745/3166
f 3589/4476/3154 3588/4475/1841 2476/4491/3166 2475/4490/3165
f 3590/4473/3153 3591/4472/3152 2474/6743/4041 1594/6746/4043
f 3592/4545/3196 3596/4544/3195 2498/4526/3185 1578/4525/3184
f 3596/4544/3195 3593/6747/4042 2499/4529/3188 2498/4526/3185
f 3766/2096/1811 3590/6748/4044 1594/6749/4045 3756/2099/1813
f 1594/6750/4043 2474/6738/4041 3587/4488/3163 3598/4487/3162
f 2272/2500/2787 3599/2500/2786 1570/2500/2112 2170/2500/2783
f 3870/3103/2082 3871/6751/4046 3883/6752/4047 3884/3100/2440
f 3767/2100/1814 3598/6753/4048 1595/6754/4049 3746/2103/1817
f 2476/6745/3166 1604/6744/1936 3585/6755/3167
f 1603/2125/1835 2470/6737/3161 3585/6755/3167 1604/6744/1936
f 3604/4480/3158 3605/4479/3157 2471/4463/3147 1596/4462/3146
f 3605/4479/3157 3603/4482/3160 2472/4466/3150 2471/4463/3147
f 3768/6756/1818 3604/6757/4050 1596/6758/4051 3748/2107/1821
f 3606/3811/2784 1908/2972/2359 1909/2976/1831
f 3603/4486/3160 3601/4485/1838 2473/4469/1837 2472/4468/3150
f 3868/6759/4052 3600/6760/1777 3883/6752/4047 3871/6751/4046
f 1606/2247/1836 1654/2246/1939 1608/2977/2361
f 3608/4471/3151 3607/4470/1842 2467/4508/3177 2466/4507/2797
f 1608/4510/2361 1605/2201/1910 3613/4332/3076 2456/4511/3077
f 3609/4465/3149 3611/4464/3148 2465/3819/2796 1598/4506/3176
f 3611/4464/3148 3608/4467/3151 2466/3820/2797 2465/3819/2796
f 3629/6761/2239 3630/6762/2017 1700/6763/2004 1855/6764/2267
f 3769/2108/1822 3609/6765/4053 1598/6766/4054 3759/2979/2363
f 3607/2132/1842 1606/2126/1836 1608/4510/2361 2467/4509/3177
f 3770/2112/1826 3616/6767/1826 1602/6768/4055 3750/2151/1860
f 3620/2307/1984 3843/2306/1983 3835/2989/2370 1690/2988/2366
f 3614/4335/3078 3613/4334/3076 2437/4391/1909 2436/4390/3107
f 3612/2239/1933 3614/4337/3078 2436/6769/3107 2435/2240/1934
f 3619/2051/1775 3872/2985/2367 3911/2987/2369 1571/2052/1776
f 3617/6770/4056 1897/3801/2346 1896/2974/2345
f 3626/2860/2295 3620/2859/1984 1690/2984/2366 1668/2983/2365
f 3624/2945/2339 3622/4389/3108 2439/4396/3111 2438/2946/2340
f 3625/4695/3266 3626/4694/2295 1668/2990/2365 3860/2993/2371
f 3625/6771/3266 3621/6772/4057 2565/4688/3262 3865/4691/3265
f 3622/4393/3108 3618/4392/1911 2440/4399/1906 2439/4398/3111
f 3635/6773/2249 3631/6774/2248 1856/2796/2253 1861/2798/2255
f 3636/6775/2241 3628/6776/2237 1854/6777/2250 1856/6778/2253
f 1853/2771/2234 3635/6773/2249 1861/2798/2255 1852/2769/2233
f 3627/1806/1593 2169/1805/1592 1469/6177/2953 3271/6176/3864
f 3633/6779/2247 3629/6761/2239 1855/6764/2267
f 3406/6187/3867 3627/6186/1593 3271/6406/3864 3428/6405/3939
f 3630/6762/2017 1710/6780/2020 1700/6763/2004
f 3634/6781/2236 3633/6779/2247 1855/6764/2267
f 3631/6782/2248 3636/6775/2241 1856/6778/2253
f 3632/6155/3855 2168/6154/2954 3275/6783/3870 3436/6784/3872
f 3634/6781/2236 1855/6764/2267 1854/6785/2250 3628/6786/2237
f 3637/6472/2257 3632/6155/3855 3436/6784/3872 2292/6787/1762
f 2168/4103/2954 2169/4102/1592 3276/6788/1641 3275/6789/3870
s 0
f 3560/6714/4058 3642/3603/4058 3563/6715/4059
s 1
f 3639/6790/2832 3640/6791/4016 2190/6792/2022 2188/6793/2027
f 3640/6794/4016 3191/3882/1997 3192/3881/2023 2190/6795/2022
f 3638/6796/4060 3729/6797/2833 3732/6798/4061 2193/6799/4062
f 3641/6800/2827 3711/6801/2826 3720/6802/2830 2189/6803/2829
f 3644/6804/2029 2193/6805/4062 3732/6806/4061
f 1899/6807/2384 3723/6808/2831 3721/6809/2383
f 3645/2369/2026 1711/6810/2021 1715/2366/2010
f 3646/4395/3110 3647/4394/3109 2423/4403/3114 1620/4402/3113
f 3881/6811/2292 3649/6812/1988 1689/2858/1981 1617/2857/2294
f 3648/6813/3264 3652/6814/3263 1619/6815/1871
f 3647/4394/3109 3651/4397/3112 2424/4406/3117 2423/4403/3114
f 3772/2156/1865 3646/6816/4063 1620/6817/4064 3753/6818/1868
f 3651/4401/3112 3650/4400/1908 2425/4409/1903 2424/4408/3117
f 3650/2199/1908 1639/2195/1904 2425/2194/1903
f 3649/2311/1988 3846/2310/1987 3841/2305/1982 1689/2304/1981
f 1693/3080/2431 1710/2353/2020 1691/2352/2019
f 3773/2160/1869 3658/6819/4065 1622/6820/4066 3755/6821/1872
f 3658/4405/3116 3654/4404/3115 2420/4423/3126 1622/4422/3125
f 3654/4404/3115 3659/4407/3118 2421/4425/3128 2420/4423/3126
f 3879/2853/2291 3820/2852/2290 3810/6822/2293 3877/6823/4067
f 3656/2196/1905 1637/2188/1897 2422/2187/1896
f 3659/4411/3118 3656/4410/1905 2422/4427/1896 2421/4426/3128
f 3668/2189/1898 1636/2184/1893 2431/2183/1892
f 1700/2333/2004 3664/6824/2296 1866/6825/2259 1699/2330/2001
f 3655/2756/2224 3842/2755/2223 3836/2309/1986 1692/2308/1985
f 3664/6824/2296 3660/6826/2432 3859/6827/4068
f 3751/2164/1873 3667/6828/4069 1624/6829/4070 3752/2167/1876
f 1870/6830/2265 3856/2828/2272 3966/6831/2399
f 3662/4429/2285 3668/4428/1898 2431/4435/1892 2430/4434/2286
f 3667/4424/3127 3665/2846/2284 2429/2849/2287 1624/4430/3129
f 3666/4437/2278 3669/4436/1895 2452/4363/1918 2451/4362/2279
f 3774/2168/1877 3670/6832/4071 1626/6833/4072 3760/2171/1880
f 3670/6834/3130 3672/2838/2277 2450/2841/2280 1626/4358/3091
f 3669/2186/1895 1635/2185/1894 2452/2209/1918
f 3671/6835/4073 3827/6836/4074 3928/6837/4075 3927/6838/4076
f 3673/2210/1919 1642/2207/1916 2446/2206/1915
f 3674/4365/3094 3673/4364/1919 2446/4373/1915 2445/4372/3099
f 3797/3839/2811 3798/3838/2810 3817/6839/4077 3813/6840/2823
f 3677/4360/3093 3676/4359/3092 2444/4367/3096 1628/4366/3095
f 3775/6841/1881 3677/6842/4078 1628/6843/4079 3742/2175/1884
f 3676/4359/3092 3674/4361/3094 2445/4370/3099 2444/4367/3096
f 3777/6844/1889 3687/6845/4080 1632/6846/4081 3761/1736/1524
f 3798/6847/2810 3802/6848/4082 3815/6849/4083 3817/6850/4077
f 3776/2176/1885 3681/6851/4084 1630/6852/4085 3743/2179/1888
f 3679/4375/3100 3678/4374/1917 2449/4383/1912 2448/4382/3105
f 3681/4369/3098 3682/4368/3097 2447/4377/3102 1630/4376/3101
f 3678/2208/1917 1641/2204/1913 2449/2203/1912
f 3682/4368/3097 3679/4371/3100 2448/4380/3105 2447/4377/3102
f 3685/4385/3106 3684/4384/1914 2443/4419/1899 2442/4418/3123
f 3687/4379/3104 3686/4378/3103 2441/6853/3120 1632/6854/3119
f 3684/2205/1914 1638/2191/1900 2443/2190/1899
f 3691/4415/3122 3688/4414/3121 2432/4339/3080 1609/4338/3079
f 3686/4378/3103 3685/4381/3106 2442/6855/3123 2441/6853/3120
f 3688/4414/3121 3692/4417/3124 2433/4342/3083 2432/4339/3080
f 3690/2193/1902 1612/2192/1901 2434/2978/2362
f 3692/4421/3124 3690/4420/1902 2434/4345/2362 2433/4344/3083
f 3778/1737/1525 3691/6856/4086 1609/2135/1845 3747/2134/1844
f 1610/2948/2342 1634/2950/2344 2186/3596/2685 3689/3599/1526
f 3680/3050/2412 3693/3049/2411 1923/3041/2403 1916/3046/2408
f 3695/3174/2426 1971/3158/2467 1932/3157/2419
f 3693/3099/2411 3694/3098/2427 1931/3093/2418 1923/3092/2403
f 3701/4726/3284 3709/4724/3282 2574/6857/3986 2573/6858/3987
f 3702/1202/1183 1282/1232/1201 1283/1235/1204 1268/6859/3346
f 3696/825/898 3698/824/897 1096/6860/3344 1095/6861/3345
f 3698/1203/897 3702/1202/1183 1268/6859/3346 1096/6862/3344
f 3700/4738/3293 3697/591/735 974/6863/4087 910/4970/3382
f 3704/508/661 3699/507/660 2653/6864/3355 2661/6865/3985
f 3723/3875/2831 3720/3874/2830 2193/6805/4062 3644/6804/2029
f 3700/4738/3293 3704/508/661 2661/6865/3985 911/4737/3292
f 3697/591/735 3703/590/734 908/4723/3281 974/6863/4087
f 3696/4879/898 3961/4878/3352 3965/6866/4088 1094/6867/895
f 3705/6868/1363 1335/6869/3471 1336/6870/4089
f 3708/4728/3286 3701/4726/3284 2573/6858/3987 2576/6871/3288
f 3708/6872/3286 3707/6873/3287 898/6874/3285
f 3707/6875/3287 3706/6876/1364 2673/6877/4090 898/6878/3285
f 3709/4724/3282 3703/590/734 2577/589/733 2574/6857/3986
f 3706/6879/1364 3705/6880/1363 1336/6881/4089 2673/6877/4090
f 3712/2139/1849 2177/2138/1848 1611/2146/1856 2419/2145/1855
f 3719/3787/2775 3716/3786/2774 1589/6882/4091 1696/6883/4092
f 3719/6659/4009 3713/6658/4008 3559/6660/4010 1900/6884/4093
f 3779/3823/2800 3716/6885/2774 2176/6886/1832 3762/2133/1843
f 3714/6661/2825 3713/6658/4008 3558/6657/4007 3554/6887/4094
f 3710/4450/3139 3717/4449/3138 2417/4444/3135 1588/4443/3134
f 1915/6708/2378 3718/3395/2381 2017/3398/2604
f 3711/3868/2826 3714/3867/2825 3554/6888/4094 3638/6889/4060
f 3717/4449/3138 3715/4451/2529 2418/4447/2528 2417/4444/3135
f 3712/3285/1849 3715/3284/2529 2460/4347/3084 2459/4346/1847
f 3720/6802/2830 3711/6801/2826 3638/6796/4060 2193/6799/4062
f 3722/6890/2382 3718/6891/2381 1915/6892/2378 1912/6893/2377
f 3721/3013/2383 3722/3012/2382 1912/6894/2377 1899/6895/2384
f 3721/6809/2383 3723/6808/2831 3644/2368/2029 1717/2367/2009
f 3562/2949/2343 1610/2948/2342 2194/6896/4095
f 1610/2948/2342 2176/2122/1832 1849/2124/1834 2194/6896/4095
f 3724/2147/1857 1611/2146/1856 1615/2486/1938 2455/6025/2598
f 3725/4446/3137 3727/4445/3136 2453/6897/3818 1587/6898/3819
f 3780/2086/1802 3728/6899/1995 1589/6900/4091 3754/6901/2799
f 3727/4445/3136 3726/4448/2597 2454/6902/2596 2453/6897/3818
f 3724/3385/1857 3726/3384/2597 2418/3283/2528 2419/3286/1855
f 3730/6667/4013 3733/6664/4011 3558/6657/4007 1696/6656/4006
f 3731/3880/2834 3729/3879/2833 3638/6889/4060 3554/6888/4094
f 3733/6664/4011 3731/6663/2834 3554/6887/4094 3558/6657/4007
f 3728/2318/1995 3730/2317/1994 1696/6883/4092 1589/6882/4091
f 3732/6798/4061 3729/6797/2833 3639/6790/2832 2188/6793/2027
f 3645/2361/2026 3644/6804/2029 3732/6806/4061 2188/2362/2027
f 3782/6903/3778 3153/6904/3774 3200/6905/3773 3764/2484/2097
f 3735/4442/3133 3734/4441/1858 2416/4512/3178 2415/4515/2103
f 3736/4439/3132 3737/4438/3131 2414/2489/2101 1449/2488/2100
f 3734/2150/1858 1616/2149/1859 1614/4516/1931 2416/4518/3178
f 3740/4501/3175 3739/4500/3174 2481/4521/3182 2480/4519/3180
f 3737/4438/3131 3735/4440/3133 2415/2491/2103 2414/2489/2101
f 3763/5109/3463 3783/5493/3617 3741/6906/4096 2852/6907/4097
f 3739/4505/3174 3738/4504/1854 2482/4523/3183 2481/4522/3182
f 3740/4501/3175 3741/5111/3465 2689/6908/3418 2712/4498/3172
f 3738/2144/1854 2694/2143/1853 1613/2141/1851 2482/4524/3183
f 1451/6909/3464 2710/5491/3615 3783/5493/3617 3763/5109/3463
f 3736/6910/4098 3782/6903/3778 3764/2484/2097 1446/2483/2096
f 3725/2087/1803 3780/2086/1802 3754/6901/2799 1588/6911/2799
f 3710/3824/2801 3779/3823/2800 3762/2133/1843 2178/2136/1846
f 3689/1738/1526 3778/1737/1525 3747/2134/1844 1610/6912/2342
f 3683/2177/1886 3776/2176/1885 3743/2179/1888 1629/2182/1891
f 1631/6913/1890 3777/6844/1889 3761/1736/1524 1633/1739/1527
f 3675/6914/1882 3775/6841/1881 3742/2175/1884 1627/2178/1887
f 3834/2169/1878 1625/2174/1883 3827/6915/4099
f 3663/6916/4100 3833/2165/1874 3832/2170/1879 1623/6917/4101
f 3657/2161/1870 3773/2160/1869 3755/6821/1872 1621/6918/1875
f 3652/6919/3263 3887/6920/1866 1619/6921/1871
f 3610/2109/1823 3769/2108/1822 3759/2979/2363 1597/2982/2364
f 3768/6756/1818 3748/2107/1821 1568/2110/1824 3909/6922/4102
f 3597/2101/1815 3767/2100/1814 3746/2103/1817 1569/2106/1820
f 3592/2097/1812 3766/2096/1811 3756/2099/1813 1577/2102/1816
f 1586/6923/1992 3757/2085/1801 3765/2481/2094 3193/6924/1990
f 1449/1740/1528 3745/1743/1531 3782/5920/3778 3736/6925/4098
f 2852/6907/4097 1591/6926/4103 3781/2091/1807 3763/5109/3463
f 1589/6927/4091 3716/6885/2774 3779/3823/2800 3754/3822/2799
f 1598/6766/4054 1599/6928/4104 3749/2980/1825 3759/2979/2363
f 3621/6929/4057 3890/6930/1862 3888/6931/1867 2565/6932/3262
f 3193/6924/1990 3765/2481/2094 3764/2484/2097 3200/6905/3773
f 1630/6852/4085 3687/6933/4080 3777/2180/1889 3743/2179/1888
f 1628/6843/4079 3681/6851/4084 3776/2176/1885 3742/2175/1884
f 1626/6833/4072 3677/6934/4078 3775/2172/1881 3760/2171/1880
f 1624/6829/4070 3670/6832/4071 3774/2168/1877 3752/2167/1876
f 1622/6935/4066 3667/6828/4069 3751/2164/1873 3755/2163/1872
f 1620/6936/4064 3658/6819/4065 3773/2160/1869 3753/2159/1868
f 1618/2970/2358 3646/6816/4063 3772/2156/1865 3744/2155/1864
f 1602/6768/4055 3623/2969/2357 3771/2152/1861 3750/2151/1860
f 2176/6886/1832 1610/6912/2342 3747/2134/1844 3762/2133/1843
f 1599/6937/4104 3616/6767/1826 3770/2112/1826 3749/2111/1825
f 1596/6758/4051 3609/6765/4053 3769/2108/1822 3748/2107/1821
f 1595/6754/4049 3604/6938/4050 3768/2104/1818 3746/2103/1817
f 1594/6749/4045 3598/6753/4048 3767/2100/1814 3756/2099/1813
f 1593/6939/4105 3590/6748/4044 3766/2096/1811 3758/2095/1808
f 1591/6926/4103 1593/6940/4105 3758/2092/1808 3781/2091/1807
f 1586/6923/1992 3728/6899/1995 3780/2086/1802 3757/2085/1801
f 1632/6846/4081 3691/6856/4086 3778/1737/1525 3761/1736/1524
f 3745/1743/1531 3785/1742/1530 1448/5918/3777
f 3783/5493/3617 3784/5492/3616 2689/6941/4106 3741/6906/4096
f 3784/5492/3616 3785/1742/1530 1450/1741/1529 2689/6941/4106
f 3800/6942/2388 3799/6943/4107 3812/6944/4108 3811/6945/2389
f 3791/6946/2824 3790/3831/2805 1919/3830/2413 1917/6947/2409
f 3786/6948/2230 3789/6949/4109 1916/6950/2408 1920/6951/2402
f 3788/6952/2822 3791/6946/2824 1917/6947/2409 3680/6953/2412
f 3789/6949/4109 3788/6952/2822 3680/6953/2412 1916/6950/2408
f 3675/6954/4110 3803/3032/2394 3795/6955/4111 1625/6956/4112
f 3793/6957/4113 3824/6958/4114 3826/6959/4115 1687/6960/2401
f 3787/6961/2804 3794/6962/2803 3815/6963/4083 3814/6964/2390
f 3683/6965/4116 3804/3033/2395 3796/3029/2392 1627/6966/4117
f 2187/6967/4118 2185/6968/4119 3800/3025/2388 3801/3028/2391
f 1629/3840/2812 3797/3839/2811 3804/3033/2395 3683/6965/4116
f 2185/6969/4119 1918/6970/2802 3799/6943/4107 3800/6942/2388
f 3580/6971/4120 3802/6848/4082 3798/6847/2810 1631/6972/2809
f 2187/6967/4118 3801/3028/2391 3802/6848/4082 3580/6971/4120
f 1627/6966/4117 3796/3029/2392 3803/3032/2394 3675/6954/4110
f 3808/6973/4121 3829/6974/4122 3828/6975/4123
f 3805/6976/4124 3808/6973/4121 3793/6977/4113 3831/6978/4125
f 3597/2289/1966 1569/6979/4126 3653/6980/4127 3866/2290/1967
f 1918/6981/2802 1919/6982/2413 3812/6983/4108
f 3813/3860/2823 3817/6984/4077 3790/6985/2805 3791/3861/2824
f 3814/6964/2390 3811/6986/2389 3787/6961/2804
f 3814/3027/2390 3815/6849/4083 3802/6848/4082 3801/3028/2391
f 3817/6984/4077 3815/6963/4083 3794/6962/2803 3790/6985/2805
f 3811/6986/2389 3812/6987/4108 1919/6988/2413 3787/6961/2804
f 3813/6840/2823 3816/3034/2396 3804/3033/2395 3797/3839/2811
f 3799/2500/4107 1918/2500/2802 3812/2500/4108
f 3820/6989/2290 3807/2854/2289 1844/2751/2220 3655/2756/2224
f 3818/6990/2393 3816/3859/2396 3788/3858/2822 3789/6991/4109
f 3819/3031/2387 3809/6992/2386 3795/6955/4111 3803/3032/2394
f 3819/6993/2387 3818/6990/2393 3789/6991/4109 3786/6994/2230
f 3809/3023/2386 3792/2762/2229 3828/6995/4123
f 1920/6996/2402 3823/6997/2228 3786/6998/2230
f 3810/2856/2293 3820/6989/2290 3655/2756/2224 1692/2308/1985
f 3821/6999/4128 3857/7000/2482 3855/7001/4129 3826/6959/4115
f 3822/3214/2481 1924/3213/2407 1940/7002/2429
f 3792/2762/2229 3823/2761/2228 3824/6958/4114
f 3821/7003/4128 3823/6997/2228 1920/6996/2402 1921/3212/2405
f 1846/7004/2433 3825/7005/4130 1848/7006/2430 3880/7007/2434
f 3826/6959/4115 3824/6958/4114 3823/2761/2228 3821/6999/4128
f 1848/7006/2430 3825/7005/4130 3822/7008/2481 1940/7009/2429
f 3826/6959/4115 3855/7001/4129 3840/7010/2398 1687/6960/2401
f 3858/2807/2263 3838/2843/2282 1872/2842/2281
f 3793/6977/4113 3808/6973/4121 3828/6975/4123
f 3828/6975/4123 3829/6974/4122 3809/7011/2386
f 3828/6995/4123 3792/2762/2229 3824/6958/4114 3793/6957/4113
f 3832/2170/1879 3833/2165/1874 3751/2164/1873 3752/2167/1876
f 3830/3087/2437 3661/2827/2271 1871/2826/2270 1688/3088/2283
f 3831/6978/4125 3793/6977/4113 1687/3039/2401 1686/3038/2400
f 3833/2165/1874 3663/6916/4100 3885/7012/4131
f 3832/2170/1879 3834/2169/1878 3671/7013/4132 1623/6917/4101
f 1625/2174/1883 3834/2169/1878 3774/2168/1877 3760/2171/1880
f 3836/7014/1986 3842/7015/2223 3660/6826/2432 1693/7016/2431
f 3835/7017/2370 3843/7018/1983 1691/7019/2019 1685/7020/2018
f 3841/7021/1982 3846/7022/1987 1693/7016/2431 1691/7019/2019
f 3821/7003/4128 1921/3212/2405 3857/3215/2482
f 1679/2870/1976 3844/7023/1975 1681/7024/2246 1680/2867/2235
f 3845/7025/1978 3837/7026/1980 1685/7020/2018 1683/7027/2240
f 3846/7022/1987 3836/7014/1986 1693/7016/2431
f 3837/7026/1980 3835/7017/2370 1685/7020/2018
f 3844/7023/1975 3845/7025/1978 1683/7027/2240 1681/7024/2246
f 3843/7018/1983 3841/7021/1982 1691/7019/2019
f 1675/3800/2350 3852/7028/4133 3851/7029/4134 1674/7030/2349
f 3847/7031/1944 3850/7032/1943 1660/7033/2354 1659/7034/1973
f 3848/2745/2209 1841/2744/2214 1837/3805/2351
f 3850/7032/1943 3848/7035/2209 1837/7036/2351 1660/7033/2354
f 3849/7037/1963 3847/7031/1944 1659/7034/1973 1673/7038/1972
f 3851/7029/4134 3853/2287/1965 3863/2286/1964 1674/7030/2349
f 3855/7001/4129 3857/7000/2482 3822/7008/2481 3825/7005/4130
f 3840/7010/2398 3855/7001/4129 3825/7005/4130 1846/7004/2433
f 3854/2829/2264 3856/2828/2272 1870/6830/2265
f 3854/2808/2264 3858/2807/2263 1872/2842/2281 1871/2844/2270
f 3859/6827/4068 3838/7039/2282 3858/7040/2263 1869/7041/2262
f 3859/6827/4068 1869/7041/2262 1866/6825/2259 3664/6824/2296
f 3838/7039/2282 3859/6827/4068 3839/7042/2219
f 3859/6827/4068 3660/6826/2432 3842/7015/2223 3839/7042/2219
f 1675/3800/2350 3873/3799/2780 3852/7028/4133
f 3851/7029/4134 3862/7043/4135 3861/7044/4136 3853/2287/1965
f 3860/2993/2371 1665/2992/1956 3861/7045/4136
f 3865/4692/3265 3648/7046/3264 1617/4693/2294
f 3861/7044/4136 1665/2288/1956 3853/2287/1965
f 3602/7047/4137 3867/7048/4138 3653/6980/4127 1569/6979/4126
f 3863/7049/1964 3849/7037/1963 1673/7038/1972 1674/7050/2349
f 3864/7051/4139 3862/7043/4135 3851/7029/4134 3852/7028/4133
f 3860/7052/2371 1601/7053/4140 3621/6772/4057 3625/6771/3266
f 3861/7054/4136 3862/7055/4135 1601/7056/4140 3860/7057/2371
f 2517/2291/1968 3869/2461/2081 3593/6747/4042 3596/4544/3195
f 3867/7048/4138 3868/7058/4052 3871/7059/4046 3653/6980/4127
f 3866/2290/1967 3653/6980/4127 3871/7059/4046 3870/2462/2082
f 3595/2500/2781 3617/2500/4141 3919/2500/4142
f 1580/2500/2785 3895/2497/2108 3894/2496/2107 3599/2500/2786
f 1897/3801/2346 3617/6770/4056 3595/3802/2781
f 3864/7060/4139 3873/7061/2780 1601/7056/4140
f 3867/7062/4138 3922/7063/4143 3908/7064/1778 3868/7065/4052
f 1895/2500/2360 3911/2500/2369 3923/2500/4144 3920/2500/4145
f 3617/2500/4141 1895/2500/2360 3920/2500/4145 3919/2500/4142
f 3875/6422/3946 3407/7066/3940 3409/6420/3924
f 3875/6431/3946 3408/6408/2708 3364/6411/3942
f 3364/6411/3942 3416/6428/3948 3875/6431/3946
f 3876/1823/1607 3404/6412/3868 3411/6414/3943
f 3411/6414/3943 3415/1820/1606 3876/1823/1607
f 3810/7067/2293 3881/7068/2292 3877/7069/4067
f 3657/7070/4146 1621/7071/4147 3878/2850/2288 3879/2853/2291
f 3657/7070/4146 3879/2853/2291 3877/6823/4067 1619/7072/4148
f 1619/7073/4148 3877/7069/4067 3881/7068/2292 3648/7074/4149
f 1981/3531/2480 1230/3211/1116 1925/3209/2406
f 1868/2830/2260 3880/3084/2434 1847/2831/2273
f 3880/7075/2434 1848/3079/2430 1847/3078/2273
f 3869/3102/2081 3882/3101/2441 3594/6741/1791 3593/6740/4042
f 1934/3076/2420 1875/7076/2274 1847/3078/2273 1940/3077/2429
f 3648/7074/4149 3881/7068/2292 1617/7077/2294
f 3883/7078/4047 3600/7079/1777 3898/7080/2111
f 3884/7081/2440 3883/7078/4047 3898/7080/2111 3896/7082/2110
f 3882/7083/2441 3897/7084/2109 2277/2075/1792 3594/2074/1791
f 3671/7013/4132 3834/2169/1878 3827/6915/4099
f 1621/2166/1875 3833/2165/1874 3885/7012/4131
f 3807/7085/2289 3886/3085/2435 1688/3088/2283
f 3615/7086/4150 3891/7087/1827 3889/7088/1863 1601/7089/4140
f 1619/7090/1871 3887/2157/1866 3772/2156/1865 3753/6818/1868
f 3889/7088/1863 3890/6930/1862 3621/6929/4057 1601/7089/4140
f 3888/2158/1867 3890/2153/1862 3771/2152/1861 3744/2155/1864
f 3888/6931/1867 3887/6920/1866 3652/6919/3263 2565/6932/3262
f 1600/7091/1828 3891/7087/1827 3615/7086/4150
f 3889/2154/1863 3891/2113/1827 3770/2112/1826 3750/2151/1860
f 1601/7056/4140 3862/7055/4135 3864/7060/4139
f 3610/4717/3277 1597/7092/4151 3914/7093/4152 3913/4718/3278
f 1896/2974/2345 1895/2973/2360 3617/6770/4056
f 2274/4060/2793 3899/4061/2930 3906/7094/2933 3904/7095/2932
f 3894/2500/2107 1570/2500/2112 3599/2500/2786
f 1579/7096/1789 3893/7097/4153 1747/2460/2080 2493/2459/2079
f 3892/7098/4154 3907/7099/4155 2277/7100/1792
f 2278/2506/2118 3903/7101/2931 3905/7102/2935 2279/2507/2119
f 3892/7103/4154 1752/7104/2790 1751/7105/2934
f 3892/2500/4154 3895/2497/2108 1580/2500/2785
f 3892/2500/4154 1580/2500/2785 1752/2500/2790
f 2277/2500/1792 3897/2498/2109 3895/2497/2108 3892/2500/4154
f 3898/7106/2111 3600/2500/1777 1570/2500/2112
f 3896/7082/2110 3897/7084/2109 3882/7083/2441 3884/7081/2440
f 3899/7107/2930 1748/2464/2083 1747/2463/2080 3893/7108/4153
f 1751/7105/2934 3906/7109/2933 3907/7110/4155 3892/7103/4154
f 1572/2060/1783 3900/2059/1782 1573/6648/2124
f 3902/7111/2088 3901/7112/2087 1750/2508/2120 3551/2511/2123
f 3900/7113/1782 3902/7114/2088 3551/6651/2123 1573/6652/2124
f 3901/7112/2087 2273/4069/2114 4121/4072/2937
f 3903/4063/2931 1751/7115/2934 1752/4064/2790
f 2278/7116/2118 3904/7117/2932 1751/7115/2934 3903/4063/2931
f 3907/7110/4155 3906/7109/2933 3899/7107/2930 3893/7108/4153
f 3904/7117/2932 2278/7116/2118 2175/3813/2113 2274/3816/2793
f 3905/7102/2935 3903/7101/2931 2271/7118/2789 2164/7119/2788
f 2277/7100/1792 3907/7099/4155 3893/7097/4153 1579/7096/1789
f 2279/4070/2119 3905/4068/2935 2174/3812/2792
f 3602/7120/1819 3768/7121/1818 3909/7122/4102
f 3600/2500/1777 1571/2500/1776 1908/2500/2359 3606/2500/2784
f 3908/7123/1778 3600/7124/1777 3868/7125/4052
f 3912/7126/4156 3910/7127/2368 3874/7128/4157
f 3615/7129/4150 1601/7130/4140 3915/7129/4158
f 3911/2500/2369 1895/2500/2360 1908/2500/2359
f 3909/7131/4159 1568/4716/3276 3917/4719/3279 3922/7132/4143
f 3595/7133/2781 3921/7134/4160 3916/7135/4161
f 1601/7056/4140 3873/7061/2780 3915/7136/4158
f 3917/4719/3279 3913/4718/3278 3872/7137/2367 3619/7138/1775
f 3915/7139/4158 3873/7140/2780 3595/7141/2781 3916/7142/4161
f 3914/7093/4152 3874/7143/4157 3872/7137/2367 3913/4718/3278
f 3917/4719/3279 3619/7138/1775 3908/7144/1778 3922/7132/4143
f 3595/7145/2781 3919/7146/4142 3918/7147/4162 3921/7148/4160
f 3923/7149/4144 3918/7147/4162 3919/7146/4142 3920/7150/4145
f 3916/7151/4161 3921/7152/4160 3874/7143/4157 3914/7093/4152
f 3910/7153/4163 3912/7154/4156 3921/7148/4160 3918/7147/4162
f 1597/7092/4151 1600/7155/1828 3916/7151/4161 3914/7093/4152
f 3922/7063/4143 3867/7062/4138 3602/7156/4137 3909/7157/4159
f 3912/7158/4156 3874/7159/4157 3921/7160/4160
f 1600/7161/1828 3615/7162/4150 3915/7139/4158 3916/7142/4161
f 3924/7163/4164 3806/7164/2436 3886/7165/2435 3926/7166/4165
f 3927/6838/4076 3808/7167/4121 3805/7168/4124 3925/7169/4166
f 3805/7168/4124 3806/7164/2436 3924/7163/4164 3925/7169/4166
f 3808/7167/4121 3927/6838/4076 3928/6837/4075 3829/7170/4122
f 3663/7171/4167 1623/7172/4168 3925/7169/4166 3924/7163/4164
f 3878/7173/2288 3926/7174/4165 3886/7175/2435 3807/7176/2289
f 1623/7172/4168 3671/6835/4073 3927/6838/4076 3925/7169/4166
f 3809/7177/2386 3829/7178/4122 3928/7179/4075 3795/7180/4111
f 3885/7181/4169 3663/7171/4167 3924/7163/4164 3926/7166/4165
f 3885/7182/4169 3926/7174/4165 3878/7173/2288 1621/7183/4147
f 3795/7180/4111 3928/7179/4075 3827/7184/4074 1625/7185/4112
f 3852/7028/4133 3873/3799/2780 3864/7051/4139
f 3934/5192/968 3937/911/965 1150/910/960 2752/5193/962
f 3929/7186/1092 3931/7187/1091 1205/7188/1087
f 3934/915/968 3935/7189/3484 1153/912/966
f 3935/7189/3484 3936/7190/3483 1153/912/966
f 3931/7187/1091 3933/7191/1095 1207/1090/1096 1205/7188/1087
f 3933/7191/1095 1208/1087/1094 1207/1090/1096
f 1030/699/823 3930/7192/832 1036/700/830
f 3932/7193/831 3937/914/965 1152/913/967 1037/7194/835
f 3930/7192/832 3932/7193/831 1037/7194/835 1036/700/830
f 3936/7190/3483 3929/7186/1092 1205/7188/1087 1153/912/966
f 1261/7195/1186 958/7196/699 3938/7197/1166 1255/7198/1187
f 3939/5397/1165 3940/5392/1164 2767/5391/1179 1256/5394/1184
f 3941/5393/3583 3942/7199/1170 1257/5390/1177
f 3942/1184/1170 1025/677/819 1260/1190/1169 1257/1193/1177
f 3941/7200/3583 3940/1175/1164 2874/1174/1163 2873/7201/1171
f 3939/1176/1165 3938/7202/1166 2859/7203/698 2872/1173/1162
f 1374/1957/1475 1516/1956/1725 1399/1963/1728 1394/1962/1472
f 3944/6328/3910 3251/6327/2710 3252/7204/2729
f 3943/7205/3919 1513/7206/1661 1512/6330/1702
f 3945/6376/3916 3944/6317/3910 3383/6316/1673 3380/6375/3918
f 3945/6329/3916 3943/7205/3919 1512/6330/1702
f 1513/1877/1661 3943/7207/3919 3381/1878/1662
f 1215/3609/1100 1208/1687/1094 1223/3610/2694
f 1211/7208/1109 1223/3610/2694 1208/1687/1094 1210/1686/1499
f 1196/6118/2734 1224/6119/1110 1195/7209/2735
f 3947/7210/1119 1513/6275/1661 1662/6278/1950 1234/7211/1952
f 3946/7212/1120 3947/7213/1119 1234/7214/1952 3953/7215/2697
f 3948/7216/4170 1224/7217/1110 2131/7218/3844
f 3946/1117/1120 3948/7216/4170 2131/7218/3844 1232/1118/1121
f 3949/7219/2728 3950/2417/2064 3254/2420/2065 1235/7220/3852
f 3262/6135/2699 1417/7221/1498 1235/6136/3852
f 3252/7222/2729 3949/7219/2728 1235/7220/3852 1417/7223/1498
f 3952/4743/1111 1223/3615/2694 1211/7224/1109
f 3953/3617/2697 1234/7225/1952 1233/3614/2693
f 3953/7215/2697 3951/7226/2696 3948/7227/4170 3946/7212/1120
f 3951/7226/2696 3952/7228/1111 1224/7229/1110 3948/7227/4170
f 1195/3701/2735 1211/3700/1109 1194/7230/2730
f 1726/2388/2043 3954/2387/2042 1727/7231/2044
f 3954/2450/2042 1731/2449/2050 1727/7232/2044
f 3959/7233/1769 3958/7234/1768 1562/2061/1784 1564/7235/1780
f 3956/7236/1771 3957/7237/1770 1565/7238/1779 1558/7239/1763
f 1556/2043/1514 3956/7240/1771 1558/2044/1763
f 3955/6084/1767 2276/2475/2084 1563/2474/1781
f 3957/7237/1770 3959/7233/1769 1564/7235/1780 1565/7238/1779
f 3958/7234/1768 3955/7241/1767 1563/2058/1781 1562/2061/1784
f 1735/2458/2054 1548/7242/2051 1561/2455/1765
f 3961/7243/3352 3963/7244/2718 2652/7245/2717 3699/7246/660
f 3965/7247/4088 3961/7243/3352 3699/7246/660 909/7248/659
f 3964/1308/1244 3960/1307/1243 2775/4979/3388 2830/4978/3387
f 3962/7249/3480 3964/7250/1244 2830/7251/3387 960/7252/1336
f 4037/7253/4171 4035/7254/4172 960/7252/1336
f 3963/4877/2718 1095/4876/3345 2135/7255/2716
f 3960/1307/1243 3965/5278/3541 909/5323/3573 2775/4979/3388
f 1723/7256/2069 1722/7257/2070 1724/7258/2052
f 1722/7259/2070 1495/6244/3891 1503/7260/2053 1724/7261/2052
f 3805/7262/4124 3831/7263/4125 3830/3087/2437 3806/3086/2436
f 1686/7264/2400 3966/6831/2399 3856/2828/2272 3661/2827/2271
f 3966/3037/2399 3840/3036/2398 1846/7265/2433 1870/7266/2265
f 3831/7263/4125 1686/7264/2400 3661/2827/2271 3830/3087/2437
f 3968/7267/2515 2013/7268/2513 1858/7269/2245 2011/3291/2512
f 3967/7270/2555 3968/7267/2515 2011/3291/2512 2033/3294/2533
f 3967/6554/2555 3969/7271/2552 2035/7272/2583 2032/6555/2579
f 3969/7273/2552 4006/7274/2551 3999/7275/2565 2035/7276/2583
f 2122/7277/2674 3971/3311/2545 2045/3310/2544
f 3970/7278/2546 3971/7279/2545 2044/7280/2560 2043/7281/2559
f 3972/7282/2548 3970/7278/2546 2043/7281/2559 2047/7283/2563
f 1836/2743/2208 3976/7284/2213 1841/2744/2214
f 3976/7285/2213 3973/7286/2217 2167/7287/1830 1841/7288/2214
f 3974/7289/4173 3978/2753/2221 1803/7290/2173
f 1796/2676/2167 3975/2675/2187 1810/2660/2181 1809/2663/2179
f 3973/7286/2217 3974/7289/4173 1803/7290/2173 2167/7287/1830
f 3979/2777/2238 1810/7291/2181 3980/7292/4174
f 3981/2754/2222 3978/2753/2221 3974/7289/4173
f 3979/2777/2238 1853/2776/2234 1810/7291/2181
f 1803/7290/2173 3978/2753/2221 3975/2752/2187 1797/7293/2166
f 1810/7291/2181 3975/2752/2187 3981/2754/2222 3980/7292/4174
f 3979/2777/2238 3980/7292/4174 1842/2760/2227
f 3980/7294/4174 3982/7295/2216 1842/7296/2227
f 3982/7297/2216 3980/7298/4174 3981/7299/2222
f 3973/2748/2217 3982/7300/2216 3974/7301/4173
f 3982/7302/2216 3981/7303/2222 3974/7304/4173
f 3982/2747/2216 2166/2746/2215 1842/7305/2227
f 2053/7306/2575 3997/7307/4175 3986/7308/2573
f 3987/3374/2592 2052/7309/2632 2051/7310/2633 2030/3371/2589
f 3988/7311/2587 3985/7312/2586 3991/7313/2588 3992/7314/2510
f 3984/7315/4176 3983/7316/4177 2019/7317/2520 1999/7318/2554
f 4008/7319/2590 2030/7320/2589 2021/3290/2521 2019/7317/2520
f 3987/3374/2592 4011/3373/2591 4007/7321/2570 3998/7322/4178
f 2038/3308/2540 2040/3307/2542 3990/7323/4179
f 3992/7314/2510 3994/7324/2498 3984/7325/4176 3988/7311/2587
f 2021/3290/2521 2030/7320/2589 2051/3458/2633
f 3994/7324/2498 3989/7326/2497 3983/7327/4177 3984/7325/4176
f 2052/7309/2632 3987/3374/2592 3993/3341/4180 3995/7328/4181
f 3992/3253/2510 3991/7329/2588 2013/3295/2513 2010/3252/2509
s 0
f 3996/7330/4182 3997/7331/4182 2053/7332/4182 2052/7333/4182
f 3995/7334/4183 3996/7335/4183 2052/3455/4183
f 3993/3341/4184 3996/3340/4185 3995/7328/4185
f 3990/7336/4186 3993/7337/4187 2036/3304/4186 2038/3303/4186
s 1
f 3990/7338/4179 2040/7339/2542 2054/7340/2574 3986/7341/2573
s 0
f 3990/7338/4188 3986/7341/4188 3997/7342/4188
s 1
f 3984/7315/4176 1999/7318/2554 1998/7343/2585 3988/7344/2587
f 1996/3235/2496 4020/3361/2584 4017/7345/4189 4015/7346/4190
f 2037/3298/2536 4001/3297/2535 4002/7347/4191
f 4004/3300/2538 2036/3299/2537 4000/7348/4192
f 4012/3337/2569 1996/3235/2496 4015/7346/4190
f 3983/7316/4177 4008/7319/2590 2019/7317/2520
f 3998/7349/4178 4000/7348/4192 2036/3299/2537 3993/7350/4180
f 2035/3360/2583 3999/7351/2565 4013/7352/2568
f 3993/3341/4180 3987/3374/2592 3998/7322/4178
f 3999/7275/2565 4006/7274/2551 3972/7282/2548 2047/7283/2563
f 4006/3317/2551 4003/3316/2550 2046/3313/2547 3972/3314/2548
f 4003/3316/2550 4005/3325/2557 2050/3326/2558 2046/3313/2547
f 4009/7353/4193 4014/7354/4194 4016/7355/4195 4002/7356/4191
f 4015/7346/4190 4017/7345/4189 4010/7357/4196
f 4007/7321/2570 4011/3373/2591 3989/7358/2497
f 4011/3373/2591 4008/3372/2590 3983/7359/4177 3989/7358/2497
f 4007/7360/2570 4012/7361/2569 4000/7362/4192 3998/7363/4178
f 2087/7364/2638 2118/7365/2671 2108/3573/2658 2089/7366/2640
f 4010/7367/4196 4009/7353/4193 4002/7356/4191 4001/7368/2535
f 4009/7369/4193 4017/7345/4189 4014/7370/4194
f 4000/7371/4192 4012/7361/2569 4015/7372/4190 4004/7373/2538
f 4017/7345/4189 4009/7369/4193 4010/7357/4196
f 4017/7345/4189 4020/3361/2584 2035/3360/2583
f 4014/7370/4194 4017/7345/4189 2035/3360/2583 4013/7352/2568
f 4019/3296/2534 4018/3354/2580 1997/3238/2499 2010/3252/2509
f 4018/3354/2580 4020/3361/2584 1996/3235/2496 1997/3238/2499
f 4019/7374/2534 2013/7375/2513 2015/3268/2514
f 2047/3331/2563 4027/3332/2564 4021/7376/2566
f 4010/7367/4196 4001/7368/2535 4004/7373/2538 4015/7372/4190
f 4022/7377/4197 4025/7378/4198 2041/7379/2541 2039/7380/2539
f 4021/7381/2566 4027/7382/2564 4024/7383/4199 4023/7384/2567
f 4024/7385/4199 4022/7377/4197 2039/7380/2539 2037/3298/2536
f 4026/7386/2562 4028/7387/2561 4025/7388/4198 4022/7389/4197
f 4027/7390/2564 4026/7386/2562 4022/7389/4197 4024/7391/4199
f 4021/7392/2566 3999/3333/2565 2047/7393/2563
f 4023/7394/2567 4024/7385/4199 4016/7395/4195
f 2037/3298/2536 4002/7347/4191 4016/7395/4195 4024/7385/4199
f 4016/7355/4195 4014/7354/4194 4013/3336/2568 4023/7396/2567
f 2055/7397/2576 2041/7398/2541 2115/7399/2667
f 4025/7400/4198 4028/3329/2561 2120/3569/2672
f 2120/3569/2672 2115/7401/2667 2041/7402/2541 4025/7400/4198
f 3911/7403/2369 3910/7404/4163 3918/7147/4162 3923/7149/4144
f 3874/7128/4157 3910/7405/2368 3872/7406/2367
f 1105/7407/4200 973/7408/4200 4069/7409/4201 4072/7410/4202
f 4031/7411/3481 4032/7412/4203 4030/7413/3473 4029/7414/3482
f 4055/7415/4204 4052/7416/4204 4101/7417/4204 4102/7418/4204
f 4035/7419/4172 4036/7420/4205 4033/7421/4206 4034/7422/4207
f 4063/7423/4208 4062/7424/4208 4110/7425/4209 4107/7426/4210
f 4039/7427/4211 4040/7428/4212 4038/7429/4213 4037/7430/4171
f 4046/7431/4214 4047/7432/4214 4092/7433/4215 4093/7434/4216
f 4043/7435/4217 4042/7436/4218 2721/7437/4219 971/7438/4220
f 4029/7439/4221 4030/7440/4221 4076/7441/4222 4068/7442/4223
f 4047/7443/4224 4046/7444/4225 4045/7445/4226 4044/7446/4227
f 4051/7447/4228 4050/7448/3475 4048/7449/3474 4049/7450/4229
f 4053/7451/4230 4052/7452/4231 2722/7453/4232 950/7454/4233
f 4030/7455/4234 1105/7456/4234 4072/7457/4234 4076/7458/4234
f 4057/7459/3478 4056/7460/4235 4055/7461/4236 4054/7462/4237
f 4052/7463/4238 4053/7464/4238 4100/7465/4239 4101/7466/4240
f 4061/7467/4241 4060/7468/4242 4058/7469/4243 4059/7470/3477
f 4037/7471/4244 4038/7472/4244 4084/7473/4245 4081/7474/4246
f 4065/7475/4247 4064/7476/4248 4062/7477/4249 4063/7478/4250
f 4070/7479/4251 4073/7480/4252 4085/7481/4253 4071/7482/4254
f 4067/7483/4255 4066/7484/4256 4075/7485/4257 4111/7486/4258
f 4068/7487/4223 4076/7488/4222 4072/7489/4202 4069/7490/4201
f 4077/7491/4259 4080/7492/4260 4079/7493/4261 4078/7494/4262
f 4081/7495/4246 4084/7496/4245 4083/7497/4263 4082/7498/4264
f 4045/7499/4226 4074/7500/710 4042/7501/4218
f 4087/7502/4265 4090/7503/4266 4089/7504/4267 4088/7505/4268
f 4091/7506/4269 4094/7507/4270 4093/7508/4216 4092/7509/4215
f 4095/7510/4271 4098/7511/4272 4097/7512/4273 4096/7513/4274
f 4099/7514/4275 4102/7515/4276 4101/7516/4240 4100/7517/4239
f 4103/7518/4277 4106/7519/4278 4105/7520/4279 4104/7521/4280
f 4107/7478/4210 4110/7477/4209 4109/7468/4281 4108/7467/4282
f 948/7522/4283 2720/7523/4283 4066/7524/4256 4067/7525/4255
f 4040/7526/4284 4039/7527/4284 4085/7528/4253 4073/7529/4252
f 4054/7530/4285 4055/7531/4285 4102/7532/4276 4099/7533/4275
f 2720/7534/4286 4064/7535/4286 4075/7536/4286 4066/7537/4286
f 4032/7538/4287 4031/7539/4287 4078/7540/4262 4079/7541/4261
f 2721/7542/4288 4040/7543/4288 4073/7544/4288 4070/7545/4288
f 4049/7546/4289 4048/7547/4289 4094/7548/4270 4091/7549/4269
f 4064/7550/4290 4065/7551/4290 4111/7552/4258 4075/7553/4257
f 4047/7554/4224 4044/7555/4227 1327/7556/1335
f 4033/7557/4234 4032/7558/4234 4079/7559/4234 4080/7560/4234
f 971/7561/4291 2721/7562/4291 4070/7563/4251 4071/7564/4254
f 4056/7565/4292 4057/7566/4292 4104/7567/4280 4105/7568/4279
f 4058/7569/4286 4056/7570/4286 4105/7571/4286 4106/7572/4286
f 4034/7573/4293 4033/7574/4293 4080/7575/4260 4077/7576/4259
f 4050/7577/4294 4051/7578/4294 4096/7579/4274 4097/7580/4273
f 2722/7581/4295 4050/7582/4295 4097/7583/4295 4098/7584/4295
f 4042/7585/4296 4043/7586/4296 4088/7587/4268 4089/7588/4267
f 4059/7589/4297 4058/7590/4297 4106/7591/4278 4103/7592/4277
f 4036/7593/4298 4035/7594/4298 4082/7595/4264 4083/7596/4263
f 950/7597/4299 2722/7598/4299 4098/7599/4272 4095/7600/4271
f 4045/7601/4295 4042/7602/4295 4089/7603/4295 4090/7604/4295
f 4044/7605/4300 4045/7606/4300 4090/7607/4266 4087/7608/4265
f 4060/7609/4301 4061/7610/4301 4108/7611/4282 4109/7612/4281
f 4038/7613/4234 4036/7614/4234 4083/7615/4234 4084/7616/4234
f 924/7617/678 4064/7618/4248 2720/7619/1326
f 4062/7620/4204 4060/7621/4204 4109/7622/4204 4110/7623/4204
f 4052/7624/4231 4055/7625/4236 4114/7626/4302
f 924/7617/678 4113/7627/4303 4062/7628/4249 4064/7618/4248
f 4112/7629/4304 4056/7630/4235 4058/7631/4243
f 924/525/678 2724/524/677 4113/7632/4303
f 2722/7633/4232 1356/5148/3396 4050/5151/3475
f 4062/7628/4249 4113/7627/4303 4060/7634/4242
f 4113/7627/4303 4112/7629/4304 4058/7631/4243 4060/7634/4242
f 2722/7633/4232 4052/7624/4231 4114/7626/4302 1356/5148/3396
f 4113/7632/4303 2724/524/677 4115/7635/1322 4112/7636/4304
f 4114/7626/4302 4055/7625/4236 4056/7630/4235 4112/7629/4304
f 4114/7637/4302 2729/563/709 1356/4999/3396
f 2729/7638/709 4115/1399/1322 951/7639/714
f 4116/5149/711 4074/7500/710 4045/7499/4226 4046/7640/4225
f 4115/1399/1322 925/1398/1321 951/7639/714
f 4112/7636/4304 4115/7635/1322 2729/563/709 4114/7637/4302
f 4048/5150/3474 4116/5149/711 4046/7640/4225
f 4042/7501/4218 4074/7500/710 956/7641/1327 2721/7642/4219
f 2721/7642/4219 956/7641/1327 4040/7643/4212
f 950/7644/4233 4051/7645/4228 949/7646/4305
f 956/7641/1327 4086/7647/4306 4038/7648/4213 4040/7643/4212
f 956/1409/1327 2731/564/708 4086/7649/4306
f 4038/7648/4213 4086/7647/4306 4036/7650/4205
f 4036/7650/4205 4086/7647/4306 4041/7651/3472 4033/7652/4206
f 2731/564/708 2728/5128/707 4041/5137/3472 4086/7649/4306
f 4033/7652/4206 4041/7651/3472 4032/7653/4203
f 4032/7653/4203 4041/7651/3472 957/5145/3386 4030/5147/3473
f 973/7654/885 972/7655/888 4029/7656/3482
f 3962/7249/3480 4034/7657/4207 4031/7658/3481
f 4035/7254/4172 4034/7657/4207 3962/7249/3480 960/7252/1336
f 1327/7556/1335 4044/7555/4227 4043/7659/4217
f 1327/7556/1335 4043/7659/4217 971/7660/4220
f 4039/7661/4211 4037/7662/4171 960/1428/1336 1327/1427/1335
f 948/7663/1324 4065/7664/4247 919/7665/3479
f 4051/7645/4228 4049/7666/4229 949/7646/4305
f 4049/7666/4229 4047/7554/4224 1327/7556/1335 949/7646/4305
f 918/517/670 4120/1389/1316 4117/1369/1300 1349/1357/1289
f 919/516/669 4118/1386/1313 4120/1389/1316 918/517/670
f 1349/1357/1289 4117/1369/1300 4119/1372/1303 1348/1358/1290
f 2823/1355/1287 1348/1356/1288 4119/1378/1308
f 2829/1377/1304 2823/1355/1287 4119/1378/1308
f 4118/5156/3476 4061/7667/4241 4059/5157/3477
f 4118/5156/3476 4057/5158/3478 4054/7668/4237
f 4063/7669/4250 4061/7667/4241 4118/5156/3476 919/5162/3479
f 4065/7670/4247 4063/7669/4250 919/5162/3479
f 949/7646/4305 4118/5156/3476 4054/7668/4237 4053/7671/4230
f 950/7644/4233 949/7646/4305 4053/7671/4230
f 924/7672/678 948/1403/1324 923/1405/675
f 971/7673/4220 4039/7661/4211 1327/1427/1335
f 4122/4071/2936 2174/3812/2792 1753/2632/2174
f 4121/4072/2937 1750/2508/2120 3901/7112/2087
f 4121/4072/2937 4122/4071/2936 1753/2632/2174 1750/2508/2120
f 1713/3264/2024 1857/3263/2242 3985/3364/2586 1716/3363/2028
f 3985/3364/2586 1857/3263/2242 3991/3367/2588
o SPAWN_PLAYER
v -0.984751 -1.087564 47.892628
v -0.984751 0.881937 47.892628
v -0.984751 -1.087564 45.923130
v -0.984751 0.881937 45.923130
v 0.984751 -1.087564 47.892628
v 0.984751 0.881937 47.892628
v 0.984751 -1.087564 45.923130
v 0.984751 0.881937 45.923130
vn -1.0000 -0.0000 -0.0000
vn -0.0000 -0.0000 -1.0000
vn 1.0000 -0.0000 -0.0000
vn -0.0000 -0.0000 1.0000
vn -0.0000 -1.0000 -0.0000
vn -0.0000 1.0000 -0.0000
vt 0.375000 0.000000
vt 0.625000 0.000000
vt 0.625000 0.250000
vt 0.375000 0.250000
vt 0.625000 0.500000
vt 0.375000 0.500000
vt 0.625000 0.750000
vt 0.375000 0.750000
vt 0.625000 1.000000
vt 0.375000 1.000000
vt 0.125000 0.500000
vt 0.125000 0.750000
vt 0.875000 0.500000
vt 0.875000 0.750000
s 0
f 4123/7674/4307 4124/7675/4307 4126/7676/4307 4125/7677/4307
f 4125/7677/4308 4126/7676/4308 4130/7678/4308 4129/7679/4308
f 4129/7679/4309 4130/7678/4309 4128/7680/4309 4127/7681/4309
f 4127/7681/4310 4128/7680/4310 4124/7682/4310 4123/7683/4310
f 4125/7684/4311 4129/7679/4311 4127/7681/4311 4123/7685/4311
f 4130/7678/4312 4126/7686/4312 4124/7687/4312 4128/7680/4312
